2025-11-14 01:45:07,182 INFO api Initial MODELS_DIR resolved to C:\Users\goku\Documents\NFL_ML_Predictions\backend\models
2025-11-14 01:45:07,183 INFO api CORS configured to allow all origins
2025-11-14 01:45:07,184 ERROR api ✗ Failed to load pipelines from C:\Users\goku\Documents\NFL_ML_Predictions\backend\models: [Errno 2] No such file or directory: 'C:\\Users\\goku\\Documents\\NFL_ML_Predictions\\backend\\models\\home_pipe.joblib'
Traceback (most recent call last):
  File "C:\Users\goku\Documents\NFL_ML_Predictions\backend\main.py", line 269, in _attempt_load
    hp = joblib.load(dir_path / "home_pipe.joblib")
  File "C:\Users\goku\Documents\NFL_ML_Predictions\backend\.venv\Lib\site-packages\joblib\numpy_pickle.py", line 650, in load
    with open(filename, 'rb') as f:
         ~~~~^^^^^^^^^^^^^^^^
FileNotFoundError: [Errno 2] No such file or directory: 'C:\\Users\\goku\\Documents\\NFL_ML_Predictions\\backend\\models\\home_pipe.joblib'
2025-11-14 01:45:07,231 INFO api ============================================================
2025-11-14 01:45:07,231 INFO api STARTUP: NFL Prediction API v2.1.1 (Refactored)
2025-11-14 01:45:07,231 INFO api ============================================================
2025-11-14 01:45:07,253 INFO api ✓ Pipelines loaded (from module level)
2025-11-14 01:45:07,253 INFO api ✓ Metadata and feature lists loaded from C:\Users\goku\Documents\NFL_ML_Predictions\backend\models\metadata.json and C:\Users\goku\Documents\NFL_ML_Predictions\backend\models\feature_metadata.json
2025-11-14 01:45:07,254 INFO api Model registry keys: ['raw_feature_columns', 'mode', 'win_threshold_optimal']
2025-11-14 01:45:07,254 INFO api Dataset path: backend\data\game_features_20251111.csv
2025-11-14 01:45:07,255 WARNING api Dataset file does not exist: backend\data\game_features_20251111.csv
2025-11-14 01:45:07,256 INFO api ============================================================
2025-11-14 01:45:07,256 INFO api STARTUP COMPLETE
2025-11-14 01:45:07,256 INFO api Pipelines: ✗ Missing
2025-11-14 01:45:07,256 INFO api Metadata: ✓ Loaded
2025-11-14 01:45:07,257 INFO api Dataset: ✗ Missing
2025-11-14 01:45:07,257 INFO api ============================================================
2025-11-14 01:45:07,257 INFO api Prediction history entries loaded: 0
2025-11-14 01:45:45,999 INFO api Initial MODELS_DIR resolved to C:\Users\goku\Documents\NFL_ML_Predictions\backend\models
2025-11-14 01:45:46,000 INFO api CORS configured to allow all origins
2025-11-14 01:45:46,000 ERROR api ✗ Failed to load pipelines from C:\Users\goku\Documents\NFL_ML_Predictions\backend\models: [Errno 2] No such file or directory: 'C:\\Users\\goku\\Documents\\NFL_ML_Predictions\\backend\\models\\home_pipe.joblib'
Traceback (most recent call last):
  File "C:\Users\goku\Documents\NFL_ML_Predictions\backend\main.py", line 269, in _attempt_load
    hp = joblib.load(dir_path / "home_pipe.joblib")
  File "C:\Users\goku\Documents\NFL_ML_Predictions\backend\.venv\Lib\site-packages\joblib\numpy_pickle.py", line 650, in load
    with open(filename, 'rb') as f:
         ~~~~^^^^^^^^^^^^^^^^
FileNotFoundError: [Errno 2] No such file or directory: 'C:\\Users\\goku\\Documents\\NFL_ML_Predictions\\backend\\models\\home_pipe.joblib'
2025-11-14 01:45:46,029 INFO api ============================================================
2025-11-14 01:45:46,029 INFO api STARTUP: NFL Prediction API v2.1.1 (Refactored)
2025-11-14 01:45:46,029 INFO api ============================================================
2025-11-14 01:45:46,031 INFO api ✓ Pipelines loaded (from module level)
2025-11-14 01:45:46,031 INFO api ✓ Metadata and feature lists loaded from C:\Users\goku\Documents\NFL_ML_Predictions\backend\models\metadata.json and C:\Users\goku\Documents\NFL_ML_Predictions\backend\models\feature_metadata.json
2025-11-14 01:45:46,031 INFO api Model registry keys: ['raw_feature_columns', 'mode', 'win_threshold_optimal']
2025-11-14 01:45:46,032 INFO api Dataset path: backend\data\game_features_20251111.csv
2025-11-14 01:45:46,033 WARNING api Dataset file does not exist: backend\data\game_features_20251111.csv
2025-11-14 01:45:46,033 INFO api ============================================================
2025-11-14 01:45:46,033 INFO api STARTUP COMPLETE
2025-11-14 01:45:46,033 INFO api Pipelines: ✗ Missing
2025-11-14 01:45:46,034 INFO api Metadata: ✓ Loaded
2025-11-14 01:45:46,034 INFO api Dataset: ✗ Missing
2025-11-14 01:45:46,034 INFO api ============================================================
2025-11-14 01:45:46,034 INFO api Prediction history entries loaded: 0
2025-11-14 01:47:48,666 INFO api Using default schedule at C:\Users\goku\Documents\NFL_ML_Predictions\backend\data\Nfl_schedule_2025_2026.csv
2025-11-14 01:47:48,667 INFO api DEBUG: SCHEDULE_PATH=None, DEFAULT_SCHEDULE=C:\Users\goku\Documents\NFL_ML_Predictions\backend\data\Nfl_schedule_2025_2026.csv, resolved=C:\Users\goku\Documents\NFL_ML_Predictions\backend\data\Nfl_schedule_2025_2026.csv, exists=True
2025-11-14 01:47:51,421 INFO api Schedule week 11 games=15
2025-11-14 01:47:51,427 INFO api Using default schedule at C:\Users\goku\Documents\NFL_ML_Predictions\backend\data\Nfl_schedule_2025_2026.csv
2025-11-14 01:47:51,428 INFO api DEBUG: SCHEDULE_PATH=None, DEFAULT_SCHEDULE=C:\Users\goku\Documents\NFL_ML_Predictions\backend\data\Nfl_schedule_2025_2026.csv, resolved=C:\Users\goku\Documents\NFL_ML_Predictions\backend\data\Nfl_schedule_2025_2026.csv, exists=True
2025-11-14 01:47:51,441 INFO api Schedule week 11 games=15
2025-11-14 01:47:55,888 ERROR api Prediction failed: Pipelines are not loaded
2025-11-14 01:47:56,272 ERROR api Prediction failed: Pipelines are not loaded
2025-11-14 01:47:57,020 ERROR api Prediction failed: Pipelines are not loaded
2025-11-14 01:48:01,037 ERROR api Prediction failed: Pipelines are not loaded
2025-11-14 01:48:01,390 ERROR api Prediction failed: Pipelines are not loaded
2025-11-14 01:48:02,090 ERROR api Prediction failed: Pipelines are not loaded
2025-11-14 01:58:06,939 INFO api Initial MODELS_DIR resolved to C:\Users\goku\Documents\NFL_ML_Predictions\backend\models
2025-11-14 01:58:06,940 INFO api CORS configured to allow all origins
2025-11-14 01:58:06,940 ERROR api ✗ Failed to load pipelines from C:\Users\goku\Documents\NFL_ML_Predictions\backend\models: [Errno 2] No such file or directory: 'C:\\Users\\goku\\Documents\\NFL_ML_Predictions\\backend\\models\\home_pipe.joblib'
Traceback (most recent call last):
  File "C:\Users\goku\Documents\NFL_ML_Predictions\backend\main.py", line 269, in _attempt_load
    hp = joblib.load(dir_path / "home_pipe.joblib")
  File "C:\Users\goku\Documents\NFL_ML_Predictions\backend\.venv\Lib\site-packages\joblib\numpy_pickle.py", line 650, in load
    with open(filename, 'rb') as f:
         ~~~~^^^^^^^^^^^^^^^^
FileNotFoundError: [Errno 2] No such file or directory: 'C:\\Users\\goku\\Documents\\NFL_ML_Predictions\\backend\\models\\home_pipe.joblib'
2025-11-14 01:58:06,971 INFO api ============================================================
2025-11-14 01:58:06,972 INFO api STARTUP: NFL Prediction API v2.1.1 (Refactored)
2025-11-14 01:58:06,972 INFO api ============================================================
2025-11-14 01:58:06,973 INFO api ✓ Pipelines loaded (from module level)
2025-11-14 01:58:06,973 INFO api ✓ Metadata and feature lists loaded from C:\Users\goku\Documents\NFL_ML_Predictions\backend\models\metadata.json and C:\Users\goku\Documents\NFL_ML_Predictions\backend\models\feature_metadata.json
2025-11-14 01:58:06,973 INFO api Model registry keys: ['raw_feature_columns', 'mode', 'win_threshold_optimal']
2025-11-14 01:58:06,974 INFO api Dataset path: data\game_features_20251111.csv
2025-11-14 01:58:06,975 WARNING api Dataset file does not exist: data\game_features_20251111.csv
2025-11-14 01:58:06,975 INFO api ============================================================
2025-11-14 01:58:06,975 INFO api STARTUP COMPLETE
2025-11-14 01:58:06,975 INFO api Pipelines: ✗ Missing
2025-11-14 01:58:06,976 INFO api Metadata: ✓ Loaded
2025-11-14 01:58:06,976 INFO api Dataset: ✗ Missing
2025-11-14 01:58:06,976 INFO api ============================================================
2025-11-14 01:58:06,976 INFO api Prediction history entries loaded: 0
2025-11-14 01:59:22,587 INFO api SHUTDOWN: Cleaning up resources
2025-11-14 03:45:38,928 INFO api Initial MODELS_DIR resolved to C:\Users\goku\Documents\NFL_ML_Predictions\backend\models
2025-11-14 03:45:38,929 INFO api CORS configured to allow all origins
2025-11-14 03:45:38,930 ERROR api ✗ Failed to load pipelines from C:\Users\goku\Documents\NFL_ML_Predictions\backend\models: [Errno 2] No such file or directory: 'C:\\Users\\goku\\Documents\\NFL_ML_Predictions\\backend\\models\\home_pipe.joblib'
Traceback (most recent call last):
  File "C:\Users\goku\Documents\NFL_ML_Predictions\backend\main.py", line 269, in _attempt_load
    hp = joblib.load(dir_path / "home_pipe.joblib")
  File "C:\Users\goku\Documents\NFL_ML_Predictions\backend\.venv\Lib\site-packages\joblib\numpy_pickle.py", line 650, in load
    with open(filename, 'rb') as f:
         ~~~~^^^^^^^^^^^^^^^^
FileNotFoundError: [Errno 2] No such file or directory: 'C:\\Users\\goku\\Documents\\NFL_ML_Predictions\\backend\\models\\home_pipe.joblib'
2025-11-14 03:45:38,933 INFO api Serving frontend from C:\Users\goku\Documents\NFL_ML_Predictions\frontend\dist
2025-11-14 03:45:38,951 INFO api ============================================================
2025-11-14 03:45:38,951 INFO api STARTUP: NFL Prediction API v2.1.1 (Refactored)
2025-11-14 03:45:38,951 INFO api ============================================================
2025-11-14 03:45:38,952 ERROR api ✗ Failed to load metadata: Missing feature metadata file at C:\Users\goku\Documents\NFL_ML_Predictions\backend\models\feature_metadata.json or C:\Users\goku\Documents\NFL_ML_Predictions\backend\feature_metadata.json
Traceback (most recent call last):
  File "C:\Users\goku\Documents\NFL_ML_Predictions\backend\main.py", line 707, in lifespan
    raise FileNotFoundError(
        f"Missing feature metadata file at {feat_meta_path} or {parent_fm}"
    )
FileNotFoundError: Missing feature metadata file at C:\Users\goku\Documents\NFL_ML_Predictions\backend\models\feature_metadata.json or C:\Users\goku\Documents\NFL_ML_Predictions\backend\feature_metadata.json
2025-11-14 03:45:38,953 WARNING api Continuing without models/metadata; /health will report unhealthy
2025-11-14 03:45:38,953 INFO api Dataset path: data\game_features_20251114.csv
2025-11-14 03:45:38,954 WARNING api Dataset file does not exist: data\game_features_20251114.csv
2025-11-14 03:45:38,954 INFO api ============================================================
2025-11-14 03:45:38,955 INFO api STARTUP COMPLETE
2025-11-14 03:45:38,955 INFO api Pipelines: ✗ Missing
2025-11-14 03:45:38,955 INFO api Metadata: ✗ Missing
2025-11-14 03:45:38,955 INFO api Dataset: ✗ Missing
2025-11-14 03:45:38,956 INFO api ============================================================
2025-11-14 03:45:38,956 INFO api Prediction history entries loaded: 0
2025-11-14 05:52:21,122 INFO api Initial MODELS_DIR resolved to C:\Users\goku\Documents\NFL_ML_Predictions\backend\models
2025-11-14 05:52:21,123 INFO api CORS configured to allow all origins
2025-11-14 05:52:21,123 ERROR api ✗ Failed to load pipelines from C:\Users\goku\Documents\NFL_ML_Predictions\backend\models: [Errno 2] No such file or directory: 'C:\\Users\\goku\\Documents\\NFL_ML_Predictions\\backend\\models\\home_pipe.joblib'
Traceback (most recent call last):
  File "C:\Users\goku\Documents\NFL_ML_Predictions\backend\main.py", line 269, in _attempt_load
    hp = joblib.load(dir_path / "home_pipe.joblib")
  File "C:\Users\goku\Documents\NFL_ML_Predictions\backend\.venv\Lib\site-packages\joblib\numpy_pickle.py", line 650, in load
    with open(filename, 'rb') as f:
         ~~~~^^^^^^^^^^^^^^^^
FileNotFoundError: [Errno 2] No such file or directory: 'C:\\Users\\goku\\Documents\\NFL_ML_Predictions\\backend\\models\\home_pipe.joblib'
2025-11-14 05:52:21,127 INFO api Serving frontend from C:\Users\goku\Documents\NFL_ML_Predictions\frontend\dist
2025-11-14 05:52:21,140 INFO api ============================================================
2025-11-14 05:52:21,141 INFO api STARTUP: NFL Prediction API v2.1.1 (Refactored)
2025-11-14 05:52:21,141 INFO api ============================================================
2025-11-14 05:52:21,142 ERROR api ✗ Failed to load metadata: Missing feature metadata file at C:\Users\goku\Documents\NFL_ML_Predictions\backend\models\feature_metadata.json or C:\Users\goku\Documents\NFL_ML_Predictions\backend\feature_metadata.json
Traceback (most recent call last):
  File "C:\Users\goku\Documents\NFL_ML_Predictions\backend\main.py", line 707, in lifespan
    raise FileNotFoundError(
        f"Missing feature metadata file at {feat_meta_path} or {parent_fm}"
    )
FileNotFoundError: Missing feature metadata file at C:\Users\goku\Documents\NFL_ML_Predictions\backend\models\feature_metadata.json or C:\Users\goku\Documents\NFL_ML_Predictions\backend\feature_metadata.json
2025-11-14 05:52:21,143 WARNING api Continuing without models/metadata; /health will report unhealthy
2025-11-14 05:52:21,143 INFO api Dataset path: data\game_features_20251114.csv
2025-11-14 05:52:21,144 WARNING api Dataset file does not exist: data\game_features_20251114.csv
2025-11-14 05:52:21,145 INFO api ============================================================
2025-11-14 05:52:21,145 INFO api STARTUP COMPLETE
2025-11-14 05:52:21,145 INFO api Pipelines: ✗ Missing
2025-11-14 05:52:21,145 INFO api Metadata: ✗ Missing
2025-11-14 05:52:21,146 INFO api Dataset: ✗ Missing
2025-11-14 05:52:21,146 INFO api ============================================================
2025-11-14 05:52:21,146 INFO api Prediction history entries loaded: 0
2025-11-14 17:09:58,974 INFO api Initial MODELS_DIR resolved to C:\Users\goku\Documents\NFL_ML_Predictions\backend\models
2025-11-14 17:09:58,975 INFO api CORS configured to allow all origins
2025-11-14 17:09:58,976 ERROR api ✗ Failed to load pipelines from C:\Users\goku\Documents\NFL_ML_Predictions\backend\models: [Errno 2] No such file or directory: 'C:\\Users\\goku\\Documents\\NFL_ML_Predictions\\backend\\models\\home_pipe.joblib'
Traceback (most recent call last):
  File "c:\Users\goku\Documents\NFL_ML_Predictions\backend\main.py", line 269, in _attempt_load
    hp = joblib.load(dir_path / "home_pipe.joblib")
  File "C:\Users\goku\Documents\NFL_ML_Predictions\backend\.venv\Lib\site-packages\joblib\numpy_pickle.py", line 650, in load
    with open(filename, 'rb') as f:
         ~~~~^^^^^^^^^^^^^^^^
FileNotFoundError: [Errno 2] No such file or directory: 'C:\\Users\\goku\\Documents\\NFL_ML_Predictions\\backend\\models\\home_pipe.joblib'
2025-11-14 17:09:58,979 INFO api Serving frontend from C:\Users\goku\Documents\NFL_ML_Predictions\frontend\dist
2025-11-14 17:09:58,994 INFO api ============================================================
2025-11-14 17:09:58,994 INFO api STARTUP: NFL Prediction API v2.1.1 (Refactored)
2025-11-14 17:09:58,994 INFO api ============================================================
2025-11-14 17:09:58,995 ERROR api ✗ Failed to load metadata: Missing feature metadata file at C:\Users\goku\Documents\NFL_ML_Predictions\backend\models\feature_metadata.json or C:\Users\goku\Documents\NFL_ML_Predictions\backend\feature_metadata.json
Traceback (most recent call last):
  File "c:\Users\goku\Documents\NFL_ML_Predictions\backend\main.py", line 707, in lifespan
    raise FileNotFoundError(
        f"Missing feature metadata file at {feat_meta_path} or {parent_fm}"
    )
FileNotFoundError: Missing feature metadata file at C:\Users\goku\Documents\NFL_ML_Predictions\backend\models\feature_metadata.json or C:\Users\goku\Documents\NFL_ML_Predictions\backend\feature_metadata.json
2025-11-14 17:09:58,996 WARNING api Continuing without models/metadata; /health will report unhealthy
2025-11-14 17:09:58,996 INFO api Dataset path: data\game_features_20251114.csv
2025-11-14 17:09:58,998 WARNING api Dataset file does not exist: data\game_features_20251114.csv
2025-11-14 17:09:58,999 INFO api ============================================================
2025-11-14 17:09:58,999 INFO api STARTUP COMPLETE
2025-11-14 17:09:58,999 INFO api Pipelines: ✗ Missing
2025-11-14 17:09:59,000 INFO api Metadata: ✗ Missing
2025-11-14 17:09:59,000 INFO api Dataset: ✗ Missing
2025-11-14 17:09:59,000 INFO api ============================================================
2025-11-14 17:09:59,000 INFO api Prediction history entries loaded: 0
2025-11-14 17:10:11,533 INFO api SHUTDOWN: Cleaning up resources
2025-11-14 20:12:47,534 INFO api Initial MODELS_DIR resolved to C:\Users\goku\Documents\NFL_ML_Predictions\backend\models
2025-11-14 20:12:47,535 INFO api CORS configured to allow all origins
2025-11-14 20:12:47,536 ERROR api ✗ Failed to load pipelines from C:\Users\goku\Documents\NFL_ML_Predictions\backend\models: [Errno 2] No such file or directory: 'C:\\Users\\goku\\Documents\\NFL_ML_Predictions\\backend\\models\\home_pipe.joblib'
Traceback (most recent call last):
  File "C:\Users\goku\Documents\NFL_ML_Predictions\backend\main.py", line 269, in _attempt_load
    hp = joblib.load(dir_path / "home_pipe.joblib")
  File "C:\Users\goku\Documents\NFL_ML_Predictions\backend\.venv\Lib\site-packages\joblib\numpy_pickle.py", line 650, in load
    with open(filename, 'rb') as f:
         ~~~~^^^^^^^^^^^^^^^^
FileNotFoundError: [Errno 2] No such file or directory: 'C:\\Users\\goku\\Documents\\NFL_ML_Predictions\\backend\\models\\home_pipe.joblib'
2025-11-14 20:12:47,540 INFO api Serving frontend from C:\Users\goku\Documents\NFL_ML_Predictions\frontend\dist
2025-11-14 20:12:47,555 INFO api ============================================================
2025-11-14 20:12:47,555 INFO api STARTUP: NFL Prediction API v2.1.1 (Refactored)
2025-11-14 20:12:47,555 INFO api ============================================================
2025-11-14 20:12:47,556 ERROR api ✗ Failed to load metadata: Missing feature metadata file at C:\Users\goku\Documents\NFL_ML_Predictions\backend\models\feature_metadata.json or C:\Users\goku\Documents\NFL_ML_Predictions\backend\feature_metadata.json
Traceback (most recent call last):
  File "C:\Users\goku\Documents\NFL_ML_Predictions\backend\main.py", line 707, in lifespan
    raise FileNotFoundError(
        f"Missing feature metadata file at {feat_meta_path} or {parent_fm}"
    )
FileNotFoundError: Missing feature metadata file at C:\Users\goku\Documents\NFL_ML_Predictions\backend\models\feature_metadata.json or C:\Users\goku\Documents\NFL_ML_Predictions\backend\feature_metadata.json
2025-11-14 20:12:47,557 WARNING api Continuing without models/metadata; /health will report unhealthy
2025-11-14 20:12:47,558 INFO api Dataset path: data\game_features_20251114.csv
2025-11-14 20:12:47,560 WARNING api Dataset file does not exist: data\game_features_20251114.csv
2025-11-14 20:12:47,560 INFO api ============================================================
2025-11-14 20:12:47,560 INFO api STARTUP COMPLETE
2025-11-14 20:12:47,560 INFO api Pipelines: ✗ Missing
2025-11-14 20:12:47,560 INFO api Metadata: ✗ Missing
2025-11-14 20:12:47,561 INFO api Dataset: ✗ Missing
2025-11-14 20:12:47,561 INFO api ============================================================
2025-11-14 20:12:47,561 INFO api Prediction history entries loaded: 0
2025-11-14 22:23:50,709 INFO api SHUTDOWN: Cleaning up resources
2025-11-14 22:24:01,964 INFO api Initial MODELS_DIR resolved to C:\Users\goku\Documents\NFL_ML_Predictions\backend\models
2025-11-14 22:24:01,965 INFO api CORS configured to allow all origins
2025-11-14 22:24:01,966 ERROR api ✗ Failed to load pipelines from C:\Users\goku\Documents\NFL_ML_Predictions\backend\models: [Errno 2] No such file or directory: 'C:\\Users\\goku\\Documents\\NFL_ML_Predictions\\backend\\models\\home_pipe.joblib'
Traceback (most recent call last):
  File "C:\Users\goku\Documents\NFL_ML_Predictions\backend\main.py", line 270, in _attempt_load
    def _attempt_load(dir_path: Path) -> tuple[Optional[Any], Optional[Any], Optional[Any]]:
                 ^^^^^^^^^^^^^^^^^^^^^^^^^^^^^^^^^^^^^^^^^^
  File "C:\Users\goku\Documents\NFL_ML_Predictions\backend\.venv\Lib\site-packages\joblib\numpy_pickle.py", line 650, in load
    with open(filename, 'rb') as f:
         ~~~~^^^^^^^^^^^^^^^^
FileNotFoundError: [Errno 2] No such file or directory: 'C:\\Users\\goku\\Documents\\NFL_ML_Predictions\\backend\\models\\home_pipe.joblib'
2025-11-14 22:24:01,987 INFO api Serving frontend from C:\Users\goku\Documents\NFL_ML_Predictions\frontend\dist
2025-11-14 22:24:02,004 INFO api ============================================================
2025-11-14 22:24:02,004 INFO api STARTUP: NFL Prediction API v2.1.1 (Refactored)
2025-11-14 22:24:02,004 INFO api ============================================================
2025-11-14 22:24:02,015 ERROR api ✗ Failed to load metadata: Missing feature metadata file at C:\Users\goku\Documents\NFL_ML_Predictions\backend\models\feature_metadata.json or C:\Users\goku\Documents\NFL_ML_Predictions\backend\feature_metadata.json
Traceback (most recent call last):
  File "C:\Users\goku\Documents\NFL_ML_Predictions\backend\main.py", line 708, in lifespan
        feat_meta_path = parent_fm
        ^^^^^^^^^^^^^^^^^^^^^^^^^^
    else:
    ^^^^^
        raise FileNotFoundError(
        ^
FileNotFoundError: Missing feature metadata file at C:\Users\goku\Documents\NFL_ML_Predictions\backend\models\feature_metadata.json or C:\Users\goku\Documents\NFL_ML_Predictions\backend\feature_metadata.json
2025-11-14 22:24:02,017 WARNING api Continuing without models/metadata; /health will report unhealthy
2025-11-14 22:24:02,017 INFO api Dataset path: data\game_features_20251114.csv
2025-11-14 22:24:02,018 WARNING api Dataset file does not exist: data\game_features_20251114.csv
2025-11-14 22:24:02,019 INFO api ============================================================
2025-11-14 22:24:02,019 INFO api STARTUP COMPLETE
2025-11-14 22:24:02,019 INFO api Pipelines: ✗ Missing
2025-11-14 22:24:02,019 INFO api Metadata: ✗ Missing
2025-11-14 22:24:02,019 INFO api Dataset: ✗ Missing
2025-11-14 22:24:02,020 INFO api ============================================================
2025-11-14 22:24:02,020 INFO api Prediction history entries loaded: 0
2025-11-14 22:24:02,020 INFO api SHUTDOWN: Cleaning up resources
2025-11-14 22:24:04,508 INFO api Initial MODELS_DIR resolved to C:\Users\goku\Documents\NFL_ML_Predictions\backend\models
2025-11-14 22:24:04,509 INFO api CORS configured to allow all origins
2025-11-14 22:24:04,509 ERROR api ✗ Failed to load pipelines from C:\Users\goku\Documents\NFL_ML_Predictions\backend\models: [Errno 2] No such file or directory: 'C:\\Users\\goku\\Documents\\NFL_ML_Predictions\\backend\\models\\home_pipe.joblib'
Traceback (most recent call last):
  File "C:\Users\goku\Documents\NFL_ML_Predictions\backend\main.py", line 272, in _attempt_load
    hp = joblib.load(dir_path / "home_pipe.joblib")
  File "C:\Users\goku\Documents\NFL_ML_Predictions\backend\.venv\Lib\site-packages\joblib\numpy_pickle.py", line 650, in load
    with open(filename, 'rb') as f:
         ~~~~^^^^^^^^^^^^^^^^
FileNotFoundError: [Errno 2] No such file or directory: 'C:\\Users\\goku\\Documents\\NFL_ML_Predictions\\backend\\models\\home_pipe.joblib'
2025-11-14 22:24:04,513 INFO api Serving frontend from C:\Users\goku\Documents\NFL_ML_Predictions\frontend\dist
2025-11-14 22:24:04,528 INFO api ============================================================
2025-11-14 22:24:04,528 INFO api STARTUP: NFL Prediction API v2.1.1 (Refactored)
2025-11-14 22:24:04,528 INFO api ============================================================
2025-11-14 22:24:04,529 ERROR api ✗ Failed to load metadata: Missing feature metadata file at C:\Users\goku\Documents\NFL_ML_Predictions\backend\models\feature_metadata.json or C:\Users\goku\Documents\NFL_ML_Predictions\backend\feature_metadata.json
Traceback (most recent call last):
  File "C:\Users\goku\Documents\NFL_ML_Predictions\backend\main.py", line 710, in lifespan
    raise FileNotFoundError(
        f"Missing feature metadata file at {feat_meta_path} or {parent_fm}"
    )
FileNotFoundError: Missing feature metadata file at C:\Users\goku\Documents\NFL_ML_Predictions\backend\models\feature_metadata.json or C:\Users\goku\Documents\NFL_ML_Predictions\backend\feature_metadata.json
2025-11-14 22:24:04,530 WARNING api Continuing without models/metadata; /health will report unhealthy
2025-11-14 22:24:04,531 INFO api Dataset path: data\game_features_20251114.csv
2025-11-14 22:24:04,532 WARNING api Dataset file does not exist: data\game_features_20251114.csv
2025-11-14 22:24:04,532 INFO api ============================================================
2025-11-14 22:24:04,532 INFO api STARTUP COMPLETE
2025-11-14 22:24:04,532 INFO api Pipelines: ✗ Missing
2025-11-14 22:24:04,533 INFO api Metadata: ✗ Missing
2025-11-14 22:24:04,533 INFO api Dataset: ✗ Missing
2025-11-14 22:24:04,533 INFO api ============================================================
2025-11-14 22:24:04,533 INFO api Prediction history entries loaded: 0
2025-11-14 22:24:31,039 INFO api SHUTDOWN: Cleaning up resources
2025-11-14 22:24:33,655 INFO api Initial MODELS_DIR resolved to C:\Users\goku\Documents\NFL_ML_Predictions\backend\models
2025-11-14 22:24:33,656 INFO api CORS configured to allow all origins
2025-11-14 22:24:33,657 ERROR api ✗ Failed to load pipelines from C:\Users\goku\Documents\NFL_ML_Predictions\backend\models: [Errno 2] No such file or directory: 'C:\\Users\\goku\\Documents\\NFL_ML_Predictions\\backend\\models\\home_pipe.joblib'
Traceback (most recent call last):
  File "C:\Users\goku\Documents\NFL_ML_Predictions\backend\main.py", line 272, in _attempt_load
    hp = joblib.load(dir_path / "home_pipe.joblib")
  File "C:\Users\goku\Documents\NFL_ML_Predictions\backend\.venv\Lib\site-packages\joblib\numpy_pickle.py", line 650, in load
    with open(filename, 'rb') as f:
         ~~~~^^^^^^^^^^^^^^^^
FileNotFoundError: [Errno 2] No such file or directory: 'C:\\Users\\goku\\Documents\\NFL_ML_Predictions\\backend\\models\\home_pipe.joblib'
2025-11-14 22:24:33,661 INFO api Serving frontend from C:\Users\goku\Documents\NFL_ML_Predictions\frontend\dist
2025-11-14 22:24:33,676 INFO api ============================================================
2025-11-14 22:24:33,676 INFO api STARTUP: NFL Prediction API v2.1.1 (Refactored)
2025-11-14 22:24:33,677 INFO api ============================================================
2025-11-14 22:24:33,678 ERROR api ✗ Failed to load metadata: Missing feature metadata file at C:\Users\goku\Documents\NFL_ML_Predictions\backend\models\feature_metadata.json or C:\Users\goku\Documents\NFL_ML_Predictions\backend\feature_metadata.json
Traceback (most recent call last):
  File "C:\Users\goku\Documents\NFL_ML_Predictions\backend\main.py", line 720, in lifespan
    raise FileNotFoundError(
        f"Missing feature metadata file at {feat_meta_path} or {parent_fm}"
    )
FileNotFoundError: Missing feature metadata file at C:\Users\goku\Documents\NFL_ML_Predictions\backend\models\feature_metadata.json or C:\Users\goku\Documents\NFL_ML_Predictions\backend\feature_metadata.json
2025-11-14 22:24:33,679 WARNING api Continuing without models/metadata; /health will report unhealthy
2025-11-14 22:24:33,679 INFO api Dataset path: data\game_features_20251114.csv
2025-11-14 22:24:33,680 WARNING api Dataset file does not exist: data\game_features_20251114.csv
2025-11-14 22:24:33,681 INFO api ============================================================
2025-11-14 22:24:33,681 INFO api STARTUP COMPLETE
2025-11-14 22:24:33,681 INFO api Pipelines: ✗ Missing
2025-11-14 22:24:33,681 INFO api Metadata: ✗ Missing
2025-11-14 22:24:33,681 INFO api Dataset: ✗ Missing
2025-11-14 22:24:33,682 INFO api ============================================================
2025-11-14 22:24:33,682 INFO api Prediction history entries loaded: 0
2025-11-14 22:24:35,948 INFO api SHUTDOWN: Cleaning up resources
2025-11-14 22:24:39,850 INFO api Initial MODELS_DIR resolved to C:\Users\goku\Documents\NFL_ML_Predictions\backend\models
2025-11-14 22:24:39,851 INFO api CORS configured to allow all origins
2025-11-14 22:24:39,852 ERROR api ✗ Failed to load pipelines from C:\Users\goku\Documents\NFL_ML_Predictions\backend\models: [Errno 2] No such file or directory: 'C:\\Users\\goku\\Documents\\NFL_ML_Predictions\\backend\\models\\home_pipe.joblib'
Traceback (most recent call last):
  File "C:\Users\goku\Documents\NFL_ML_Predictions\backend\main.py", line 272, in _attempt_load
    hp = joblib.load(dir_path / "home_pipe.joblib")
  File "C:\Users\goku\Documents\NFL_ML_Predictions\backend\.venv\Lib\site-packages\joblib\numpy_pickle.py", line 650, in load
    with open(filename, 'rb') as f:
         ~~~~^^^^^^^^^^^^^^^^
FileNotFoundError: [Errno 2] No such file or directory: 'C:\\Users\\goku\\Documents\\NFL_ML_Predictions\\backend\\models\\home_pipe.joblib'
2025-11-14 22:24:39,856 INFO api Serving frontend from C:\Users\goku\Documents\NFL_ML_Predictions\frontend\dist
2025-11-14 22:24:39,873 INFO api ============================================================
2025-11-14 22:24:39,874 INFO api STARTUP: NFL Prediction API v2.1.1 (Refactored)
2025-11-14 22:24:39,874 INFO api ============================================================
2025-11-14 22:24:39,874 ERROR api ✗ Failed to load metadata: Missing feature metadata file at C:\Users\goku\Documents\NFL_ML_Predictions\backend\models\feature_metadata.json or C:\Users\goku\Documents\NFL_ML_Predictions\backend\feature_metadata.json
Traceback (most recent call last):
  File "C:\Users\goku\Documents\NFL_ML_Predictions\backend\main.py", line 722, in lifespan
    raise FileNotFoundError(
        f"Missing feature metadata file at {feat_meta_path} or {parent_fm}"
    )
FileNotFoundError: Missing feature metadata file at C:\Users\goku\Documents\NFL_ML_Predictions\backend\models\feature_metadata.json or C:\Users\goku\Documents\NFL_ML_Predictions\backend\feature_metadata.json
2025-11-14 22:24:39,876 WARNING api Continuing without models/metadata; /health will report unhealthy
2025-11-14 22:24:39,876 INFO api Dataset path: data\game_features_20251114.csv
2025-11-14 22:24:39,877 WARNING api Dataset file does not exist: data\game_features_20251114.csv
2025-11-14 22:24:39,877 INFO api ============================================================
2025-11-14 22:24:39,878 INFO api STARTUP COMPLETE
2025-11-14 22:24:39,878 INFO api Pipelines: ✗ Missing
2025-11-14 22:24:39,878 INFO api Metadata: ✗ Missing
2025-11-14 22:24:39,878 INFO api Dataset: ✗ Missing
2025-11-14 22:24:39,879 INFO api ============================================================
2025-11-14 22:24:39,879 INFO api Prediction history entries loaded: 0
2025-11-14 22:25:22,568 INFO api SHUTDOWN: Cleaning up resources
2025-11-14 22:25:25,204 INFO api Initial MODELS_DIR resolved to C:\Users\goku\Documents\NFL_ML_Predictions\backend\models
2025-11-14 22:25:25,205 INFO api CORS configured to allow all origins
2025-11-14 22:25:25,206 ERROR api ✗ Failed to load pipelines from C:\Users\goku\Documents\NFL_ML_Predictions\backend\models: [Errno 2] No such file or directory: 'C:\\Users\\goku\\Documents\\NFL_ML_Predictions\\backend\\models\\home_pipe.joblib'
Traceback (most recent call last):
  File "C:\Users\goku\Documents\NFL_ML_Predictions\backend\main.py", line 272, in _attempt_load
    hp = joblib.load(dir_path / "home_pipe.joblib")
  File "C:\Users\goku\Documents\NFL_ML_Predictions\backend\.venv\Lib\site-packages\joblib\numpy_pickle.py", line 650, in load
    with open(filename, 'rb') as f:
         ~~~~^^^^^^^^^^^^^^^^
FileNotFoundError: [Errno 2] No such file or directory: 'C:\\Users\\goku\\Documents\\NFL_ML_Predictions\\backend\\models\\home_pipe.joblib'
2025-11-14 22:25:25,211 INFO api Serving frontend from C:\Users\goku\Documents\NFL_ML_Predictions\frontend\dist
2025-11-14 22:25:25,227 INFO api ============================================================
2025-11-14 22:25:25,227 INFO api STARTUP: NFL Prediction API v2.1.1 (Refactored)
2025-11-14 22:25:25,227 INFO api ============================================================
2025-11-14 22:25:25,228 ERROR api ✗ Failed to load metadata: Missing feature metadata file at C:\Users\goku\Documents\NFL_ML_Predictions\backend\models\feature_metadata.json or C:\Users\goku\Documents\NFL_ML_Predictions\backend\feature_metadata.json
Traceback (most recent call last):
  File "C:\Users\goku\Documents\NFL_ML_Predictions\backend\main.py", line 722, in lifespan
    raise FileNotFoundError(
        f"Missing feature metadata file at {feat_meta_path} or {parent_fm}"
    )
FileNotFoundError: Missing feature metadata file at C:\Users\goku\Documents\NFL_ML_Predictions\backend\models\feature_metadata.json or C:\Users\goku\Documents\NFL_ML_Predictions\backend\feature_metadata.json
2025-11-14 22:25:25,229 WARNING api Continuing without models/metadata; /health will report unhealthy
2025-11-14 22:25:25,230 INFO api Dataset path: data\game_features_20251114.csv
2025-11-14 22:25:25,231 WARNING api Dataset file does not exist: data\game_features_20251114.csv
2025-11-14 22:25:25,231 INFO api ============================================================
2025-11-14 22:25:25,231 INFO api STARTUP COMPLETE
2025-11-14 22:25:25,231 INFO api Pipelines: ✗ Missing
2025-11-14 22:25:25,232 INFO api Metadata: ✗ Missing
2025-11-14 22:25:25,232 INFO api Dataset: ✗ Missing
2025-11-14 22:25:25,232 INFO api ============================================================
2025-11-14 22:25:25,232 INFO api Prediction history entries loaded: 0
2025-11-14 22:25:50,781 INFO api SHUTDOWN: Cleaning up resources
2025-11-14 22:25:53,343 INFO api Initial MODELS_DIR resolved to C:\Users\goku\Documents\NFL_ML_Predictions\backend\models
2025-11-14 22:25:53,344 INFO api CORS configured to allow all origins
2025-11-14 22:25:53,344 ERROR api ✗ Failed to load pipelines from C:\Users\goku\Documents\NFL_ML_Predictions\backend\models: [Errno 2] No such file or directory: 'C:\\Users\\goku\\Documents\\NFL_ML_Predictions\\backend\\models\\home_pipe.joblib'
Traceback (most recent call last):
  File "C:\Users\goku\Documents\NFL_ML_Predictions\backend\main.py", line 272, in _attempt_load
    hp = joblib.load(dir_path / "home_pipe.joblib")
  File "C:\Users\goku\Documents\NFL_ML_Predictions\backend\.venv\Lib\site-packages\joblib\numpy_pickle.py", line 650, in load
    with open(filename, 'rb') as f:
         ~~~~^^^^^^^^^^^^^^^^
FileNotFoundError: [Errno 2] No such file or directory: 'C:\\Users\\goku\\Documents\\NFL_ML_Predictions\\backend\\models\\home_pipe.joblib'
2025-11-14 22:25:53,348 INFO api Serving frontend from C:\Users\goku\Documents\NFL_ML_Predictions\frontend\dist
2025-11-14 22:25:53,364 INFO api ============================================================
2025-11-14 22:25:53,365 INFO api STARTUP: NFL Prediction API v2.1.1 (Refactored)
2025-11-14 22:25:53,365 INFO api ============================================================
2025-11-14 22:25:53,365 ERROR api ✗ Failed to load metadata: Missing feature metadata file at C:\Users\goku\Documents\NFL_ML_Predictions\backend\models\feature_metadata.json or C:\Users\goku\Documents\NFL_ML_Predictions\backend\feature_metadata.json
Traceback (most recent call last):
  File "C:\Users\goku\Documents\NFL_ML_Predictions\backend\main.py", line 722, in lifespan
    raise FileNotFoundError(
        f"Missing feature metadata file at {feat_meta_path} or {parent_fm}"
    )
FileNotFoundError: Missing feature metadata file at C:\Users\goku\Documents\NFL_ML_Predictions\backend\models\feature_metadata.json or C:\Users\goku\Documents\NFL_ML_Predictions\backend\feature_metadata.json
2025-11-14 22:25:53,367 WARNING api Continuing without models/metadata; /health will report unhealthy
2025-11-14 22:25:53,367 INFO api Dataset path: data\game_features_20251114.csv
2025-11-14 22:25:53,368 WARNING api Dataset file does not exist: data\game_features_20251114.csv
2025-11-14 22:25:53,368 INFO api ============================================================
2025-11-14 22:25:53,368 INFO api STARTUP COMPLETE
2025-11-14 22:25:53,369 INFO api Pipelines: ✗ Missing
2025-11-14 22:25:53,369 INFO api Metadata: ✗ Missing
2025-11-14 22:25:53,369 INFO api Dataset: ✗ Missing
2025-11-14 22:25:53,369 INFO api ============================================================
2025-11-14 22:25:53,370 INFO api Prediction history entries loaded: 0
2025-11-14 22:26:04,263 INFO api SHUTDOWN: Cleaning up resources
2025-11-14 22:26:12,464 INFO api Initial MODELS_DIR resolved to C:\Users\goku\Documents\NFL_ML_Predictions\backend\models
2025-11-14 22:26:12,465 INFO api CORS configured to allow all origins
2025-11-14 22:26:12,466 ERROR api ✗ Failed to load pipelines from C:\Users\goku\Documents\NFL_ML_Predictions\backend\models: [Errno 2] No such file or directory: 'C:\\Users\\goku\\Documents\\NFL_ML_Predictions\\backend\\models\\home_pipe.joblib'
Traceback (most recent call last):
  File "C:\Users\goku\Documents\NFL_ML_Predictions\backend\main.py", line 272, in _attempt_load
    hp = joblib.load(dir_path / "home_pipe.joblib")
  File "C:\Users\goku\Documents\NFL_ML_Predictions\backend\.venv\Lib\site-packages\joblib\numpy_pickle.py", line 650, in load
    with open(filename, 'rb') as f:
         ~~~~^^^^^^^^^^^^^^^^
FileNotFoundError: [Errno 2] No such file or directory: 'C:\\Users\\goku\\Documents\\NFL_ML_Predictions\\backend\\models\\home_pipe.joblib'
2025-11-14 22:26:12,486 INFO api Serving frontend from C:\Users\goku\Documents\NFL_ML_Predictions\frontend\dist
2025-11-14 22:26:12,501 INFO api ============================================================
2025-11-14 22:26:12,502 INFO api STARTUP: NFL Prediction API v2.1.1 (Refactored)
2025-11-14 22:26:12,502 INFO api ============================================================
2025-11-14 22:26:12,503 ERROR api ✗ Failed to load metadata: Missing feature metadata file at C:\Users\goku\Documents\NFL_ML_Predictions\backend\models\feature_metadata.json or C:\Users\goku\Documents\NFL_ML_Predictions\backend\feature_metadata.json
Traceback (most recent call last):
  File "C:\Users\goku\Documents\NFL_ML_Predictions\backend\main.py", line 722, in lifespan
    raise FileNotFoundError(
        f"Missing feature metadata file at {feat_meta_path} or {parent_fm}"
    )
FileNotFoundError: Missing feature metadata file at C:\Users\goku\Documents\NFL_ML_Predictions\backend\models\feature_metadata.json or C:\Users\goku\Documents\NFL_ML_Predictions\backend\feature_metadata.json
2025-11-14 22:26:12,504 WARNING api Continuing without models/metadata; /health will report unhealthy
2025-11-14 22:26:12,504 INFO api Dataset path: data\game_features_20251114.csv
2025-11-14 22:26:12,505 WARNING api Dataset file does not exist: data\game_features_20251114.csv
2025-11-14 22:26:12,505 INFO api ============================================================
2025-11-14 22:26:12,505 INFO api STARTUP COMPLETE
2025-11-14 22:26:12,506 INFO api Pipelines: ✗ Missing
2025-11-14 22:26:12,506 INFO api Metadata: ✗ Missing
2025-11-14 22:26:12,506 INFO api Dataset: ✗ Missing
2025-11-14 22:26:12,506 INFO api ============================================================
2025-11-14 22:26:12,507 INFO api Prediction history entries loaded: 0
2025-11-14 22:26:12,718 INFO api SHUTDOWN: Cleaning up resources
2025-11-14 22:26:15,402 INFO api Initial MODELS_DIR resolved to C:\Users\goku\Documents\NFL_ML_Predictions\backend\models
2025-11-14 22:26:15,404 INFO api CORS configured to allow all origins
2025-11-14 22:26:15,404 ERROR api ✗ Failed to load pipelines from C:\Users\goku\Documents\NFL_ML_Predictions\backend\models: [Errno 2] No such file or directory: 'C:\\Users\\goku\\Documents\\NFL_ML_Predictions\\backend\\models\\home_pipe.joblib'
Traceback (most recent call last):
  File "C:\Users\goku\Documents\NFL_ML_Predictions\backend\main.py", line 272, in _attempt_load
    hp = joblib.load(dir_path / "home_pipe.joblib")
  File "C:\Users\goku\Documents\NFL_ML_Predictions\backend\.venv\Lib\site-packages\joblib\numpy_pickle.py", line 650, in load
    with open(filename, 'rb') as f:
         ~~~~^^^^^^^^^^^^^^^^
FileNotFoundError: [Errno 2] No such file or directory: 'C:\\Users\\goku\\Documents\\NFL_ML_Predictions\\backend\\models\\home_pipe.joblib'
2025-11-14 22:26:15,427 INFO api Serving frontend from C:\Users\goku\Documents\NFL_ML_Predictions\frontend\dist
2025-11-14 22:26:15,443 INFO api ============================================================
2025-11-14 22:26:15,443 INFO api STARTUP: NFL Prediction API v2.1.1 (Refactored)
2025-11-14 22:26:15,443 INFO api ============================================================
2025-11-14 22:26:15,444 ERROR api ✗ Failed to load metadata: Missing feature metadata file at C:\Users\goku\Documents\NFL_ML_Predictions\backend\models\feature_metadata.json or C:\Users\goku\Documents\NFL_ML_Predictions\backend\feature_metadata.json
Traceback (most recent call last):
  File "C:\Users\goku\Documents\NFL_ML_Predictions\backend\main.py", line 722, in lifespan
    raise FileNotFoundError(
        f"Missing feature metadata file at {feat_meta_path} or {parent_fm}"
    )
FileNotFoundError: Missing feature metadata file at C:\Users\goku\Documents\NFL_ML_Predictions\backend\models\feature_metadata.json or C:\Users\goku\Documents\NFL_ML_Predictions\backend\feature_metadata.json
2025-11-14 22:26:15,445 WARNING api Continuing without models/metadata; /health will report unhealthy
2025-11-14 22:26:15,445 INFO api Dataset path: data\game_features_20251114.csv
2025-11-14 22:26:15,446 WARNING api Dataset file does not exist: data\game_features_20251114.csv
2025-11-14 22:26:15,447 INFO api ============================================================
2025-11-14 22:26:15,447 INFO api STARTUP COMPLETE
2025-11-14 22:26:15,447 INFO api Pipelines: ✗ Missing
2025-11-14 22:26:15,447 INFO api Metadata: ✗ Missing
2025-11-14 22:26:15,448 INFO api Dataset: ✗ Missing
2025-11-14 22:26:15,448 INFO api ============================================================
2025-11-14 22:26:15,448 INFO api Prediction history entries loaded: 0
2025-11-14 22:26:15,448 INFO api SHUTDOWN: Cleaning up resources
2025-11-14 22:26:18,026 INFO api Initial MODELS_DIR resolved to C:\Users\goku\Documents\NFL_ML_Predictions\backend\models
2025-11-14 22:26:18,027 INFO api CORS configured to allow all origins
2025-11-14 22:26:18,028 ERROR api ✗ Failed to load pipelines from C:\Users\goku\Documents\NFL_ML_Predictions\backend\models: [Errno 2] No such file or directory: 'C:\\Users\\goku\\Documents\\NFL_ML_Predictions\\backend\\models\\home_pipe.joblib'
Traceback (most recent call last):
  File "C:\Users\goku\Documents\NFL_ML_Predictions\backend\main.py", line 272, in _attempt_load
    hp = joblib.load(dir_path / "home_pipe.joblib")
  File "C:\Users\goku\Documents\NFL_ML_Predictions\backend\.venv\Lib\site-packages\joblib\numpy_pickle.py", line 650, in load
    with open(filename, 'rb') as f:
         ~~~~^^^^^^^^^^^^^^^^
FileNotFoundError: [Errno 2] No such file or directory: 'C:\\Users\\goku\\Documents\\NFL_ML_Predictions\\backend\\models\\home_pipe.joblib'
2025-11-14 22:26:18,031 INFO api Serving frontend from C:\Users\goku\Documents\NFL_ML_Predictions\frontend\dist
2025-11-14 22:26:18,046 INFO api ============================================================
2025-11-14 22:26:18,046 INFO api STARTUP: NFL Prediction API v2.1.1 (Refactored)
2025-11-14 22:26:18,046 INFO api ============================================================
2025-11-14 22:26:18,047 ERROR api ✗ Failed to load metadata: Missing feature metadata file at C:\Users\goku\Documents\NFL_ML_Predictions\backend\models\feature_metadata.json or C:\Users\goku\Documents\NFL_ML_Predictions\backend\feature_metadata.json
Traceback (most recent call last):
  File "C:\Users\goku\Documents\NFL_ML_Predictions\backend\main.py", line 722, in lifespan
    raise FileNotFoundError(
        f"Missing feature metadata file at {feat_meta_path} or {parent_fm}"
    )
FileNotFoundError: Missing feature metadata file at C:\Users\goku\Documents\NFL_ML_Predictions\backend\models\feature_metadata.json or C:\Users\goku\Documents\NFL_ML_Predictions\backend\feature_metadata.json
2025-11-14 22:26:18,048 WARNING api Continuing without models/metadata; /health will report unhealthy
2025-11-14 22:26:18,048 INFO api Dataset path: data\game_features_20251114.csv
2025-11-14 22:26:18,049 WARNING api Dataset file does not exist: data\game_features_20251114.csv
2025-11-14 22:26:18,050 INFO api ============================================================
2025-11-14 22:26:18,050 INFO api STARTUP COMPLETE
2025-11-14 22:26:18,050 INFO api Pipelines: ✗ Missing
2025-11-14 22:26:18,050 INFO api Metadata: ✗ Missing
2025-11-14 22:26:18,051 INFO api Dataset: ✗ Missing
2025-11-14 22:26:18,051 INFO api ============================================================
2025-11-14 22:26:18,051 INFO api Prediction history entries loaded: 0
2025-11-14 22:26:46,733 INFO api SHUTDOWN: Cleaning up resources
2025-11-14 22:26:49,322 INFO api Initial MODELS_DIR resolved to C:\Users\goku\Documents\NFL_ML_Predictions\backend\models
2025-11-14 22:26:49,323 INFO api CORS configured to allow all origins
2025-11-14 22:26:49,323 ERROR api ✗ Failed to load pipelines from C:\Users\goku\Documents\NFL_ML_Predictions\backend\models: [Errno 2] No such file or directory: 'C:\\Users\\goku\\Documents\\NFL_ML_Predictions\\backend\\models\\home_pipe.joblib'
Traceback (most recent call last):
  File "C:\Users\goku\Documents\NFL_ML_Predictions\backend\main.py", line 272, in _attempt_load
    hp = joblib.load(dir_path / "home_pipe.joblib")
  File "C:\Users\goku\Documents\NFL_ML_Predictions\backend\.venv\Lib\site-packages\joblib\numpy_pickle.py", line 650, in load
    with open(filename, 'rb') as f:
         ~~~~^^^^^^^^^^^^^^^^
FileNotFoundError: [Errno 2] No such file or directory: 'C:\\Users\\goku\\Documents\\NFL_ML_Predictions\\backend\\models\\home_pipe.joblib'
2025-11-14 22:26:49,327 INFO api Serving frontend from C:\Users\goku\Documents\NFL_ML_Predictions\frontend\dist
2025-11-14 22:26:49,343 INFO api ============================================================
2025-11-14 22:26:49,343 INFO api STARTUP: NFL Prediction API v2.1.1 (Refactored)
2025-11-14 22:26:49,343 INFO api ============================================================
2025-11-14 22:26:49,344 ERROR api ✗ Failed to load metadata: Missing feature metadata file at C:\Users\goku\Documents\NFL_ML_Predictions\backend\models\feature_metadata.json or C:\Users\goku\Documents\NFL_ML_Predictions\backend\feature_metadata.json
Traceback (most recent call last):
  File "C:\Users\goku\Documents\NFL_ML_Predictions\backend\main.py", line 722, in lifespan
    raise FileNotFoundError(
        f"Missing feature metadata file at {feat_meta_path} or {parent_fm}"
    )
FileNotFoundError: Missing feature metadata file at C:\Users\goku\Documents\NFL_ML_Predictions\backend\models\feature_metadata.json or C:\Users\goku\Documents\NFL_ML_Predictions\backend\feature_metadata.json
2025-11-14 22:26:49,345 WARNING api Continuing without models/metadata; /health will report unhealthy
2025-11-14 22:26:49,345 INFO api Dataset path: data\game_features_20251114.csv
2025-11-14 22:26:49,346 WARNING api Dataset file does not exist: data\game_features_20251114.csv
2025-11-14 22:26:49,347 INFO api ============================================================
2025-11-14 22:26:49,347 INFO api STARTUP COMPLETE
2025-11-14 22:26:49,347 INFO api Pipelines: ✗ Missing
2025-11-14 22:26:49,347 INFO api Metadata: ✗ Missing
2025-11-14 22:26:49,347 INFO api Dataset: ✗ Missing
2025-11-14 22:26:49,348 INFO api ============================================================
2025-11-14 22:26:49,348 INFO api Prediction history entries loaded: 0
2025-11-14 22:27:21,073 INFO api SHUTDOWN: Cleaning up resources
2025-11-15 11:18:51,940 INFO api 🚀 Starting NFL Prediction API
2025-11-15 11:18:52,075 INFO root Dataset loaded successfully: 2214 rows, 214 columns
2025-11-15 11:18:52,076 ERROR root ✗ Pipeline not found: C:\Users\goku\Documents\NFL_ML_Predictions\backend\models\home_pipe.joblib
2025-11-15 11:18:52,076 ERROR root ✗ Pipeline not found: C:\Users\goku\Documents\NFL_ML_Predictions\backend\models\away_pipe.joblib
2025-11-15 11:18:52,077 ERROR root ✗ Pipeline not found: C:\Users\goku\Documents\NFL_ML_Predictions\backend\models\win_pipe.joblib
2025-11-15 11:18:52,078 INFO models Loaded metadata from C:\Users\goku\Documents\NFL_ML_Predictions\backend\models\metadata.json
2025-11-15 11:18:52,078 INFO root Model loading completed: {'status': 'partial', 'loaded': ['metadata', 'feature_columns']}
2025-11-15 11:18:52,079 INFO history No prediction_history.json found; starting with empty history.
2025-11-15 11:18:52,079 INFO api Application initialized: {'dataset': 'loaded', 'models': {'status': 'partial', 'loaded': ['metadata', 'feature_columns']}, 'history': 'loaded 0 entries'}
2025-11-15 11:20:17,996 INFO api 🛑 Application shutdown complete
2025-11-15 11:20:19,567 INFO api 🚀 Starting NFL Prediction API
2025-11-15 11:20:19,676 INFO root Dataset loaded successfully: 2214 rows, 214 columns
2025-11-15 11:20:19,677 ERROR root ✗ Pipeline not found: C:\Users\goku\Documents\NFL_ML_Predictions\backend\models\home_pipe.joblib
2025-11-15 11:20:19,677 ERROR root ✗ Pipeline not found: C:\Users\goku\Documents\NFL_ML_Predictions\backend\models\away_pipe.joblib
2025-11-15 11:20:19,678 ERROR root ✗ Pipeline not found: C:\Users\goku\Documents\NFL_ML_Predictions\backend\models\win_pipe.joblib
2025-11-15 11:20:19,678 INFO models Loaded metadata from C:\Users\goku\Documents\NFL_ML_Predictions\backend\models\metadata.json
2025-11-15 11:20:19,679 INFO root Model loading completed: {'status': 'partial', 'loaded': ['metadata', 'feature_columns']}
2025-11-15 11:20:19,679 INFO history No prediction_history.json found; starting with empty history.
2025-11-15 11:20:19,679 INFO api Application initialized: {'dataset': 'loaded', 'models': {'status': 'partial', 'loaded': ['metadata', 'feature_columns']}, 'history': 'loaded 0 entries'}
2025-11-15 11:20:23,170 INFO api 🛑 Application shutdown complete
2025-11-15 11:20:24,864 INFO api 🚀 Starting NFL Prediction API
2025-11-15 11:20:24,975 INFO root Dataset loaded successfully: 2214 rows, 214 columns
2025-11-15 11:20:24,976 ERROR root ✗ Pipeline not found: C:\Users\goku\Documents\NFL_ML_Predictions\backend\models\home_pipe.joblib
2025-11-15 11:20:24,976 ERROR root ✗ Pipeline not found: C:\Users\goku\Documents\NFL_ML_Predictions\backend\models\away_pipe.joblib
2025-11-15 11:20:24,976 ERROR root ✗ Pipeline not found: C:\Users\goku\Documents\NFL_ML_Predictions\backend\models\win_pipe.joblib
2025-11-15 11:20:24,977 INFO models Loaded metadata from C:\Users\goku\Documents\NFL_ML_Predictions\backend\models\metadata.json
2025-11-15 11:20:24,977 INFO root Model loading completed: {'status': 'partial', 'loaded': ['metadata', 'feature_columns']}
2025-11-15 11:20:24,978 INFO history No prediction_history.json found; starting with empty history.
2025-11-15 11:20:24,978 INFO api Application initialized: {'dataset': 'loaded', 'models': {'status': 'partial', 'loaded': ['metadata', 'feature_columns']}, 'history': 'loaded 0 entries'}
2025-11-15 11:20:24,978 INFO api 🛑 Application shutdown complete
2025-11-15 11:20:26,678 INFO api 🚀 Starting NFL Prediction API
2025-11-15 11:20:26,793 INFO root Dataset loaded successfully: 2214 rows, 214 columns
2025-11-15 11:20:26,793 ERROR root ✗ Pipeline not found: C:\Users\goku\Documents\NFL_ML_Predictions\backend\models\home_pipe.joblib
2025-11-15 11:20:26,793 ERROR root ✗ Pipeline not found: C:\Users\goku\Documents\NFL_ML_Predictions\backend\models\away_pipe.joblib
2025-11-15 11:20:26,794 ERROR root ✗ Pipeline not found: C:\Users\goku\Documents\NFL_ML_Predictions\backend\models\win_pipe.joblib
2025-11-15 11:20:26,794 INFO models Loaded metadata from C:\Users\goku\Documents\NFL_ML_Predictions\backend\models\metadata.json
2025-11-15 11:20:26,795 INFO root Model loading completed: {'status': 'partial', 'loaded': ['metadata', 'feature_columns']}
2025-11-15 11:20:26,795 INFO history No prediction_history.json found; starting with empty history.
2025-11-15 11:20:26,795 INFO api Application initialized: {'dataset': 'loaded', 'models': {'status': 'partial', 'loaded': ['metadata', 'feature_columns']}, 'history': 'loaded 0 entries'}
2025-11-15 11:20:26,796 INFO api 🛑 Application shutdown complete
2025-11-15 11:20:28,361 INFO api 🚀 Starting NFL Prediction API
2025-11-15 11:20:28,514 INFO root Dataset loaded successfully: 2214 rows, 214 columns
2025-11-15 11:20:28,515 ERROR root ✗ Pipeline not found: C:\Users\goku\Documents\NFL_ML_Predictions\backend\models\home_pipe.joblib
2025-11-15 11:20:28,515 ERROR root ✗ Pipeline not found: C:\Users\goku\Documents\NFL_ML_Predictions\backend\models\away_pipe.joblib
2025-11-15 11:20:28,515 ERROR root ✗ Pipeline not found: C:\Users\goku\Documents\NFL_ML_Predictions\backend\models\win_pipe.joblib
2025-11-15 11:20:28,516 INFO models Loaded metadata from C:\Users\goku\Documents\NFL_ML_Predictions\backend\models\metadata.json
2025-11-15 11:20:28,516 INFO root Model loading completed: {'status': 'partial', 'loaded': ['metadata', 'feature_columns']}
2025-11-15 11:20:28,517 INFO history No prediction_history.json found; starting with empty history.
2025-11-15 11:20:28,517 INFO api Application initialized: {'dataset': 'loaded', 'models': {'status': 'partial', 'loaded': ['metadata', 'feature_columns']}, 'history': 'loaded 0 entries'}
2025-11-15 11:20:28,771 INFO api 🛑 Application shutdown complete
2025-11-15 11:20:30,534 INFO api 🚀 Starting NFL Prediction API
2025-11-15 11:20:30,667 INFO root Dataset loaded successfully: 2214 rows, 214 columns
2025-11-15 11:20:30,668 ERROR root ✗ Pipeline not found: C:\Users\goku\Documents\NFL_ML_Predictions\backend\models\home_pipe.joblib
2025-11-15 11:20:30,668 ERROR root ✗ Pipeline not found: C:\Users\goku\Documents\NFL_ML_Predictions\backend\models\away_pipe.joblib
2025-11-15 11:20:30,668 ERROR root ✗ Pipeline not found: C:\Users\goku\Documents\NFL_ML_Predictions\backend\models\win_pipe.joblib
2025-11-15 11:20:30,669 INFO models Loaded metadata from C:\Users\goku\Documents\NFL_ML_Predictions\backend\models\metadata.json
2025-11-15 11:20:30,670 INFO root Model loading completed: {'status': 'partial', 'loaded': ['metadata', 'feature_columns']}
2025-11-15 11:20:30,670 INFO history No prediction_history.json found; starting with empty history.
2025-11-15 11:20:30,670 INFO api Application initialized: {'dataset': 'loaded', 'models': {'status': 'partial', 'loaded': ['metadata', 'feature_columns']}, 'history': 'loaded 0 entries'}
2025-11-15 11:20:31,327 INFO api 🛑 Application shutdown complete
2025-11-15 11:20:32,916 INFO api 🚀 Starting NFL Prediction API
2025-11-15 11:20:33,043 INFO root Dataset loaded successfully: 2214 rows, 214 columns
2025-11-15 11:20:33,043 ERROR root ✗ Pipeline not found: C:\Users\goku\Documents\NFL_ML_Predictions\backend\models\home_pipe.joblib
2025-11-15 11:20:33,044 ERROR root ✗ Pipeline not found: C:\Users\goku\Documents\NFL_ML_Predictions\backend\models\away_pipe.joblib
2025-11-15 11:20:33,044 ERROR root ✗ Pipeline not found: C:\Users\goku\Documents\NFL_ML_Predictions\backend\models\win_pipe.joblib
2025-11-15 11:20:33,045 INFO models Loaded metadata from C:\Users\goku\Documents\NFL_ML_Predictions\backend\models\metadata.json
2025-11-15 11:20:33,045 INFO root Model loading completed: {'status': 'partial', 'loaded': ['metadata', 'feature_columns']}
2025-11-15 11:20:33,045 INFO history No prediction_history.json found; starting with empty history.
2025-11-15 11:20:33,046 INFO api Application initialized: {'dataset': 'loaded', 'models': {'status': 'partial', 'loaded': ['metadata', 'feature_columns']}, 'history': 'loaded 0 entries'}
2025-11-15 11:20:34,565 INFO api 🛑 Application shutdown complete
2025-11-15 11:20:36,110 INFO api 🚀 Starting NFL Prediction API
2025-11-15 11:20:36,228 INFO root Dataset loaded successfully: 2214 rows, 214 columns
2025-11-15 11:20:36,228 ERROR root ✗ Pipeline not found: C:\Users\goku\Documents\NFL_ML_Predictions\backend\models\home_pipe.joblib
2025-11-15 11:20:36,229 ERROR root ✗ Pipeline not found: C:\Users\goku\Documents\NFL_ML_Predictions\backend\models\away_pipe.joblib
2025-11-15 11:20:36,229 ERROR root ✗ Pipeline not found: C:\Users\goku\Documents\NFL_ML_Predictions\backend\models\win_pipe.joblib
2025-11-15 11:20:36,230 INFO models Loaded metadata from C:\Users\goku\Documents\NFL_ML_Predictions\backend\models\metadata.json
2025-11-15 11:20:36,230 INFO root Model loading completed: {'status': 'partial', 'loaded': ['metadata', 'feature_columns']}
2025-11-15 11:20:36,231 INFO history No prediction_history.json found; starting with empty history.
2025-11-15 11:20:36,231 INFO api Application initialized: {'dataset': 'loaded', 'models': {'status': 'partial', 'loaded': ['metadata', 'feature_columns']}, 'history': 'loaded 0 entries'}
2025-11-15 11:20:44,148 INFO api 🛑 Application shutdown complete
2025-11-15 11:20:45,812 INFO api 🚀 Starting NFL Prediction API
2025-11-15 11:20:45,930 INFO root Dataset loaded successfully: 2214 rows, 214 columns
2025-11-15 11:20:45,931 ERROR root ✗ Pipeline not found: C:\Users\goku\Documents\NFL_ML_Predictions\backend\models\home_pipe.joblib
2025-11-15 11:20:45,931 ERROR root ✗ Pipeline not found: C:\Users\goku\Documents\NFL_ML_Predictions\backend\models\away_pipe.joblib
2025-11-15 11:20:45,931 ERROR root ✗ Pipeline not found: C:\Users\goku\Documents\NFL_ML_Predictions\backend\models\win_pipe.joblib
2025-11-15 11:20:45,932 INFO models Loaded metadata from C:\Users\goku\Documents\NFL_ML_Predictions\backend\models\metadata.json
2025-11-15 11:20:45,933 INFO root Model loading completed: {'status': 'partial', 'loaded': ['metadata', 'feature_columns']}
2025-11-15 11:20:45,933 INFO history No prediction_history.json found; starting with empty history.
2025-11-15 11:20:45,933 INFO api Application initialized: {'dataset': 'loaded', 'models': {'status': 'partial', 'loaded': ['metadata', 'feature_columns']}, 'history': 'loaded 0 entries'}
2025-11-15 11:20:45,934 INFO api 🛑 Application shutdown complete
2025-11-15 11:20:47,500 INFO api 🚀 Starting NFL Prediction API
2025-11-15 11:20:47,614 INFO root Dataset loaded successfully: 2214 rows, 214 columns
2025-11-15 11:20:47,615 ERROR root ✗ Pipeline not found: C:\Users\goku\Documents\NFL_ML_Predictions\backend\models\home_pipe.joblib
2025-11-15 11:20:47,615 ERROR root ✗ Pipeline not found: C:\Users\goku\Documents\NFL_ML_Predictions\backend\models\away_pipe.joblib
2025-11-15 11:20:47,616 ERROR root ✗ Pipeline not found: C:\Users\goku\Documents\NFL_ML_Predictions\backend\models\win_pipe.joblib
2025-11-15 11:20:47,616 INFO models Loaded metadata from C:\Users\goku\Documents\NFL_ML_Predictions\backend\models\metadata.json
2025-11-15 11:20:47,617 INFO root Model loading completed: {'status': 'partial', 'loaded': ['metadata', 'feature_columns']}
2025-11-15 11:20:47,617 INFO history No prediction_history.json found; starting with empty history.
2025-11-15 11:20:47,617 INFO api Application initialized: {'dataset': 'loaded', 'models': {'status': 'partial', 'loaded': ['metadata', 'feature_columns']}, 'history': 'loaded 0 entries'}
2025-11-15 11:20:47,618 INFO api 🛑 Application shutdown complete
2025-11-15 11:20:49,120 INFO api 🚀 Starting NFL Prediction API
2025-11-15 11:20:49,236 INFO root Dataset loaded successfully: 2214 rows, 214 columns
2025-11-15 11:20:49,237 ERROR root ✗ Pipeline not found: C:\Users\goku\Documents\NFL_ML_Predictions\backend\models\home_pipe.joblib
2025-11-15 11:20:49,237 ERROR root ✗ Pipeline not found: C:\Users\goku\Documents\NFL_ML_Predictions\backend\models\away_pipe.joblib
2025-11-15 11:20:49,237 ERROR root ✗ Pipeline not found: C:\Users\goku\Documents\NFL_ML_Predictions\backend\models\win_pipe.joblib
2025-11-15 11:20:49,238 INFO models Loaded metadata from C:\Users\goku\Documents\NFL_ML_Predictions\backend\models\metadata.json
2025-11-15 11:20:49,238 INFO root Model loading completed: {'status': 'partial', 'loaded': ['metadata', 'feature_columns']}
2025-11-15 11:20:49,238 INFO history No prediction_history.json found; starting with empty history.
2025-11-15 11:20:49,239 INFO api Application initialized: {'dataset': 'loaded', 'models': {'status': 'partial', 'loaded': ['metadata', 'feature_columns']}, 'history': 'loaded 0 entries'}
2025-11-15 11:20:54,037 INFO api 🛑 Application shutdown complete
2025-11-15 11:20:55,649 INFO api 🚀 Starting NFL Prediction API
2025-11-15 11:20:55,772 INFO root Dataset loaded successfully: 2214 rows, 214 columns
2025-11-15 11:20:55,772 ERROR root ✗ Pipeline not found: C:\Users\goku\Documents\NFL_ML_Predictions\backend\models\home_pipe.joblib
2025-11-15 11:20:55,773 ERROR root ✗ Pipeline not found: C:\Users\goku\Documents\NFL_ML_Predictions\backend\models\away_pipe.joblib
2025-11-15 11:20:55,773 ERROR root ✗ Pipeline not found: C:\Users\goku\Documents\NFL_ML_Predictions\backend\models\win_pipe.joblib
2025-11-15 11:20:55,774 INFO models Loaded metadata from C:\Users\goku\Documents\NFL_ML_Predictions\backend\models\metadata.json
2025-11-15 11:20:55,774 INFO root Model loading completed: {'status': 'partial', 'loaded': ['metadata', 'feature_columns']}
2025-11-15 11:20:55,775 INFO history No prediction_history.json found; starting with empty history.
2025-11-15 11:20:55,775 INFO api Application initialized: {'dataset': 'loaded', 'models': {'status': 'partial', 'loaded': ['metadata', 'feature_columns']}, 'history': 'loaded 0 entries'}
2025-11-15 11:20:55,776 INFO api 🛑 Application shutdown complete
2025-11-15 11:20:57,405 INFO api 🚀 Starting NFL Prediction API
2025-11-15 11:20:57,523 INFO root Dataset loaded successfully: 2214 rows, 214 columns
2025-11-15 11:20:57,523 ERROR root ✗ Pipeline not found: C:\Users\goku\Documents\NFL_ML_Predictions\backend\models\home_pipe.joblib
2025-11-15 11:20:57,524 ERROR root ✗ Pipeline not found: C:\Users\goku\Documents\NFL_ML_Predictions\backend\models\away_pipe.joblib
2025-11-15 11:20:57,524 ERROR root ✗ Pipeline not found: C:\Users\goku\Documents\NFL_ML_Predictions\backend\models\win_pipe.joblib
2025-11-15 11:20:57,525 INFO models Loaded metadata from C:\Users\goku\Documents\NFL_ML_Predictions\backend\models\metadata.json
2025-11-15 11:20:57,525 INFO root Model loading completed: {'status': 'partial', 'loaded': ['metadata', 'feature_columns']}
2025-11-15 11:20:57,526 INFO history No prediction_history.json found; starting with empty history.
2025-11-15 11:20:57,526 INFO api Application initialized: {'dataset': 'loaded', 'models': {'status': 'partial', 'loaded': ['metadata', 'feature_columns']}, 'history': 'loaded 0 entries'}
2025-11-15 11:20:57,526 INFO api 🛑 Application shutdown complete
2025-11-15 11:21:04,427 INFO api 🚀 Starting NFL Prediction API
2025-11-15 11:21:04,561 INFO root Dataset loaded successfully: 2214 rows, 214 columns
2025-11-15 11:21:04,562 ERROR root ✗ Pipeline not found: C:\Users\goku\Documents\NFL_ML_Predictions\backend\models\home_pipe.joblib
2025-11-15 11:21:04,562 ERROR root ✗ Pipeline not found: C:\Users\goku\Documents\NFL_ML_Predictions\backend\models\away_pipe.joblib
2025-11-15 11:21:04,563 ERROR root ✗ Pipeline not found: C:\Users\goku\Documents\NFL_ML_Predictions\backend\models\win_pipe.joblib
2025-11-15 11:21:04,563 INFO models Loaded metadata from C:\Users\goku\Documents\NFL_ML_Predictions\backend\models\metadata.json
2025-11-15 11:21:04,564 INFO root Model loading completed: {'status': 'partial', 'loaded': ['metadata', 'feature_columns']}
2025-11-15 11:21:04,564 INFO history No prediction_history.json found; starting with empty history.
2025-11-15 11:21:04,564 INFO api Application initialized: {'dataset': 'loaded', 'models': {'status': 'partial', 'loaded': ['metadata', 'feature_columns']}, 'history': 'loaded 0 entries'}
2025-11-15 11:21:05,457 INFO api 🛑 Application shutdown complete
2025-11-15 11:21:06,996 INFO api 🚀 Starting NFL Prediction API
2025-11-15 11:21:07,118 INFO root Dataset loaded successfully: 2214 rows, 214 columns
2025-11-15 11:21:07,119 ERROR root ✗ Pipeline not found: C:\Users\goku\Documents\NFL_ML_Predictions\backend\models\home_pipe.joblib
2025-11-15 11:21:07,119 ERROR root ✗ Pipeline not found: C:\Users\goku\Documents\NFL_ML_Predictions\backend\models\away_pipe.joblib
2025-11-15 11:21:07,120 ERROR root ✗ Pipeline not found: C:\Users\goku\Documents\NFL_ML_Predictions\backend\models\win_pipe.joblib
2025-11-15 11:21:07,120 INFO models Loaded metadata from C:\Users\goku\Documents\NFL_ML_Predictions\backend\models\metadata.json
2025-11-15 11:21:07,121 INFO root Model loading completed: {'status': 'partial', 'loaded': ['metadata', 'feature_columns']}
2025-11-15 11:21:07,121 INFO history No prediction_history.json found; starting with empty history.
2025-11-15 11:21:07,121 INFO api Application initialized: {'dataset': 'loaded', 'models': {'status': 'partial', 'loaded': ['metadata', 'feature_columns']}, 'history': 'loaded 0 entries'}
2025-11-15 11:21:07,122 INFO api 🛑 Application shutdown complete
2025-11-15 11:21:08,607 INFO api 🚀 Starting NFL Prediction API
2025-11-15 11:21:08,723 INFO root Dataset loaded successfully: 2214 rows, 214 columns
2025-11-15 11:21:08,724 ERROR root ✗ Pipeline not found: C:\Users\goku\Documents\NFL_ML_Predictions\backend\models\home_pipe.joblib
2025-11-15 11:21:08,724 ERROR root ✗ Pipeline not found: C:\Users\goku\Documents\NFL_ML_Predictions\backend\models\away_pipe.joblib
2025-11-15 11:21:08,724 ERROR root ✗ Pipeline not found: C:\Users\goku\Documents\NFL_ML_Predictions\backend\models\win_pipe.joblib
2025-11-15 11:21:08,725 INFO models Loaded metadata from C:\Users\goku\Documents\NFL_ML_Predictions\backend\models\metadata.json
2025-11-15 11:21:08,725 INFO root Model loading completed: {'status': 'partial', 'loaded': ['metadata', 'feature_columns']}
2025-11-15 11:21:08,725 INFO history No prediction_history.json found; starting with empty history.
2025-11-15 11:21:08,726 INFO api Application initialized: {'dataset': 'loaded', 'models': {'status': 'partial', 'loaded': ['metadata', 'feature_columns']}, 'history': 'loaded 0 entries'}
2025-11-15 11:21:15,418 INFO api 🛑 Application shutdown complete
2025-11-15 11:21:16,937 INFO api 🚀 Starting NFL Prediction API
2025-11-15 11:21:17,048 INFO root Dataset loaded successfully: 2214 rows, 214 columns
2025-11-15 11:21:17,049 ERROR root ✗ Pipeline not found: C:\Users\goku\Documents\NFL_ML_Predictions\backend\models\home_pipe.joblib
2025-11-15 11:21:17,049 ERROR root ✗ Pipeline not found: C:\Users\goku\Documents\NFL_ML_Predictions\backend\models\away_pipe.joblib
2025-11-15 11:21:17,049 ERROR root ✗ Pipeline not found: C:\Users\goku\Documents\NFL_ML_Predictions\backend\models\win_pipe.joblib
2025-11-15 11:21:17,050 INFO models Loaded metadata from C:\Users\goku\Documents\NFL_ML_Predictions\backend\models\metadata.json
2025-11-15 11:21:17,050 INFO root Model loading completed: {'status': 'partial', 'loaded': ['metadata', 'feature_columns']}
2025-11-15 11:21:17,051 INFO history No prediction_history.json found; starting with empty history.
2025-11-15 11:21:17,051 INFO api Application initialized: {'dataset': 'loaded', 'models': {'status': 'partial', 'loaded': ['metadata', 'feature_columns']}, 'history': 'loaded 0 entries'}
2025-11-15 11:21:18,363 INFO api 🛑 Application shutdown complete
2025-11-15 11:21:19,896 INFO api 🚀 Starting NFL Prediction API
2025-11-15 11:21:20,020 INFO root Dataset loaded successfully: 2214 rows, 214 columns
2025-11-15 11:21:20,020 ERROR root ✗ Pipeline not found: C:\Users\goku\Documents\NFL_ML_Predictions\backend\models\home_pipe.joblib
2025-11-15 11:21:20,020 ERROR root ✗ Pipeline not found: C:\Users\goku\Documents\NFL_ML_Predictions\backend\models\away_pipe.joblib
2025-11-15 11:21:20,021 ERROR root ✗ Pipeline not found: C:\Users\goku\Documents\NFL_ML_Predictions\backend\models\win_pipe.joblib
2025-11-15 11:21:20,021 INFO models Loaded metadata from C:\Users\goku\Documents\NFL_ML_Predictions\backend\models\metadata.json
2025-11-15 11:21:20,022 INFO root Model loading completed: {'status': 'partial', 'loaded': ['metadata', 'feature_columns']}
2025-11-15 11:21:20,022 INFO history No prediction_history.json found; starting with empty history.
2025-11-15 11:21:20,022 INFO api Application initialized: {'dataset': 'loaded', 'models': {'status': 'partial', 'loaded': ['metadata', 'feature_columns']}, 'history': 'loaded 0 entries'}
2025-11-15 11:21:26,177 INFO api 🛑 Application shutdown complete
2025-11-15 11:21:27,723 INFO api 🚀 Starting NFL Prediction API
2025-11-15 11:21:27,836 INFO root Dataset loaded successfully: 2214 rows, 214 columns
2025-11-15 11:21:27,836 ERROR root ✗ Pipeline not found: C:\Users\goku\Documents\NFL_ML_Predictions\backend\models\home_pipe.joblib
2025-11-15 11:21:27,837 ERROR root ✗ Pipeline not found: C:\Users\goku\Documents\NFL_ML_Predictions\backend\models\away_pipe.joblib
2025-11-15 11:21:27,837 ERROR root ✗ Pipeline not found: C:\Users\goku\Documents\NFL_ML_Predictions\backend\models\win_pipe.joblib
2025-11-15 11:21:27,838 INFO models Loaded metadata from C:\Users\goku\Documents\NFL_ML_Predictions\backend\models\metadata.json
2025-11-15 11:21:27,838 INFO root Model loading completed: {'status': 'partial', 'loaded': ['metadata', 'feature_columns']}
2025-11-15 11:21:27,838 INFO history No prediction_history.json found; starting with empty history.
2025-11-15 11:21:27,839 INFO api Application initialized: {'dataset': 'loaded', 'models': {'status': 'partial', 'loaded': ['metadata', 'feature_columns']}, 'history': 'loaded 0 entries'}
2025-11-15 11:21:32,393 INFO api 🛑 Application shutdown complete
2025-11-15 11:21:33,990 INFO api 🚀 Starting NFL Prediction API
2025-11-15 11:21:34,110 INFO root Dataset loaded successfully: 2214 rows, 214 columns
2025-11-15 11:21:34,111 ERROR root ✗ Pipeline not found: C:\Users\goku\Documents\NFL_ML_Predictions\backend\models\home_pipe.joblib
2025-11-15 11:21:34,111 ERROR root ✗ Pipeline not found: C:\Users\goku\Documents\NFL_ML_Predictions\backend\models\away_pipe.joblib
2025-11-15 11:21:34,112 ERROR root ✗ Pipeline not found: C:\Users\goku\Documents\NFL_ML_Predictions\backend\models\win_pipe.joblib
2025-11-15 11:21:34,112 INFO models Loaded metadata from C:\Users\goku\Documents\NFL_ML_Predictions\backend\models\metadata.json
2025-11-15 11:21:34,113 INFO root Model loading completed: {'status': 'partial', 'loaded': ['metadata', 'feature_columns']}
2025-11-15 11:21:34,113 INFO history No prediction_history.json found; starting with empty history.
2025-11-15 11:21:34,114 INFO api Application initialized: {'dataset': 'loaded', 'models': {'status': 'partial', 'loaded': ['metadata', 'feature_columns']}, 'history': 'loaded 0 entries'}
2025-11-15 11:21:41,796 INFO api 🛑 Application shutdown complete
2025-11-15 11:21:43,352 INFO api 🚀 Starting NFL Prediction API
2025-11-15 11:21:43,470 INFO root Dataset loaded successfully: 2214 rows, 214 columns
2025-11-15 11:21:43,471 ERROR root ✗ Pipeline not found: C:\Users\goku\Documents\NFL_ML_Predictions\backend\models\home_pipe.joblib
2025-11-15 11:21:43,471 ERROR root ✗ Pipeline not found: C:\Users\goku\Documents\NFL_ML_Predictions\backend\models\away_pipe.joblib
2025-11-15 11:21:43,471 ERROR root ✗ Pipeline not found: C:\Users\goku\Documents\NFL_ML_Predictions\backend\models\win_pipe.joblib
2025-11-15 11:21:43,472 INFO models Loaded metadata from C:\Users\goku\Documents\NFL_ML_Predictions\backend\models\metadata.json
2025-11-15 11:21:43,472 INFO root Model loading completed: {'status': 'partial', 'loaded': ['metadata', 'feature_columns']}
2025-11-15 11:21:43,472 INFO history No prediction_history.json found; starting with empty history.
2025-11-15 11:21:43,473 INFO api Application initialized: {'dataset': 'loaded', 'models': {'status': 'partial', 'loaded': ['metadata', 'feature_columns']}, 'history': 'loaded 0 entries'}
2025-11-15 11:21:45,567 INFO api 🛑 Application shutdown complete
2025-11-15 11:21:47,124 INFO api 🚀 Starting NFL Prediction API
2025-11-15 11:21:47,245 INFO root Dataset loaded successfully: 2214 rows, 214 columns
2025-11-15 11:21:47,245 ERROR root ✗ Pipeline not found: C:\Users\goku\Documents\NFL_ML_Predictions\backend\models\home_pipe.joblib
2025-11-15 11:21:47,246 ERROR root ✗ Pipeline not found: C:\Users\goku\Documents\NFL_ML_Predictions\backend\models\away_pipe.joblib
2025-11-15 11:21:47,246 ERROR root ✗ Pipeline not found: C:\Users\goku\Documents\NFL_ML_Predictions\backend\models\win_pipe.joblib
2025-11-15 11:21:47,247 INFO models Loaded metadata from C:\Users\goku\Documents\NFL_ML_Predictions\backend\models\metadata.json
2025-11-15 11:21:47,247 INFO root Model loading completed: {'status': 'partial', 'loaded': ['metadata', 'feature_columns']}
2025-11-15 11:21:47,247 INFO history No prediction_history.json found; starting with empty history.
2025-11-15 11:21:47,248 INFO api Application initialized: {'dataset': 'loaded', 'models': {'status': 'partial', 'loaded': ['metadata', 'feature_columns']}, 'history': 'loaded 0 entries'}
2025-11-15 11:21:47,248 INFO api 🛑 Application shutdown complete
2025-11-15 11:21:48,805 INFO api 🚀 Starting NFL Prediction API
2025-11-15 11:21:48,926 INFO root Dataset loaded successfully: 2214 rows, 214 columns
2025-11-15 11:21:48,927 ERROR root ✗ Pipeline not found: C:\Users\goku\Documents\NFL_ML_Predictions\backend\models\home_pipe.joblib
2025-11-15 11:21:48,927 ERROR root ✗ Pipeline not found: C:\Users\goku\Documents\NFL_ML_Predictions\backend\models\away_pipe.joblib
2025-11-15 11:21:48,928 ERROR root ✗ Pipeline not found: C:\Users\goku\Documents\NFL_ML_Predictions\backend\models\win_pipe.joblib
2025-11-15 11:21:48,928 INFO models Loaded metadata from C:\Users\goku\Documents\NFL_ML_Predictions\backend\models\metadata.json
2025-11-15 11:21:48,929 INFO root Model loading completed: {'status': 'partial', 'loaded': ['metadata', 'feature_columns']}
2025-11-15 11:21:48,929 INFO history No prediction_history.json found; starting with empty history.
2025-11-15 11:21:48,929 INFO api Application initialized: {'dataset': 'loaded', 'models': {'status': 'partial', 'loaded': ['metadata', 'feature_columns']}, 'history': 'loaded 0 entries'}
2025-11-15 11:21:48,930 INFO api 🛑 Application shutdown complete
2025-11-15 11:21:50,557 INFO api 🚀 Starting NFL Prediction API
2025-11-15 11:21:50,680 INFO root Dataset loaded successfully: 2214 rows, 214 columns
2025-11-15 11:21:50,681 ERROR root ✗ Pipeline not found: C:\Users\goku\Documents\NFL_ML_Predictions\backend\models\home_pipe.joblib
2025-11-15 11:21:50,681 ERROR root ✗ Pipeline not found: C:\Users\goku\Documents\NFL_ML_Predictions\backend\models\away_pipe.joblib
2025-11-15 11:21:50,681 ERROR root ✗ Pipeline not found: C:\Users\goku\Documents\NFL_ML_Predictions\backend\models\win_pipe.joblib
2025-11-15 11:21:50,682 INFO models Loaded metadata from C:\Users\goku\Documents\NFL_ML_Predictions\backend\models\metadata.json
2025-11-15 11:21:50,682 INFO root Model loading completed: {'status': 'partial', 'loaded': ['metadata', 'feature_columns']}
2025-11-15 11:21:50,683 INFO history No prediction_history.json found; starting with empty history.
2025-11-15 11:21:50,683 INFO api Application initialized: {'dataset': 'loaded', 'models': {'status': 'partial', 'loaded': ['metadata', 'feature_columns']}, 'history': 'loaded 0 entries'}
2025-11-15 11:21:50,683 INFO api 🛑 Application shutdown complete
2025-11-15 11:21:52,202 INFO api 🚀 Starting NFL Prediction API
2025-11-15 11:21:52,322 INFO root Dataset loaded successfully: 2214 rows, 214 columns
2025-11-15 11:21:52,322 ERROR root ✗ Pipeline not found: C:\Users\goku\Documents\NFL_ML_Predictions\backend\models\home_pipe.joblib
2025-11-15 11:21:52,322 ERROR root ✗ Pipeline not found: C:\Users\goku\Documents\NFL_ML_Predictions\backend\models\away_pipe.joblib
2025-11-15 11:21:52,323 ERROR root ✗ Pipeline not found: C:\Users\goku\Documents\NFL_ML_Predictions\backend\models\win_pipe.joblib
2025-11-15 11:21:52,323 INFO models Loaded metadata from C:\Users\goku\Documents\NFL_ML_Predictions\backend\models\metadata.json
2025-11-15 11:21:52,324 INFO root Model loading completed: {'status': 'partial', 'loaded': ['metadata', 'feature_columns']}
2025-11-15 11:21:52,324 INFO history No prediction_history.json found; starting with empty history.
2025-11-15 11:21:52,324 INFO api Application initialized: {'dataset': 'loaded', 'models': {'status': 'partial', 'loaded': ['metadata', 'feature_columns']}, 'history': 'loaded 0 entries'}
2025-11-15 11:21:57,658 INFO api 🛑 Application shutdown complete
2025-11-15 11:21:59,197 INFO api 🚀 Starting NFL Prediction API
2025-11-15 11:21:59,318 INFO root Dataset loaded successfully: 2214 rows, 214 columns
2025-11-15 11:21:59,319 ERROR root ✗ Pipeline not found: C:\Users\goku\Documents\NFL_ML_Predictions\backend\models\home_pipe.joblib
2025-11-15 11:21:59,319 ERROR root ✗ Pipeline not found: C:\Users\goku\Documents\NFL_ML_Predictions\backend\models\away_pipe.joblib
2025-11-15 11:21:59,320 ERROR root ✗ Pipeline not found: C:\Users\goku\Documents\NFL_ML_Predictions\backend\models\win_pipe.joblib
2025-11-15 11:21:59,321 INFO models Loaded metadata from C:\Users\goku\Documents\NFL_ML_Predictions\backend\models\metadata.json
2025-11-15 11:21:59,321 INFO root Model loading completed: {'status': 'partial', 'loaded': ['metadata', 'feature_columns']}
2025-11-15 11:21:59,321 INFO history No prediction_history.json found; starting with empty history.
2025-11-15 11:21:59,322 INFO api Application initialized: {'dataset': 'loaded', 'models': {'status': 'partial', 'loaded': ['metadata', 'feature_columns']}, 'history': 'loaded 0 entries'}
2025-11-15 11:22:24,429 INFO api 🛑 Application shutdown complete
2025-11-15 11:22:26,029 INFO api 🚀 Starting NFL Prediction API
2025-11-15 11:22:26,158 INFO root Dataset loaded successfully: 2214 rows, 214 columns
2025-11-15 11:22:26,158 ERROR root ✗ Pipeline not found: C:\Users\goku\Documents\NFL_ML_Predictions\backend\models\home_pipe.joblib
2025-11-15 11:22:26,159 ERROR root ✗ Pipeline not found: C:\Users\goku\Documents\NFL_ML_Predictions\backend\models\away_pipe.joblib
2025-11-15 11:22:26,159 ERROR root ✗ Pipeline not found: C:\Users\goku\Documents\NFL_ML_Predictions\backend\models\win_pipe.joblib
2025-11-15 11:22:26,160 INFO models Loaded metadata from C:\Users\goku\Documents\NFL_ML_Predictions\backend\models\metadata.json
2025-11-15 11:22:26,160 INFO root Model loading completed: {'status': 'partial', 'loaded': ['metadata', 'feature_columns']}
2025-11-15 11:22:26,161 INFO history No prediction_history.json found; starting with empty history.
2025-11-15 11:22:26,161 INFO api Application initialized: {'dataset': 'loaded', 'models': {'status': 'partial', 'loaded': ['metadata', 'feature_columns']}, 'history': 'loaded 0 entries'}
2025-11-15 11:22:26,947 INFO api 🛑 Application shutdown complete
2025-11-15 11:22:28,447 INFO api 🚀 Starting NFL Prediction API
2025-11-15 11:22:28,565 INFO root Dataset loaded successfully: 2214 rows, 214 columns
2025-11-15 11:22:28,565 ERROR root ✗ Pipeline not found: C:\Users\goku\Documents\NFL_ML_Predictions\backend\models\home_pipe.joblib
2025-11-15 11:22:28,566 ERROR root ✗ Pipeline not found: C:\Users\goku\Documents\NFL_ML_Predictions\backend\models\away_pipe.joblib
2025-11-15 11:22:28,566 ERROR root ✗ Pipeline not found: C:\Users\goku\Documents\NFL_ML_Predictions\backend\models\win_pipe.joblib
2025-11-15 11:22:28,567 INFO models Loaded metadata from C:\Users\goku\Documents\NFL_ML_Predictions\backend\models\metadata.json
2025-11-15 11:22:28,567 INFO root Model loading completed: {'status': 'partial', 'loaded': ['metadata', 'feature_columns']}
2025-11-15 11:22:28,567 INFO history No prediction_history.json found; starting with empty history.
2025-11-15 11:22:28,567 INFO api Application initialized: {'dataset': 'loaded', 'models': {'status': 'partial', 'loaded': ['metadata', 'feature_columns']}, 'history': 'loaded 0 entries'}
2025-11-15 11:22:35,080 INFO api 🛑 Application shutdown complete
2025-11-15 11:22:36,634 INFO api 🚀 Starting NFL Prediction API
2025-11-15 11:22:36,747 INFO root Dataset loaded successfully: 2214 rows, 214 columns
2025-11-15 11:22:36,748 ERROR root ✗ Pipeline not found: C:\Users\goku\Documents\NFL_ML_Predictions\backend\models\home_pipe.joblib
2025-11-15 11:22:36,748 ERROR root ✗ Pipeline not found: C:\Users\goku\Documents\NFL_ML_Predictions\backend\models\away_pipe.joblib
2025-11-15 11:22:36,748 ERROR root ✗ Pipeline not found: C:\Users\goku\Documents\NFL_ML_Predictions\backend\models\win_pipe.joblib
2025-11-15 11:22:36,749 INFO models Loaded metadata from C:\Users\goku\Documents\NFL_ML_Predictions\backend\models\metadata.json
2025-11-15 11:22:36,749 INFO root Model loading completed: {'status': 'partial', 'loaded': ['metadata', 'feature_columns']}
2025-11-15 11:22:36,750 INFO history No prediction_history.json found; starting with empty history.
2025-11-15 11:22:36,750 INFO api Application initialized: {'dataset': 'loaded', 'models': {'status': 'partial', 'loaded': ['metadata', 'feature_columns']}, 'history': 'loaded 0 entries'}
2025-11-15 11:22:40,637 INFO api 🛑 Application shutdown complete
2025-11-15 11:22:42,248 INFO api 🚀 Starting NFL Prediction API
2025-11-15 11:22:42,375 INFO root Dataset loaded successfully: 2214 rows, 214 columns
2025-11-15 11:22:42,375 ERROR root ✗ Pipeline not found: C:\Users\goku\Documents\NFL_ML_Predictions\backend\models\home_pipe.joblib
2025-11-15 11:22:42,376 ERROR root ✗ Pipeline not found: C:\Users\goku\Documents\NFL_ML_Predictions\backend\models\away_pipe.joblib
2025-11-15 11:22:42,376 ERROR root ✗ Pipeline not found: C:\Users\goku\Documents\NFL_ML_Predictions\backend\models\win_pipe.joblib
2025-11-15 11:22:42,377 INFO models Loaded metadata from C:\Users\goku\Documents\NFL_ML_Predictions\backend\models\metadata.json
2025-11-15 11:22:42,377 INFO root Model loading completed: {'status': 'partial', 'loaded': ['metadata', 'feature_columns']}
2025-11-15 11:22:42,378 INFO history No prediction_history.json found; starting with empty history.
2025-11-15 11:22:42,378 INFO api Application initialized: {'dataset': 'loaded', 'models': {'status': 'partial', 'loaded': ['metadata', 'feature_columns']}, 'history': 'loaded 0 entries'}
2025-11-15 11:22:43,898 INFO api 🛑 Application shutdown complete
2025-11-15 11:22:45,383 INFO api 🚀 Starting NFL Prediction API
2025-11-15 11:22:45,507 INFO root Dataset loaded successfully: 2214 rows, 214 columns
2025-11-15 11:22:45,507 ERROR root ✗ Pipeline not found: C:\Users\goku\Documents\NFL_ML_Predictions\backend\models\home_pipe.joblib
2025-11-15 11:22:45,507 ERROR root ✗ Pipeline not found: C:\Users\goku\Documents\NFL_ML_Predictions\backend\models\away_pipe.joblib
2025-11-15 11:22:45,508 ERROR root ✗ Pipeline not found: C:\Users\goku\Documents\NFL_ML_Predictions\backend\models\win_pipe.joblib
2025-11-15 11:22:45,508 INFO models Loaded metadata from C:\Users\goku\Documents\NFL_ML_Predictions\backend\models\metadata.json
2025-11-15 11:22:45,509 INFO root Model loading completed: {'status': 'partial', 'loaded': ['metadata', 'feature_columns']}
2025-11-15 11:22:45,509 INFO history No prediction_history.json found; starting with empty history.
2025-11-15 11:22:45,509 INFO api Application initialized: {'dataset': 'loaded', 'models': {'status': 'partial', 'loaded': ['metadata', 'feature_columns']}, 'history': 'loaded 0 entries'}
2025-11-15 11:22:48,968 INFO api 🛑 Application shutdown complete
2025-11-15 11:22:50,465 INFO api 🚀 Starting NFL Prediction API
2025-11-15 11:22:50,575 INFO root Dataset loaded successfully: 2214 rows, 214 columns
2025-11-15 11:22:50,576 ERROR root ✗ Pipeline not found: C:\Users\goku\Documents\NFL_ML_Predictions\backend\models\home_pipe.joblib
2025-11-15 11:22:50,576 ERROR root ✗ Pipeline not found: C:\Users\goku\Documents\NFL_ML_Predictions\backend\models\away_pipe.joblib
2025-11-15 11:22:50,576 ERROR root ✗ Pipeline not found: C:\Users\goku\Documents\NFL_ML_Predictions\backend\models\win_pipe.joblib
2025-11-15 11:22:50,577 INFO models Loaded metadata from C:\Users\goku\Documents\NFL_ML_Predictions\backend\models\metadata.json
2025-11-15 11:22:50,577 INFO root Model loading completed: {'status': 'partial', 'loaded': ['metadata', 'feature_columns']}
2025-11-15 11:22:50,577 INFO history No prediction_history.json found; starting with empty history.
2025-11-15 11:22:50,578 INFO api Application initialized: {'dataset': 'loaded', 'models': {'status': 'partial', 'loaded': ['metadata', 'feature_columns']}, 'history': 'loaded 0 entries'}
2025-11-15 11:22:53,490 INFO api 🛑 Application shutdown complete
2025-11-15 11:22:55,093 INFO api 🚀 Starting NFL Prediction API
2025-11-15 11:22:55,220 INFO root Dataset loaded successfully: 2214 rows, 214 columns
2025-11-15 11:22:55,221 ERROR root ✗ Pipeline not found: C:\Users\goku\Documents\NFL_ML_Predictions\backend\models\home_pipe.joblib
2025-11-15 11:22:55,221 ERROR root ✗ Pipeline not found: C:\Users\goku\Documents\NFL_ML_Predictions\backend\models\away_pipe.joblib
2025-11-15 11:22:55,221 ERROR root ✗ Pipeline not found: C:\Users\goku\Documents\NFL_ML_Predictions\backend\models\win_pipe.joblib
2025-11-15 11:22:55,222 INFO models Loaded metadata from C:\Users\goku\Documents\NFL_ML_Predictions\backend\models\metadata.json
2025-11-15 11:22:55,222 INFO root Model loading completed: {'status': 'partial', 'loaded': ['metadata', 'feature_columns']}
2025-11-15 11:22:55,223 INFO history No prediction_history.json found; starting with empty history.
2025-11-15 11:22:55,223 INFO api Application initialized: {'dataset': 'loaded', 'models': {'status': 'partial', 'loaded': ['metadata', 'feature_columns']}, 'history': 'loaded 0 entries'}
2025-11-15 11:22:57,418 INFO api 🛑 Application shutdown complete
2025-11-15 11:22:58,962 INFO api 🚀 Starting NFL Prediction API
2025-11-15 11:22:59,073 INFO root Dataset loaded successfully: 2214 rows, 214 columns
2025-11-15 11:22:59,073 ERROR root ✗ Pipeline not found: C:\Users\goku\Documents\NFL_ML_Predictions\backend\models\home_pipe.joblib
2025-11-15 11:22:59,074 ERROR root ✗ Pipeline not found: C:\Users\goku\Documents\NFL_ML_Predictions\backend\models\away_pipe.joblib
2025-11-15 11:22:59,074 ERROR root ✗ Pipeline not found: C:\Users\goku\Documents\NFL_ML_Predictions\backend\models\win_pipe.joblib
2025-11-15 11:22:59,074 INFO models Loaded metadata from C:\Users\goku\Documents\NFL_ML_Predictions\backend\models\metadata.json
2025-11-15 11:22:59,075 INFO root Model loading completed: {'status': 'partial', 'loaded': ['metadata', 'feature_columns']}
2025-11-15 11:22:59,075 INFO history No prediction_history.json found; starting with empty history.
2025-11-15 11:22:59,075 INFO api Application initialized: {'dataset': 'loaded', 'models': {'status': 'partial', 'loaded': ['metadata', 'feature_columns']}, 'history': 'loaded 0 entries'}
2025-11-15 11:23:01,380 INFO api 🛑 Application shutdown complete
2025-11-15 11:23:02,851 INFO api 🚀 Starting NFL Prediction API
2025-11-15 11:23:02,977 INFO root Dataset loaded successfully: 2214 rows, 214 columns
2025-11-15 11:23:02,977 ERROR root ✗ Pipeline not found: C:\Users\goku\Documents\NFL_ML_Predictions\backend\models\home_pipe.joblib
2025-11-15 11:23:02,978 ERROR root ✗ Pipeline not found: C:\Users\goku\Documents\NFL_ML_Predictions\backend\models\away_pipe.joblib
2025-11-15 11:23:02,978 ERROR root ✗ Pipeline not found: C:\Users\goku\Documents\NFL_ML_Predictions\backend\models\win_pipe.joblib
2025-11-15 11:23:02,979 INFO models Loaded metadata from C:\Users\goku\Documents\NFL_ML_Predictions\backend\models\metadata.json
2025-11-15 11:23:02,979 INFO root Model loading completed: {'status': 'partial', 'loaded': ['metadata', 'feature_columns']}
2025-11-15 11:23:02,979 INFO history No prediction_history.json found; starting with empty history.
2025-11-15 11:23:02,980 INFO api Application initialized: {'dataset': 'loaded', 'models': {'status': 'partial', 'loaded': ['metadata', 'feature_columns']}, 'history': 'loaded 0 entries'}
2025-11-15 11:23:16,018 INFO api 🛑 Application shutdown complete
2025-11-15 11:23:17,550 INFO api 🚀 Starting NFL Prediction API
2025-11-15 11:23:17,668 INFO root Dataset loaded successfully: 2214 rows, 214 columns
2025-11-15 11:23:17,668 ERROR root ✗ Pipeline not found: C:\Users\goku\Documents\NFL_ML_Predictions\backend\models\home_pipe.joblib
2025-11-15 11:23:17,669 ERROR root ✗ Pipeline not found: C:\Users\goku\Documents\NFL_ML_Predictions\backend\models\away_pipe.joblib
2025-11-15 11:23:17,669 ERROR root ✗ Pipeline not found: C:\Users\goku\Documents\NFL_ML_Predictions\backend\models\win_pipe.joblib
2025-11-15 11:23:17,670 INFO models Loaded metadata from C:\Users\goku\Documents\NFL_ML_Predictions\backend\models\metadata.json
2025-11-15 11:23:17,670 INFO root Model loading completed: {'status': 'partial', 'loaded': ['metadata', 'feature_columns']}
2025-11-15 11:23:17,670 INFO history No prediction_history.json found; starting with empty history.
2025-11-15 11:23:17,671 INFO api Application initialized: {'dataset': 'loaded', 'models': {'status': 'partial', 'loaded': ['metadata', 'feature_columns']}, 'history': 'loaded 0 entries'}
2025-11-15 11:23:18,116 INFO api 🛑 Application shutdown complete
2025-11-15 11:23:19,691 INFO api 🚀 Starting NFL Prediction API
2025-11-15 11:23:19,834 INFO root Dataset loaded successfully: 2214 rows, 214 columns
2025-11-15 11:23:19,835 ERROR root ✗ Pipeline not found: C:\Users\goku\Documents\NFL_ML_Predictions\backend\models\home_pipe.joblib
2025-11-15 11:23:19,836 ERROR root ✗ Pipeline not found: C:\Users\goku\Documents\NFL_ML_Predictions\backend\models\away_pipe.joblib
2025-11-15 11:23:19,836 ERROR root ✗ Pipeline not found: C:\Users\goku\Documents\NFL_ML_Predictions\backend\models\win_pipe.joblib
2025-11-15 11:23:19,837 INFO models Loaded metadata from C:\Users\goku\Documents\NFL_ML_Predictions\backend\models\metadata.json
2025-11-15 11:23:19,838 INFO root Model loading completed: {'status': 'partial', 'loaded': ['metadata', 'feature_columns']}
2025-11-15 11:23:19,838 INFO history No prediction_history.json found; starting with empty history.
2025-11-15 11:23:19,839 INFO api Application initialized: {'dataset': 'loaded', 'models': {'status': 'partial', 'loaded': ['metadata', 'feature_columns']}, 'history': 'loaded 0 entries'}
2025-11-15 11:23:19,839 INFO api 🛑 Application shutdown complete
2025-11-15 11:23:21,473 INFO api 🚀 Starting NFL Prediction API
2025-11-15 11:23:21,593 INFO root Dataset loaded successfully: 2214 rows, 214 columns
2025-11-15 11:23:21,593 ERROR root ✗ Pipeline not found: C:\Users\goku\Documents\NFL_ML_Predictions\backend\models\home_pipe.joblib
2025-11-15 11:23:21,594 ERROR root ✗ Pipeline not found: C:\Users\goku\Documents\NFL_ML_Predictions\backend\models\away_pipe.joblib
2025-11-15 11:23:21,594 ERROR root ✗ Pipeline not found: C:\Users\goku\Documents\NFL_ML_Predictions\backend\models\win_pipe.joblib
2025-11-15 11:23:21,595 INFO models Loaded metadata from C:\Users\goku\Documents\NFL_ML_Predictions\backend\models\metadata.json
2025-11-15 11:23:21,595 INFO root Model loading completed: {'status': 'partial', 'loaded': ['metadata', 'feature_columns']}
2025-11-15 11:23:21,595 INFO history No prediction_history.json found; starting with empty history.
2025-11-15 11:23:21,595 INFO api Application initialized: {'dataset': 'loaded', 'models': {'status': 'partial', 'loaded': ['metadata', 'feature_columns']}, 'history': 'loaded 0 entries'}
2025-11-15 11:23:21,596 INFO api 🛑 Application shutdown complete
2025-11-15 11:23:23,132 INFO api 🚀 Starting NFL Prediction API
2025-11-15 11:23:23,255 INFO root Dataset loaded successfully: 2214 rows, 214 columns
2025-11-15 11:23:23,255 ERROR root ✗ Pipeline not found: C:\Users\goku\Documents\NFL_ML_Predictions\backend\models\home_pipe.joblib
2025-11-15 11:23:23,256 ERROR root ✗ Pipeline not found: C:\Users\goku\Documents\NFL_ML_Predictions\backend\models\away_pipe.joblib
2025-11-15 11:23:23,256 ERROR root ✗ Pipeline not found: C:\Users\goku\Documents\NFL_ML_Predictions\backend\models\win_pipe.joblib
2025-11-15 11:23:23,256 INFO models Loaded metadata from C:\Users\goku\Documents\NFL_ML_Predictions\backend\models\metadata.json
2025-11-15 11:23:23,257 INFO root Model loading completed: {'status': 'partial', 'loaded': ['metadata', 'feature_columns']}
2025-11-15 11:23:23,257 INFO history No prediction_history.json found; starting with empty history.
2025-11-15 11:23:23,257 INFO api Application initialized: {'dataset': 'loaded', 'models': {'status': 'partial', 'loaded': ['metadata', 'feature_columns']}, 'history': 'loaded 0 entries'}
2025-11-15 11:23:23,258 INFO api 🛑 Application shutdown complete
2025-11-15 11:23:25,647 INFO api 🚀 Starting NFL Prediction API
2025-11-15 11:23:25,764 INFO root Dataset loaded successfully: 2214 rows, 214 columns
2025-11-15 11:23:25,765 ERROR root ✗ Pipeline not found: C:\Users\goku\Documents\NFL_ML_Predictions\backend\models\home_pipe.joblib
2025-11-15 11:23:25,765 ERROR root ✗ Pipeline not found: C:\Users\goku\Documents\NFL_ML_Predictions\backend\models\away_pipe.joblib
2025-11-15 11:23:25,765 ERROR root ✗ Pipeline not found: C:\Users\goku\Documents\NFL_ML_Predictions\backend\models\win_pipe.joblib
2025-11-15 11:23:25,766 INFO models Loaded metadata from C:\Users\goku\Documents\NFL_ML_Predictions\backend\models\metadata.json
2025-11-15 11:23:25,766 INFO root Model loading completed: {'status': 'partial', 'loaded': ['metadata', 'feature_columns']}
2025-11-15 11:23:25,767 INFO history No prediction_history.json found; starting with empty history.
2025-11-15 11:23:25,767 INFO api Application initialized: {'dataset': 'loaded', 'models': {'status': 'partial', 'loaded': ['metadata', 'feature_columns']}, 'history': 'loaded 0 entries'}
2025-11-15 11:23:25,767 INFO api 🛑 Application shutdown complete
2025-11-15 11:23:27,392 INFO api 🚀 Starting NFL Prediction API
2025-11-15 11:23:27,508 INFO root Dataset loaded successfully: 2214 rows, 214 columns
2025-11-15 11:23:27,508 ERROR root ✗ Pipeline not found: C:\Users\goku\Documents\NFL_ML_Predictions\backend\models\home_pipe.joblib
2025-11-15 11:23:27,509 ERROR root ✗ Pipeline not found: C:\Users\goku\Documents\NFL_ML_Predictions\backend\models\away_pipe.joblib
2025-11-15 11:23:27,509 ERROR root ✗ Pipeline not found: C:\Users\goku\Documents\NFL_ML_Predictions\backend\models\win_pipe.joblib
2025-11-15 11:23:27,510 INFO models Loaded metadata from C:\Users\goku\Documents\NFL_ML_Predictions\backend\models\metadata.json
2025-11-15 11:23:27,510 INFO root Model loading completed: {'status': 'partial', 'loaded': ['metadata', 'feature_columns']}
2025-11-15 11:23:27,511 INFO history No prediction_history.json found; starting with empty history.
2025-11-15 11:23:27,511 INFO api Application initialized: {'dataset': 'loaded', 'models': {'status': 'partial', 'loaded': ['metadata', 'feature_columns']}, 'history': 'loaded 0 entries'}
2025-11-15 11:23:27,511 INFO api 🛑 Application shutdown complete
2025-11-15 11:23:29,111 INFO api 🚀 Starting NFL Prediction API
2025-11-15 11:23:29,245 INFO root Dataset loaded successfully: 2214 rows, 214 columns
2025-11-15 11:23:29,246 ERROR root ✗ Pipeline not found: C:\Users\goku\Documents\NFL_ML_Predictions\backend\models\home_pipe.joblib
2025-11-15 11:23:29,246 ERROR root ✗ Pipeline not found: C:\Users\goku\Documents\NFL_ML_Predictions\backend\models\away_pipe.joblib
2025-11-15 11:23:29,246 ERROR root ✗ Pipeline not found: C:\Users\goku\Documents\NFL_ML_Predictions\backend\models\win_pipe.joblib
2025-11-15 11:23:29,247 INFO models Loaded metadata from C:\Users\goku\Documents\NFL_ML_Predictions\backend\models\metadata.json
2025-11-15 11:23:29,247 INFO root Model loading completed: {'status': 'partial', 'loaded': ['metadata', 'feature_columns']}
2025-11-15 11:23:29,248 INFO history No prediction_history.json found; starting with empty history.
2025-11-15 11:23:29,248 INFO api Application initialized: {'dataset': 'loaded', 'models': {'status': 'partial', 'loaded': ['metadata', 'feature_columns']}, 'history': 'loaded 0 entries'}
2025-11-15 11:23:29,248 INFO api 🛑 Application shutdown complete
2025-11-15 11:23:30,811 INFO api 🚀 Starting NFL Prediction API
2025-11-15 11:23:30,931 INFO root Dataset loaded successfully: 2214 rows, 214 columns
2025-11-15 11:23:30,932 ERROR root ✗ Pipeline not found: C:\Users\goku\Documents\NFL_ML_Predictions\backend\models\home_pipe.joblib
2025-11-15 11:23:30,932 ERROR root ✗ Pipeline not found: C:\Users\goku\Documents\NFL_ML_Predictions\backend\models\away_pipe.joblib
2025-11-15 11:23:30,932 ERROR root ✗ Pipeline not found: C:\Users\goku\Documents\NFL_ML_Predictions\backend\models\win_pipe.joblib
2025-11-15 11:23:30,933 INFO models Loaded metadata from C:\Users\goku\Documents\NFL_ML_Predictions\backend\models\metadata.json
2025-11-15 11:23:30,933 INFO root Model loading completed: {'status': 'partial', 'loaded': ['metadata', 'feature_columns']}
2025-11-15 11:23:30,933 INFO history No prediction_history.json found; starting with empty history.
2025-11-15 11:23:30,934 INFO api Application initialized: {'dataset': 'loaded', 'models': {'status': 'partial', 'loaded': ['metadata', 'feature_columns']}, 'history': 'loaded 0 entries'}
2025-11-15 11:23:30,934 INFO api 🛑 Application shutdown complete
2025-11-15 11:23:32,434 INFO api 🚀 Starting NFL Prediction API
2025-11-15 11:23:32,545 INFO root Dataset loaded successfully: 2214 rows, 214 columns
2025-11-15 11:23:32,546 ERROR root ✗ Pipeline not found: C:\Users\goku\Documents\NFL_ML_Predictions\backend\models\home_pipe.joblib
2025-11-15 11:23:32,546 ERROR root ✗ Pipeline not found: C:\Users\goku\Documents\NFL_ML_Predictions\backend\models\away_pipe.joblib
2025-11-15 11:23:32,546 ERROR root ✗ Pipeline not found: C:\Users\goku\Documents\NFL_ML_Predictions\backend\models\win_pipe.joblib
2025-11-15 11:23:32,547 INFO models Loaded metadata from C:\Users\goku\Documents\NFL_ML_Predictions\backend\models\metadata.json
2025-11-15 11:23:32,547 INFO root Model loading completed: {'status': 'partial', 'loaded': ['metadata', 'feature_columns']}
2025-11-15 11:23:32,548 INFO history No prediction_history.json found; starting with empty history.
2025-11-15 11:23:32,548 INFO api Application initialized: {'dataset': 'loaded', 'models': {'status': 'partial', 'loaded': ['metadata', 'feature_columns']}, 'history': 'loaded 0 entries'}
2025-11-15 11:23:35,582 INFO api 🛑 Application shutdown complete
2025-11-15 11:23:38,025 INFO api 🚀 Starting NFL Prediction API
2025-11-15 11:23:38,139 INFO root Dataset loaded successfully: 2214 rows, 214 columns
2025-11-15 11:23:38,139 ERROR root ✗ Pipeline not found: C:\Users\goku\Documents\NFL_ML_Predictions\backend\models\home_pipe.joblib
2025-11-15 11:23:38,139 ERROR root ✗ Pipeline not found: C:\Users\goku\Documents\NFL_ML_Predictions\backend\models\away_pipe.joblib
2025-11-15 11:23:38,140 ERROR root ✗ Pipeline not found: C:\Users\goku\Documents\NFL_ML_Predictions\backend\models\win_pipe.joblib
2025-11-15 11:23:38,140 INFO models Loaded metadata from C:\Users\goku\Documents\NFL_ML_Predictions\backend\models\metadata.json
2025-11-15 11:23:38,141 INFO root Model loading completed: {'status': 'partial', 'loaded': ['metadata', 'feature_columns']}
2025-11-15 11:23:38,141 INFO history No prediction_history.json found; starting with empty history.
2025-11-15 11:23:38,141 INFO api Application initialized: {'dataset': 'loaded', 'models': {'status': 'partial', 'loaded': ['metadata', 'feature_columns']}, 'history': 'loaded 0 entries'}
2025-11-15 11:23:38,142 INFO api 🛑 Application shutdown complete
2025-11-15 11:23:41,958 INFO api 🚀 Starting NFL Prediction API
2025-11-15 11:23:42,084 INFO root Dataset loaded successfully: 2214 rows, 214 columns
2025-11-15 11:23:42,085 ERROR root ✗ Pipeline not found: C:\Users\goku\Documents\NFL_ML_Predictions\backend\models\home_pipe.joblib
2025-11-15 11:23:42,085 ERROR root ✗ Pipeline not found: C:\Users\goku\Documents\NFL_ML_Predictions\backend\models\away_pipe.joblib
2025-11-15 11:23:42,085 ERROR root ✗ Pipeline not found: C:\Users\goku\Documents\NFL_ML_Predictions\backend\models\win_pipe.joblib
2025-11-15 11:23:42,086 INFO models Loaded metadata from C:\Users\goku\Documents\NFL_ML_Predictions\backend\models\metadata.json
2025-11-15 11:23:42,086 INFO root Model loading completed: {'status': 'partial', 'loaded': ['metadata', 'feature_columns']}
2025-11-15 11:23:42,086 INFO history No prediction_history.json found; starting with empty history.
2025-11-15 11:23:42,087 INFO api Application initialized: {'dataset': 'loaded', 'models': {'status': 'partial', 'loaded': ['metadata', 'feature_columns']}, 'history': 'loaded 0 entries'}
2025-11-15 11:23:46,183 INFO api 🛑 Application shutdown complete
2025-11-15 11:24:34,638 INFO api 🚀 Starting NFL Prediction API
2025-11-15 11:24:34,757 INFO root Dataset loaded successfully: 2214 rows, 214 columns
2025-11-15 11:24:34,758 ERROR root ✗ Pipeline not found: C:\Users\goku\Documents\NFL_ML_Predictions\backend\models\home_pipe.joblib
2025-11-15 11:24:34,758 ERROR root ✗ Pipeline not found: C:\Users\goku\Documents\NFL_ML_Predictions\backend\models\away_pipe.joblib
2025-11-15 11:24:34,759 ERROR root ✗ Pipeline not found: C:\Users\goku\Documents\NFL_ML_Predictions\backend\models\win_pipe.joblib
2025-11-15 11:24:34,759 INFO models Loaded metadata from C:\Users\goku\Documents\NFL_ML_Predictions\backend\models\metadata.json
2025-11-15 11:24:34,760 INFO root Model loading completed: {'status': 'partial', 'loaded': ['metadata', 'feature_columns']}
2025-11-15 11:24:34,760 INFO history No prediction_history.json found; starting with empty history.
2025-11-15 11:24:34,760 INFO api Application initialized: {'dataset': 'loaded', 'models': {'status': 'partial', 'loaded': ['metadata', 'feature_columns']}, 'history': 'loaded 0 entries'}
2025-11-15 11:24:38,027 INFO api 🛑 Application shutdown complete
2025-11-15 11:24:39,538 INFO api 🚀 Starting NFL Prediction API
2025-11-15 11:24:39,649 INFO root Dataset loaded successfully: 2214 rows, 214 columns
2025-11-15 11:24:39,649 ERROR root ✗ Pipeline not found: C:\Users\goku\Documents\NFL_ML_Predictions\backend\models\home_pipe.joblib
2025-11-15 11:24:39,649 ERROR root ✗ Pipeline not found: C:\Users\goku\Documents\NFL_ML_Predictions\backend\models\away_pipe.joblib
2025-11-15 11:24:39,650 ERROR root ✗ Pipeline not found: C:\Users\goku\Documents\NFL_ML_Predictions\backend\models\win_pipe.joblib
2025-11-15 11:24:39,650 INFO models Loaded metadata from C:\Users\goku\Documents\NFL_ML_Predictions\backend\models\metadata.json
2025-11-15 11:24:39,651 INFO root Model loading completed: {'status': 'partial', 'loaded': ['metadata', 'feature_columns']}
2025-11-15 11:24:39,651 INFO history No prediction_history.json found; starting with empty history.
2025-11-15 11:24:39,651 INFO api Application initialized: {'dataset': 'loaded', 'models': {'status': 'partial', 'loaded': ['metadata', 'feature_columns']}, 'history': 'loaded 0 entries'}
2025-11-15 11:24:41,713 INFO api 🛑 Application shutdown complete
2025-11-15 11:27:55,009 INFO api 🚀 Starting NFL Prediction API
2025-11-15 11:27:55,134 INFO root Dataset loaded successfully: 2214 rows, 214 columns
2025-11-15 11:27:55,135 ERROR root ✗ Pipeline not found: C:\Users\goku\Documents\NFL_ML_Predictions\backend\models\home_pipe.joblib
2025-11-15 11:27:55,135 ERROR root ✗ Pipeline not found: C:\Users\goku\Documents\NFL_ML_Predictions\backend\models\away_pipe.joblib
2025-11-15 11:27:55,136 ERROR root ✗ Pipeline not found: C:\Users\goku\Documents\NFL_ML_Predictions\backend\models\win_pipe.joblib
2025-11-15 11:27:55,136 INFO models Loaded metadata from C:\Users\goku\Documents\NFL_ML_Predictions\backend\models\metadata.json
2025-11-15 11:27:55,137 INFO root Model loading completed: {'status': 'partial', 'loaded': ['metadata', 'feature_columns']}
2025-11-15 11:27:55,137 INFO history No prediction_history.json found; starting with empty history.
2025-11-15 11:27:55,137 INFO api Application initialized: {'dataset': 'loaded', 'models': {'status': 'partial', 'loaded': ['metadata', 'feature_columns']}, 'history': 'loaded 0 entries'}
2025-11-15 11:28:23,714 INFO api 🛑 Application shutdown complete
2025-11-15 11:29:01,961 INFO api 🚀 Starting NFL Prediction API
2025-11-15 11:29:02,070 INFO root Dataset loaded successfully: 2214 rows, 214 columns
2025-11-15 11:29:02,070 ERROR root ✗ Pipeline not found: C:\Users\goku\Documents\NFL_ML_Predictions\backend\models\home_pipe.joblib
2025-11-15 11:29:02,071 ERROR root ✗ Pipeline not found: C:\Users\goku\Documents\NFL_ML_Predictions\backend\models\away_pipe.joblib
2025-11-15 11:29:02,071 ERROR root ✗ Pipeline not found: C:\Users\goku\Documents\NFL_ML_Predictions\backend\models\win_pipe.joblib
2025-11-15 11:29:02,072 INFO models Loaded metadata from C:\Users\goku\Documents\NFL_ML_Predictions\backend\models\metadata.json
2025-11-15 11:29:02,072 INFO root Model loading completed: {'status': 'partial', 'loaded': ['metadata', 'feature_columns']}
2025-11-15 11:29:02,072 INFO history No prediction_history.json found; starting with empty history.
2025-11-15 11:29:02,072 INFO api Application initialized: {'dataset': 'loaded', 'models': {'status': 'partial', 'loaded': ['metadata', 'feature_columns']}, 'history': 'loaded 0 entries'}
2025-11-15 11:32:59,133 INFO api 🛑 Application shutdown complete
2025-11-15 11:33:00,341 INFO api 🚀 Starting NFL Prediction API
2025-11-15 11:33:00,467 INFO root Dataset loaded successfully: 2214 rows, 214 columns
2025-11-15 11:33:00,468 ERROR root ✗ Pipeline not found: C:\Users\goku\Documents\NFL_ML_Predictions\backend\models\home_pipe.joblib
2025-11-15 11:33:00,468 ERROR root ✗ Pipeline not found: C:\Users\goku\Documents\NFL_ML_Predictions\backend\models\away_pipe.joblib
2025-11-15 11:33:00,469 ERROR root ✗ Pipeline not found: C:\Users\goku\Documents\NFL_ML_Predictions\backend\models\win_pipe.joblib
2025-11-15 11:33:00,469 INFO models Loaded metadata from C:\Users\goku\Documents\NFL_ML_Predictions\backend\models\metadata.json
2025-11-15 11:33:00,469 INFO root Model loading completed: {'status': 'partial', 'loaded': ['metadata', 'feature_columns']}
2025-11-15 11:33:00,470 INFO history No prediction_history.json found; starting with empty history.
2025-11-15 11:33:00,470 INFO api Application initialized: {'dataset': 'loaded', 'models': {'status': 'partial', 'loaded': ['metadata', 'feature_columns']}, 'history': 'loaded 0 entries'}
2025-11-15 11:33:00,669 INFO api 🚀 Starting NFL Prediction API
2025-11-15 11:33:00,783 INFO root Dataset loaded successfully: 2214 rows, 214 columns
2025-11-15 11:33:00,784 ERROR root ✗ Pipeline not found: C:\Users\goku\Documents\NFL_ML_Predictions\backend\models\home_pipe.joblib
2025-11-15 11:33:00,784 ERROR root ✗ Pipeline not found: C:\Users\goku\Documents\NFL_ML_Predictions\backend\models\away_pipe.joblib
2025-11-15 11:33:00,784 ERROR root ✗ Pipeline not found: C:\Users\goku\Documents\NFL_ML_Predictions\backend\models\win_pipe.joblib
2025-11-15 11:33:00,785 INFO models Loaded metadata from C:\Users\goku\Documents\NFL_ML_Predictions\backend\models\metadata.json
2025-11-15 11:33:00,785 INFO root Model loading completed: {'status': 'partial', 'loaded': ['metadata', 'feature_columns']}
2025-11-15 11:33:00,785 INFO history No prediction_history.json found; starting with empty history.
2025-11-15 11:33:00,786 INFO api Application initialized: {'dataset': 'loaded', 'models': {'status': 'partial', 'loaded': ['metadata', 'feature_columns']}, 'history': 'loaded 0 entries'}
2025-11-15 11:37:15,038 INFO api 🛑 Application shutdown complete
2025-11-15 11:37:15,099 INFO api 🛑 Application shutdown complete
2025-11-15 11:37:16,601 INFO api 🚀 Starting NFL Prediction API
2025-11-15 11:37:16,612 INFO api 🚀 Starting NFL Prediction API
2025-11-15 11:37:16,710 INFO root Dataset loaded successfully: 2214 rows, 214 columns
2025-11-15 11:37:16,710 ERROR root ✗ Pipeline not found: C:\Users\goku\Documents\NFL_ML_Predictions\backend\models\home_pipe.joblib
2025-11-15 11:37:16,710 ERROR root ✗ Pipeline not found: C:\Users\goku\Documents\NFL_ML_Predictions\backend\models\away_pipe.joblib
2025-11-15 11:37:16,711 ERROR root ✗ Pipeline not found: C:\Users\goku\Documents\NFL_ML_Predictions\backend\models\win_pipe.joblib
2025-11-15 11:37:16,711 INFO models Loaded metadata from C:\Users\goku\Documents\NFL_ML_Predictions\backend\models\metadata.json
2025-11-15 11:37:16,712 INFO root Model loading completed: {'status': 'partial', 'loaded': ['metadata', 'feature_columns']}
2025-11-15 11:37:16,712 INFO history No prediction_history.json found; starting with empty history.
2025-11-15 11:37:16,712 INFO api Application initialized: {'dataset': 'loaded', 'models': {'status': 'partial', 'loaded': ['metadata', 'feature_columns']}, 'history': 'loaded 0 entries'}
2025-11-15 11:37:16,738 INFO root Dataset loaded successfully: 2214 rows, 214 columns
2025-11-15 11:37:16,738 ERROR root ✗ Pipeline not found: C:\Users\goku\Documents\NFL_ML_Predictions\backend\models\home_pipe.joblib
2025-11-15 11:37:16,739 ERROR root ✗ Pipeline not found: C:\Users\goku\Documents\NFL_ML_Predictions\backend\models\away_pipe.joblib
2025-11-15 11:37:16,739 ERROR root ✗ Pipeline not found: C:\Users\goku\Documents\NFL_ML_Predictions\backend\models\win_pipe.joblib
2025-11-15 11:37:16,740 INFO models Loaded metadata from C:\Users\goku\Documents\NFL_ML_Predictions\backend\models\metadata.json
2025-11-15 11:37:16,741 INFO root Model loading completed: {'status': 'partial', 'loaded': ['metadata', 'feature_columns']}
2025-11-15 11:37:16,741 INFO history No prediction_history.json found; starting with empty history.
2025-11-15 11:37:16,741 INFO api Application initialized: {'dataset': 'loaded', 'models': {'status': 'partial', 'loaded': ['metadata', 'feature_columns']}, 'history': 'loaded 0 entries'}
2025-11-15 11:46:15,822 INFO api 🛑 Application shutdown complete
2025-11-15 11:46:20,197 INFO api 🚀 Starting NFL Prediction API
2025-11-15 11:46:20,320 INFO root Dataset loaded successfully: 2214 rows, 214 columns
2025-11-15 11:46:20,321 ERROR root ✗ Pipeline not found: C:\Users\goku\Documents\NFL_ML_Predictions\backend\models\home_pipe.joblib
2025-11-15 11:46:20,321 ERROR root ✗ Pipeline not found: C:\Users\goku\Documents\NFL_ML_Predictions\backend\models\away_pipe.joblib
2025-11-15 11:46:20,321 ERROR root ✗ Pipeline not found: C:\Users\goku\Documents\NFL_ML_Predictions\backend\models\win_pipe.joblib
2025-11-15 11:46:20,322 INFO models Loaded metadata from C:\Users\goku\Documents\NFL_ML_Predictions\backend\models\metadata.json
2025-11-15 11:46:20,322 INFO root Model loading completed: {'status': 'partial', 'loaded': ['metadata', 'feature_columns']}
2025-11-15 11:46:20,322 INFO history No prediction_history.json found; starting with empty history.
2025-11-15 11:46:20,323 INFO api Application initialized: {'dataset': 'loaded', 'models': {'status': 'partial', 'loaded': ['metadata', 'feature_columns']}, 'history': 'loaded 0 entries'}
2025-11-15 13:54:50,561 INFO api 🛑 Application shutdown complete
2025-11-15 13:54:52,579 INFO api 🚀 Starting NFL Prediction API
2025-11-15 13:54:52,705 INFO root Dataset loaded successfully: 2214 rows, 214 columns
2025-11-15 13:54:59,843 INFO root ✓ Loaded home_pipe from home_model.joblib
2025-11-15 13:54:59,904 INFO root ✓ Loaded away_pipe from away_model.joblib
2025-11-15 13:54:59,920 INFO root ✓ Loaded win_pipe from win_clf_calibrated.joblib
2025-11-15 13:54:59,921 INFO models Loaded metadata from C:\Users\goku\Documents\NFL_ML_Predictions\backend\models\metadata.json
2025-11-15 13:54:59,921 INFO root Model coherence validation passed
2025-11-15 13:54:59,921 INFO root Model loading completed: {'status': 'success', 'loaded': ['home_pipe', 'away_pipe', 'win_pipe', 'metadata', 'feature_columns']}
2025-11-15 13:54:59,922 INFO history No prediction_history.json found; starting with empty history.
2025-11-15 13:54:59,922 INFO api Application initialized: {'dataset': 'loaded', 'models': {'status': 'success', 'loaded': ['home_pipe', 'away_pipe', 'win_pipe', 'metadata', 'feature_columns']}, 'history': 'loaded 0 entries'}
2025-11-15 16:50:17,459 INFO api 🛑 Application shutdown complete
2025-11-15 16:50:19,924 INFO api 🚀 Starting NFL Prediction API
2025-11-15 16:50:20,058 INFO root Dataset loaded successfully: 2214 rows, 214 columns
2025-11-15 16:50:21,677 INFO root ✓ Loaded home_pipe from home_model.joblib
2025-11-15 16:50:21,745 INFO root ✓ Loaded away_pipe from away_model.joblib
2025-11-15 16:50:21,751 INFO root ✓ Loaded win_pipe from win_clf_calibrated.joblib
2025-11-15 16:50:21,751 INFO models Loaded metadata from C:\Users\goku\Documents\NFL_ML_Predictions\backend\models\metadata.json
2025-11-15 16:50:21,752 INFO root Model coherence validation passed
2025-11-15 16:50:21,752 INFO root Model loading completed: {'status': 'success', 'loaded': ['home_pipe', 'away_pipe', 'win_pipe', 'metadata', 'feature_columns']}
2025-11-15 16:50:21,752 INFO history No prediction_history.json found; starting with empty history.
2025-11-15 16:50:21,753 INFO api Application initialized: {'dataset': 'loaded', 'models': {'status': 'success', 'loaded': ['home_pipe', 'away_pipe', 'win_pipe', 'metadata', 'feature_columns']}, 'history': 'loaded 0 entries'}
2025-11-15 18:44:59,071 INFO api 🛑 Application shutdown complete
2025-11-15 18:45:05,674 INFO api 🚀 Starting NFL Prediction API
2025-11-15 18:45:05,786 INFO root Dataset loaded successfully: 2214 rows, 214 columns
2025-11-15 18:45:06,960 INFO root ✓ Loaded home_pipe from home_model.joblib
2025-11-15 18:45:07,020 INFO root ✓ Loaded away_pipe from away_model.joblib
2025-11-15 18:45:07,025 INFO root ✓ Loaded win_pipe from win_clf_calibrated.joblib
2025-11-15 18:45:07,026 INFO models Loaded metadata from C:\Users\goku\Documents\NFL_ML_Predictions\backend\models\metadata.json
2025-11-15 18:45:07,026 INFO root Model coherence validation passed
2025-11-15 18:45:07,026 INFO root Model loading completed: {'status': 'success', 'loaded': ['home_pipe', 'away_pipe', 'win_pipe', 'metadata', 'feature_columns']}
2025-11-15 18:45:07,027 INFO history No prediction_history.json found; starting with empty history.
2025-11-15 18:45:07,027 INFO api Application initialized: {'dataset': 'loaded', 'models': {'status': 'success', 'loaded': ['home_pipe', 'away_pipe', 'win_pipe', 'metadata', 'feature_columns']}, 'history': 'loaded 0 entries'}
2025-11-15 18:45:53,837 INFO api 🛑 Application shutdown complete
2025-11-15 19:09:37,343 INFO api 🚀 Starting NFL Prediction API
2025-11-15 19:09:37,458 INFO root Dataset loaded successfully: 2214 rows, 214 columns
2025-11-15 19:09:38,814 INFO root ✓ Loaded home_pipe from home_model.joblib
2025-11-15 19:09:38,883 INFO root ✓ Loaded away_pipe from away_model.joblib
2025-11-15 19:09:38,889 INFO root ✓ Loaded win_pipe from win_clf_calibrated.joblib
2025-11-15 19:09:38,890 INFO models Loaded metadata from C:\Users\goku\Documents\NFL_ML_Predictions\backend\models\metadata.json
2025-11-15 19:09:38,890 INFO root Model coherence validation passed
2025-11-15 19:09:38,890 INFO root Model loading completed: {'status': 'success', 'loaded': ['home_pipe', 'away_pipe', 'win_pipe', 'metadata', 'feature_columns']}
2025-11-15 19:09:38,891 INFO history No prediction_history.json found; starting with empty history.
2025-11-15 19:09:38,891 INFO api Application initialized: {'dataset': 'loaded', 'models': {'status': 'success', 'loaded': ['home_pipe', 'away_pipe', 'win_pipe', 'metadata', 'feature_columns']}, 'history': 'loaded 0 entries'}
2025-11-15 19:09:38,892 INFO api 🛑 Application shutdown complete
2025-11-15 19:09:40,502 INFO api 🚀 Starting NFL Prediction API
2025-11-15 19:09:40,620 INFO root Dataset loaded successfully: 2214 rows, 214 columns
2025-11-15 19:09:41,781 INFO root ✓ Loaded home_pipe from home_model.joblib
2025-11-15 19:09:41,828 INFO root ✓ Loaded away_pipe from away_model.joblib
2025-11-15 19:09:41,833 INFO root ✓ Loaded win_pipe from win_clf_calibrated.joblib
2025-11-15 19:09:41,834 INFO models Loaded metadata from C:\Users\goku\Documents\NFL_ML_Predictions\backend\models\metadata.json
2025-11-15 19:09:41,834 INFO root Model coherence validation passed
2025-11-15 19:09:41,835 INFO root Model loading completed: {'status': 'success', 'loaded': ['home_pipe', 'away_pipe', 'win_pipe', 'metadata', 'feature_columns']}
2025-11-15 19:09:41,835 INFO history No prediction_history.json found; starting with empty history.
2025-11-15 19:09:41,835 INFO api Application initialized: {'dataset': 'loaded', 'models': {'status': 'success', 'loaded': ['home_pipe', 'away_pipe', 'win_pipe', 'metadata', 'feature_columns']}, 'history': 'loaded 0 entries'}
2025-11-15 19:20:30,764 DEBUG api games: []
2025-11-15 19:20:30,914 DEBUG api games: []
2025-11-15 19:20:30,973 DEBUG api games: []
2025-11-15 19:20:33,757 DEBUG api games: []
2025-11-15 19:20:33,843 DEBUG api games: []
2025-11-15 19:20:33,902 DEBUG api games: []
2025-11-15 19:20:33,963 DEBUG api games: []
2025-11-15 19:22:11,837 DEBUG api games: []
2025-11-15 19:22:11,889 DEBUG api games: []
2025-11-15 19:22:27,829 DEBUG api games: []
2025-11-15 19:22:27,877 DEBUG api games: []
2025-11-15 19:22:30,823 DEBUG api games: []
2025-11-15 19:22:30,872 DEBUG api games: []
2025-11-15 19:22:42,844 DEBUG api games: []
2025-11-15 19:22:42,881 DEBUG api games: []
2025-11-15 19:22:42,939 DEBUG api games: []
2025-11-15 19:22:45,835 DEBUG api games: []
2025-11-15 19:22:45,913 DEBUG api games: []
2025-11-15 19:22:45,980 DEBUG api games: []
2025-11-15 19:24:28,906 DEBUG api games: []
2025-11-15 19:24:28,944 DEBUG api games: []
2025-11-15 19:24:28,997 DEBUG api games: []
2025-11-15 19:24:34,904 DEBUG api games: []
2025-11-15 19:24:34,953 DEBUG api games: []
2025-11-15 19:24:35,083 DEBUG api games: []
2025-11-15 19:24:37,827 DEBUG api games: []
2025-11-15 19:24:37,922 DEBUG api games: []
2025-11-15 19:24:38,806 DEBUG api games: []
2025-11-15 19:24:38,922 DEBUG api games: []
2025-11-15 19:24:38,982 DEBUG api games: []
2025-11-15 19:24:40,832 DEBUG api games: []
2025-11-15 19:24:40,932 DEBUG api games: []
2025-11-15 19:24:41,001 DEBUG api games: []
2025-11-15 19:24:56,827 DEBUG api games: []
2025-11-15 19:24:56,960 DEBUG api games: []
2025-11-15 19:24:57,025 DEBUG api games: []
2025-11-15 19:25:17,840 DEBUG api games: []
2025-11-15 19:25:17,916 DEBUG api games: []
2025-11-15 19:25:17,998 DEBUG api games: []
2025-11-15 19:25:18,825 DEBUG api games: []
2025-11-15 19:25:18,913 DEBUG api games: []
2025-11-15 19:25:18,980 DEBUG api games: []
2025-11-15 19:25:20,813 DEBUG api games: []
2025-11-15 19:25:20,910 DEBUG api games: []
2025-11-15 19:25:20,984 DEBUG api games: []
2025-11-15 19:25:22,813 DEBUG api games: []
2025-11-15 19:25:22,901 DEBUG api games: []
2025-11-15 19:25:22,969 DEBUG api games: []
2025-11-15 19:25:24,816 DEBUG api games: []
2025-11-15 19:25:24,933 DEBUG api games: []
2025-11-15 19:25:24,990 DEBUG api games: []
2025-11-15 19:25:27,809 DEBUG api games: []
2025-11-15 19:25:27,951 DEBUG api games: []
2025-11-15 19:25:28,009 DEBUG api games: []
2025-11-15 19:25:29,815 DEBUG api games: []
2025-11-15 19:25:29,956 DEBUG api games: []
2025-11-15 19:25:30,026 DEBUG api games: []
2025-11-15 19:25:30,805 DEBUG api games: []
2025-11-15 19:25:30,940 DEBUG api games: []
2025-11-15 19:25:30,999 DEBUG api games: []
2025-11-15 19:26:00,853 DEBUG api games: []
2025-11-15 19:26:00,974 DEBUG api games: []
2025-11-15 19:26:01,057 DEBUG api games: []
2025-11-15 19:26:40,840 DEBUG api games: []
2025-11-15 19:26:40,925 DEBUG api games: []
2025-11-15 19:26:40,996 DEBUG api games: []
2025-11-15 19:26:43,827 DEBUG api games: []
2025-11-15 19:26:43,920 DEBUG api games: []
2025-11-15 19:26:43,998 DEBUG api games: []
2025-11-15 19:39:02,834 INFO api 🚀 Starting NFL Prediction API
2025-11-15 19:39:02,946 INFO root Dataset loaded successfully: 2214 rows, 214 columns
2025-11-15 19:39:04,342 INFO root ✓ Loaded home_pipe from home_model.joblib
2025-11-15 19:39:04,411 INFO root ✓ Loaded away_pipe from away_model.joblib
2025-11-15 19:39:04,419 INFO root ✓ Loaded win_pipe from win_clf_calibrated.joblib
2025-11-15 19:39:04,420 INFO models Loaded metadata from C:\Users\goku\Documents\NFL_ML_Predictions\backend\models\metadata.json
2025-11-15 19:39:04,420 INFO root Model coherence validation passed
2025-11-15 19:39:04,421 INFO root Model loading completed: {'status': 'success', 'loaded': ['home_pipe', 'away_pipe', 'win_pipe', 'metadata', 'feature_columns']}
2025-11-15 19:39:04,421 INFO history No prediction_history.json found; starting with empty history.
2025-11-15 19:39:04,421 INFO api Application initialized: {'dataset': 'loaded', 'models': {'status': 'success', 'loaded': ['home_pipe', 'away_pipe', 'win_pipe', 'metadata', 'feature_columns']}, 'history': 'loaded 0 entries'}
2025-11-15 19:39:18,532 INFO api 🛑 Application shutdown complete
2025-11-15 19:39:20,170 INFO api 🚀 Starting NFL Prediction API
2025-11-15 19:39:20,284 INFO root Dataset loaded successfully: 2214 rows, 214 columns
2025-11-15 19:39:21,473 INFO root ✓ Loaded home_pipe from home_model.joblib
2025-11-15 19:39:21,539 INFO root ✓ Loaded away_pipe from away_model.joblib
2025-11-15 19:39:21,547 INFO root ✓ Loaded win_pipe from win_clf_calibrated.joblib
2025-11-15 19:39:21,547 INFO models Loaded metadata from C:\Users\goku\Documents\NFL_ML_Predictions\backend\models\metadata.json
2025-11-15 19:39:21,548 INFO root Model coherence validation passed
2025-11-15 19:39:21,548 INFO root Model loading completed: {'status': 'success', 'loaded': ['home_pipe', 'away_pipe', 'win_pipe', 'metadata', 'feature_columns']}
2025-11-15 19:39:21,548 INFO history No prediction_history.json found; starting with empty history.
2025-11-15 19:39:21,549 INFO api Application initialized: {'dataset': 'loaded', 'models': {'status': 'success', 'loaded': ['home_pipe', 'away_pipe', 'win_pipe', 'metadata', 'feature_columns']}, 'history': 'loaded 0 entries'}
2025-11-15 19:39:26,636 INFO api 🛑 Application shutdown complete
2025-11-15 19:39:28,325 INFO api 🚀 Starting NFL Prediction API
2025-11-15 19:39:28,441 INFO root Dataset loaded successfully: 2214 rows, 214 columns
2025-11-15 19:39:29,686 INFO root ✓ Loaded home_pipe from home_model.joblib
2025-11-15 19:39:29,772 INFO root ✓ Loaded away_pipe from away_model.joblib
2025-11-15 19:39:29,783 INFO root ✓ Loaded win_pipe from win_clf_calibrated.joblib
2025-11-15 19:39:29,784 INFO models Loaded metadata from C:\Users\goku\Documents\NFL_ML_Predictions\backend\models\metadata.json
2025-11-15 19:39:29,784 INFO root Model coherence validation passed
2025-11-15 19:39:29,784 INFO root Model loading completed: {'status': 'success', 'loaded': ['home_pipe', 'away_pipe', 'win_pipe', 'metadata', 'feature_columns']}
2025-11-15 19:39:29,785 INFO history No prediction_history.json found; starting with empty history.
2025-11-15 19:39:29,785 INFO api Application initialized: {'dataset': 'loaded', 'models': {'status': 'success', 'loaded': ['home_pipe', 'away_pipe', 'win_pipe', 'metadata', 'feature_columns']}, 'history': 'loaded 0 entries'}
2025-11-15 19:40:02,033 INFO api 🛑 Application shutdown complete
2025-11-15 19:40:03,614 INFO api 🚀 Starting NFL Prediction API
2025-11-15 19:40:03,728 INFO root Dataset loaded successfully: 2214 rows, 214 columns
2025-11-15 19:40:04,914 INFO root ✓ Loaded home_pipe from home_model.joblib
2025-11-15 19:40:04,977 INFO root ✓ Loaded away_pipe from away_model.joblib
2025-11-15 19:40:04,985 INFO root ✓ Loaded win_pipe from win_clf_calibrated.joblib
2025-11-15 19:40:04,985 INFO models Loaded metadata from C:\Users\goku\Documents\NFL_ML_Predictions\backend\models\metadata.json
2025-11-15 19:40:04,986 INFO root Model coherence validation passed
2025-11-15 19:40:04,986 INFO root Model loading completed: {'status': 'success', 'loaded': ['home_pipe', 'away_pipe', 'win_pipe', 'metadata', 'feature_columns']}
2025-11-15 19:40:04,986 INFO history No prediction_history.json found; starting with empty history.
2025-11-15 19:40:04,986 INFO api Application initialized: {'dataset': 'loaded', 'models': {'status': 'success', 'loaded': ['home_pipe', 'away_pipe', 'win_pipe', 'metadata', 'feature_columns']}, 'history': 'loaded 0 entries'}
2025-11-15 19:47:12,368 DEBUG api games: []
2025-11-15 19:48:05,613 DEBUG api games: []
2025-11-15 19:51:20,244 INFO api 🚀 Starting NFL Prediction API
2025-11-15 19:51:20,356 INFO root Dataset loaded successfully: 2214 rows, 214 columns
2025-11-15 19:51:21,623 INFO root ✓ Loaded home_pipe from home_model.joblib
2025-11-15 19:51:21,689 INFO root ✓ Loaded away_pipe from away_model.joblib
2025-11-15 19:51:21,697 INFO root ✓ Loaded win_pipe from win_clf_calibrated.joblib
2025-11-15 19:51:21,698 INFO models Loaded metadata from C:\Users\goku\Documents\NFL_ML_Predictions\backend\models\metadata.json
2025-11-15 19:51:21,698 INFO root Model coherence validation passed
2025-11-15 19:51:21,698 INFO root Model loading completed: {'status': 'success', 'loaded': ['home_pipe', 'away_pipe', 'win_pipe', 'metadata', 'feature_columns']}
2025-11-15 19:51:21,699 INFO history No prediction_history.json found; starting with empty history.
2025-11-15 19:51:21,699 INFO api Application initialized: {'dataset': 'loaded', 'models': {'status': 'success', 'loaded': ['home_pipe', 'away_pipe', 'win_pipe', 'metadata', 'feature_columns']}, 'history': 'loaded 0 entries'}
2025-11-15 19:51:21,700 INFO api 🛑 Application shutdown complete
2025-11-15 19:51:38,544 INFO api 🚀 Starting NFL Prediction API
2025-11-15 19:51:38,652 INFO root Dataset loaded successfully: 2214 rows, 214 columns
2025-11-15 19:51:39,807 INFO root ✓ Loaded home_pipe from home_model.joblib
2025-11-15 19:51:39,860 INFO root ✓ Loaded away_pipe from away_model.joblib
2025-11-15 19:51:39,868 INFO root ✓ Loaded win_pipe from win_clf_calibrated.joblib
2025-11-15 19:51:39,869 INFO models Loaded metadata from C:\Users\goku\Documents\NFL_ML_Predictions\backend\models\metadata.json
2025-11-15 19:51:39,869 INFO root Model coherence validation passed
2025-11-15 19:51:39,869 INFO root Model loading completed: {'status': 'success', 'loaded': ['home_pipe', 'away_pipe', 'win_pipe', 'metadata', 'feature_columns']}
2025-11-15 19:51:39,870 INFO history No prediction_history.json found; starting with empty history.
2025-11-15 19:51:39,870 INFO api Application initialized: {'dataset': 'loaded', 'models': {'status': 'success', 'loaded': ['home_pipe', 'away_pipe', 'win_pipe', 'metadata', 'feature_columns']}, 'history': 'loaded 0 entries'}
2025-11-15 19:51:54,188 INFO api 🛑 Application shutdown complete
2025-11-15 19:52:14,869 INFO api 🚀 Starting NFL Prediction API
2025-11-15 19:52:14,985 INFO root Dataset loaded successfully: 2214 rows, 214 columns
2025-11-15 19:52:16,167 INFO root ✓ Loaded home_pipe from home_model.joblib
2025-11-15 19:52:16,233 INFO root ✓ Loaded away_pipe from away_model.joblib
2025-11-15 19:52:16,238 INFO root ✓ Loaded win_pipe from win_clf_calibrated.joblib
2025-11-15 19:52:16,239 INFO models Loaded metadata from C:\Users\goku\Documents\NFL_ML_Predictions\backend\models\metadata.json
2025-11-15 19:52:16,239 INFO root Model coherence validation passed
2025-11-15 19:52:16,239 INFO root Model loading completed: {'status': 'success', 'loaded': ['home_pipe', 'away_pipe', 'win_pipe', 'metadata', 'feature_columns']}
2025-11-15 19:52:16,240 INFO history No prediction_history.json found; starting with empty history.
2025-11-15 19:52:16,240 INFO api Application initialized: {'dataset': 'loaded', 'models': {'status': 'success', 'loaded': ['home_pipe', 'away_pipe', 'win_pipe', 'metadata', 'feature_columns']}, 'history': 'loaded 0 entries'}
2025-11-15 19:52:32,832 INFO api 🛑 Application shutdown complete
2025-11-15 19:54:00,968 INFO root Dataset loaded successfully: 2214 rows, 214 columns
2025-11-15 20:21:22,354 INFO api 🛑 Application shutdown complete
2025-11-15 20:21:23,988 INFO api 🚀 Starting NFL Prediction API
2025-11-15 20:21:24,102 INFO root Dataset loaded successfully: 2214 rows, 214 columns
2025-11-15 20:21:25,365 INFO root ✓ Loaded home_pipe from home_model.joblib
2025-11-15 20:21:25,424 INFO root ✓ Loaded away_pipe from away_model.joblib
2025-11-15 20:21:25,429 INFO root ✓ Loaded win_pipe from win_clf_calibrated.joblib
2025-11-15 20:21:25,430 INFO models Loaded metadata from C:\Users\goku\Documents\NFL_ML_Predictions\backend\models\metadata.json
2025-11-15 20:21:25,430 INFO root Model coherence validation passed
2025-11-15 20:21:25,430 INFO root Model loading completed: {'status': 'success', 'loaded': ['home_pipe', 'away_pipe', 'win_pipe', 'metadata', 'feature_columns']}
2025-11-15 20:21:25,431 INFO history No prediction_history.json found; starting with empty history.
2025-11-15 20:21:25,431 INFO api Application initialized: {'dataset': 'loaded', 'models': {'status': 'success', 'loaded': ['home_pipe', 'away_pipe', 'win_pipe', 'metadata', 'feature_columns']}, 'history': 'loaded 0 entries'}
2025-11-15 20:21:34,161 INFO api 🛑 Application shutdown complete
2025-11-15 20:21:35,870 INFO api 🚀 Starting NFL Prediction API
2025-11-15 20:21:35,992 INFO root Dataset loaded successfully: 2214 rows, 214 columns
2025-11-15 20:21:37,180 INFO root ✓ Loaded home_pipe from home_model.joblib
2025-11-15 20:21:37,239 INFO root ✓ Loaded away_pipe from away_model.joblib
2025-11-15 20:21:37,244 INFO root ✓ Loaded win_pipe from win_clf_calibrated.joblib
2025-11-15 20:21:37,245 INFO models Loaded metadata from C:\Users\goku\Documents\NFL_ML_Predictions\backend\models\metadata.json
2025-11-15 20:21:37,245 INFO root Model coherence validation passed
2025-11-15 20:21:37,245 INFO root Model loading completed: {'status': 'success', 'loaded': ['home_pipe', 'away_pipe', 'win_pipe', 'metadata', 'feature_columns']}
2025-11-15 20:21:37,246 INFO history No prediction_history.json found; starting with empty history.
2025-11-15 20:21:37,246 INFO api Application initialized: {'dataset': 'loaded', 'models': {'status': 'success', 'loaded': ['home_pipe', 'away_pipe', 'win_pipe', 'metadata', 'feature_columns']}, 'history': 'loaded 0 entries'}
2025-11-15 20:21:43,595 INFO api 🛑 Application shutdown complete
2025-11-15 20:21:45,256 INFO api 🚀 Starting NFL Prediction API
2025-11-15 20:21:45,369 INFO root Dataset loaded successfully: 2214 rows, 214 columns
2025-11-15 20:21:46,582 INFO root ✓ Loaded home_pipe from home_model.joblib
2025-11-15 20:21:46,628 INFO root ✓ Loaded away_pipe from away_model.joblib
2025-11-15 20:21:46,633 INFO root ✓ Loaded win_pipe from win_clf_calibrated.joblib
2025-11-15 20:21:46,634 INFO models Loaded metadata from C:\Users\goku\Documents\NFL_ML_Predictions\backend\models\metadata.json
2025-11-15 20:21:46,634 INFO root Model coherence validation passed
2025-11-15 20:21:46,634 INFO root Model loading completed: {'status': 'success', 'loaded': ['home_pipe', 'away_pipe', 'win_pipe', 'metadata', 'feature_columns']}
2025-11-15 20:21:46,635 INFO history No prediction_history.json found; starting with empty history.
2025-11-15 20:21:46,635 INFO api Application initialized: {'dataset': 'loaded', 'models': {'status': 'success', 'loaded': ['home_pipe', 'away_pipe', 'win_pipe', 'metadata', 'feature_columns']}, 'history': 'loaded 0 entries'}
2025-11-15 20:21:55,139 INFO api 🛑 Application shutdown complete
2025-11-15 20:21:56,709 INFO api 🚀 Starting NFL Prediction API
2025-11-15 20:21:56,823 INFO root Dataset loaded successfully: 2214 rows, 214 columns
2025-11-15 20:21:57,994 INFO root ✓ Loaded home_pipe from home_model.joblib
2025-11-15 20:21:58,049 INFO root ✓ Loaded away_pipe from away_model.joblib
2025-11-15 20:21:58,054 INFO root ✓ Loaded win_pipe from win_clf_calibrated.joblib
2025-11-15 20:21:58,055 INFO models Loaded metadata from C:\Users\goku\Documents\NFL_ML_Predictions\backend\models\metadata.json
2025-11-15 20:21:58,055 INFO root Model coherence validation passed
2025-11-15 20:21:58,056 INFO root Model loading completed: {'status': 'success', 'loaded': ['home_pipe', 'away_pipe', 'win_pipe', 'metadata', 'feature_columns']}
2025-11-15 20:21:58,056 INFO history No prediction_history.json found; starting with empty history.
2025-11-15 20:21:58,056 INFO api Application initialized: {'dataset': 'loaded', 'models': {'status': 'success', 'loaded': ['home_pipe', 'away_pipe', 'win_pipe', 'metadata', 'feature_columns']}, 'history': 'loaded 0 entries'}
2025-11-15 20:21:58,057 INFO api 🛑 Application shutdown complete
2025-11-15 20:21:59,623 INFO api 🚀 Starting NFL Prediction API
2025-11-15 20:21:59,736 INFO root Dataset loaded successfully: 2214 rows, 214 columns
2025-11-15 20:22:00,904 INFO root ✓ Loaded home_pipe from home_model.joblib
2025-11-15 20:22:00,975 INFO root ✓ Loaded away_pipe from away_model.joblib
2025-11-15 20:22:00,983 INFO root ✓ Loaded win_pipe from win_clf_calibrated.joblib
2025-11-15 20:22:00,984 INFO models Loaded metadata from C:\Users\goku\Documents\NFL_ML_Predictions\backend\models\metadata.json
2025-11-15 20:22:00,984 INFO root Model coherence validation passed
2025-11-15 20:22:00,985 INFO root Model loading completed: {'status': 'success', 'loaded': ['home_pipe', 'away_pipe', 'win_pipe', 'metadata', 'feature_columns']}
2025-11-15 20:22:00,985 INFO history No prediction_history.json found; starting with empty history.
2025-11-15 20:22:00,985 INFO api Application initialized: {'dataset': 'loaded', 'models': {'status': 'success', 'loaded': ['home_pipe', 'away_pipe', 'win_pipe', 'metadata', 'feature_columns']}, 'history': 'loaded 0 entries'}
2025-11-15 20:22:06,812 INFO api 🛑 Application shutdown complete
2025-11-15 20:22:08,383 INFO api 🚀 Starting NFL Prediction API
2025-11-15 20:22:08,495 INFO root Dataset loaded successfully: 2214 rows, 214 columns
2025-11-15 20:22:09,674 INFO root ✓ Loaded home_pipe from home_model.joblib
2025-11-15 20:22:09,740 INFO root ✓ Loaded away_pipe from away_model.joblib
2025-11-15 20:22:09,748 INFO root ✓ Loaded win_pipe from win_clf_calibrated.joblib
2025-11-15 20:22:09,748 INFO models Loaded metadata from C:\Users\goku\Documents\NFL_ML_Predictions\backend\models\metadata.json
2025-11-15 20:22:09,749 INFO root Model coherence validation passed
2025-11-15 20:22:09,749 INFO root Model loading completed: {'status': 'success', 'loaded': ['home_pipe', 'away_pipe', 'win_pipe', 'metadata', 'feature_columns']}
2025-11-15 20:22:09,749 INFO history No prediction_history.json found; starting with empty history.
2025-11-15 20:22:09,749 INFO api Application initialized: {'dataset': 'loaded', 'models': {'status': 'success', 'loaded': ['home_pipe', 'away_pipe', 'win_pipe', 'metadata', 'feature_columns']}, 'history': 'loaded 0 entries'}
2025-11-15 20:22:09,750 INFO api 🛑 Application shutdown complete
2025-11-15 20:22:11,353 INFO api 🚀 Starting NFL Prediction API
2025-11-15 20:22:11,473 INFO root Dataset loaded successfully: 2214 rows, 214 columns
2025-11-15 20:22:12,646 INFO root ✓ Loaded home_pipe from home_model.joblib
2025-11-15 20:22:12,717 INFO root ✓ Loaded away_pipe from away_model.joblib
2025-11-15 20:22:12,725 INFO root ✓ Loaded win_pipe from win_clf_calibrated.joblib
2025-11-15 20:22:12,726 INFO models Loaded metadata from C:\Users\goku\Documents\NFL_ML_Predictions\backend\models\metadata.json
2025-11-15 20:22:12,726 INFO root Model coherence validation passed
2025-11-15 20:22:12,726 INFO root Model loading completed: {'status': 'success', 'loaded': ['home_pipe', 'away_pipe', 'win_pipe', 'metadata', 'feature_columns']}
2025-11-15 20:22:12,727 INFO history No prediction_history.json found; starting with empty history.
2025-11-15 20:22:12,727 INFO api Application initialized: {'dataset': 'loaded', 'models': {'status': 'success', 'loaded': ['home_pipe', 'away_pipe', 'win_pipe', 'metadata', 'feature_columns']}, 'history': 'loaded 0 entries'}
2025-11-15 20:22:13,489 INFO api 🛑 Application shutdown complete
2025-11-15 20:22:15,050 INFO api 🚀 Starting NFL Prediction API
2025-11-15 20:22:15,161 INFO root Dataset loaded successfully: 2214 rows, 214 columns
2025-11-15 20:22:16,356 INFO root ✓ Loaded home_pipe from home_model.joblib
2025-11-15 20:22:16,404 INFO root ✓ Loaded away_pipe from away_model.joblib
2025-11-15 20:22:16,409 INFO root ✓ Loaded win_pipe from win_clf_calibrated.joblib
2025-11-15 20:22:16,410 INFO models Loaded metadata from C:\Users\goku\Documents\NFL_ML_Predictions\backend\models\metadata.json
2025-11-15 20:22:16,410 INFO root Model coherence validation passed
2025-11-15 20:22:16,410 INFO root Model loading completed: {'status': 'success', 'loaded': ['home_pipe', 'away_pipe', 'win_pipe', 'metadata', 'feature_columns']}
2025-11-15 20:22:16,411 INFO history No prediction_history.json found; starting with empty history.
2025-11-15 20:22:16,411 INFO api Application initialized: {'dataset': 'loaded', 'models': {'status': 'success', 'loaded': ['home_pipe', 'away_pipe', 'win_pipe', 'metadata', 'feature_columns']}, 'history': 'loaded 0 entries'}
2025-11-15 20:22:16,412 INFO api 🛑 Application shutdown complete
2025-11-15 20:22:17,934 INFO api 🚀 Starting NFL Prediction API
2025-11-15 20:22:18,044 INFO root Dataset loaded successfully: 2214 rows, 214 columns
2025-11-15 20:22:19,200 INFO root ✓ Loaded home_pipe from home_model.joblib
2025-11-15 20:22:19,264 INFO root ✓ Loaded away_pipe from away_model.joblib
2025-11-15 20:22:19,271 INFO root ✓ Loaded win_pipe from win_clf_calibrated.joblib
2025-11-15 20:22:19,271 INFO models Loaded metadata from C:\Users\goku\Documents\NFL_ML_Predictions\backend\models\metadata.json
2025-11-15 20:22:19,272 INFO root Model coherence validation passed
2025-11-15 20:22:19,272 INFO root Model loading completed: {'status': 'success', 'loaded': ['home_pipe', 'away_pipe', 'win_pipe', 'metadata', 'feature_columns']}
2025-11-15 20:22:19,273 INFO history No prediction_history.json found; starting with empty history.
2025-11-15 20:22:19,273 INFO api Application initialized: {'dataset': 'loaded', 'models': {'status': 'success', 'loaded': ['home_pipe', 'away_pipe', 'win_pipe', 'metadata', 'feature_columns']}, 'history': 'loaded 0 entries'}
2025-11-15 20:22:20,463 INFO api 🛑 Application shutdown complete
2025-11-15 20:22:22,016 INFO api 🚀 Starting NFL Prediction API
2025-11-15 20:22:22,123 INFO root Dataset loaded successfully: 2214 rows, 214 columns
2025-11-15 20:22:23,255 INFO root ✓ Loaded home_pipe from home_model.joblib
2025-11-15 20:22:23,306 INFO root ✓ Loaded away_pipe from away_model.joblib
2025-11-15 20:22:23,312 INFO root ✓ Loaded win_pipe from win_clf_calibrated.joblib
2025-11-15 20:22:23,313 INFO models Loaded metadata from C:\Users\goku\Documents\NFL_ML_Predictions\backend\models\metadata.json
2025-11-15 20:22:23,313 INFO root Model coherence validation passed
2025-11-15 20:22:23,313 INFO root Model loading completed: {'status': 'success', 'loaded': ['home_pipe', 'away_pipe', 'win_pipe', 'metadata', 'feature_columns']}
2025-11-15 20:22:23,314 INFO history No prediction_history.json found; starting with empty history.
2025-11-15 20:22:23,314 INFO api Application initialized: {'dataset': 'loaded', 'models': {'status': 'success', 'loaded': ['home_pipe', 'away_pipe', 'win_pipe', 'metadata', 'feature_columns']}, 'history': 'loaded 0 entries'}
2025-11-15 20:22:31,717 INFO api 🛑 Application shutdown complete
2025-11-15 20:22:33,276 INFO api 🚀 Starting NFL Prediction API
2025-11-15 20:22:33,386 INFO root Dataset loaded successfully: 2214 rows, 214 columns
2025-11-15 20:22:34,573 INFO root ✓ Loaded home_pipe from home_model.joblib
2025-11-15 20:22:34,643 INFO root ✓ Loaded away_pipe from away_model.joblib
2025-11-15 20:22:34,651 INFO root ✓ Loaded win_pipe from win_clf_calibrated.joblib
2025-11-15 20:22:34,652 INFO models Loaded metadata from C:\Users\goku\Documents\NFL_ML_Predictions\backend\models\metadata.json
2025-11-15 20:22:34,652 INFO root Model coherence validation passed
2025-11-15 20:22:34,652 INFO root Model loading completed: {'status': 'success', 'loaded': ['home_pipe', 'away_pipe', 'win_pipe', 'metadata', 'feature_columns']}
2025-11-15 20:22:34,653 INFO history No prediction_history.json found; starting with empty history.
2025-11-15 20:22:34,653 INFO api Application initialized: {'dataset': 'loaded', 'models': {'status': 'success', 'loaded': ['home_pipe', 'away_pipe', 'win_pipe', 'metadata', 'feature_columns']}, 'history': 'loaded 0 entries'}
2025-11-15 20:22:34,653 INFO api 🛑 Application shutdown complete
2025-11-15 20:22:36,207 INFO api 🚀 Starting NFL Prediction API
2025-11-15 20:22:36,323 INFO root Dataset loaded successfully: 2214 rows, 214 columns
2025-11-15 20:22:37,473 INFO root ✓ Loaded home_pipe from home_model.joblib
2025-11-15 20:22:37,539 INFO root ✓ Loaded away_pipe from away_model.joblib
2025-11-15 20:22:37,545 INFO root ✓ Loaded win_pipe from win_clf_calibrated.joblib
2025-11-15 20:22:37,546 INFO models Loaded metadata from C:\Users\goku\Documents\NFL_ML_Predictions\backend\models\metadata.json
2025-11-15 20:22:37,546 INFO root Model coherence validation passed
2025-11-15 20:22:37,546 INFO root Model loading completed: {'status': 'success', 'loaded': ['home_pipe', 'away_pipe', 'win_pipe', 'metadata', 'feature_columns']}
2025-11-15 20:22:37,547 INFO history No prediction_history.json found; starting with empty history.
2025-11-15 20:22:37,547 INFO api Application initialized: {'dataset': 'loaded', 'models': {'status': 'success', 'loaded': ['home_pipe', 'away_pipe', 'win_pipe', 'metadata', 'feature_columns']}, 'history': 'loaded 0 entries'}
2025-11-15 20:23:28,924 INFO api 🛑 Application shutdown complete
2025-11-15 20:23:30,523 INFO api 🚀 Starting NFL Prediction API
2025-11-15 20:23:30,636 INFO root Dataset loaded successfully: 2214 rows, 214 columns
2025-11-15 20:23:31,836 INFO root ✓ Loaded home_pipe from home_model.joblib
2025-11-15 20:23:31,907 INFO root ✓ Loaded away_pipe from away_model.joblib
2025-11-15 20:23:31,913 INFO root ✓ Loaded win_pipe from win_clf_calibrated.joblib
2025-11-15 20:23:31,914 INFO models Loaded metadata from C:\Users\goku\Documents\NFL_ML_Predictions\backend\models\metadata.json
2025-11-15 20:23:31,914 INFO root Model coherence validation passed
2025-11-15 20:23:31,914 INFO root Model loading completed: {'status': 'success', 'loaded': ['home_pipe', 'away_pipe', 'win_pipe', 'metadata', 'feature_columns']}
2025-11-15 20:23:31,914 INFO history No prediction_history.json found; starting with empty history.
2025-11-15 20:23:31,915 INFO api Application initialized: {'dataset': 'loaded', 'models': {'status': 'success', 'loaded': ['home_pipe', 'away_pipe', 'win_pipe', 'metadata', 'feature_columns']}, 'history': 'loaded 0 entries'}
2025-11-15 20:24:08,084 INFO api Schedule scope -> season=2025 week=11 via kickoff_date
2025-11-15 20:24:17,046 DEBUG asyncio Using proactor: IocpProactor
2025-11-15 20:24:17,048 INFO api 🚀 Starting NFL Prediction API
2025-11-15 20:24:17,160 INFO root Dataset loaded successfully: 2214 rows, 214 columns
2025-11-15 20:24:18,347 INFO root ✓ Loaded home_pipe from home_model.joblib
2025-11-15 20:24:18,411 INFO root ✓ Loaded away_pipe from away_model.joblib
2025-11-15 20:24:18,416 INFO root ✓ Loaded win_pipe from win_clf_calibrated.joblib
2025-11-15 20:24:18,417 INFO models Loaded metadata from C:\Users\goku\Documents\NFL_ML_Predictions\backend\models\metadata.json
2025-11-15 20:24:18,417 INFO root Model coherence validation passed
2025-11-15 20:24:18,417 INFO root Model loading completed: {'status': 'success', 'loaded': ['home_pipe', 'away_pipe', 'win_pipe', 'metadata', 'feature_columns']}
2025-11-15 20:24:18,418 INFO history No prediction_history.json found; starting with empty history.
2025-11-15 20:24:18,418 INFO api Application initialized: {'dataset': 'loaded', 'models': {'status': 'success', 'loaded': ['home_pipe', 'away_pipe', 'win_pipe', 'metadata', 'feature_columns']}, 'history': 'loaded 0 entries'}
2025-11-15 20:24:18,430 INFO api Schedule scope -> season=2025 week=11 via kickoff_date
2025-11-15 20:24:18,443 INFO httpx HTTP Request: GET http://testserver/schedule/next-week "HTTP/1.1 200 OK"
2025-11-15 20:24:18,444 INFO api 🛑 Application shutdown complete
2025-11-15 20:29:46,947 INFO api Schedule scope -> season=2025 week=11 via kickoff_date
2025-11-15 20:37:50,174 INFO api 🛑 Application shutdown complete
2025-11-15 20:37:52,319 INFO api 🚀 Starting NFL Prediction API
2025-11-15 20:37:52,435 INFO root Dataset loaded successfully: 2214 rows, 214 columns
2025-11-15 20:37:53,634 INFO root ✓ Loaded home_pipe from home_model.joblib
2025-11-15 20:37:53,700 INFO root ✓ Loaded away_pipe from away_model.joblib
2025-11-15 20:37:53,708 INFO root ✓ Loaded win_pipe from win_clf_calibrated.joblib
2025-11-15 20:37:53,708 INFO models Loaded metadata from C:\Users\goku\Documents\NFL_ML_Predictions\backend\models\metadata.json
2025-11-15 20:37:53,709 INFO root Model coherence validation passed
2025-11-15 20:37:53,709 INFO root Model loading completed: {'status': 'success', 'loaded': ['home_pipe', 'away_pipe', 'win_pipe', 'metadata', 'feature_columns']}
2025-11-15 20:37:53,709 INFO history No prediction_history.json found; starting with empty history.
2025-11-15 20:37:53,709 INFO api Application initialized: {'dataset': 'loaded', 'models': {'status': 'success', 'loaded': ['home_pipe', 'away_pipe', 'win_pipe', 'metadata', 'feature_columns']}, 'history': 'loaded 0 entries'}
2025-11-15 21:11:28,205 INFO api Schedule scope -> season=2025 week=11 via kickoff_date
2025-11-15 21:12:41,989 INFO api Schedule scope -> season=2025 week=11 via kickoff_date
2025-11-15 21:13:00,941 INFO api Schedule scope -> season=2025 week=11 via kickoff_date
2025-11-15 21:22:34,945 INFO api Schedule scope -> season=2025 week=11 via kickoff_date
2025-11-15 21:22:47,872 INFO api Schedule scope -> season=2025 week=11 via kickoff_date
2025-11-15 21:23:42,904 INFO api Schedule scope -> season=2025 week=11 via kickoff_date
2025-11-15 21:27:05,929 INFO api Schedule scope -> season=2025 week=11 via kickoff_date
2025-11-15 21:27:35,886 INFO api Schedule scope -> season=2025 week=11 via kickoff_date
2025-11-16 13:26:42,111 INFO api 🚀 Starting NFL Prediction API
2025-11-16 13:26:42,238 INFO root Dataset loaded successfully: 2214 rows, 214 columns
2025-11-16 13:26:43,709 INFO root ✓ Loaded home_pipe from home_model.joblib
2025-11-16 13:26:43,768 INFO root ✓ Loaded away_pipe from away_model.joblib
2025-11-16 13:26:43,784 INFO root ✓ Loaded win_pipe from win_clf_calibrated.joblib
2025-11-16 13:26:43,797 INFO models Loaded metadata from C:\Users\goku\Documents\NFL_ML_Predictions\backend\models\metadata.json
2025-11-16 13:26:43,797 INFO root Model coherence validation passed
2025-11-16 13:26:43,798 INFO root Model loading completed: {'status': 'success', 'loaded': ['home_pipe', 'away_pipe', 'win_pipe', 'metadata', 'feature_columns']}
2025-11-16 13:26:43,798 INFO history No prediction_history.json found; starting with empty history.
2025-11-16 13:26:43,798 INFO api Application initialized: {'dataset': 'loaded', 'models': {'status': 'success', 'loaded': ['home_pipe', 'away_pipe', 'win_pipe', 'metadata', 'feature_columns']}, 'history': 'loaded 0 entries'}
2025-11-16 13:27:46,159 INFO api Schedule scope -> season=2025 week=11 via kickoff_date
2025-11-16 13:32:19,451 INFO api Schedule scope -> season=2025 week=11 via kickoff_date
2025-11-16 13:34:46,553 INFO api 🛑 Application shutdown complete
2025-11-16 13:34:48,074 INFO api 🚀 Starting NFL Prediction API
2025-11-16 13:34:48,182 INFO root Dataset loaded successfully: 2214 rows, 214 columns
2025-11-16 13:34:49,492 INFO root ✓ Loaded home_pipe from home_model.joblib
2025-11-16 13:34:49,537 INFO root ✓ Loaded away_pipe from away_model.joblib
2025-11-16 13:34:49,543 INFO root ✓ Loaded win_pipe from win_clf_calibrated.joblib
2025-11-16 13:34:49,544 INFO models Loaded metadata from C:\Users\goku\Documents\NFL_ML_Predictions\backend\models\metadata.json
2025-11-16 13:34:49,544 INFO root Model coherence validation passed
2025-11-16 13:34:49,544 INFO root Model loading completed: {'status': 'success', 'loaded': ['home_pipe', 'away_pipe', 'win_pipe', 'metadata', 'feature_columns']}
2025-11-16 13:34:49,545 INFO history No prediction_history.json found; starting with empty history.
2025-11-16 13:34:49,545 INFO api Application initialized: {'dataset': 'loaded', 'models': {'status': 'success', 'loaded': ['home_pipe', 'away_pipe', 'win_pipe', 'metadata', 'feature_columns']}, 'history': 'loaded 0 entries'}
2025-11-16 13:34:49,545 INFO api 🛑 Application shutdown complete
2025-11-16 13:34:51,074 INFO api 🚀 Starting NFL Prediction API
2025-11-16 13:34:51,182 INFO root Dataset loaded successfully: 2214 rows, 214 columns
2025-11-16 13:34:52,550 INFO root ✓ Loaded home_pipe from home_model.joblib
2025-11-16 13:34:52,595 INFO root ✓ Loaded away_pipe from away_model.joblib
2025-11-16 13:34:52,600 INFO root ✓ Loaded win_pipe from win_clf_calibrated.joblib
2025-11-16 13:34:52,601 INFO models Loaded metadata from C:\Users\goku\Documents\NFL_ML_Predictions\backend\models\metadata.json
2025-11-16 13:34:52,601 INFO root Model coherence validation passed
2025-11-16 13:34:52,602 INFO root Model loading completed: {'status': 'success', 'loaded': ['home_pipe', 'away_pipe', 'win_pipe', 'metadata', 'feature_columns']}
2025-11-16 13:34:52,602 INFO history No prediction_history.json found; starting with empty history.
2025-11-16 13:34:52,602 INFO api Application initialized: {'dataset': 'loaded', 'models': {'status': 'success', 'loaded': ['home_pipe', 'away_pipe', 'win_pipe', 'metadata', 'feature_columns']}, 'history': 'loaded 0 entries'}
2025-11-16 13:35:28,990 DEBUG asyncio Using proactor: IocpProactor
2025-11-16 13:35:28,994 INFO httpx HTTP Request: GET http://testserver/health "HTTP/1.1 200 OK"
2025-11-16 13:35:28,997 DEBUG asyncio Using proactor: IocpProactor
2025-11-16 13:35:29,000 INFO httpx HTTP Request: GET http://testserver/schedule/next-week "HTTP/1.1 503 Service Unavailable"
2025-11-16 13:35:29,278 DEBUG asyncio Using proactor: IocpProactor
2025-11-16 13:35:29,281 INFO httpx HTTP Request: GET http://testserver/schedule/next-week "HTTP/1.1 503 Service Unavailable"
2025-11-16 13:35:44,816 DEBUG asyncio Using proactor: IocpProactor
2025-11-16 13:35:44,820 INFO httpx HTTP Request: GET http://testserver/schedule/next-week "HTTP/1.1 503 Service Unavailable"
2025-11-16 13:35:55,242 INFO api 🛑 Application shutdown complete
2025-11-16 13:35:56,678 INFO api 🚀 Starting NFL Prediction API
2025-11-16 13:35:56,783 INFO root Dataset loaded successfully: 2214 rows, 214 columns
2025-11-16 13:35:58,084 INFO root ✓ Loaded home_pipe from home_model.joblib
2025-11-16 13:35:58,129 INFO root ✓ Loaded away_pipe from away_model.joblib
2025-11-16 13:35:58,135 INFO root ✓ Loaded win_pipe from win_clf_calibrated.joblib
2025-11-16 13:35:58,135 INFO models Loaded metadata from C:\Users\goku\Documents\NFL_ML_Predictions\backend\models\metadata.json
2025-11-16 13:35:58,136 INFO root Model coherence validation passed
2025-11-16 13:35:58,136 INFO root Model loading completed: {'status': 'success', 'loaded': ['home_pipe', 'away_pipe', 'win_pipe', 'metadata', 'feature_columns']}
2025-11-16 13:35:58,137 INFO history No prediction_history.json found; starting with empty history.
2025-11-16 13:35:58,137 INFO api Application initialized: {'dataset': 'loaded', 'models': {'status': 'success', 'loaded': ['home_pipe', 'away_pipe', 'win_pipe', 'metadata', 'feature_columns']}, 'history': 'loaded 0 entries'}
2025-11-16 13:36:04,780 DEBUG asyncio Using proactor: IocpProactor
2025-11-16 13:36:04,782 INFO api 🚀 Starting NFL Prediction API
2025-11-16 13:36:04,897 INFO root Dataset loaded successfully: 2214 rows, 214 columns
2025-11-16 13:36:06,137 INFO root ✓ Loaded home_pipe from home_model.joblib
2025-11-16 13:36:06,184 INFO root ✓ Loaded away_pipe from away_model.joblib
2025-11-16 13:36:06,190 INFO root ✓ Loaded win_pipe from win_clf_calibrated.joblib
2025-11-16 13:36:06,191 INFO models Loaded metadata from C:\Users\goku\Documents\NFL_ML_Predictions\backend\models\metadata.json
2025-11-16 13:36:06,191 INFO root Model coherence validation passed
2025-11-16 13:36:06,191 INFO root Model loading completed: {'status': 'success', 'loaded': ['home_pipe', 'away_pipe', 'win_pipe', 'metadata', 'feature_columns']}
2025-11-16 13:36:06,192 INFO history No prediction_history.json found; starting with empty history.
2025-11-16 13:36:06,192 INFO api Application initialized: {'dataset': 'loaded', 'models': {'status': 'success', 'loaded': ['home_pipe', 'away_pipe', 'win_pipe', 'metadata', 'feature_columns']}, 'history': 'loaded 0 entries'}
2025-11-16 13:36:06,197 INFO httpx HTTP Request: GET http://testserver/health "HTTP/1.1 200 OK"
2025-11-16 13:36:06,198 INFO api 🛑 Application shutdown complete
2025-11-16 13:36:06,202 DEBUG asyncio Using proactor: IocpProactor
2025-11-16 13:36:06,204 INFO api 🚀 Starting NFL Prediction API
2025-11-16 13:36:06,331 INFO root Dataset loaded successfully: 2214 rows, 214 columns
2025-11-16 13:36:06,378 INFO root ✓ Loaded home_pipe from home_model.joblib
2025-11-16 13:36:06,424 INFO root ✓ Loaded away_pipe from away_model.joblib
2025-11-16 13:36:06,430 INFO root ✓ Loaded win_pipe from win_clf_calibrated.joblib
2025-11-16 13:36:06,431 INFO models Loaded metadata from C:\Users\goku\Documents\NFL_ML_Predictions\backend\models\metadata.json
2025-11-16 13:36:06,431 INFO root Model coherence validation passed
2025-11-16 13:36:06,432 INFO root Model loading completed: {'status': 'success', 'loaded': ['home_pipe', 'away_pipe', 'win_pipe', 'metadata', 'feature_columns']}
2025-11-16 13:36:06,432 INFO history No prediction_history.json found; starting with empty history.
2025-11-16 13:36:06,432 INFO api Application initialized: {'dataset': 'loaded', 'models': {'status': 'success', 'loaded': ['home_pipe', 'away_pipe', 'win_pipe', 'metadata', 'feature_columns']}, 'history': 'loaded 0 entries'}
2025-11-16 13:36:06,445 INFO api Schedule scope -> season=2025 week=11 via kickoff_date
2025-11-16 13:36:06,456 INFO httpx HTTP Request: GET http://testserver/schedule/next-week "HTTP/1.1 200 OK"
2025-11-16 13:36:06,457 INFO api 🛑 Application shutdown complete
2025-11-16 13:36:06,460 DEBUG asyncio Using proactor: IocpProactor
2025-11-16 13:36:06,462 INFO api 🚀 Starting NFL Prediction API
2025-11-16 13:36:06,563 INFO root Dataset loaded successfully: 2214 rows, 214 columns
2025-11-16 13:36:06,610 INFO root ✓ Loaded home_pipe from home_model.joblib
2025-11-16 13:36:06,654 INFO root ✓ Loaded away_pipe from away_model.joblib
2025-11-16 13:36:06,660 INFO root ✓ Loaded win_pipe from win_clf_calibrated.joblib
2025-11-16 13:36:06,661 INFO models Loaded metadata from C:\Users\goku\Documents\NFL_ML_Predictions\backend\models\metadata.json
2025-11-16 13:36:06,661 INFO root Model coherence validation passed
2025-11-16 13:36:06,662 INFO root Model loading completed: {'status': 'success', 'loaded': ['home_pipe', 'away_pipe', 'win_pipe', 'metadata', 'feature_columns']}
2025-11-16 13:36:06,662 INFO history No prediction_history.json found; starting with empty history.
2025-11-16 13:36:06,662 INFO api Application initialized: {'dataset': 'loaded', 'models': {'status': 'success', 'loaded': ['home_pipe', 'away_pipe', 'win_pipe', 'metadata', 'feature_columns']}, 'history': 'loaded 0 entries'}
2025-11-16 13:36:06,673 INFO api Schedule scope -> season=2025 week=11 via kickoff_date
2025-11-16 13:36:06,683 INFO httpx HTTP Request: GET http://testserver/schedule/next-week "HTTP/1.1 200 OK"
2025-11-16 13:36:06,684 INFO api 🛑 Application shutdown complete
2025-11-16 13:36:06,687 DEBUG asyncio Using proactor: IocpProactor
2025-11-16 13:36:06,808 INFO httpx HTTP Request: POST http://testserver/predict "HTTP/1.1 200 OK"
2025-11-16 13:40:18,840 INFO api 🛑 Application shutdown complete
2025-11-16 13:40:20,334 INFO api 🚀 Starting NFL Prediction API
2025-11-16 13:40:20,444 INFO root Dataset loaded successfully: 2214 rows, 214 columns
2025-11-16 13:40:21,778 INFO root ✓ Loaded home_pipe from home_model.joblib
2025-11-16 13:40:21,826 INFO root ✓ Loaded away_pipe from away_model.joblib
2025-11-16 13:40:21,832 INFO root ✓ Loaded win_pipe from win_clf_calibrated.joblib
2025-11-16 13:40:21,833 INFO models Loaded metadata from C:\Users\goku\Documents\NFL_ML_Predictions\backend\models\metadata.json
2025-11-16 13:40:21,833 INFO root Model coherence validation passed
2025-11-16 13:40:21,833 INFO root Model loading completed: {'status': 'success', 'loaded': ['home_pipe', 'away_pipe', 'win_pipe', 'metadata', 'feature_columns']}
2025-11-16 13:40:21,834 INFO history No prediction_history.json found; starting with empty history.
2025-11-16 13:40:21,834 INFO api Application initialized: {'dataset': 'loaded', 'models': {'status': 'success', 'loaded': ['home_pipe', 'away_pipe', 'win_pipe', 'metadata', 'feature_columns']}, 'history': 'loaded 0 entries'}
2025-11-16 13:45:39,061 INFO api Schedule scope -> season=2025 week=11 via kickoff_date
2025-11-16 13:49:04,753 DEBUG asyncio Using proactor: IocpProactor
2025-11-16 13:49:04,756 INFO api 🚀 Starting NFL Prediction API
2025-11-16 13:49:04,866 INFO root Dataset loaded successfully: 2214 rows, 214 columns
2025-11-16 13:49:06,151 INFO root ✓ Loaded home_pipe from home_model.joblib
2025-11-16 13:49:06,196 INFO root ✓ Loaded away_pipe from away_model.joblib
2025-11-16 13:49:06,201 INFO root ✓ Loaded win_pipe from win_clf_calibrated.joblib
2025-11-16 13:49:06,201 INFO models Loaded metadata from C:\Users\goku\Documents\NFL_ML_Predictions\backend\models\metadata.json
2025-11-16 13:49:06,202 INFO root Model coherence validation passed
2025-11-16 13:49:06,202 INFO root Model loading completed: {'status': 'success', 'loaded': ['home_pipe', 'away_pipe', 'win_pipe', 'metadata', 'feature_columns']}
2025-11-16 13:49:06,202 INFO history No prediction_history.json found; starting with empty history.
2025-11-16 13:49:06,202 INFO api Application initialized: {'dataset': 'loaded', 'models': {'status': 'success', 'loaded': ['home_pipe', 'away_pipe', 'win_pipe', 'metadata', 'feature_columns']}, 'history': 'loaded 0 entries'}
2025-11-16 13:49:06,207 INFO httpx HTTP Request: GET http://testserver/health "HTTP/1.1 200 OK"
2025-11-16 13:49:06,208 INFO api 🛑 Application shutdown complete
2025-11-16 13:49:06,213 DEBUG asyncio Using proactor: IocpProactor
2025-11-16 13:49:06,214 INFO api 🚀 Starting NFL Prediction API
2025-11-16 13:49:06,315 INFO root Dataset loaded successfully: 2214 rows, 214 columns
2025-11-16 13:49:06,360 INFO root ✓ Loaded home_pipe from home_model.joblib
2025-11-16 13:49:06,404 INFO root ✓ Loaded away_pipe from away_model.joblib
2025-11-16 13:49:06,409 INFO root ✓ Loaded win_pipe from win_clf_calibrated.joblib
2025-11-16 13:49:06,410 INFO models Loaded metadata from C:\Users\goku\Documents\NFL_ML_Predictions\backend\models\metadata.json
2025-11-16 13:49:06,410 INFO root Model coherence validation passed
2025-11-16 13:49:06,410 INFO root Model loading completed: {'status': 'success', 'loaded': ['home_pipe', 'away_pipe', 'win_pipe', 'metadata', 'feature_columns']}
2025-11-16 13:49:06,410 INFO history No prediction_history.json found; starting with empty history.
2025-11-16 13:49:06,410 INFO api Application initialized: {'dataset': 'loaded', 'models': {'status': 'success', 'loaded': ['home_pipe', 'away_pipe', 'win_pipe', 'metadata', 'feature_columns']}, 'history': 'loaded 0 entries'}
2025-11-16 13:49:06,423 INFO api Schedule scope -> season=2025 week=11 via kickoff_date
2025-11-16 13:49:06,433 INFO httpx HTTP Request: GET http://testserver/schedule/next-week "HTTP/1.1 200 OK"
2025-11-16 13:49:06,434 INFO api 🛑 Application shutdown complete
2025-11-16 13:49:06,438 DEBUG asyncio Using proactor: IocpProactor
2025-11-16 13:49:06,440 INFO api 🚀 Starting NFL Prediction API
2025-11-16 13:49:06,538 INFO root Dataset loaded successfully: 2214 rows, 214 columns
2025-11-16 13:49:06,583 INFO root ✓ Loaded home_pipe from home_model.joblib
2025-11-16 13:49:06,625 INFO root ✓ Loaded away_pipe from away_model.joblib
2025-11-16 13:49:06,630 INFO root ✓ Loaded win_pipe from win_clf_calibrated.joblib
2025-11-16 13:49:06,631 INFO models Loaded metadata from C:\Users\goku\Documents\NFL_ML_Predictions\backend\models\metadata.json
2025-11-16 13:49:06,631 INFO root Model coherence validation passed
2025-11-16 13:49:06,631 INFO root Model loading completed: {'status': 'success', 'loaded': ['home_pipe', 'away_pipe', 'win_pipe', 'metadata', 'feature_columns']}
2025-11-16 13:49:06,631 INFO history No prediction_history.json found; starting with empty history.
2025-11-16 13:49:06,631 INFO api Application initialized: {'dataset': 'loaded', 'models': {'status': 'success', 'loaded': ['home_pipe', 'away_pipe', 'win_pipe', 'metadata', 'feature_columns']}, 'history': 'loaded 0 entries'}
2025-11-16 13:49:06,641 INFO api Schedule scope -> season=2025 week=11 via kickoff_date
2025-11-16 13:49:06,651 INFO httpx HTTP Request: GET http://testserver/schedule/next-week "HTTP/1.1 200 OK"
2025-11-16 13:49:06,652 INFO api 🛑 Application shutdown complete
2025-11-16 13:49:06,654 DEBUG asyncio Using proactor: IocpProactor
2025-11-16 13:49:06,776 INFO httpx HTTP Request: POST http://testserver/predict "HTTP/1.1 200 OK"
2025-11-16 13:55:56,390 INFO api 🛑 Application shutdown complete
2025-11-16 13:55:58,053 INFO api 🚀 Starting NFL Prediction API
2025-11-16 13:55:58,161 INFO root Dataset loaded successfully: 2214 rows, 214 columns
2025-11-16 13:55:59,614 INFO root ✓ Loaded home_pipe from home_model.joblib
2025-11-16 13:55:59,698 INFO root ✓ Loaded away_pipe from away_model.joblib
2025-11-16 13:55:59,704 INFO root ✓ Loaded win_pipe from win_clf_calibrated.joblib
2025-11-16 13:55:59,705 INFO models Loaded metadata from C:\Users\goku\Documents\NFL_ML_Predictions\backend\models\metadata.json
2025-11-16 13:55:59,705 INFO root Model coherence validation passed
2025-11-16 13:55:59,706 INFO root Model loading completed: {'status': 'success', 'loaded': ['home_pipe', 'away_pipe', 'win_pipe', 'metadata', 'feature_columns']}
2025-11-16 13:55:59,706 INFO history No prediction_history.json found; starting with empty history.
2025-11-16 13:55:59,707 INFO api Application initialized: {'dataset': 'loaded', 'models': {'status': 'success', 'loaded': ['home_pipe', 'away_pipe', 'win_pipe', 'metadata', 'feature_columns']}, 'history': 'loaded 0 entries'}
2025-11-16 13:55:59,708 INFO api 🛑 Application shutdown complete
2025-11-16 13:56:01,815 INFO api 🚀 Starting NFL Prediction API
2025-11-16 13:56:01,920 INFO root Dataset loaded successfully: 2214 rows, 214 columns
2025-11-16 13:56:03,274 INFO root ✓ Loaded home_pipe from home_model.joblib
2025-11-16 13:56:03,319 INFO root ✓ Loaded away_pipe from away_model.joblib
2025-11-16 13:56:03,324 INFO root ✓ Loaded win_pipe from win_clf_calibrated.joblib
2025-11-16 13:56:03,325 INFO models Loaded metadata from C:\Users\goku\Documents\NFL_ML_Predictions\backend\models\metadata.json
2025-11-16 13:56:03,325 INFO root Model coherence validation passed
2025-11-16 13:56:03,326 INFO root Model loading completed: {'status': 'success', 'loaded': ['home_pipe', 'away_pipe', 'win_pipe', 'metadata', 'feature_columns']}
2025-11-16 13:56:03,326 INFO history No prediction_history.json found; starting with empty history.
2025-11-16 13:56:03,327 INFO api Application initialized: {'dataset': 'loaded', 'models': {'status': 'success', 'loaded': ['home_pipe', 'away_pipe', 'win_pipe', 'metadata', 'feature_columns']}, 'history': 'loaded 0 entries'}
2025-11-16 13:56:23,208 INFO api 🛑 Application shutdown complete
2025-11-16 13:56:24,679 INFO api 🚀 Starting NFL Prediction API
2025-11-16 13:56:24,789 INFO root Dataset loaded successfully: 2214 rows, 214 columns
2025-11-16 13:56:26,202 INFO root ✓ Loaded home_pipe from home_model.joblib
2025-11-16 13:56:26,249 INFO root ✓ Loaded away_pipe from away_model.joblib
2025-11-16 13:56:26,255 INFO root ✓ Loaded win_pipe from win_clf_calibrated.joblib
2025-11-16 13:56:26,255 INFO models Loaded metadata from C:\Users\goku\Documents\NFL_ML_Predictions\backend\models\metadata.json
2025-11-16 13:56:26,256 INFO root Model coherence validation passed
2025-11-16 13:56:26,256 INFO root Model loading completed: {'status': 'success', 'loaded': ['home_pipe', 'away_pipe', 'win_pipe', 'metadata', 'feature_columns']}
2025-11-16 13:56:26,257 INFO history No prediction_history.json found; starting with empty history.
2025-11-16 13:56:26,257 INFO api Application initialized: {'dataset': 'loaded', 'models': {'status': 'success', 'loaded': ['home_pipe', 'away_pipe', 'win_pipe', 'metadata', 'feature_columns']}, 'history': 'loaded 0 entries'}
2025-11-16 13:56:29,376 INFO api 🛑 Application shutdown complete
2025-11-16 13:56:32,262 INFO api 🚀 Starting NFL Prediction API
2025-11-16 13:56:32,369 INFO root Dataset loaded successfully: 2214 rows, 214 columns
2025-11-16 13:56:33,652 INFO root ✓ Loaded home_pipe from home_model.joblib
2025-11-16 13:56:33,697 INFO root ✓ Loaded away_pipe from away_model.joblib
2025-11-16 13:56:33,702 INFO root ✓ Loaded win_pipe from win_clf_calibrated.joblib
2025-11-16 13:56:33,703 INFO models Loaded metadata from C:\Users\goku\Documents\NFL_ML_Predictions\backend\models\metadata.json
2025-11-16 13:56:33,704 INFO root Model coherence validation passed
2025-11-16 13:56:33,704 INFO root Model loading completed: {'status': 'success', 'loaded': ['home_pipe', 'away_pipe', 'win_pipe', 'metadata', 'feature_columns']}
2025-11-16 13:56:33,704 INFO history No prediction_history.json found; starting with empty history.
2025-11-16 13:56:33,704 INFO api Application initialized: {'dataset': 'loaded', 'models': {'status': 'success', 'loaded': ['home_pipe', 'away_pipe', 'win_pipe', 'metadata', 'feature_columns']}, 'history': 'loaded 0 entries'}
2025-11-16 13:56:36,716 INFO api 🛑 Application shutdown complete
2025-11-16 13:56:38,202 INFO api 🚀 Starting NFL Prediction API
2025-11-16 13:56:38,309 INFO root Dataset loaded successfully: 2214 rows, 214 columns
2025-11-16 13:56:39,606 INFO root ✓ Loaded home_pipe from home_model.joblib
2025-11-16 13:56:39,660 INFO root ✓ Loaded away_pipe from away_model.joblib
2025-11-16 13:56:39,666 INFO root ✓ Loaded win_pipe from win_clf_calibrated.joblib
2025-11-16 13:56:39,666 INFO models Loaded metadata from C:\Users\goku\Documents\NFL_ML_Predictions\backend\models\metadata.json
2025-11-16 13:56:39,667 INFO root Model coherence validation passed
2025-11-16 13:56:39,667 INFO root Model loading completed: {'status': 'success', 'loaded': ['home_pipe', 'away_pipe', 'win_pipe', 'metadata', 'feature_columns']}
2025-11-16 13:56:39,668 INFO history No prediction_history.json found; starting with empty history.
2025-11-16 13:56:39,668 INFO api Application initialized: {'dataset': 'loaded', 'models': {'status': 'success', 'loaded': ['home_pipe', 'away_pipe', 'win_pipe', 'metadata', 'feature_columns']}, 'history': 'loaded 0 entries'}
2025-11-16 13:56:39,669 INFO api 🛑 Application shutdown complete
2025-11-16 13:56:41,205 INFO api 🚀 Starting NFL Prediction API
2025-11-16 13:56:41,316 INFO root Dataset loaded successfully: 2214 rows, 214 columns
2025-11-16 13:56:42,591 INFO root ✓ Loaded home_pipe from home_model.joblib
2025-11-16 13:56:42,636 INFO root ✓ Loaded away_pipe from away_model.joblib
2025-11-16 13:56:42,642 INFO root ✓ Loaded win_pipe from win_clf_calibrated.joblib
2025-11-16 13:56:42,642 INFO models Loaded metadata from C:\Users\goku\Documents\NFL_ML_Predictions\backend\models\metadata.json
2025-11-16 13:56:42,643 INFO root Model coherence validation passed
2025-11-16 13:56:42,643 INFO root Model loading completed: {'status': 'success', 'loaded': ['home_pipe', 'away_pipe', 'win_pipe', 'metadata', 'feature_columns']}
2025-11-16 13:56:42,643 INFO history No prediction_history.json found; starting with empty history.
2025-11-16 13:56:42,644 INFO api Application initialized: {'dataset': 'loaded', 'models': {'status': 'success', 'loaded': ['home_pipe', 'away_pipe', 'win_pipe', 'metadata', 'feature_columns']}, 'history': 'loaded 0 entries'}
2025-11-16 13:56:42,645 INFO api 🛑 Application shutdown complete
2025-11-16 13:56:45,768 INFO api 🚀 Starting NFL Prediction API
2025-11-16 13:56:45,880 INFO root Dataset loaded successfully: 2214 rows, 214 columns
2025-11-16 13:56:47,285 INFO root ✓ Loaded home_pipe from home_model.joblib
2025-11-16 13:56:47,330 INFO root ✓ Loaded away_pipe from away_model.joblib
2025-11-16 13:56:47,336 INFO root ✓ Loaded win_pipe from win_clf_calibrated.joblib
2025-11-16 13:56:47,337 INFO models Loaded metadata from C:\Users\goku\Documents\NFL_ML_Predictions\backend\models\metadata.json
2025-11-16 13:56:47,337 INFO root Model coherence validation passed
2025-11-16 13:56:47,338 INFO root Model loading completed: {'status': 'success', 'loaded': ['home_pipe', 'away_pipe', 'win_pipe', 'metadata', 'feature_columns']}
2025-11-16 13:56:47,338 INFO history No prediction_history.json found; starting with empty history.
2025-11-16 13:56:47,338 INFO api Application initialized: {'dataset': 'loaded', 'models': {'status': 'success', 'loaded': ['home_pipe', 'away_pipe', 'win_pipe', 'metadata', 'feature_columns']}, 'history': 'loaded 0 entries'}
2025-11-16 13:56:47,339 INFO api 🛑 Application shutdown complete
2025-11-16 13:59:41,690 INFO api 🚀 Starting NFL Prediction API
2025-11-16 13:59:41,796 INFO root Dataset loaded successfully: 2214 rows, 214 columns
2025-11-16 13:59:43,191 INFO root ✓ Loaded home_pipe from home_model.joblib
2025-11-16 13:59:43,238 INFO root ✓ Loaded away_pipe from away_model.joblib
2025-11-16 13:59:43,244 INFO root ✓ Loaded win_pipe from win_clf_calibrated.joblib
2025-11-16 13:59:43,245 INFO models Loaded metadata from C:\Users\goku\Documents\NFL_ML_Predictions\backend\models\metadata.json
2025-11-16 13:59:43,246 INFO root Model coherence validation passed
2025-11-16 13:59:43,246 INFO root Model loading completed: {'status': 'success', 'loaded': ['home_pipe', 'away_pipe', 'win_pipe', 'metadata', 'feature_columns']}
2025-11-16 13:59:43,246 INFO history No prediction_history.json found; starting with empty history.
2025-11-16 13:59:43,246 INFO api Application initialized: {'dataset': 'loaded', 'models': {'status': 'success', 'loaded': ['home_pipe', 'away_pipe', 'win_pipe', 'metadata', 'feature_columns']}, 'history': 'loaded 0 entries'}
2025-11-16 14:00:47,327 INFO api 🛑 Application shutdown complete
2025-11-16 14:00:48,796 INFO api 🚀 Starting NFL Prediction API
2025-11-16 14:00:48,904 INFO root Dataset loaded successfully: 2214 rows, 214 columns
2025-11-16 14:00:50,240 INFO root ✓ Loaded home_pipe from home_model.joblib
2025-11-16 14:00:50,284 INFO root ✓ Loaded away_pipe from away_model.joblib
2025-11-16 14:00:50,292 INFO root ✓ Loaded win_pipe from win_clf_calibrated.joblib
2025-11-16 14:00:50,292 INFO models Loaded metadata from C:\Users\goku\Documents\NFL_ML_Predictions\backend\models\metadata.json
2025-11-16 14:00:50,293 INFO root Model coherence validation passed
2025-11-16 14:00:50,293 INFO root Model loading completed: {'status': 'success', 'loaded': ['home_pipe', 'away_pipe', 'win_pipe', 'metadata', 'feature_columns']}
2025-11-16 14:00:50,294 INFO history No prediction_history.json found; starting with empty history.
2025-11-16 14:00:50,294 INFO api Application initialized: {'dataset': 'loaded', 'models': {'status': 'success', 'loaded': ['home_pipe', 'away_pipe', 'win_pipe', 'metadata', 'feature_columns']}, 'history': 'loaded 0 entries'}
2025-11-16 14:01:25,798 INFO api 🛑 Application shutdown complete
2025-11-16 14:01:27,309 INFO api 🚀 Starting NFL Prediction API
2025-11-16 14:01:27,415 INFO root Dataset loaded successfully: 2214 rows, 214 columns
2025-11-16 14:01:28,722 INFO root ✓ Loaded home_pipe from home_model.joblib
2025-11-16 14:01:28,767 INFO root ✓ Loaded away_pipe from away_model.joblib
2025-11-16 14:01:28,772 INFO root ✓ Loaded win_pipe from win_clf_calibrated.joblib
2025-11-16 14:01:28,773 INFO models Loaded metadata from C:\Users\goku\Documents\NFL_ML_Predictions\backend\models\metadata.json
2025-11-16 14:01:28,774 INFO root Model coherence validation passed
2025-11-16 14:01:28,774 INFO root Model loading completed: {'status': 'success', 'loaded': ['home_pipe', 'away_pipe', 'win_pipe', 'metadata', 'feature_columns']}
2025-11-16 14:01:28,774 INFO history No prediction_history.json found; starting with empty history.
2025-11-16 14:01:28,775 INFO api Application initialized: {'dataset': 'loaded', 'models': {'status': 'success', 'loaded': ['home_pipe', 'away_pipe', 'win_pipe', 'metadata', 'feature_columns']}, 'history': 'loaded 0 entries'}
2025-11-16 14:04:47,947 INFO api Schedule scope -> season=2025 week=11 via kickoff_date
2025-11-16 14:28:21,453 INFO api Schedule scope -> season=2025 week=11 via kickoff_date
2025-11-16 14:28:21,499 INFO api Schedule scope -> season=2025 week=11 via kickoff_date
2025-11-16 14:28:21,701 INFO api Schedule scope -> season=2025 week=11 via kickoff_date
2025-11-16 14:28:21,734 INFO api Schedule scope -> season=2025 week=11 via kickoff_date
2025-11-16 14:54:34,350 INFO api 🛑 Application shutdown complete
2025-11-16 14:54:35,859 INFO api 🚀 Starting NFL Prediction API
2025-11-16 14:54:35,966 INFO root Dataset loaded successfully: 2214 rows, 214 columns
2025-11-16 14:54:37,370 INFO root ✓ Loaded home_pipe from home_model.joblib
2025-11-16 14:54:37,418 INFO root ✓ Loaded away_pipe from away_model.joblib
2025-11-16 14:54:37,423 INFO root ✓ Loaded win_pipe from win_clf_calibrated.joblib
2025-11-16 14:54:37,424 INFO models Loaded metadata from C:\Users\goku\Documents\NFL_ML_Predictions\backend\models\metadata.json
2025-11-16 14:54:37,425 INFO root Model coherence validation passed
2025-11-16 14:54:37,425 INFO root Model loading completed: {'status': 'success', 'loaded': ['home_pipe', 'away_pipe', 'win_pipe', 'metadata', 'feature_columns']}
2025-11-16 14:54:37,425 INFO history No prediction_history.json found; starting with empty history.
2025-11-16 14:54:37,426 INFO api Application initialized: {'dataset': 'loaded', 'models': {'status': 'success', 'loaded': ['home_pipe', 'away_pipe', 'win_pipe', 'metadata', 'feature_columns']}, 'history': 'loaded 0 entries'}
2025-11-16 14:55:07,256 INFO api 🛑 Application shutdown complete
2025-11-16 14:55:08,772 INFO api 🚀 Starting NFL Prediction API
2025-11-16 14:55:08,883 INFO root Dataset loaded successfully: 2214 rows, 214 columns
2025-11-16 14:55:10,233 INFO root ✓ Loaded home_pipe from home_model.joblib
2025-11-16 14:55:10,278 INFO root ✓ Loaded away_pipe from away_model.joblib
2025-11-16 14:55:10,284 INFO root ✓ Loaded win_pipe from win_clf_calibrated.joblib
2025-11-16 14:55:10,284 INFO models Loaded metadata from C:\Users\goku\Documents\NFL_ML_Predictions\backend\models\metadata.json
2025-11-16 14:55:10,285 INFO root Model coherence validation passed
2025-11-16 14:55:10,285 INFO root Model loading completed: {'status': 'success', 'loaded': ['home_pipe', 'away_pipe', 'win_pipe', 'metadata', 'feature_columns']}
2025-11-16 14:55:10,286 INFO history No prediction_history.json found; starting with empty history.
2025-11-16 14:55:10,286 INFO api Application initialized: {'dataset': 'loaded', 'models': {'status': 'success', 'loaded': ['home_pipe', 'away_pipe', 'win_pipe', 'metadata', 'feature_columns']}, 'history': 'loaded 0 entries'}
2025-11-16 14:55:10,287 INFO api 🛑 Application shutdown complete
2025-11-16 14:55:11,771 INFO api 🚀 Starting NFL Prediction API
2025-11-16 14:55:11,887 INFO root Dataset loaded successfully: 2214 rows, 214 columns
2025-11-16 14:55:13,291 INFO root ✓ Loaded home_pipe from home_model.joblib
2025-11-16 14:55:13,339 INFO root ✓ Loaded away_pipe from away_model.joblib
2025-11-16 14:55:13,345 INFO root ✓ Loaded win_pipe from win_clf_calibrated.joblib
2025-11-16 14:55:13,346 INFO models Loaded metadata from C:\Users\goku\Documents\NFL_ML_Predictions\backend\models\metadata.json
2025-11-16 14:55:13,347 INFO root Model coherence validation passed
2025-11-16 14:55:13,347 INFO root Model loading completed: {'status': 'success', 'loaded': ['home_pipe', 'away_pipe', 'win_pipe', 'metadata', 'feature_columns']}
2025-11-16 14:55:13,347 INFO history No prediction_history.json found; starting with empty history.
2025-11-16 14:55:13,348 INFO api Application initialized: {'dataset': 'loaded', 'models': {'status': 'success', 'loaded': ['home_pipe', 'away_pipe', 'win_pipe', 'metadata', 'feature_columns']}, 'history': 'loaded 0 entries'}
2025-11-16 14:55:13,349 INFO api 🛑 Application shutdown complete
2025-11-16 14:55:14,865 INFO api 🚀 Starting NFL Prediction API
2025-11-16 14:55:14,975 INFO root Dataset loaded successfully: 2214 rows, 214 columns
2025-11-16 14:55:16,333 INFO root ✓ Loaded home_pipe from home_model.joblib
2025-11-16 14:55:16,378 INFO root ✓ Loaded away_pipe from away_model.joblib
2025-11-16 14:55:16,384 INFO root ✓ Loaded win_pipe from win_clf_calibrated.joblib
2025-11-16 14:55:16,385 INFO models Loaded metadata from C:\Users\goku\Documents\NFL_ML_Predictions\backend\models\metadata.json
2025-11-16 14:55:16,385 INFO root Model coherence validation passed
2025-11-16 14:55:16,385 INFO root Model loading completed: {'status': 'success', 'loaded': ['home_pipe', 'away_pipe', 'win_pipe', 'metadata', 'feature_columns']}
2025-11-16 14:55:16,386 INFO history No prediction_history.json found; starting with empty history.
2025-11-16 14:55:16,386 INFO api Application initialized: {'dataset': 'loaded', 'models': {'status': 'success', 'loaded': ['home_pipe', 'away_pipe', 'win_pipe', 'metadata', 'feature_columns']}, 'history': 'loaded 0 entries'}
2025-11-16 14:55:20,788 INFO api 🛑 Application shutdown complete
2025-11-16 14:55:22,304 INFO api 🚀 Starting NFL Prediction API
2025-11-16 14:55:22,417 INFO root Dataset loaded successfully: 2214 rows, 214 columns
2025-11-16 14:55:23,716 INFO root ✓ Loaded home_pipe from home_model.joblib
2025-11-16 14:55:23,761 INFO root ✓ Loaded away_pipe from away_model.joblib
2025-11-16 14:55:23,766 INFO root ✓ Loaded win_pipe from win_clf_calibrated.joblib
2025-11-16 14:55:23,767 INFO models Loaded metadata from C:\Users\goku\Documents\NFL_ML_Predictions\backend\models\metadata.json
2025-11-16 14:55:23,767 INFO root Model coherence validation passed
2025-11-16 14:55:23,767 INFO root Model loading completed: {'status': 'success', 'loaded': ['home_pipe', 'away_pipe', 'win_pipe', 'metadata', 'feature_columns']}
2025-11-16 14:55:23,768 INFO history No prediction_history.json found; starting with empty history.
2025-11-16 14:55:23,768 INFO api Application initialized: {'dataset': 'loaded', 'models': {'status': 'success', 'loaded': ['home_pipe', 'away_pipe', 'win_pipe', 'metadata', 'feature_columns']}, 'history': 'loaded 0 entries'}
2025-11-16 14:55:38,538 INFO api 🛑 Application shutdown complete
2025-11-16 14:55:40,092 INFO api 🚀 Starting NFL Prediction API
2025-11-16 14:55:40,199 INFO root Dataset loaded successfully: 2214 rows, 214 columns
2025-11-16 14:55:41,534 INFO root ✓ Loaded home_pipe from home_model.joblib
2025-11-16 14:55:41,579 INFO root ✓ Loaded away_pipe from away_model.joblib
2025-11-16 14:55:41,584 INFO root ✓ Loaded win_pipe from win_clf_calibrated.joblib
2025-11-16 14:55:41,585 INFO models Loaded metadata from C:\Users\goku\Documents\NFL_ML_Predictions\backend\models\metadata.json
2025-11-16 14:55:41,585 INFO root Model coherence validation passed
2025-11-16 14:55:41,585 INFO root Model loading completed: {'status': 'success', 'loaded': ['home_pipe', 'away_pipe', 'win_pipe', 'metadata', 'feature_columns']}
2025-11-16 14:55:41,586 INFO history No prediction_history.json found; starting with empty history.
2025-11-16 14:55:41,586 INFO api Application initialized: {'dataset': 'loaded', 'models': {'status': 'success', 'loaded': ['home_pipe', 'away_pipe', 'win_pipe', 'metadata', 'feature_columns']}, 'history': 'loaded 0 entries'}
2025-11-16 14:55:46,047 INFO api 🛑 Application shutdown complete
2025-11-16 14:55:47,535 INFO api 🚀 Starting NFL Prediction API
2025-11-16 14:55:47,644 INFO root Dataset loaded successfully: 2214 rows, 214 columns
2025-11-16 14:55:49,012 INFO root ✓ Loaded home_pipe from home_model.joblib
2025-11-16 14:55:49,057 INFO root ✓ Loaded away_pipe from away_model.joblib
2025-11-16 14:55:49,063 INFO root ✓ Loaded win_pipe from win_clf_calibrated.joblib
2025-11-16 14:55:49,064 INFO models Loaded metadata from C:\Users\goku\Documents\NFL_ML_Predictions\backend\models\metadata.json
2025-11-16 14:55:49,064 INFO root Model coherence validation passed
2025-11-16 14:55:49,065 INFO root Model loading completed: {'status': 'success', 'loaded': ['home_pipe', 'away_pipe', 'win_pipe', 'metadata', 'feature_columns']}
2025-11-16 14:55:49,065 INFO history No prediction_history.json found; starting with empty history.
2025-11-16 14:55:49,065 INFO api Application initialized: {'dataset': 'loaded', 'models': {'status': 'success', 'loaded': ['home_pipe', 'away_pipe', 'win_pipe', 'metadata', 'feature_columns']}, 'history': 'loaded 0 entries'}
2025-11-16 14:55:50,340 INFO api 🛑 Application shutdown complete
2025-11-16 14:55:51,820 INFO api 🚀 Starting NFL Prediction API
2025-11-16 14:55:51,927 INFO root Dataset loaded successfully: 2214 rows, 214 columns
2025-11-16 14:55:53,234 INFO root ✓ Loaded home_pipe from home_model.joblib
2025-11-16 14:55:53,280 INFO root ✓ Loaded away_pipe from away_model.joblib
2025-11-16 14:55:53,286 INFO root ✓ Loaded win_pipe from win_clf_calibrated.joblib
2025-11-16 14:55:53,286 INFO models Loaded metadata from C:\Users\goku\Documents\NFL_ML_Predictions\backend\models\metadata.json
2025-11-16 14:55:53,287 INFO root Model coherence validation passed
2025-11-16 14:55:53,287 INFO root Model loading completed: {'status': 'success', 'loaded': ['home_pipe', 'away_pipe', 'win_pipe', 'metadata', 'feature_columns']}
2025-11-16 14:55:53,288 INFO history No prediction_history.json found; starting with empty history.
2025-11-16 14:55:53,288 INFO api Application initialized: {'dataset': 'loaded', 'models': {'status': 'success', 'loaded': ['home_pipe', 'away_pipe', 'win_pipe', 'metadata', 'feature_columns']}, 'history': 'loaded 0 entries'}
2025-11-16 14:56:20,749 INFO api 🛑 Application shutdown complete
2025-11-16 14:56:22,396 INFO api 🚀 Starting NFL Prediction API
2025-11-16 14:56:22,504 INFO root Dataset loaded successfully: 2214 rows, 214 columns
2025-11-16 14:56:23,841 INFO root ✓ Loaded home_pipe from home_model.joblib
2025-11-16 14:56:23,909 INFO root ✓ Loaded away_pipe from away_model.joblib
2025-11-16 14:56:23,915 INFO root ✓ Loaded win_pipe from win_clf_calibrated.joblib
2025-11-16 14:56:23,916 INFO models Loaded metadata from C:\Users\goku\Documents\NFL_ML_Predictions\backend\models\metadata.json
2025-11-16 14:56:23,916 INFO root Model coherence validation passed
2025-11-16 14:56:23,917 INFO root Model loading completed: {'status': 'success', 'loaded': ['home_pipe', 'away_pipe', 'win_pipe', 'metadata', 'feature_columns']}
2025-11-16 14:56:23,917 INFO history No prediction_history.json found; starting with empty history.
2025-11-16 14:56:23,917 INFO api Application initialized: {'dataset': 'loaded', 'models': {'status': 'success', 'loaded': ['home_pipe', 'away_pipe', 'win_pipe', 'metadata', 'feature_columns']}, 'history': 'loaded 0 entries'}
2025-11-16 14:56:23,918 INFO api 🛑 Application shutdown complete
2025-11-16 14:56:25,487 INFO api 🚀 Starting NFL Prediction API
2025-11-16 14:56:25,602 INFO root Dataset loaded successfully: 2214 rows, 214 columns
2025-11-16 14:56:26,997 INFO root ✓ Loaded home_pipe from home_model.joblib
2025-11-16 14:56:27,043 INFO root ✓ Loaded away_pipe from away_model.joblib
2025-11-16 14:56:27,049 INFO root ✓ Loaded win_pipe from win_clf_calibrated.joblib
2025-11-16 14:56:27,049 INFO models Loaded metadata from C:\Users\goku\Documents\NFL_ML_Predictions\backend\models\metadata.json
2025-11-16 14:56:27,050 INFO root Model coherence validation passed
2025-11-16 14:56:27,050 INFO root Model loading completed: {'status': 'success', 'loaded': ['home_pipe', 'away_pipe', 'win_pipe', 'metadata', 'feature_columns']}
2025-11-16 14:56:27,051 INFO history No prediction_history.json found; starting with empty history.
2025-11-16 14:56:27,051 INFO api Application initialized: {'dataset': 'loaded', 'models': {'status': 'success', 'loaded': ['home_pipe', 'away_pipe', 'win_pipe', 'metadata', 'feature_columns']}, 'history': 'loaded 0 entries'}
2025-11-16 14:56:27,051 INFO api 🛑 Application shutdown complete
2025-11-16 14:56:44,220 INFO api 🚀 Starting NFL Prediction API
2025-11-16 14:56:44,335 INFO root Dataset loaded successfully: 2214 rows, 214 columns
2025-11-16 14:56:45,736 INFO root ✓ Loaded home_pipe from home_model.joblib
2025-11-16 14:56:45,781 INFO root ✓ Loaded away_pipe from away_model.joblib
2025-11-16 14:56:45,787 INFO root ✓ Loaded win_pipe from win_clf_calibrated.joblib
2025-11-16 14:56:45,788 INFO models Loaded metadata from C:\Users\goku\Documents\NFL_ML_Predictions\backend\models\metadata.json
2025-11-16 14:56:45,788 INFO root Model coherence validation passed
2025-11-16 14:56:45,788 INFO root Model loading completed: {'status': 'success', 'loaded': ['home_pipe', 'away_pipe', 'win_pipe', 'metadata', 'feature_columns']}
2025-11-16 14:56:45,789 INFO history No prediction_history.json found; starting with empty history.
2025-11-16 14:56:45,789 INFO api Application initialized: {'dataset': 'loaded', 'models': {'status': 'success', 'loaded': ['home_pipe', 'away_pipe', 'win_pipe', 'metadata', 'feature_columns']}, 'history': 'loaded 0 entries'}
2025-11-16 14:56:46,219 INFO api 🛑 Application shutdown complete
2025-11-16 14:56:47,788 INFO api 🚀 Starting NFL Prediction API
2025-11-16 14:56:47,895 INFO root Dataset loaded successfully: 2214 rows, 214 columns
2025-11-16 14:56:49,239 INFO root ✓ Loaded home_pipe from home_model.joblib
2025-11-16 14:56:49,286 INFO root ✓ Loaded away_pipe from away_model.joblib
2025-11-16 14:56:49,292 INFO root ✓ Loaded win_pipe from win_clf_calibrated.joblib
2025-11-16 14:56:49,292 INFO models Loaded metadata from C:\Users\goku\Documents\NFL_ML_Predictions\backend\models\metadata.json
2025-11-16 14:56:49,293 INFO root Model coherence validation passed
2025-11-16 14:56:49,293 INFO root Model loading completed: {'status': 'success', 'loaded': ['home_pipe', 'away_pipe', 'win_pipe', 'metadata', 'feature_columns']}
2025-11-16 14:56:49,294 INFO history No prediction_history.json found; starting with empty history.
2025-11-16 14:56:49,294 INFO api Application initialized: {'dataset': 'loaded', 'models': {'status': 'success', 'loaded': ['home_pipe', 'away_pipe', 'win_pipe', 'metadata', 'feature_columns']}, 'history': 'loaded 0 entries'}
2025-11-16 14:56:49,295 INFO api 🛑 Application shutdown complete
2025-11-16 14:56:50,856 INFO api 🚀 Starting NFL Prediction API
2025-11-16 14:56:50,962 INFO root Dataset loaded successfully: 2214 rows, 214 columns
2025-11-16 14:56:52,294 INFO root ✓ Loaded home_pipe from home_model.joblib
2025-11-16 14:56:52,400 INFO root ✓ Loaded away_pipe from away_model.joblib
2025-11-16 14:56:52,408 INFO root ✓ Loaded win_pipe from win_clf_calibrated.joblib
2025-11-16 14:56:52,409 INFO models Loaded metadata from C:\Users\goku\Documents\NFL_ML_Predictions\backend\models\metadata.json
2025-11-16 14:56:52,410 INFO root Model coherence validation passed
2025-11-16 14:56:52,410 INFO root Model loading completed: {'status': 'success', 'loaded': ['home_pipe', 'away_pipe', 'win_pipe', 'metadata', 'feature_columns']}
2025-11-16 14:56:52,410 INFO history No prediction_history.json found; starting with empty history.
2025-11-16 14:56:52,411 INFO api Application initialized: {'dataset': 'loaded', 'models': {'status': 'success', 'loaded': ['home_pipe', 'away_pipe', 'win_pipe', 'metadata', 'feature_columns']}, 'history': 'loaded 0 entries'}
2025-11-16 14:56:52,840 INFO api 🛑 Application shutdown complete
2025-11-16 14:56:54,377 INFO api 🚀 Starting NFL Prediction API
2025-11-16 14:56:54,486 INFO root Dataset loaded successfully: 2214 rows, 214 columns
2025-11-16 14:56:55,860 INFO root ✓ Loaded home_pipe from home_model.joblib
2025-11-16 14:56:55,911 INFO root ✓ Loaded away_pipe from away_model.joblib
2025-11-16 14:56:55,917 INFO root ✓ Loaded win_pipe from win_clf_calibrated.joblib
2025-11-16 14:56:55,918 INFO models Loaded metadata from C:\Users\goku\Documents\NFL_ML_Predictions\backend\models\metadata.json
2025-11-16 14:56:55,918 INFO root Model coherence validation passed
2025-11-16 14:56:55,919 INFO root Model loading completed: {'status': 'success', 'loaded': ['home_pipe', 'away_pipe', 'win_pipe', 'metadata', 'feature_columns']}
2025-11-16 14:56:55,919 INFO history No prediction_history.json found; starting with empty history.
2025-11-16 14:56:55,919 INFO api Application initialized: {'dataset': 'loaded', 'models': {'status': 'success', 'loaded': ['home_pipe', 'away_pipe', 'win_pipe', 'metadata', 'feature_columns']}, 'history': 'loaded 0 entries'}
2025-11-16 14:56:55,920 INFO api 🛑 Application shutdown complete
2025-11-16 14:56:57,483 INFO api 🚀 Starting NFL Prediction API
2025-11-16 14:56:57,594 INFO root Dataset loaded successfully: 2214 rows, 214 columns
2025-11-16 14:56:58,962 INFO root ✓ Loaded home_pipe from home_model.joblib
2025-11-16 14:56:59,032 INFO root ✓ Loaded away_pipe from away_model.joblib
2025-11-16 14:56:59,038 INFO root ✓ Loaded win_pipe from win_clf_calibrated.joblib
2025-11-16 14:56:59,039 INFO models Loaded metadata from C:\Users\goku\Documents\NFL_ML_Predictions\backend\models\metadata.json
2025-11-16 14:56:59,039 INFO root Model coherence validation passed
2025-11-16 14:56:59,040 INFO root Model loading completed: {'status': 'success', 'loaded': ['home_pipe', 'away_pipe', 'win_pipe', 'metadata', 'feature_columns']}
2025-11-16 14:56:59,040 INFO history No prediction_history.json found; starting with empty history.
2025-11-16 14:56:59,040 INFO api Application initialized: {'dataset': 'loaded', 'models': {'status': 'success', 'loaded': ['home_pipe', 'away_pipe', 'win_pipe', 'metadata', 'feature_columns']}, 'history': 'loaded 0 entries'}
2025-11-16 14:56:59,041 INFO api 🛑 Application shutdown complete
2025-11-16 14:57:00,617 INFO api 🚀 Starting NFL Prediction API
2025-11-16 14:57:00,724 INFO root Dataset loaded successfully: 2214 rows, 214 columns
2025-11-16 14:57:02,058 INFO root ✓ Loaded home_pipe from home_model.joblib
2025-11-16 14:57:02,110 INFO root ✓ Loaded away_pipe from away_model.joblib
2025-11-16 14:57:02,116 INFO root ✓ Loaded win_pipe from win_clf_calibrated.joblib
2025-11-16 14:57:02,116 INFO models Loaded metadata from C:\Users\goku\Documents\NFL_ML_Predictions\backend\models\metadata.json
2025-11-16 14:57:02,117 INFO root Model coherence validation passed
2025-11-16 14:57:02,117 INFO root Model loading completed: {'status': 'success', 'loaded': ['home_pipe', 'away_pipe', 'win_pipe', 'metadata', 'feature_columns']}
2025-11-16 14:57:02,118 INFO history No prediction_history.json found; starting with empty history.
2025-11-16 14:57:02,118 INFO api Application initialized: {'dataset': 'loaded', 'models': {'status': 'success', 'loaded': ['home_pipe', 'away_pipe', 'win_pipe', 'metadata', 'feature_columns']}, 'history': 'loaded 0 entries'}
2025-11-16 14:57:02,118 INFO api 🛑 Application shutdown complete
2025-11-16 14:57:03,597 INFO api 🚀 Starting NFL Prediction API
2025-11-16 14:57:03,706 INFO root Dataset loaded successfully: 2214 rows, 214 columns
2025-11-16 14:57:05,034 INFO root ✓ Loaded home_pipe from home_model.joblib
2025-11-16 14:57:05,080 INFO root ✓ Loaded away_pipe from away_model.joblib
2025-11-16 14:57:05,086 INFO root ✓ Loaded win_pipe from win_clf_calibrated.joblib
2025-11-16 14:57:05,087 INFO models Loaded metadata from C:\Users\goku\Documents\NFL_ML_Predictions\backend\models\metadata.json
2025-11-16 14:57:05,087 INFO root Model coherence validation passed
2025-11-16 14:57:05,088 INFO root Model loading completed: {'status': 'success', 'loaded': ['home_pipe', 'away_pipe', 'win_pipe', 'metadata', 'feature_columns']}
2025-11-16 14:57:05,088 INFO history No prediction_history.json found; starting with empty history.
2025-11-16 14:57:05,088 INFO api Application initialized: {'dataset': 'loaded', 'models': {'status': 'success', 'loaded': ['home_pipe', 'away_pipe', 'win_pipe', 'metadata', 'feature_columns']}, 'history': 'loaded 0 entries'}
2025-11-16 14:57:05,089 INFO api 🛑 Application shutdown complete
2025-11-16 14:57:06,571 INFO api 🚀 Starting NFL Prediction API
2025-11-16 14:57:06,680 INFO root Dataset loaded successfully: 2214 rows, 214 columns
2025-11-16 14:57:07,952 INFO root ✓ Loaded home_pipe from home_model.joblib
2025-11-16 14:57:07,997 INFO root ✓ Loaded away_pipe from away_model.joblib
2025-11-16 14:57:08,002 INFO root ✓ Loaded win_pipe from win_clf_calibrated.joblib
2025-11-16 14:57:08,003 INFO models Loaded metadata from C:\Users\goku\Documents\NFL_ML_Predictions\backend\models\metadata.json
2025-11-16 14:57:08,004 INFO root Model coherence validation passed
2025-11-16 14:57:08,004 INFO root Model loading completed: {'status': 'success', 'loaded': ['home_pipe', 'away_pipe', 'win_pipe', 'metadata', 'feature_columns']}
2025-11-16 14:57:08,004 INFO history No prediction_history.json found; starting with empty history.
2025-11-16 14:57:08,005 INFO api Application initialized: {'dataset': 'loaded', 'models': {'status': 'success', 'loaded': ['home_pipe', 'away_pipe', 'win_pipe', 'metadata', 'feature_columns']}, 'history': 'loaded 0 entries'}
2025-11-16 15:00:05,528 INFO api 🛑 Application shutdown complete
2025-11-16 15:00:07,034 INFO api 🚀 Starting NFL Prediction API
2025-11-16 15:00:07,150 INFO root Dataset loaded successfully: 2214 rows, 214 columns
2025-11-16 15:00:08,679 INFO root ✓ Loaded home_pipe from home_model.joblib
2025-11-16 15:00:08,735 INFO root ✓ Loaded away_pipe from away_model.joblib
2025-11-16 15:00:08,742 INFO root ✓ Loaded win_pipe from win_clf_calibrated.joblib
2025-11-16 15:00:08,743 INFO models Loaded metadata from C:\Users\goku\Documents\NFL_ML_Predictions\backend\models\metadata.json
2025-11-16 15:00:08,743 INFO root Model coherence validation passed
2025-11-16 15:00:08,743 INFO root Model loading completed: {'status': 'success', 'loaded': ['home_pipe', 'away_pipe', 'win_pipe', 'metadata', 'feature_columns']}
2025-11-16 15:00:08,744 INFO history No prediction_history.json found; starting with empty history.
2025-11-16 15:00:08,744 INFO api Application initialized: {'dataset': 'loaded', 'models': {'status': 'success', 'loaded': ['home_pipe', 'away_pipe', 'win_pipe', 'metadata', 'feature_columns']}, 'history': 'loaded 0 entries'}
2025-11-16 15:00:08,745 INFO api 🛑 Application shutdown complete
2025-11-16 15:00:10,327 INFO api 🚀 Starting NFL Prediction API
2025-11-16 15:00:10,437 INFO root Dataset loaded successfully: 2214 rows, 214 columns
2025-11-16 15:00:11,779 INFO root ✓ Loaded home_pipe from home_model.joblib
2025-11-16 15:00:11,824 INFO root ✓ Loaded away_pipe from away_model.joblib
2025-11-16 15:00:11,829 INFO root ✓ Loaded win_pipe from win_clf_calibrated.joblib
2025-11-16 15:00:11,830 INFO models Loaded metadata from C:\Users\goku\Documents\NFL_ML_Predictions\backend\models\metadata.json
2025-11-16 15:00:11,830 INFO root Model coherence validation passed
2025-11-16 15:00:11,831 INFO root Model loading completed: {'status': 'success', 'loaded': ['home_pipe', 'away_pipe', 'win_pipe', 'metadata', 'feature_columns']}
2025-11-16 15:00:11,831 INFO history No prediction_history.json found; starting with empty history.
2025-11-16 15:00:11,831 INFO api Application initialized: {'dataset': 'loaded', 'models': {'status': 'success', 'loaded': ['home_pipe', 'away_pipe', 'win_pipe', 'metadata', 'feature_columns']}, 'history': 'loaded 0 entries'}
2025-11-16 15:00:11,832 INFO api 🛑 Application shutdown complete
2025-11-16 15:00:13,371 INFO api 🚀 Starting NFL Prediction API
2025-11-16 15:00:13,484 INFO root Dataset loaded successfully: 2214 rows, 214 columns
2025-11-16 15:00:14,815 INFO root ✓ Loaded home_pipe from home_model.joblib
2025-11-16 15:00:14,868 INFO root ✓ Loaded away_pipe from away_model.joblib
2025-11-16 15:00:14,874 INFO root ✓ Loaded win_pipe from win_clf_calibrated.joblib
2025-11-16 15:00:14,874 INFO models Loaded metadata from C:\Users\goku\Documents\NFL_ML_Predictions\backend\models\metadata.json
2025-11-16 15:00:14,875 INFO root Model coherence validation passed
2025-11-16 15:00:14,875 INFO root Model loading completed: {'status': 'success', 'loaded': ['home_pipe', 'away_pipe', 'win_pipe', 'metadata', 'feature_columns']}
2025-11-16 15:00:14,876 INFO history No prediction_history.json found; starting with empty history.
2025-11-16 15:00:14,876 INFO api Application initialized: {'dataset': 'loaded', 'models': {'status': 'success', 'loaded': ['home_pipe', 'away_pipe', 'win_pipe', 'metadata', 'feature_columns']}, 'history': 'loaded 0 entries'}
2025-11-16 15:00:14,877 INFO api 🛑 Application shutdown complete
2025-11-16 15:00:19,797 INFO api 🚀 Starting NFL Prediction API
2025-11-16 15:00:19,904 INFO root Dataset loaded successfully: 2214 rows, 214 columns
2025-11-16 15:00:21,248 INFO root ✓ Loaded home_pipe from home_model.joblib
2025-11-16 15:00:21,292 INFO root ✓ Loaded away_pipe from away_model.joblib
2025-11-16 15:00:21,298 INFO root ✓ Loaded win_pipe from win_clf_calibrated.joblib
2025-11-16 15:00:21,299 INFO models Loaded metadata from C:\Users\goku\Documents\NFL_ML_Predictions\backend\models\metadata.json
2025-11-16 15:00:21,299 INFO root Model coherence validation passed
2025-11-16 15:00:21,299 INFO root Model loading completed: {'status': 'success', 'loaded': ['home_pipe', 'away_pipe', 'win_pipe', 'metadata', 'feature_columns']}
2025-11-16 15:00:21,300 INFO history No prediction_history.json found; starting with empty history.
2025-11-16 15:00:21,300 INFO api Application initialized: {'dataset': 'loaded', 'models': {'status': 'success', 'loaded': ['home_pipe', 'away_pipe', 'win_pipe', 'metadata', 'feature_columns']}, 'history': 'loaded 0 entries'}
2025-11-16 15:00:23,673 INFO api 🛑 Application shutdown complete
2025-11-16 15:00:25,151 INFO api 🚀 Starting NFL Prediction API
2025-11-16 15:00:25,260 INFO root Dataset loaded successfully: 2214 rows, 214 columns
2025-11-16 15:00:26,588 INFO root ✓ Loaded home_pipe from home_model.joblib
2025-11-16 15:00:26,632 INFO root ✓ Loaded away_pipe from away_model.joblib
2025-11-16 15:00:26,638 INFO root ✓ Loaded win_pipe from win_clf_calibrated.joblib
2025-11-16 15:00:26,638 INFO models Loaded metadata from C:\Users\goku\Documents\NFL_ML_Predictions\backend\models\metadata.json
2025-11-16 15:00:26,639 INFO root Model coherence validation passed
2025-11-16 15:00:26,639 INFO root Model loading completed: {'status': 'success', 'loaded': ['home_pipe', 'away_pipe', 'win_pipe', 'metadata', 'feature_columns']}
2025-11-16 15:00:26,639 INFO history No prediction_history.json found; starting with empty history.
2025-11-16 15:00:26,640 INFO api Application initialized: {'dataset': 'loaded', 'models': {'status': 'success', 'loaded': ['home_pipe', 'away_pipe', 'win_pipe', 'metadata', 'feature_columns']}, 'history': 'loaded 0 entries'}
2025-11-16 15:00:34,093 INFO api 🛑 Application shutdown complete
2025-11-16 15:02:27,492 INFO api 🚀 Starting NFL Prediction API
2025-11-16 15:02:27,603 INFO root Dataset loaded successfully: 2214 rows, 214 columns
2025-11-16 15:02:28,978 INFO root ✓ Loaded home_pipe from home_model.joblib
2025-11-16 15:02:29,025 INFO root ✓ Loaded away_pipe from away_model.joblib
2025-11-16 15:02:29,031 INFO root ✓ Loaded win_pipe from win_clf_calibrated.joblib
2025-11-16 15:02:29,032 INFO models Loaded metadata from C:\Users\goku\Documents\NFL_ML_Predictions\backend\models\metadata.json
2025-11-16 15:02:29,032 INFO root Model coherence validation passed
2025-11-16 15:02:29,033 INFO root Model loading completed: {'status': 'success', 'loaded': ['home_pipe', 'away_pipe', 'win_pipe', 'metadata', 'feature_columns']}
2025-11-16 15:02:29,033 INFO history No prediction_history.json found; starting with empty history.
2025-11-16 15:02:29,033 INFO api Application initialized: {'dataset': 'loaded', 'models': {'status': 'success', 'loaded': ['home_pipe', 'away_pipe', 'win_pipe', 'metadata', 'feature_columns']}, 'history': 'loaded 0 entries'}
2025-11-16 15:03:06,726 INFO api 🛑 Application shutdown complete
2025-11-16 15:03:10,648 INFO api 🚀 Starting NFL Prediction API
2025-11-16 15:03:10,755 INFO root Dataset loaded successfully: 2214 rows, 214 columns
2025-11-16 15:03:12,057 INFO root ✓ Loaded home_pipe from home_model.joblib
2025-11-16 15:03:12,103 INFO root ✓ Loaded away_pipe from away_model.joblib
2025-11-16 15:03:12,108 INFO root ✓ Loaded win_pipe from win_clf_calibrated.joblib
2025-11-16 15:03:12,109 INFO models Loaded metadata from C:\Users\goku\Documents\NFL_ML_Predictions\backend\models\metadata.json
2025-11-16 15:03:12,109 INFO root Model coherence validation passed
2025-11-16 15:03:12,109 INFO root Model loading completed: {'status': 'success', 'loaded': ['home_pipe', 'away_pipe', 'win_pipe', 'metadata', 'feature_columns']}
2025-11-16 15:03:12,110 INFO history No prediction_history.json found; starting with empty history.
2025-11-16 15:03:12,110 INFO api Application initialized: {'dataset': 'loaded', 'models': {'status': 'success', 'loaded': ['home_pipe', 'away_pipe', 'win_pipe', 'metadata', 'feature_columns']}, 'history': 'loaded 0 entries'}
2025-11-16 15:03:20,579 INFO api 🛑 Application shutdown complete
2025-11-16 15:03:22,024 INFO api 🚀 Starting NFL Prediction API
2025-11-16 15:03:22,131 INFO root Dataset loaded successfully: 2214 rows, 214 columns
2025-11-16 15:03:23,470 INFO root ✓ Loaded home_pipe from home_model.joblib
2025-11-16 15:03:23,516 INFO root ✓ Loaded away_pipe from away_model.joblib
2025-11-16 15:03:23,521 INFO root ✓ Loaded win_pipe from win_clf_calibrated.joblib
2025-11-16 15:03:23,522 INFO models Loaded metadata from C:\Users\goku\Documents\NFL_ML_Predictions\backend\models\metadata.json
2025-11-16 15:03:23,523 INFO root Model coherence validation passed
2025-11-16 15:03:23,523 INFO root Model loading completed: {'status': 'success', 'loaded': ['home_pipe', 'away_pipe', 'win_pipe', 'metadata', 'feature_columns']}
2025-11-16 15:03:23,523 INFO history No prediction_history.json found; starting with empty history.
2025-11-16 15:03:23,524 INFO api Application initialized: {'dataset': 'loaded', 'models': {'status': 'success', 'loaded': ['home_pipe', 'away_pipe', 'win_pipe', 'metadata', 'feature_columns']}, 'history': 'loaded 0 entries'}
2025-11-16 15:03:30,680 INFO api 🛑 Application shutdown complete
2025-11-16 15:03:32,198 INFO api 🚀 Starting NFL Prediction API
2025-11-16 15:03:32,319 INFO root Dataset loaded successfully: 2214 rows, 214 columns
2025-11-16 15:03:33,708 INFO root ✓ Loaded home_pipe from home_model.joblib
2025-11-16 15:03:33,756 INFO root ✓ Loaded away_pipe from away_model.joblib
2025-11-16 15:03:33,762 INFO root ✓ Loaded win_pipe from win_clf_calibrated.joblib
2025-11-16 15:03:33,763 INFO models Loaded metadata from C:\Users\goku\Documents\NFL_ML_Predictions\backend\models\metadata.json
2025-11-16 15:03:33,763 INFO root Model coherence validation passed
2025-11-16 15:03:33,763 INFO root Model loading completed: {'status': 'success', 'loaded': ['home_pipe', 'away_pipe', 'win_pipe', 'metadata', 'feature_columns']}
2025-11-16 15:03:33,764 INFO history No prediction_history.json found; starting with empty history.
2025-11-16 15:03:33,764 INFO api Application initialized: {'dataset': 'loaded', 'models': {'status': 'success', 'loaded': ['home_pipe', 'away_pipe', 'win_pipe', 'metadata', 'feature_columns']}, 'history': 'loaded 0 entries'}
2025-11-16 15:03:33,765 INFO api 🛑 Application shutdown complete
2025-11-16 15:03:36,531 INFO api 🚀 Starting NFL Prediction API
2025-11-16 15:03:36,642 INFO root Dataset loaded successfully: 2214 rows, 214 columns
2025-11-16 15:03:38,102 INFO root ✓ Loaded home_pipe from home_model.joblib
2025-11-16 15:03:38,148 INFO root ✓ Loaded away_pipe from away_model.joblib
2025-11-16 15:03:38,154 INFO root ✓ Loaded win_pipe from win_clf_calibrated.joblib
2025-11-16 15:03:38,154 INFO models Loaded metadata from C:\Users\goku\Documents\NFL_ML_Predictions\backend\models\metadata.json
2025-11-16 15:03:38,155 INFO root Model coherence validation passed
2025-11-16 15:03:38,155 INFO root Model loading completed: {'status': 'success', 'loaded': ['home_pipe', 'away_pipe', 'win_pipe', 'metadata', 'feature_columns']}
2025-11-16 15:03:38,155 INFO history No prediction_history.json found; starting with empty history.
2025-11-16 15:03:38,156 INFO api Application initialized: {'dataset': 'loaded', 'models': {'status': 'success', 'loaded': ['home_pipe', 'away_pipe', 'win_pipe', 'metadata', 'feature_columns']}, 'history': 'loaded 0 entries'}
2025-11-16 15:03:38,157 INFO api 🛑 Application shutdown complete
2025-11-16 15:03:41,209 INFO api 🚀 Starting NFL Prediction API
2025-11-16 15:03:41,321 INFO root Dataset loaded successfully: 2214 rows, 214 columns
2025-11-16 15:03:42,750 INFO root ✓ Loaded home_pipe from home_model.joblib
2025-11-16 15:03:42,795 INFO root ✓ Loaded away_pipe from away_model.joblib
2025-11-16 15:03:42,801 INFO root ✓ Loaded win_pipe from win_clf_calibrated.joblib
2025-11-16 15:03:42,802 INFO models Loaded metadata from C:\Users\goku\Documents\NFL_ML_Predictions\backend\models\metadata.json
2025-11-16 15:03:42,803 INFO root Model coherence validation passed
2025-11-16 15:03:42,803 INFO root Model loading completed: {'status': 'success', 'loaded': ['home_pipe', 'away_pipe', 'win_pipe', 'metadata', 'feature_columns']}
2025-11-16 15:03:42,804 INFO history No prediction_history.json found; starting with empty history.
2025-11-16 15:03:42,804 INFO api Application initialized: {'dataset': 'loaded', 'models': {'status': 'success', 'loaded': ['home_pipe', 'away_pipe', 'win_pipe', 'metadata', 'feature_columns']}, 'history': 'loaded 0 entries'}
2025-11-16 15:03:43,643 INFO api 🛑 Application shutdown complete
2025-11-16 15:03:45,147 INFO api 🚀 Starting NFL Prediction API
2025-11-16 15:03:45,253 INFO root Dataset loaded successfully: 2214 rows, 214 columns
2025-11-16 15:03:46,634 INFO root ✓ Loaded home_pipe from home_model.joblib
2025-11-16 15:03:46,682 INFO root ✓ Loaded away_pipe from away_model.joblib
2025-11-16 15:03:46,689 INFO root ✓ Loaded win_pipe from win_clf_calibrated.joblib
2025-11-16 15:03:46,690 INFO models Loaded metadata from C:\Users\goku\Documents\NFL_ML_Predictions\backend\models\metadata.json
2025-11-16 15:03:46,690 INFO root Model coherence validation passed
2025-11-16 15:03:46,691 INFO root Model loading completed: {'status': 'success', 'loaded': ['home_pipe', 'away_pipe', 'win_pipe', 'metadata', 'feature_columns']}
2025-11-16 15:03:46,691 INFO history No prediction_history.json found; starting with empty history.
2025-11-16 15:03:46,691 INFO api Application initialized: {'dataset': 'loaded', 'models': {'status': 'success', 'loaded': ['home_pipe', 'away_pipe', 'win_pipe', 'metadata', 'feature_columns']}, 'history': 'loaded 0 entries'}
2025-11-16 15:03:48,054 INFO api 🛑 Application shutdown complete
2025-11-16 15:03:49,567 INFO api 🚀 Starting NFL Prediction API
2025-11-16 15:03:49,674 INFO root Dataset loaded successfully: 2214 rows, 214 columns
2025-11-16 15:03:51,004 INFO root ✓ Loaded home_pipe from home_model.joblib
2025-11-16 15:03:51,050 INFO root ✓ Loaded away_pipe from away_model.joblib
2025-11-16 15:03:51,056 INFO root ✓ Loaded win_pipe from win_clf_calibrated.joblib
2025-11-16 15:03:51,057 INFO models Loaded metadata from C:\Users\goku\Documents\NFL_ML_Predictions\backend\models\metadata.json
2025-11-16 15:03:51,057 INFO root Model coherence validation passed
2025-11-16 15:03:51,057 INFO root Model loading completed: {'status': 'success', 'loaded': ['home_pipe', 'away_pipe', 'win_pipe', 'metadata', 'feature_columns']}
2025-11-16 15:03:51,058 INFO history No prediction_history.json found; starting with empty history.
2025-11-16 15:03:51,058 INFO api Application initialized: {'dataset': 'loaded', 'models': {'status': 'success', 'loaded': ['home_pipe', 'away_pipe', 'win_pipe', 'metadata', 'feature_columns']}, 'history': 'loaded 0 entries'}
2025-11-16 15:03:51,059 INFO api 🛑 Application shutdown complete
2025-11-16 15:03:57,766 INFO api 🚀 Starting NFL Prediction API
2025-11-16 15:03:57,878 INFO root Dataset loaded successfully: 2214 rows, 214 columns
2025-11-16 15:03:59,314 INFO root ✓ Loaded home_pipe from home_model.joblib
2025-11-16 15:03:59,366 INFO root ✓ Loaded away_pipe from away_model.joblib
2025-11-16 15:03:59,373 INFO root ✓ Loaded win_pipe from win_clf_calibrated.joblib
2025-11-16 15:03:59,374 INFO models Loaded metadata from C:\Users\goku\Documents\NFL_ML_Predictions\backend\models\metadata.json
2025-11-16 15:03:59,375 INFO root Model coherence validation passed
2025-11-16 15:03:59,375 INFO root Model loading completed: {'status': 'success', 'loaded': ['home_pipe', 'away_pipe', 'win_pipe', 'metadata', 'feature_columns']}
2025-11-16 15:03:59,376 INFO history No prediction_history.json found; starting with empty history.
2025-11-16 15:03:59,376 INFO api Application initialized: {'dataset': 'loaded', 'models': {'status': 'success', 'loaded': ['home_pipe', 'away_pipe', 'win_pipe', 'metadata', 'feature_columns']}, 'history': 'loaded 0 entries'}
2025-11-16 15:03:59,377 INFO api 🛑 Application shutdown complete
2025-11-16 15:04:00,925 INFO api 🚀 Starting NFL Prediction API
2025-11-16 15:04:01,031 INFO root Dataset loaded successfully: 2214 rows, 214 columns
2025-11-16 15:04:02,341 INFO root ✓ Loaded home_pipe from home_model.joblib
2025-11-16 15:04:02,386 INFO root ✓ Loaded away_pipe from away_model.joblib
2025-11-16 15:04:02,391 INFO root ✓ Loaded win_pipe from win_clf_calibrated.joblib
2025-11-16 15:04:02,392 INFO models Loaded metadata from C:\Users\goku\Documents\NFL_ML_Predictions\backend\models\metadata.json
2025-11-16 15:04:02,393 INFO root Model coherence validation passed
2025-11-16 15:04:02,393 INFO root Model loading completed: {'status': 'success', 'loaded': ['home_pipe', 'away_pipe', 'win_pipe', 'metadata', 'feature_columns']}
2025-11-16 15:04:02,393 INFO history No prediction_history.json found; starting with empty history.
2025-11-16 15:04:02,394 INFO api Application initialized: {'dataset': 'loaded', 'models': {'status': 'success', 'loaded': ['home_pipe', 'away_pipe', 'win_pipe', 'metadata', 'feature_columns']}, 'history': 'loaded 0 entries'}
2025-11-16 15:04:02,394 INFO api 🛑 Application shutdown complete
2025-11-16 15:04:03,868 INFO api 🚀 Starting NFL Prediction API
2025-11-16 15:04:03,974 INFO root Dataset loaded successfully: 2214 rows, 214 columns
2025-11-16 15:04:05,261 INFO root ✓ Loaded home_pipe from home_model.joblib
2025-11-16 15:04:05,306 INFO root ✓ Loaded away_pipe from away_model.joblib
2025-11-16 15:04:05,311 INFO root ✓ Loaded win_pipe from win_clf_calibrated.joblib
2025-11-16 15:04:05,312 INFO models Loaded metadata from C:\Users\goku\Documents\NFL_ML_Predictions\backend\models\metadata.json
2025-11-16 15:04:05,312 INFO root Model coherence validation passed
2025-11-16 15:04:05,312 INFO root Model loading completed: {'status': 'success', 'loaded': ['home_pipe', 'away_pipe', 'win_pipe', 'metadata', 'feature_columns']}
2025-11-16 15:04:05,313 INFO history No prediction_history.json found; starting with empty history.
2025-11-16 15:04:05,313 INFO api Application initialized: {'dataset': 'loaded', 'models': {'status': 'success', 'loaded': ['home_pipe', 'away_pipe', 'win_pipe', 'metadata', 'feature_columns']}, 'history': 'loaded 0 entries'}
2025-11-16 15:04:07,353 INFO api 🛑 Application shutdown complete
2025-11-16 15:04:08,826 INFO api 🚀 Starting NFL Prediction API
2025-11-16 15:04:08,931 INFO root Dataset loaded successfully: 2214 rows, 214 columns
2025-11-16 15:04:10,249 INFO root ✓ Loaded home_pipe from home_model.joblib
2025-11-16 15:04:10,294 INFO root ✓ Loaded away_pipe from away_model.joblib
2025-11-16 15:04:10,300 INFO root ✓ Loaded win_pipe from win_clf_calibrated.joblib
2025-11-16 15:04:10,300 INFO models Loaded metadata from C:\Users\goku\Documents\NFL_ML_Predictions\backend\models\metadata.json
2025-11-16 15:04:10,301 INFO root Model coherence validation passed
2025-11-16 15:04:10,301 INFO root Model loading completed: {'status': 'success', 'loaded': ['home_pipe', 'away_pipe', 'win_pipe', 'metadata', 'feature_columns']}
2025-11-16 15:04:10,302 INFO history No prediction_history.json found; starting with empty history.
2025-11-16 15:04:10,302 INFO api Application initialized: {'dataset': 'loaded', 'models': {'status': 'success', 'loaded': ['home_pipe', 'away_pipe', 'win_pipe', 'metadata', 'feature_columns']}, 'history': 'loaded 0 entries'}
2025-11-16 15:04:21,625 INFO api 🛑 Application shutdown complete
2025-11-16 15:04:23,146 INFO api 🚀 Starting NFL Prediction API
2025-11-16 15:04:23,270 INFO root Dataset loaded successfully: 2214 rows, 214 columns
2025-11-16 15:04:24,680 INFO root ✓ Loaded home_pipe from home_model.joblib
2025-11-16 15:04:24,725 INFO root ✓ Loaded away_pipe from away_model.joblib
2025-11-16 15:04:24,731 INFO root ✓ Loaded win_pipe from win_clf_calibrated.joblib
2025-11-16 15:04:24,732 INFO models Loaded metadata from C:\Users\goku\Documents\NFL_ML_Predictions\backend\models\metadata.json
2025-11-16 15:04:24,732 INFO root Model coherence validation passed
2025-11-16 15:04:24,732 INFO root Model loading completed: {'status': 'success', 'loaded': ['home_pipe', 'away_pipe', 'win_pipe', 'metadata', 'feature_columns']}
2025-11-16 15:04:24,733 INFO history No prediction_history.json found; starting with empty history.
2025-11-16 15:04:24,733 INFO api Application initialized: {'dataset': 'loaded', 'models': {'status': 'success', 'loaded': ['home_pipe', 'away_pipe', 'win_pipe', 'metadata', 'feature_columns']}, 'history': 'loaded 0 entries'}
2025-11-16 15:04:24,734 INFO api 🛑 Application shutdown complete
2025-11-16 15:04:26,346 INFO api 🚀 Starting NFL Prediction API
2025-11-16 15:04:26,478 INFO root Dataset loaded successfully: 2214 rows, 214 columns
2025-11-16 15:04:27,896 INFO root ✓ Loaded home_pipe from home_model.joblib
2025-11-16 15:04:27,942 INFO root ✓ Loaded away_pipe from away_model.joblib
2025-11-16 15:04:27,948 INFO root ✓ Loaded win_pipe from win_clf_calibrated.joblib
2025-11-16 15:04:27,948 INFO models Loaded metadata from C:\Users\goku\Documents\NFL_ML_Predictions\backend\models\metadata.json
2025-11-16 15:04:27,949 INFO root Model coherence validation passed
2025-11-16 15:04:27,949 INFO root Model loading completed: {'status': 'success', 'loaded': ['home_pipe', 'away_pipe', 'win_pipe', 'metadata', 'feature_columns']}
2025-11-16 15:04:27,949 INFO history No prediction_history.json found; starting with empty history.
2025-11-16 15:04:27,950 INFO api Application initialized: {'dataset': 'loaded', 'models': {'status': 'success', 'loaded': ['home_pipe', 'away_pipe', 'win_pipe', 'metadata', 'feature_columns']}, 'history': 'loaded 0 entries'}
2025-11-16 15:04:27,950 INFO api 🛑 Application shutdown complete
2025-11-16 15:04:29,592 INFO api 🚀 Starting NFL Prediction API
2025-11-16 15:04:29,716 INFO root Dataset loaded successfully: 2214 rows, 214 columns
2025-11-16 15:04:31,024 INFO root ✓ Loaded home_pipe from home_model.joblib
2025-11-16 15:04:31,068 INFO root ✓ Loaded away_pipe from away_model.joblib
2025-11-16 15:04:31,074 INFO root ✓ Loaded win_pipe from win_clf_calibrated.joblib
2025-11-16 15:04:31,074 INFO models Loaded metadata from C:\Users\goku\Documents\NFL_ML_Predictions\backend\models\metadata.json
2025-11-16 15:04:31,075 INFO root Model coherence validation passed
2025-11-16 15:04:31,075 INFO root Model loading completed: {'status': 'success', 'loaded': ['home_pipe', 'away_pipe', 'win_pipe', 'metadata', 'feature_columns']}
2025-11-16 15:04:31,076 INFO history No prediction_history.json found; starting with empty history.
2025-11-16 15:04:31,076 INFO api Application initialized: {'dataset': 'loaded', 'models': {'status': 'success', 'loaded': ['home_pipe', 'away_pipe', 'win_pipe', 'metadata', 'feature_columns']}, 'history': 'loaded 0 entries'}
2025-11-16 15:04:31,076 INFO api 🛑 Application shutdown complete
2025-11-16 15:04:32,566 INFO api 🚀 Starting NFL Prediction API
2025-11-16 15:04:32,671 INFO root Dataset loaded successfully: 2214 rows, 214 columns
2025-11-16 15:04:33,923 INFO root ✓ Loaded home_pipe from home_model.joblib
2025-11-16 15:04:33,967 INFO root ✓ Loaded away_pipe from away_model.joblib
2025-11-16 15:04:33,973 INFO root ✓ Loaded win_pipe from win_clf_calibrated.joblib
2025-11-16 15:04:33,974 INFO models Loaded metadata from C:\Users\goku\Documents\NFL_ML_Predictions\backend\models\metadata.json
2025-11-16 15:04:33,974 INFO root Model coherence validation passed
2025-11-16 15:04:33,974 INFO root Model loading completed: {'status': 'success', 'loaded': ['home_pipe', 'away_pipe', 'win_pipe', 'metadata', 'feature_columns']}
2025-11-16 15:04:33,975 INFO history No prediction_history.json found; starting with empty history.
2025-11-16 15:04:33,975 INFO api Application initialized: {'dataset': 'loaded', 'models': {'status': 'success', 'loaded': ['home_pipe', 'away_pipe', 'win_pipe', 'metadata', 'feature_columns']}, 'history': 'loaded 0 entries'}
2025-11-16 15:04:33,976 INFO api 🛑 Application shutdown complete
2025-11-16 15:04:35,449 INFO api 🚀 Starting NFL Prediction API
2025-11-16 15:04:35,576 INFO root Dataset loaded successfully: 2214 rows, 214 columns
2025-11-16 15:04:36,862 INFO root ✓ Loaded home_pipe from home_model.joblib
2025-11-16 15:04:36,907 INFO root ✓ Loaded away_pipe from away_model.joblib
2025-11-16 15:04:36,913 INFO root ✓ Loaded win_pipe from win_clf_calibrated.joblib
2025-11-16 15:04:36,913 INFO models Loaded metadata from C:\Users\goku\Documents\NFL_ML_Predictions\backend\models\metadata.json
2025-11-16 15:04:36,914 INFO root Model coherence validation passed
2025-11-16 15:04:36,914 INFO root Model loading completed: {'status': 'success', 'loaded': ['home_pipe', 'away_pipe', 'win_pipe', 'metadata', 'feature_columns']}
2025-11-16 15:04:36,914 INFO history No prediction_history.json found; starting with empty history.
2025-11-16 15:04:36,915 INFO api Application initialized: {'dataset': 'loaded', 'models': {'status': 'success', 'loaded': ['home_pipe', 'away_pipe', 'win_pipe', 'metadata', 'feature_columns']}, 'history': 'loaded 0 entries'}
2025-11-16 15:04:36,916 INFO api 🛑 Application shutdown complete
2025-11-16 15:04:39,937 INFO api 🚀 Starting NFL Prediction API
2025-11-16 15:04:40,047 INFO root Dataset loaded successfully: 2214 rows, 214 columns
2025-11-16 15:04:41,357 INFO root ✓ Loaded home_pipe from home_model.joblib
2025-11-16 15:04:41,404 INFO root ✓ Loaded away_pipe from away_model.joblib
2025-11-16 15:04:41,410 INFO root ✓ Loaded win_pipe from win_clf_calibrated.joblib
2025-11-16 15:04:41,411 INFO models Loaded metadata from C:\Users\goku\Documents\NFL_ML_Predictions\backend\models\metadata.json
2025-11-16 15:04:41,411 INFO root Model coherence validation passed
2025-11-16 15:04:41,411 INFO root Model loading completed: {'status': 'success', 'loaded': ['home_pipe', 'away_pipe', 'win_pipe', 'metadata', 'feature_columns']}
2025-11-16 15:04:41,412 INFO history No prediction_history.json found; starting with empty history.
2025-11-16 15:04:41,412 INFO api Application initialized: {'dataset': 'loaded', 'models': {'status': 'success', 'loaded': ['home_pipe', 'away_pipe', 'win_pipe', 'metadata', 'feature_columns']}, 'history': 'loaded 0 entries'}
2025-11-16 15:04:53,679 INFO api 🛑 Application shutdown complete
2025-11-16 15:05:10,171 INFO api 🚀 Starting NFL Prediction API
2025-11-16 15:05:10,282 INFO root Dataset loaded successfully: 2214 rows, 214 columns
2025-11-16 15:05:11,631 INFO root ✓ Loaded home_pipe from home_model.joblib
2025-11-16 15:05:11,676 INFO root ✓ Loaded away_pipe from away_model.joblib
2025-11-16 15:05:11,682 INFO root ✓ Loaded win_pipe from win_clf_calibrated.joblib
2025-11-16 15:05:11,682 INFO models Loaded metadata from C:\Users\goku\Documents\NFL_ML_Predictions\backend\models\metadata.json
2025-11-16 15:05:11,683 INFO root Model coherence validation passed
2025-11-16 15:05:11,683 INFO root Model loading completed: {'status': 'success', 'loaded': ['home_pipe', 'away_pipe', 'win_pipe', 'metadata', 'feature_columns']}
2025-11-16 15:05:11,684 INFO history No prediction_history.json found; starting with empty history.
2025-11-16 15:05:11,684 INFO api Application initialized: {'dataset': 'loaded', 'models': {'status': 'success', 'loaded': ['home_pipe', 'away_pipe', 'win_pipe', 'metadata', 'feature_columns']}, 'history': 'loaded 0 entries'}
2025-11-16 15:05:33,031 INFO api 🛑 Application shutdown complete
2025-11-16 15:06:26,122 INFO api 🚀 Starting NFL Prediction API
2025-11-16 15:06:26,255 INFO root Dataset loaded successfully: 2214 rows, 214 columns
2025-11-16 15:06:27,630 INFO root ✓ Loaded home_pipe from home_model.joblib
2025-11-16 15:06:27,677 INFO root ✓ Loaded away_pipe from away_model.joblib
2025-11-16 15:06:27,682 INFO root ✓ Loaded win_pipe from win_clf_calibrated.joblib
2025-11-16 15:06:27,683 INFO models Loaded metadata from C:\Users\goku\Documents\NFL_ML_Predictions\backend\models\metadata.json
2025-11-16 15:06:27,683 INFO root Model coherence validation passed
2025-11-16 15:06:27,684 INFO root Model loading completed: {'status': 'success', 'loaded': ['home_pipe', 'away_pipe', 'win_pipe', 'metadata', 'feature_columns']}
2025-11-16 15:06:27,684 INFO history No prediction_history.json found; starting with empty history.
2025-11-16 15:06:27,684 INFO api Application initialized: {'dataset': 'loaded', 'models': {'status': 'success', 'loaded': ['home_pipe', 'away_pipe', 'win_pipe', 'metadata', 'feature_columns']}, 'history': 'loaded 0 entries'}
2025-11-16 15:06:29,484 INFO api 🛑 Application shutdown complete
2025-11-16 15:06:32,681 INFO api 🚀 Starting NFL Prediction API
2025-11-16 15:06:32,791 INFO root Dataset loaded successfully: 2214 rows, 214 columns
2025-11-16 15:06:34,155 INFO root ✓ Loaded home_pipe from home_model.joblib
2025-11-16 15:06:34,201 INFO root ✓ Loaded away_pipe from away_model.joblib
2025-11-16 15:06:34,207 INFO root ✓ Loaded win_pipe from win_clf_calibrated.joblib
2025-11-16 15:06:34,207 INFO models Loaded metadata from C:\Users\goku\Documents\NFL_ML_Predictions\backend\models\metadata.json
2025-11-16 15:06:34,208 INFO root Model coherence validation passed
2025-11-16 15:06:34,208 INFO root Model loading completed: {'status': 'success', 'loaded': ['home_pipe', 'away_pipe', 'win_pipe', 'metadata', 'feature_columns']}
2025-11-16 15:06:34,208 INFO history No prediction_history.json found; starting with empty history.
2025-11-16 15:06:34,209 INFO api Application initialized: {'dataset': 'loaded', 'models': {'status': 'success', 'loaded': ['home_pipe', 'away_pipe', 'win_pipe', 'metadata', 'feature_columns']}, 'history': 'loaded 0 entries'}
2025-11-16 15:06:40,373 INFO api 🛑 Application shutdown complete
2025-11-16 15:06:45,260 INFO api 🚀 Starting NFL Prediction API
2025-11-16 15:06:45,369 INFO root Dataset loaded successfully: 2214 rows, 214 columns
2025-11-16 15:06:46,671 INFO root ✓ Loaded home_pipe from home_model.joblib
2025-11-16 15:06:46,716 INFO root ✓ Loaded away_pipe from away_model.joblib
2025-11-16 15:06:46,722 INFO root ✓ Loaded win_pipe from win_clf_calibrated.joblib
2025-11-16 15:06:46,722 INFO models Loaded metadata from C:\Users\goku\Documents\NFL_ML_Predictions\backend\models\metadata.json
2025-11-16 15:06:46,723 INFO root Model coherence validation passed
2025-11-16 15:06:46,723 INFO root Model loading completed: {'status': 'success', 'loaded': ['home_pipe', 'away_pipe', 'win_pipe', 'metadata', 'feature_columns']}
2025-11-16 15:06:46,723 INFO history No prediction_history.json found; starting with empty history.
2025-11-16 15:06:46,724 INFO api Application initialized: {'dataset': 'loaded', 'models': {'status': 'success', 'loaded': ['home_pipe', 'away_pipe', 'win_pipe', 'metadata', 'feature_columns']}, 'history': 'loaded 0 entries'}
2025-11-16 15:06:51,914 INFO api 🛑 Application shutdown complete
2025-11-16 15:06:53,379 INFO api 🚀 Starting NFL Prediction API
2025-11-16 15:06:53,488 INFO root Dataset loaded successfully: 2214 rows, 214 columns
2025-11-16 15:06:54,807 INFO root ✓ Loaded home_pipe from home_model.joblib
2025-11-16 15:06:54,852 INFO root ✓ Loaded away_pipe from away_model.joblib
2025-11-16 15:06:54,857 INFO root ✓ Loaded win_pipe from win_clf_calibrated.joblib
2025-11-16 15:06:54,858 INFO models Loaded metadata from C:\Users\goku\Documents\NFL_ML_Predictions\backend\models\metadata.json
2025-11-16 15:06:54,858 INFO root Model coherence validation passed
2025-11-16 15:06:54,859 INFO root Model loading completed: {'status': 'success', 'loaded': ['home_pipe', 'away_pipe', 'win_pipe', 'metadata', 'feature_columns']}
2025-11-16 15:06:54,859 INFO history No prediction_history.json found; starting with empty history.
2025-11-16 15:06:54,859 INFO api Application initialized: {'dataset': 'loaded', 'models': {'status': 'success', 'loaded': ['home_pipe', 'away_pipe', 'win_pipe', 'metadata', 'feature_columns']}, 'history': 'loaded 0 entries'}
2025-11-16 15:06:57,545 INFO api 🛑 Application shutdown complete
2025-11-16 15:06:59,060 INFO api 🚀 Starting NFL Prediction API
2025-11-16 15:06:59,168 INFO root Dataset loaded successfully: 2214 rows, 214 columns
2025-11-16 15:07:00,500 INFO root ✓ Loaded home_pipe from home_model.joblib
2025-11-16 15:07:00,545 INFO root ✓ Loaded away_pipe from away_model.joblib
2025-11-16 15:07:00,550 INFO root ✓ Loaded win_pipe from win_clf_calibrated.joblib
2025-11-16 15:07:00,551 INFO models Loaded metadata from C:\Users\goku\Documents\NFL_ML_Predictions\backend\models\metadata.json
2025-11-16 15:07:00,551 INFO root Model coherence validation passed
2025-11-16 15:07:00,552 INFO root Model loading completed: {'status': 'success', 'loaded': ['home_pipe', 'away_pipe', 'win_pipe', 'metadata', 'feature_columns']}
2025-11-16 15:07:00,552 INFO history No prediction_history.json found; starting with empty history.
2025-11-16 15:07:00,552 INFO api Application initialized: {'dataset': 'loaded', 'models': {'status': 'success', 'loaded': ['home_pipe', 'away_pipe', 'win_pipe', 'metadata', 'feature_columns']}, 'history': 'loaded 0 entries'}
2025-11-16 15:07:00,553 INFO api 🛑 Application shutdown complete
2025-11-16 15:07:02,074 INFO api 🚀 Starting NFL Prediction API
2025-11-16 15:07:02,221 INFO root Dataset loaded successfully: 2214 rows, 214 columns
2025-11-16 15:07:03,636 INFO root ✓ Loaded home_pipe from home_model.joblib
2025-11-16 15:07:03,684 INFO root ✓ Loaded away_pipe from away_model.joblib
2025-11-16 15:07:03,690 INFO root ✓ Loaded win_pipe from win_clf_calibrated.joblib
2025-11-16 15:07:03,691 INFO models Loaded metadata from C:\Users\goku\Documents\NFL_ML_Predictions\backend\models\metadata.json
2025-11-16 15:07:03,691 INFO root Model coherence validation passed
2025-11-16 15:07:03,691 INFO root Model loading completed: {'status': 'success', 'loaded': ['home_pipe', 'away_pipe', 'win_pipe', 'metadata', 'feature_columns']}
2025-11-16 15:07:03,692 INFO history No prediction_history.json found; starting with empty history.
2025-11-16 15:07:03,692 INFO api Application initialized: {'dataset': 'loaded', 'models': {'status': 'success', 'loaded': ['home_pipe', 'away_pipe', 'win_pipe', 'metadata', 'feature_columns']}, 'history': 'loaded 0 entries'}
2025-11-16 15:07:03,693 INFO api 🛑 Application shutdown complete
2025-11-16 15:07:05,243 INFO api 🚀 Starting NFL Prediction API
2025-11-16 15:07:05,350 INFO root Dataset loaded successfully: 2214 rows, 214 columns
2025-11-16 15:07:06,679 INFO root ✓ Loaded home_pipe from home_model.joblib
2025-11-16 15:07:06,726 INFO root ✓ Loaded away_pipe from away_model.joblib
2025-11-16 15:07:06,732 INFO root ✓ Loaded win_pipe from win_clf_calibrated.joblib
2025-11-16 15:07:06,733 INFO models Loaded metadata from C:\Users\goku\Documents\NFL_ML_Predictions\backend\models\metadata.json
2025-11-16 15:07:06,733 INFO root Model coherence validation passed
2025-11-16 15:07:06,733 INFO root Model loading completed: {'status': 'success', 'loaded': ['home_pipe', 'away_pipe', 'win_pipe', 'metadata', 'feature_columns']}
2025-11-16 15:07:06,734 INFO history No prediction_history.json found; starting with empty history.
2025-11-16 15:07:06,734 INFO api Application initialized: {'dataset': 'loaded', 'models': {'status': 'success', 'loaded': ['home_pipe', 'away_pipe', 'win_pipe', 'metadata', 'feature_columns']}, 'history': 'loaded 0 entries'}
2025-11-16 15:07:06,735 INFO api 🛑 Application shutdown complete
2025-11-16 15:07:08,224 INFO api 🚀 Starting NFL Prediction API
2025-11-16 15:07:08,331 INFO root Dataset loaded successfully: 2214 rows, 214 columns
2025-11-16 15:07:09,614 INFO root ✓ Loaded home_pipe from home_model.joblib
2025-11-16 15:07:09,659 INFO root ✓ Loaded away_pipe from away_model.joblib
2025-11-16 15:07:09,664 INFO root ✓ Loaded win_pipe from win_clf_calibrated.joblib
2025-11-16 15:07:09,665 INFO models Loaded metadata from C:\Users\goku\Documents\NFL_ML_Predictions\backend\models\metadata.json
2025-11-16 15:07:09,665 INFO root Model coherence validation passed
2025-11-16 15:07:09,665 INFO root Model loading completed: {'status': 'success', 'loaded': ['home_pipe', 'away_pipe', 'win_pipe', 'metadata', 'feature_columns']}
2025-11-16 15:07:09,666 INFO history No prediction_history.json found; starting with empty history.
2025-11-16 15:07:09,666 INFO api Application initialized: {'dataset': 'loaded', 'models': {'status': 'success', 'loaded': ['home_pipe', 'away_pipe', 'win_pipe', 'metadata', 'feature_columns']}, 'history': 'loaded 0 entries'}
2025-11-16 15:07:17,898 INFO api 🛑 Application shutdown complete
2025-11-16 15:07:19,369 INFO api 🚀 Starting NFL Prediction API
2025-11-16 15:07:19,475 INFO root Dataset loaded successfully: 2214 rows, 214 columns
2025-11-16 15:07:20,813 INFO root ✓ Loaded home_pipe from home_model.joblib
2025-11-16 15:07:20,859 INFO root ✓ Loaded away_pipe from away_model.joblib
2025-11-16 15:07:20,864 INFO root ✓ Loaded win_pipe from win_clf_calibrated.joblib
2025-11-16 15:07:20,865 INFO models Loaded metadata from C:\Users\goku\Documents\NFL_ML_Predictions\backend\models\metadata.json
2025-11-16 15:07:20,865 INFO root Model coherence validation passed
2025-11-16 15:07:20,865 INFO root Model loading completed: {'status': 'success', 'loaded': ['home_pipe', 'away_pipe', 'win_pipe', 'metadata', 'feature_columns']}
2025-11-16 15:07:20,866 INFO history No prediction_history.json found; starting with empty history.
2025-11-16 15:07:20,866 INFO api Application initialized: {'dataset': 'loaded', 'models': {'status': 'success', 'loaded': ['home_pipe', 'away_pipe', 'win_pipe', 'metadata', 'feature_columns']}, 'history': 'loaded 0 entries'}
2025-11-16 15:08:16,127 INFO api 🛑 Application shutdown complete
2025-11-16 15:08:17,610 INFO api 🚀 Starting NFL Prediction API
2025-11-16 15:08:17,724 INFO root Dataset loaded successfully: 2214 rows, 214 columns
2025-11-16 15:08:19,111 INFO root ✓ Loaded home_pipe from home_model.joblib
2025-11-16 15:08:19,160 INFO root ✓ Loaded away_pipe from away_model.joblib
2025-11-16 15:08:19,171 INFO root ✓ Loaded win_pipe from win_clf_calibrated.joblib
2025-11-16 15:08:19,172 INFO models Loaded metadata from C:\Users\goku\Documents\NFL_ML_Predictions\backend\models\metadata.json
2025-11-16 15:08:19,173 INFO root Model coherence validation passed
2025-11-16 15:08:19,173 INFO root Model loading completed: {'status': 'success', 'loaded': ['home_pipe', 'away_pipe', 'win_pipe', 'metadata', 'feature_columns']}
2025-11-16 15:08:19,173 INFO history No prediction_history.json found; starting with empty history.
2025-11-16 15:08:19,174 INFO api Application initialized: {'dataset': 'loaded', 'models': {'status': 'success', 'loaded': ['home_pipe', 'away_pipe', 'win_pipe', 'metadata', 'feature_columns']}, 'history': 'loaded 0 entries'}
2025-11-16 15:08:19,175 INFO api 🛑 Application shutdown complete
2025-11-16 15:08:20,725 INFO api 🚀 Starting NFL Prediction API
2025-11-16 15:08:20,838 INFO root Dataset loaded successfully: 2214 rows, 214 columns
2025-11-16 15:08:22,130 INFO root ✓ Loaded home_pipe from home_model.joblib
2025-11-16 15:08:22,175 INFO root ✓ Loaded away_pipe from away_model.joblib
2025-11-16 15:08:22,181 INFO root ✓ Loaded win_pipe from win_clf_calibrated.joblib
2025-11-16 15:08:22,182 INFO models Loaded metadata from C:\Users\goku\Documents\NFL_ML_Predictions\backend\models\metadata.json
2025-11-16 15:08:22,182 INFO root Model coherence validation passed
2025-11-16 15:08:22,182 INFO root Model loading completed: {'status': 'success', 'loaded': ['home_pipe', 'away_pipe', 'win_pipe', 'metadata', 'feature_columns']}
2025-11-16 15:08:22,183 INFO history No prediction_history.json found; starting with empty history.
2025-11-16 15:08:22,183 INFO api Application initialized: {'dataset': 'loaded', 'models': {'status': 'success', 'loaded': ['home_pipe', 'away_pipe', 'win_pipe', 'metadata', 'feature_columns']}, 'history': 'loaded 0 entries'}
2025-11-16 15:08:29,681 INFO api 🛑 Application shutdown complete
2025-11-16 15:08:31,154 INFO api 🚀 Starting NFL Prediction API
2025-11-16 15:08:31,264 INFO root Dataset loaded successfully: 2214 rows, 214 columns
2025-11-16 15:08:32,588 INFO root ✓ Loaded home_pipe from home_model.joblib
2025-11-16 15:08:32,634 INFO root ✓ Loaded away_pipe from away_model.joblib
2025-11-16 15:08:32,639 INFO root ✓ Loaded win_pipe from win_clf_calibrated.joblib
2025-11-16 15:08:32,640 INFO models Loaded metadata from C:\Users\goku\Documents\NFL_ML_Predictions\backend\models\metadata.json
2025-11-16 15:08:32,640 INFO root Model coherence validation passed
2025-11-16 15:08:32,641 INFO root Model loading completed: {'status': 'success', 'loaded': ['home_pipe', 'away_pipe', 'win_pipe', 'metadata', 'feature_columns']}
2025-11-16 15:08:32,641 INFO history No prediction_history.json found; starting with empty history.
2025-11-16 15:08:32,641 INFO api Application initialized: {'dataset': 'loaded', 'models': {'status': 'success', 'loaded': ['home_pipe', 'away_pipe', 'win_pipe', 'metadata', 'feature_columns']}, 'history': 'loaded 0 entries'}
2025-11-16 15:08:34,385 INFO api 🛑 Application shutdown complete
2025-11-16 15:08:35,843 INFO api 🚀 Starting NFL Prediction API
2025-11-16 15:08:35,950 INFO root Dataset loaded successfully: 2214 rows, 214 columns
2025-11-16 15:08:37,266 INFO root ✓ Loaded home_pipe from home_model.joblib
2025-11-16 15:08:37,312 INFO root ✓ Loaded away_pipe from away_model.joblib
2025-11-16 15:08:37,318 INFO root ✓ Loaded win_pipe from win_clf_calibrated.joblib
2025-11-16 15:08:37,318 INFO models Loaded metadata from C:\Users\goku\Documents\NFL_ML_Predictions\backend\models\metadata.json
2025-11-16 15:08:37,319 INFO root Model coherence validation passed
2025-11-16 15:08:37,319 INFO root Model loading completed: {'status': 'success', 'loaded': ['home_pipe', 'away_pipe', 'win_pipe', 'metadata', 'feature_columns']}
2025-11-16 15:08:37,320 INFO history No prediction_history.json found; starting with empty history.
2025-11-16 15:08:37,320 INFO api Application initialized: {'dataset': 'loaded', 'models': {'status': 'success', 'loaded': ['home_pipe', 'away_pipe', 'win_pipe', 'metadata', 'feature_columns']}, 'history': 'loaded 0 entries'}
2025-11-16 15:08:38,804 INFO api 🛑 Application shutdown complete
2025-11-16 15:08:40,343 INFO api 🚀 Starting NFL Prediction API
2025-11-16 15:08:40,451 INFO root Dataset loaded successfully: 2214 rows, 214 columns
2025-11-16 15:08:41,748 INFO root ✓ Loaded home_pipe from home_model.joblib
2025-11-16 15:08:41,794 INFO root ✓ Loaded away_pipe from away_model.joblib
2025-11-16 15:08:41,799 INFO root ✓ Loaded win_pipe from win_clf_calibrated.joblib
2025-11-16 15:08:41,800 INFO models Loaded metadata from C:\Users\goku\Documents\NFL_ML_Predictions\backend\models\metadata.json
2025-11-16 15:08:41,800 INFO root Model coherence validation passed
2025-11-16 15:08:41,801 INFO root Model loading completed: {'status': 'success', 'loaded': ['home_pipe', 'away_pipe', 'win_pipe', 'metadata', 'feature_columns']}
2025-11-16 15:08:41,801 INFO history No prediction_history.json found; starting with empty history.
2025-11-16 15:08:41,801 INFO api Application initialized: {'dataset': 'loaded', 'models': {'status': 'success', 'loaded': ['home_pipe', 'away_pipe', 'win_pipe', 'metadata', 'feature_columns']}, 'history': 'loaded 0 entries'}
2025-11-16 15:08:52,123 INFO api 🛑 Application shutdown complete
2025-11-16 15:08:53,630 INFO api 🚀 Starting NFL Prediction API
2025-11-16 15:08:53,752 INFO root Dataset loaded successfully: 2214 rows, 214 columns
2025-11-16 15:08:55,132 INFO root ✓ Loaded home_pipe from home_model.joblib
2025-11-16 15:08:55,178 INFO root ✓ Loaded away_pipe from away_model.joblib
2025-11-16 15:08:55,183 INFO root ✓ Loaded win_pipe from win_clf_calibrated.joblib
2025-11-16 15:08:55,184 INFO models Loaded metadata from C:\Users\goku\Documents\NFL_ML_Predictions\backend\models\metadata.json
2025-11-16 15:08:55,184 INFO root Model coherence validation passed
2025-11-16 15:08:55,185 INFO root Model loading completed: {'status': 'success', 'loaded': ['home_pipe', 'away_pipe', 'win_pipe', 'metadata', 'feature_columns']}
2025-11-16 15:08:55,185 INFO history No prediction_history.json found; starting with empty history.
2025-11-16 15:08:55,185 INFO api Application initialized: {'dataset': 'loaded', 'models': {'status': 'success', 'loaded': ['home_pipe', 'away_pipe', 'win_pipe', 'metadata', 'feature_columns']}, 'history': 'loaded 0 entries'}
2025-11-16 15:08:55,186 INFO api 🛑 Application shutdown complete
2025-11-16 15:08:56,666 INFO api 🚀 Starting NFL Prediction API
2025-11-16 15:08:56,773 INFO root Dataset loaded successfully: 2214 rows, 214 columns
2025-11-16 15:08:58,036 INFO root ✓ Loaded home_pipe from home_model.joblib
2025-11-16 15:08:58,081 INFO root ✓ Loaded away_pipe from away_model.joblib
2025-11-16 15:08:58,087 INFO root ✓ Loaded win_pipe from win_clf_calibrated.joblib
2025-11-16 15:08:58,087 INFO models Loaded metadata from C:\Users\goku\Documents\NFL_ML_Predictions\backend\models\metadata.json
2025-11-16 15:08:58,088 INFO root Model coherence validation passed
2025-11-16 15:08:58,088 INFO root Model loading completed: {'status': 'success', 'loaded': ['home_pipe', 'away_pipe', 'win_pipe', 'metadata', 'feature_columns']}
2025-11-16 15:08:58,088 INFO history No prediction_history.json found; starting with empty history.
2025-11-16 15:08:58,089 INFO api Application initialized: {'dataset': 'loaded', 'models': {'status': 'success', 'loaded': ['home_pipe', 'away_pipe', 'win_pipe', 'metadata', 'feature_columns']}, 'history': 'loaded 0 entries'}
2025-11-16 15:09:02,178 INFO api 🛑 Application shutdown complete
2025-11-16 15:09:03,646 INFO api 🚀 Starting NFL Prediction API
2025-11-16 15:09:03,764 INFO root Dataset loaded successfully: 2214 rows, 214 columns
2025-11-16 15:09:05,074 INFO root ✓ Loaded home_pipe from home_model.joblib
2025-11-16 15:09:05,123 INFO root ✓ Loaded away_pipe from away_model.joblib
2025-11-16 15:09:05,129 INFO root ✓ Loaded win_pipe from win_clf_calibrated.joblib
2025-11-16 15:09:05,130 INFO models Loaded metadata from C:\Users\goku\Documents\NFL_ML_Predictions\backend\models\metadata.json
2025-11-16 15:09:05,130 INFO root Model coherence validation passed
2025-11-16 15:09:05,131 INFO root Model loading completed: {'status': 'success', 'loaded': ['home_pipe', 'away_pipe', 'win_pipe', 'metadata', 'feature_columns']}
2025-11-16 15:09:05,131 INFO history No prediction_history.json found; starting with empty history.
2025-11-16 15:09:05,131 INFO api Application initialized: {'dataset': 'loaded', 'models': {'status': 'success', 'loaded': ['home_pipe', 'away_pipe', 'win_pipe', 'metadata', 'feature_columns']}, 'history': 'loaded 0 entries'}
2025-11-16 15:09:09,172 INFO api 🛑 Application shutdown complete
2025-11-16 15:09:10,637 INFO api 🚀 Starting NFL Prediction API
2025-11-16 15:09:10,746 INFO root Dataset loaded successfully: 2214 rows, 214 columns
2025-11-16 15:09:12,078 INFO root ✓ Loaded home_pipe from home_model.joblib
2025-11-16 15:09:12,124 INFO root ✓ Loaded away_pipe from away_model.joblib
2025-11-16 15:09:12,129 INFO root ✓ Loaded win_pipe from win_clf_calibrated.joblib
2025-11-16 15:09:12,130 INFO models Loaded metadata from C:\Users\goku\Documents\NFL_ML_Predictions\backend\models\metadata.json
2025-11-16 15:09:12,131 INFO root Model coherence validation passed
2025-11-16 15:09:12,131 INFO root Model loading completed: {'status': 'success', 'loaded': ['home_pipe', 'away_pipe', 'win_pipe', 'metadata', 'feature_columns']}
2025-11-16 15:09:12,131 INFO history No prediction_history.json found; starting with empty history.
2025-11-16 15:09:12,132 INFO api Application initialized: {'dataset': 'loaded', 'models': {'status': 'success', 'loaded': ['home_pipe', 'away_pipe', 'win_pipe', 'metadata', 'feature_columns']}, 'history': 'loaded 0 entries'}
2025-11-16 15:09:15,356 INFO api 🛑 Application shutdown complete
2025-11-16 15:09:23,129 INFO api 🚀 Starting NFL Prediction API
2025-11-16 15:09:23,242 INFO root Dataset loaded successfully: 2214 rows, 214 columns
2025-11-16 15:09:24,605 INFO root ✓ Loaded home_pipe from home_model.joblib
2025-11-16 15:09:24,651 INFO root ✓ Loaded away_pipe from away_model.joblib
2025-11-16 15:09:24,657 INFO root ✓ Loaded win_pipe from win_clf_calibrated.joblib
2025-11-16 15:09:24,658 INFO models Loaded metadata from C:\Users\goku\Documents\NFL_ML_Predictions\backend\models\metadata.json
2025-11-16 15:09:24,658 INFO root Model coherence validation passed
2025-11-16 15:09:24,658 INFO root Model loading completed: {'status': 'success', 'loaded': ['home_pipe', 'away_pipe', 'win_pipe', 'metadata', 'feature_columns']}
2025-11-16 15:09:24,659 INFO history No prediction_history.json found; starting with empty history.
2025-11-16 15:09:24,659 INFO api Application initialized: {'dataset': 'loaded', 'models': {'status': 'success', 'loaded': ['home_pipe', 'away_pipe', 'win_pipe', 'metadata', 'feature_columns']}, 'history': 'loaded 0 entries'}
2025-11-16 15:09:27,049 INFO api 🛑 Application shutdown complete
2025-11-16 15:09:28,578 INFO api 🚀 Starting NFL Prediction API
2025-11-16 15:09:28,685 INFO root Dataset loaded successfully: 2214 rows, 214 columns
2025-11-16 15:09:30,046 INFO root ✓ Loaded home_pipe from home_model.joblib
2025-11-16 15:09:30,091 INFO root ✓ Loaded away_pipe from away_model.joblib
2025-11-16 15:09:30,097 INFO root ✓ Loaded win_pipe from win_clf_calibrated.joblib
2025-11-16 15:09:30,097 INFO models Loaded metadata from C:\Users\goku\Documents\NFL_ML_Predictions\backend\models\metadata.json
2025-11-16 15:09:30,098 INFO root Model coherence validation passed
2025-11-16 15:09:30,098 INFO root Model loading completed: {'status': 'success', 'loaded': ['home_pipe', 'away_pipe', 'win_pipe', 'metadata', 'feature_columns']}
2025-11-16 15:09:30,098 INFO history No prediction_history.json found; starting with empty history.
2025-11-16 15:09:30,099 INFO api Application initialized: {'dataset': 'loaded', 'models': {'status': 'success', 'loaded': ['home_pipe', 'away_pipe', 'win_pipe', 'metadata', 'feature_columns']}, 'history': 'loaded 0 entries'}
2025-11-16 15:09:30,099 INFO api 🛑 Application shutdown complete
2025-11-16 15:09:31,577 INFO api 🚀 Starting NFL Prediction API
2025-11-16 15:09:31,684 INFO root Dataset loaded successfully: 2214 rows, 214 columns
2025-11-16 15:09:32,967 INFO root ✓ Loaded home_pipe from home_model.joblib
2025-11-16 15:09:33,012 INFO root ✓ Loaded away_pipe from away_model.joblib
2025-11-16 15:09:33,017 INFO root ✓ Loaded win_pipe from win_clf_calibrated.joblib
2025-11-16 15:09:33,018 INFO models Loaded metadata from C:\Users\goku\Documents\NFL_ML_Predictions\backend\models\metadata.json
2025-11-16 15:09:33,018 INFO root Model coherence validation passed
2025-11-16 15:09:33,018 INFO root Model loading completed: {'status': 'success', 'loaded': ['home_pipe', 'away_pipe', 'win_pipe', 'metadata', 'feature_columns']}
2025-11-16 15:09:33,019 INFO history No prediction_history.json found; starting with empty history.
2025-11-16 15:09:33,019 INFO api Application initialized: {'dataset': 'loaded', 'models': {'status': 'success', 'loaded': ['home_pipe', 'away_pipe', 'win_pipe', 'metadata', 'feature_columns']}, 'history': 'loaded 0 entries'}
2025-11-16 15:09:44,703 INFO api 🛑 Application shutdown complete
2025-11-16 15:09:46,180 INFO api 🚀 Starting NFL Prediction API
2025-11-16 15:09:46,286 INFO root Dataset loaded successfully: 2214 rows, 214 columns
2025-11-16 15:09:47,740 INFO root ✓ Loaded home_pipe from home_model.joblib
2025-11-16 15:09:47,786 INFO root ✓ Loaded away_pipe from away_model.joblib
2025-11-16 15:09:47,792 INFO root ✓ Loaded win_pipe from win_clf_calibrated.joblib
2025-11-16 15:09:47,792 INFO models Loaded metadata from C:\Users\goku\Documents\NFL_ML_Predictions\backend\models\metadata.json
2025-11-16 15:09:47,793 INFO root Model coherence validation passed
2025-11-16 15:09:47,793 INFO root Model loading completed: {'status': 'success', 'loaded': ['home_pipe', 'away_pipe', 'win_pipe', 'metadata', 'feature_columns']}
2025-11-16 15:09:47,793 INFO history No prediction_history.json found; starting with empty history.
2025-11-16 15:09:47,794 INFO api Application initialized: {'dataset': 'loaded', 'models': {'status': 'success', 'loaded': ['home_pipe', 'away_pipe', 'win_pipe', 'metadata', 'feature_columns']}, 'history': 'loaded 0 entries'}
2025-11-16 15:09:47,795 INFO api 🛑 Application shutdown complete
2025-11-16 15:09:49,323 INFO api 🚀 Starting NFL Prediction API
2025-11-16 15:09:49,429 INFO root Dataset loaded successfully: 2214 rows, 214 columns
2025-11-16 15:09:50,725 INFO root ✓ Loaded home_pipe from home_model.joblib
2025-11-16 15:09:50,778 INFO root ✓ Loaded away_pipe from away_model.joblib
2025-11-16 15:09:50,783 INFO root ✓ Loaded win_pipe from win_clf_calibrated.joblib
2025-11-16 15:09:50,784 INFO models Loaded metadata from C:\Users\goku\Documents\NFL_ML_Predictions\backend\models\metadata.json
2025-11-16 15:09:50,785 INFO root Model coherence validation passed
2025-11-16 15:09:50,785 INFO root Model loading completed: {'status': 'success', 'loaded': ['home_pipe', 'away_pipe', 'win_pipe', 'metadata', 'feature_columns']}
2025-11-16 15:09:50,785 INFO history No prediction_history.json found; starting with empty history.
2025-11-16 15:09:50,785 INFO api Application initialized: {'dataset': 'loaded', 'models': {'status': 'success', 'loaded': ['home_pipe', 'away_pipe', 'win_pipe', 'metadata', 'feature_columns']}, 'history': 'loaded 0 entries'}
2025-11-16 15:09:50,786 INFO api 🛑 Application shutdown complete
2025-11-16 15:09:52,266 INFO api 🚀 Starting NFL Prediction API
2025-11-16 15:09:52,373 INFO root Dataset loaded successfully: 2214 rows, 214 columns
2025-11-16 15:09:53,629 INFO root ✓ Loaded home_pipe from home_model.joblib
2025-11-16 15:09:53,675 INFO root ✓ Loaded away_pipe from away_model.joblib
2025-11-16 15:09:53,681 INFO root ✓ Loaded win_pipe from win_clf_calibrated.joblib
2025-11-16 15:09:53,682 INFO models Loaded metadata from C:\Users\goku\Documents\NFL_ML_Predictions\backend\models\metadata.json
2025-11-16 15:09:53,682 INFO root Model coherence validation passed
2025-11-16 15:09:53,682 INFO root Model loading completed: {'status': 'success', 'loaded': ['home_pipe', 'away_pipe', 'win_pipe', 'metadata', 'feature_columns']}
2025-11-16 15:09:53,683 INFO history No prediction_history.json found; starting with empty history.
2025-11-16 15:09:53,683 INFO api Application initialized: {'dataset': 'loaded', 'models': {'status': 'success', 'loaded': ['home_pipe', 'away_pipe', 'win_pipe', 'metadata', 'feature_columns']}, 'history': 'loaded 0 entries'}
2025-11-16 15:10:13,560 INFO api 🛑 Application shutdown complete
2025-11-16 15:11:29,048 INFO api 🚀 Starting NFL Prediction API
2025-11-16 15:11:29,171 INFO root Dataset loaded successfully: 2214 rows, 214 columns
2025-11-16 15:11:30,686 INFO root ✓ Loaded home_pipe from home_model.joblib
2025-11-16 15:11:30,731 INFO root ✓ Loaded away_pipe from away_model.joblib
2025-11-16 15:11:30,738 INFO root ✓ Loaded win_pipe from win_clf_calibrated.joblib
2025-11-16 15:11:30,739 INFO models Loaded metadata from C:\Users\goku\Documents\NFL_ML_Predictions\backend\models\metadata.json
2025-11-16 15:11:30,740 INFO root Model coherence validation passed
2025-11-16 15:11:30,740 INFO root Model loading completed: {'status': 'success', 'loaded': ['home_pipe', 'away_pipe', 'win_pipe', 'metadata', 'feature_columns']}
2025-11-16 15:11:30,740 INFO history No prediction_history.json found; starting with empty history.
2025-11-16 15:11:30,741 INFO api Application initialized: {'dataset': 'loaded', 'models': {'status': 'success', 'loaded': ['home_pipe', 'away_pipe', 'win_pipe', 'metadata', 'feature_columns']}, 'history': 'loaded 0 entries'}
2025-11-16 15:11:30,951 INFO api 🛑 Application shutdown complete
2025-11-16 15:11:33,955 INFO api 🚀 Starting NFL Prediction API
2025-11-16 15:11:34,067 INFO root Dataset loaded successfully: 2214 rows, 214 columns
2025-11-16 15:11:35,530 INFO root ✓ Loaded home_pipe from home_model.joblib
2025-11-16 15:11:35,587 INFO root ✓ Loaded away_pipe from away_model.joblib
2025-11-16 15:11:35,596 INFO root ✓ Loaded win_pipe from win_clf_calibrated.joblib
2025-11-16 15:11:35,597 INFO models Loaded metadata from C:\Users\goku\Documents\NFL_ML_Predictions\backend\models\metadata.json
2025-11-16 15:11:35,598 INFO root Model coherence validation passed
2025-11-16 15:11:35,598 INFO root Model loading completed: {'status': 'success', 'loaded': ['home_pipe', 'away_pipe', 'win_pipe', 'metadata', 'feature_columns']}
2025-11-16 15:11:35,598 INFO history No prediction_history.json found; starting with empty history.
2025-11-16 15:11:35,598 INFO api Application initialized: {'dataset': 'loaded', 'models': {'status': 'success', 'loaded': ['home_pipe', 'away_pipe', 'win_pipe', 'metadata', 'feature_columns']}, 'history': 'loaded 0 entries'}
2025-11-16 15:11:35,599 INFO api 🛑 Application shutdown complete
2025-11-16 15:11:37,251 INFO api 🚀 Starting NFL Prediction API
2025-11-16 15:11:37,363 INFO root Dataset loaded successfully: 2214 rows, 214 columns
2025-11-16 15:11:38,677 INFO root ✓ Loaded home_pipe from home_model.joblib
2025-11-16 15:11:38,722 INFO root ✓ Loaded away_pipe from away_model.joblib
2025-11-16 15:11:38,728 INFO root ✓ Loaded win_pipe from win_clf_calibrated.joblib
2025-11-16 15:11:38,729 INFO models Loaded metadata from C:\Users\goku\Documents\NFL_ML_Predictions\backend\models\metadata.json
2025-11-16 15:11:38,729 INFO root Model coherence validation passed
2025-11-16 15:11:38,729 INFO root Model loading completed: {'status': 'success', 'loaded': ['home_pipe', 'away_pipe', 'win_pipe', 'metadata', 'feature_columns']}
2025-11-16 15:11:38,730 INFO history No prediction_history.json found; starting with empty history.
2025-11-16 15:11:38,730 INFO api Application initialized: {'dataset': 'loaded', 'models': {'status': 'success', 'loaded': ['home_pipe', 'away_pipe', 'win_pipe', 'metadata', 'feature_columns']}, 'history': 'loaded 0 entries'}
2025-11-16 15:11:38,731 INFO api 🛑 Application shutdown complete
2025-11-16 15:11:40,709 INFO api 🚀 Starting NFL Prediction API
2025-11-16 15:11:40,824 INFO root Dataset loaded successfully: 2214 rows, 214 columns
2025-11-16 15:11:42,167 INFO root ✓ Loaded home_pipe from home_model.joblib
2025-11-16 15:11:42,214 INFO root ✓ Loaded away_pipe from away_model.joblib
2025-11-16 15:11:42,220 INFO root ✓ Loaded win_pipe from win_clf_calibrated.joblib
2025-11-16 15:11:42,220 INFO models Loaded metadata from C:\Users\goku\Documents\NFL_ML_Predictions\backend\models\metadata.json
2025-11-16 15:11:42,221 INFO root Model coherence validation passed
2025-11-16 15:11:42,221 INFO root Model loading completed: {'status': 'success', 'loaded': ['home_pipe', 'away_pipe', 'win_pipe', 'metadata', 'feature_columns']}
2025-11-16 15:11:42,222 INFO history No prediction_history.json found; starting with empty history.
2025-11-16 15:11:42,222 INFO api Application initialized: {'dataset': 'loaded', 'models': {'status': 'success', 'loaded': ['home_pipe', 'away_pipe', 'win_pipe', 'metadata', 'feature_columns']}, 'history': 'loaded 0 entries'}
2025-11-16 15:11:42,223 INFO api 🛑 Application shutdown complete
2025-11-16 15:11:43,707 INFO api 🚀 Starting NFL Prediction API
2025-11-16 15:11:43,815 INFO root Dataset loaded successfully: 2214 rows, 214 columns
2025-11-16 15:11:45,115 INFO root ✓ Loaded home_pipe from home_model.joblib
2025-11-16 15:11:45,161 INFO root ✓ Loaded away_pipe from away_model.joblib
2025-11-16 15:11:45,166 INFO root ✓ Loaded win_pipe from win_clf_calibrated.joblib
2025-11-16 15:11:45,167 INFO models Loaded metadata from C:\Users\goku\Documents\NFL_ML_Predictions\backend\models\metadata.json
2025-11-16 15:11:45,168 INFO root Model coherence validation passed
2025-11-16 15:11:45,168 INFO root Model loading completed: {'status': 'success', 'loaded': ['home_pipe', 'away_pipe', 'win_pipe', 'metadata', 'feature_columns']}
2025-11-16 15:11:45,168 INFO history No prediction_history.json found; starting with empty history.
2025-11-16 15:11:45,169 INFO api Application initialized: {'dataset': 'loaded', 'models': {'status': 'success', 'loaded': ['home_pipe', 'away_pipe', 'win_pipe', 'metadata', 'feature_columns']}, 'history': 'loaded 0 entries'}
2025-11-16 15:11:53,383 INFO api 🛑 Application shutdown complete
2025-11-16 15:11:54,921 INFO api 🚀 Starting NFL Prediction API
2025-11-16 15:11:55,031 INFO root Dataset loaded successfully: 2214 rows, 214 columns
2025-11-16 15:11:56,420 INFO root ✓ Loaded home_pipe from home_model.joblib
2025-11-16 15:11:56,467 INFO root ✓ Loaded away_pipe from away_model.joblib
2025-11-16 15:11:56,472 INFO root ✓ Loaded win_pipe from win_clf_calibrated.joblib
2025-11-16 15:11:56,473 INFO models Loaded metadata from C:\Users\goku\Documents\NFL_ML_Predictions\backend\models\metadata.json
2025-11-16 15:11:56,474 INFO root Model coherence validation passed
2025-11-16 15:11:56,474 INFO root Model loading completed: {'status': 'success', 'loaded': ['home_pipe', 'away_pipe', 'win_pipe', 'metadata', 'feature_columns']}
2025-11-16 15:11:56,475 INFO history No prediction_history.json found; starting with empty history.
2025-11-16 15:11:56,475 INFO api Application initialized: {'dataset': 'loaded', 'models': {'status': 'success', 'loaded': ['home_pipe', 'away_pipe', 'win_pipe', 'metadata', 'feature_columns']}, 'history': 'loaded 0 entries'}
2025-11-16 15:11:56,476 INFO api 🛑 Application shutdown complete
2025-11-16 15:12:04,477 INFO api 🚀 Starting NFL Prediction API
2025-11-16 15:12:04,586 INFO root Dataset loaded successfully: 2214 rows, 214 columns
2025-11-16 15:12:05,902 INFO root ✓ Loaded home_pipe from home_model.joblib
2025-11-16 15:12:05,966 INFO root ✓ Loaded away_pipe from away_model.joblib
2025-11-16 15:12:05,974 INFO root ✓ Loaded win_pipe from win_clf_calibrated.joblib
2025-11-16 15:12:05,975 INFO models Loaded metadata from C:\Users\goku\Documents\NFL_ML_Predictions\backend\models\metadata.json
2025-11-16 15:12:05,976 INFO root Model coherence validation passed
2025-11-16 15:12:05,976 INFO root Model loading completed: {'status': 'success', 'loaded': ['home_pipe', 'away_pipe', 'win_pipe', 'metadata', 'feature_columns']}
2025-11-16 15:12:05,977 INFO history No prediction_history.json found; starting with empty history.
2025-11-16 15:12:05,977 INFO api Application initialized: {'dataset': 'loaded', 'models': {'status': 'success', 'loaded': ['home_pipe', 'away_pipe', 'win_pipe', 'metadata', 'feature_columns']}, 'history': 'loaded 0 entries'}
2025-11-16 15:13:59,454 INFO api 🛑 Application shutdown complete
2025-11-16 15:14:00,985 INFO api 🚀 Starting NFL Prediction API
2025-11-16 15:14:01,096 INFO root Dataset loaded successfully: 2214 rows, 214 columns
2025-11-16 15:14:02,494 INFO root ✓ Loaded home_pipe from home_model.joblib
2025-11-16 15:14:02,543 INFO root ✓ Loaded away_pipe from away_model.joblib
2025-11-16 15:14:02,549 INFO root ✓ Loaded win_pipe from win_clf_calibrated.joblib
2025-11-16 15:14:02,549 INFO models Loaded metadata from C:\Users\goku\Documents\NFL_ML_Predictions\backend\models\metadata.json
2025-11-16 15:14:02,550 INFO root Model coherence validation passed
2025-11-16 15:14:02,550 INFO root Model loading completed: {'status': 'success', 'loaded': ['home_pipe', 'away_pipe', 'win_pipe', 'metadata', 'feature_columns']}
2025-11-16 15:14:02,551 INFO history No prediction_history.json found; starting with empty history.
2025-11-16 15:14:02,551 INFO api Application initialized: {'dataset': 'loaded', 'models': {'status': 'success', 'loaded': ['home_pipe', 'away_pipe', 'win_pipe', 'metadata', 'feature_columns']}, 'history': 'loaded 0 entries'}
2025-11-16 15:14:02,552 INFO api 🛑 Application shutdown complete
2025-11-16 15:14:04,128 INFO api 🚀 Starting NFL Prediction API
2025-11-16 15:14:04,237 INFO root Dataset loaded successfully: 2214 rows, 214 columns
2025-11-16 15:14:05,547 INFO root ✓ Loaded home_pipe from home_model.joblib
2025-11-16 15:14:05,593 INFO root ✓ Loaded away_pipe from away_model.joblib
2025-11-16 15:14:05,599 INFO root ✓ Loaded win_pipe from win_clf_calibrated.joblib
2025-11-16 15:14:05,599 INFO models Loaded metadata from C:\Users\goku\Documents\NFL_ML_Predictions\backend\models\metadata.json
2025-11-16 15:14:05,600 INFO root Model coherence validation passed
2025-11-16 15:14:05,600 INFO root Model loading completed: {'status': 'success', 'loaded': ['home_pipe', 'away_pipe', 'win_pipe', 'metadata', 'feature_columns']}
2025-11-16 15:14:05,600 INFO history No prediction_history.json found; starting with empty history.
2025-11-16 15:14:05,601 INFO api Application initialized: {'dataset': 'loaded', 'models': {'status': 'success', 'loaded': ['home_pipe', 'away_pipe', 'win_pipe', 'metadata', 'feature_columns']}, 'history': 'loaded 0 entries'}
2025-11-16 15:14:05,601 INFO api 🛑 Application shutdown complete
2025-11-16 15:14:07,190 INFO api 🚀 Starting NFL Prediction API
2025-11-16 15:14:07,297 INFO root Dataset loaded successfully: 2214 rows, 214 columns
2025-11-16 15:14:08,568 INFO root ✓ Loaded home_pipe from home_model.joblib
2025-11-16 15:14:08,613 INFO root ✓ Loaded away_pipe from away_model.joblib
2025-11-16 15:14:08,618 INFO root ✓ Loaded win_pipe from win_clf_calibrated.joblib
2025-11-16 15:14:08,619 INFO models Loaded metadata from C:\Users\goku\Documents\NFL_ML_Predictions\backend\models\metadata.json
2025-11-16 15:14:08,619 INFO root Model coherence validation passed
2025-11-16 15:14:08,619 INFO root Model loading completed: {'status': 'success', 'loaded': ['home_pipe', 'away_pipe', 'win_pipe', 'metadata', 'feature_columns']}
2025-11-16 15:14:08,620 INFO history No prediction_history.json found; starting with empty history.
2025-11-16 15:14:08,620 INFO api Application initialized: {'dataset': 'loaded', 'models': {'status': 'success', 'loaded': ['home_pipe', 'away_pipe', 'win_pipe', 'metadata', 'feature_columns']}, 'history': 'loaded 0 entries'}
2025-11-16 15:14:08,620 INFO api 🛑 Application shutdown complete
2025-11-16 15:14:10,037 INFO api 🚀 Starting NFL Prediction API
2025-11-16 15:14:10,142 INFO root Dataset loaded successfully: 2214 rows, 214 columns
2025-11-16 15:14:11,391 INFO root ✓ Loaded home_pipe from home_model.joblib
2025-11-16 15:14:11,435 INFO root ✓ Loaded away_pipe from away_model.joblib
2025-11-16 15:14:11,440 INFO root ✓ Loaded win_pipe from win_clf_calibrated.joblib
2025-11-16 15:14:11,441 INFO models Loaded metadata from C:\Users\goku\Documents\NFL_ML_Predictions\backend\models\metadata.json
2025-11-16 15:14:11,442 INFO root Model coherence validation passed
2025-11-16 15:14:11,442 INFO root Model loading completed: {'status': 'success', 'loaded': ['home_pipe', 'away_pipe', 'win_pipe', 'metadata', 'feature_columns']}
2025-11-16 15:14:11,442 INFO history No prediction_history.json found; starting with empty history.
2025-11-16 15:14:11,442 INFO api Application initialized: {'dataset': 'loaded', 'models': {'status': 'success', 'loaded': ['home_pipe', 'away_pipe', 'win_pipe', 'metadata', 'feature_columns']}, 'history': 'loaded 0 entries'}
2025-11-16 15:14:24,274 INFO api 🛑 Application shutdown complete
2025-11-16 15:14:25,859 INFO api 🚀 Starting NFL Prediction API
2025-11-16 15:14:25,970 INFO root Dataset loaded successfully: 2214 rows, 214 columns
2025-11-16 15:14:27,362 INFO root ✓ Loaded home_pipe from home_model.joblib
2025-11-16 15:14:27,407 INFO root ✓ Loaded away_pipe from away_model.joblib
2025-11-16 15:14:27,412 INFO root ✓ Loaded win_pipe from win_clf_calibrated.joblib
2025-11-16 15:14:27,413 INFO models Loaded metadata from C:\Users\goku\Documents\NFL_ML_Predictions\backend\models\metadata.json
2025-11-16 15:14:27,414 INFO root Model coherence validation passed
2025-11-16 15:14:27,414 INFO root Model loading completed: {'status': 'success', 'loaded': ['home_pipe', 'away_pipe', 'win_pipe', 'metadata', 'feature_columns']}
2025-11-16 15:14:27,414 INFO history No prediction_history.json found; starting with empty history.
2025-11-16 15:14:27,414 INFO api Application initialized: {'dataset': 'loaded', 'models': {'status': 'success', 'loaded': ['home_pipe', 'away_pipe', 'win_pipe', 'metadata', 'feature_columns']}, 'history': 'loaded 0 entries'}
2025-11-16 15:14:27,415 INFO api 🛑 Application shutdown complete
2025-11-16 15:44:45,176 INFO api 🚀 Starting NFL Prediction API
2025-11-16 15:44:45,287 INFO root Dataset loaded successfully: 2214 rows, 214 columns
2025-11-16 15:44:46,821 INFO root ✓ Loaded home_pipe from home_model.joblib
2025-11-16 15:44:46,915 INFO root ✓ Loaded away_pipe from away_model.joblib
2025-11-16 15:44:46,926 INFO root ✓ Loaded win_pipe from win_clf_calibrated.joblib
2025-11-16 15:44:46,927 INFO models Loaded metadata from C:\Users\goku\Documents\NFL_ML_Predictions\backend\models\metadata.json
2025-11-16 15:44:46,928 INFO root Model coherence validation passed
2025-11-16 15:44:46,929 INFO root Model loading completed: {'status': 'success', 'loaded': ['home_pipe', 'away_pipe', 'win_pipe', 'metadata', 'feature_columns']}
2025-11-16 15:44:46,929 INFO history No prediction_history.json found; starting with empty history.
2025-11-16 15:44:46,930 INFO api Application initialized: {'dataset': 'loaded', 'models': {'status': 'success', 'loaded': ['home_pipe', 'away_pipe', 'win_pipe', 'metadata', 'feature_columns']}, 'history': 'loaded 0 entries'}
2025-11-16 15:44:46,932 INFO api 🛑 Application shutdown complete
2025-11-16 15:44:48,505 INFO api 🚀 Starting NFL Prediction API
2025-11-16 15:44:48,615 INFO root Dataset loaded successfully: 2214 rows, 214 columns
2025-11-16 15:44:49,917 INFO root ✓ Loaded home_pipe from home_model.joblib
2025-11-16 15:44:49,966 INFO root ✓ Loaded away_pipe from away_model.joblib
2025-11-16 15:44:49,972 INFO root ✓ Loaded win_pipe from win_clf_calibrated.joblib
2025-11-16 15:44:49,973 INFO models Loaded metadata from C:\Users\goku\Documents\NFL_ML_Predictions\backend\models\metadata.json
2025-11-16 15:44:49,973 INFO root Model coherence validation passed
2025-11-16 15:44:49,973 INFO root Model loading completed: {'status': 'success', 'loaded': ['home_pipe', 'away_pipe', 'win_pipe', 'metadata', 'feature_columns']}
2025-11-16 15:44:49,974 INFO history No prediction_history.json found; starting with empty history.
2025-11-16 15:44:49,974 INFO api Application initialized: {'dataset': 'loaded', 'models': {'status': 'success', 'loaded': ['home_pipe', 'away_pipe', 'win_pipe', 'metadata', 'feature_columns']}, 'history': 'loaded 0 entries'}
2025-11-16 15:44:49,975 INFO api 🛑 Application shutdown complete
2025-11-16 15:46:04,099 INFO api 🚀 Starting NFL Prediction API
2025-11-16 15:46:04,206 INFO root Dataset loaded successfully: 2214 rows, 214 columns
2025-11-16 15:46:05,552 INFO root ✓ Loaded home_pipe from home_model.joblib
2025-11-16 15:46:05,602 INFO root ✓ Loaded away_pipe from away_model.joblib
2025-11-16 15:46:05,608 INFO root ✓ Loaded win_pipe from win_clf_calibrated.joblib
2025-11-16 15:46:05,609 INFO models Loaded metadata from C:\Users\goku\Documents\NFL_ML_Predictions\backend\models\metadata.json
2025-11-16 15:46:05,609 INFO root Model coherence validation passed
2025-11-16 15:46:05,610 INFO root Model loading completed: {'status': 'success', 'loaded': ['home_pipe', 'away_pipe', 'win_pipe', 'metadata', 'feature_columns']}
2025-11-16 15:46:05,610 INFO history No prediction_history.json found; starting with empty history.
2025-11-16 15:46:05,610 INFO api Application initialized: {'dataset': 'loaded', 'models': {'status': 'success', 'loaded': ['home_pipe', 'away_pipe', 'win_pipe', 'metadata', 'feature_columns']}, 'history': 'loaded 0 entries'}
2025-11-16 15:46:18,574 INFO api 🛑 Application shutdown complete
2025-11-16 15:46:28,961 INFO api 🚀 Starting NFL Prediction API
2025-11-16 15:46:29,068 INFO root Dataset loaded successfully: 2214 rows, 214 columns
2025-11-16 15:46:30,426 INFO root ✓ Loaded home_pipe from home_model.joblib
2025-11-16 15:46:30,477 INFO root ✓ Loaded away_pipe from away_model.joblib
2025-11-16 15:46:30,482 INFO root ✓ Loaded win_pipe from win_clf_calibrated.joblib
2025-11-16 15:46:30,483 INFO models Loaded metadata from C:\Users\goku\Documents\NFL_ML_Predictions\backend\models\metadata.json
2025-11-16 15:46:30,484 INFO root Model coherence validation passed
2025-11-16 15:46:30,484 INFO root Model loading completed: {'status': 'success', 'loaded': ['home_pipe', 'away_pipe', 'win_pipe', 'metadata', 'feature_columns']}
2025-11-16 15:46:30,484 INFO history No prediction_history.json found; starting with empty history.
2025-11-16 15:46:30,485 INFO api Application initialized: {'dataset': 'loaded', 'models': {'status': 'success', 'loaded': ['home_pipe', 'away_pipe', 'win_pipe', 'metadata', 'feature_columns']}, 'history': 'loaded 0 entries'}
2025-11-16 15:46:30,929 INFO api 🛑 Application shutdown complete
2025-11-16 15:46:44,097 INFO api 🚀 Starting NFL Prediction API
2025-11-16 15:46:44,211 INFO root Dataset loaded successfully: 2214 rows, 214 columns
2025-11-16 15:46:45,555 INFO root ✓ Loaded home_pipe from home_model.joblib
2025-11-16 15:46:45,604 INFO root ✓ Loaded away_pipe from away_model.joblib
2025-11-16 15:46:45,610 INFO root ✓ Loaded win_pipe from win_clf_calibrated.joblib
2025-11-16 15:46:45,610 INFO models Loaded metadata from C:\Users\goku\Documents\NFL_ML_Predictions\backend\models\metadata.json
2025-11-16 15:46:45,611 INFO root Model coherence validation passed
2025-11-16 15:46:45,611 INFO root Model loading completed: {'status': 'success', 'loaded': ['home_pipe', 'away_pipe', 'win_pipe', 'metadata', 'feature_columns']}
2025-11-16 15:46:45,612 INFO history No prediction_history.json found; starting with empty history.
2025-11-16 15:46:45,612 INFO api Application initialized: {'dataset': 'loaded', 'models': {'status': 'success', 'loaded': ['home_pipe', 'away_pipe', 'win_pipe', 'metadata', 'feature_columns']}, 'history': 'loaded 0 entries'}
2025-11-16 15:57:31,430 INFO api 🛑 Application shutdown complete
2025-11-16 15:57:33,014 INFO api 🚀 Starting NFL Prediction API
2025-11-16 15:57:33,122 INFO root Dataset loaded successfully: 2214 rows, 214 columns
2025-11-16 15:57:34,552 INFO root ✓ Loaded home_pipe from home_model.joblib
2025-11-16 15:57:34,599 INFO root ✓ Loaded away_pipe from away_model.joblib
2025-11-16 15:57:34,604 INFO root ✓ Loaded win_pipe from win_clf_calibrated.joblib
2025-11-16 15:57:34,605 INFO models Loaded metadata from C:\Users\goku\Documents\NFL_ML_Predictions\backend\models\metadata.json
2025-11-16 15:57:34,605 INFO root Model coherence validation passed
2025-11-16 15:57:34,606 INFO root Model loading completed: {'status': 'success', 'loaded': ['home_pipe', 'away_pipe', 'win_pipe', 'metadata', 'feature_columns']}
2025-11-16 15:57:34,606 INFO history No prediction_history.json found; starting with empty history.
2025-11-16 15:57:34,606 INFO api Application initialized: {'dataset': 'loaded', 'models': {'status': 'success', 'loaded': ['home_pipe', 'away_pipe', 'win_pipe', 'metadata', 'feature_columns']}, 'history': 'loaded 0 entries'}
2025-11-16 15:57:44,235 INFO api 🛑 Application shutdown complete
2025-11-16 15:57:45,763 INFO api 🚀 Starting NFL Prediction API
2025-11-16 15:57:45,870 INFO root Dataset loaded successfully: 2214 rows, 214 columns
2025-11-16 15:57:47,204 INFO root ✓ Loaded home_pipe from home_model.joblib
2025-11-16 15:57:47,250 INFO root ✓ Loaded away_pipe from away_model.joblib
2025-11-16 15:57:47,255 INFO root ✓ Loaded win_pipe from win_clf_calibrated.joblib
2025-11-16 15:57:47,256 INFO models Loaded metadata from C:\Users\goku\Documents\NFL_ML_Predictions\backend\models\metadata.json
2025-11-16 15:57:47,257 INFO root Model coherence validation passed
2025-11-16 15:57:47,257 INFO root Model loading completed: {'status': 'success', 'loaded': ['home_pipe', 'away_pipe', 'win_pipe', 'metadata', 'feature_columns']}
2025-11-16 15:57:47,257 INFO history No prediction_history.json found; starting with empty history.
2025-11-16 15:57:47,257 INFO api Application initialized: {'dataset': 'loaded', 'models': {'status': 'success', 'loaded': ['home_pipe', 'away_pipe', 'win_pipe', 'metadata', 'feature_columns']}, 'history': 'loaded 0 entries'}
2025-11-16 15:57:53,049 INFO api 🛑 Application shutdown complete
2025-11-16 15:59:05,803 INFO api 🚀 Starting NFL Prediction API
2025-11-16 15:59:05,910 INFO root Dataset loaded successfully: 2214 rows, 214 columns
2025-11-16 15:59:07,369 INFO root ✓ Loaded home_pipe from home_model.joblib
2025-11-16 15:59:07,416 INFO root ✓ Loaded away_pipe from away_model.joblib
2025-11-16 15:59:07,422 INFO root ✓ Loaded win_pipe from win_clf_calibrated.joblib
2025-11-16 15:59:07,423 INFO models Loaded metadata from C:\Users\goku\Documents\NFL_ML_Predictions\backend\models\metadata.json
2025-11-16 15:59:07,423 INFO root Model coherence validation passed
2025-11-16 15:59:07,423 INFO root Model loading completed: {'status': 'success', 'loaded': ['home_pipe', 'away_pipe', 'win_pipe', 'metadata', 'feature_columns']}
2025-11-16 15:59:07,424 INFO history No prediction_history.json found; starting with empty history.
2025-11-16 15:59:07,424 INFO api Application initialized: {'dataset': 'loaded', 'models': {'status': 'success', 'loaded': ['home_pipe', 'away_pipe', 'win_pipe', 'metadata', 'feature_columns']}, 'history': 'loaded 0 entries'}
2025-11-16 15:59:07,425 INFO api 🛑 Application shutdown complete
2025-11-16 15:59:22,221 INFO api 🚀 Starting NFL Prediction API
2025-11-16 15:59:22,328 INFO root Dataset loaded successfully: 2214 rows, 214 columns
2025-11-16 15:59:23,663 INFO root ✓ Loaded home_pipe from home_model.joblib
2025-11-16 15:59:23,711 INFO root ✓ Loaded away_pipe from away_model.joblib
2025-11-16 15:59:23,717 INFO root ✓ Loaded win_pipe from win_clf_calibrated.joblib
2025-11-16 15:59:23,718 INFO models Loaded metadata from C:\Users\goku\Documents\NFL_ML_Predictions\backend\models\metadata.json
2025-11-16 15:59:23,718 INFO root Model coherence validation passed
2025-11-16 15:59:23,718 INFO root Model loading completed: {'status': 'success', 'loaded': ['home_pipe', 'away_pipe', 'win_pipe', 'metadata', 'feature_columns']}
2025-11-16 15:59:23,719 INFO history No prediction_history.json found; starting with empty history.
2025-11-16 15:59:23,719 INFO api Application initialized: {'dataset': 'loaded', 'models': {'status': 'success', 'loaded': ['home_pipe', 'away_pipe', 'win_pipe', 'metadata', 'feature_columns']}, 'history': 'loaded 0 entries'}
2025-11-16 16:01:39,955 INFO api 🛑 Application shutdown complete
2025-11-16 16:01:41,572 INFO api 🚀 Starting NFL Prediction API
2025-11-16 16:01:41,683 INFO root Dataset loaded successfully: 2214 rows, 214 columns
2025-11-16 16:01:43,079 INFO root ✓ Loaded home_pipe from home_model.joblib
2025-11-16 16:01:43,126 INFO root ✓ Loaded away_pipe from away_model.joblib
2025-11-16 16:01:43,132 INFO root ✓ Loaded win_pipe from win_clf_calibrated.joblib
2025-11-16 16:01:43,133 INFO models Loaded metadata from C:\Users\goku\Documents\NFL_ML_Predictions\backend\models\metadata.json
2025-11-16 16:01:43,133 INFO root Model coherence validation passed
2025-11-16 16:01:43,134 INFO root Model loading completed: {'status': 'success', 'loaded': ['home_pipe', 'away_pipe', 'win_pipe', 'metadata', 'feature_columns']}
2025-11-16 16:01:43,134 INFO history No prediction_history.json found; starting with empty history.
2025-11-16 16:01:43,134 INFO api Application initialized: {'dataset': 'loaded', 'models': {'status': 'success', 'loaded': ['home_pipe', 'away_pipe', 'win_pipe', 'metadata', 'feature_columns']}, 'history': 'loaded 0 entries'}
2025-11-16 16:01:43,135 INFO api 🛑 Application shutdown complete
2025-11-16 16:01:44,645 INFO api 🚀 Starting NFL Prediction API
2025-11-16 16:01:44,752 INFO root Dataset loaded successfully: 2214 rows, 214 columns
2025-11-16 16:01:46,023 INFO root ✓ Loaded home_pipe from home_model.joblib
2025-11-16 16:01:46,069 INFO root ✓ Loaded away_pipe from away_model.joblib
2025-11-16 16:01:46,075 INFO root ✓ Loaded win_pipe from win_clf_calibrated.joblib
2025-11-16 16:01:46,076 INFO models Loaded metadata from C:\Users\goku\Documents\NFL_ML_Predictions\backend\models\metadata.json
2025-11-16 16:01:46,076 INFO root Model coherence validation passed
2025-11-16 16:01:46,076 INFO root Model loading completed: {'status': 'success', 'loaded': ['home_pipe', 'away_pipe', 'win_pipe', 'metadata', 'feature_columns']}
2025-11-16 16:01:46,077 INFO history No prediction_history.json found; starting with empty history.
2025-11-16 16:01:46,077 INFO api Application initialized: {'dataset': 'loaded', 'models': {'status': 'success', 'loaded': ['home_pipe', 'away_pipe', 'win_pipe', 'metadata', 'feature_columns']}, 'history': 'loaded 0 entries'}
2025-11-16 16:01:48,525 INFO api 🛑 Application shutdown complete
2025-11-16 16:02:30,590 INFO api 🚀 Starting NFL Prediction API
2025-11-16 16:02:30,699 INFO root Dataset loaded successfully: 2214 rows, 214 columns
2025-11-16 16:02:31,995 INFO root ✓ Loaded home_pipe from home_model.joblib
2025-11-16 16:02:32,051 INFO root ✓ Loaded away_pipe from away_model.joblib
2025-11-16 16:02:32,057 INFO root ✓ Loaded win_pipe from win_clf_calibrated.joblib
2025-11-16 16:02:32,058 INFO models Loaded metadata from C:\Users\goku\Documents\NFL_ML_Predictions\backend\models\metadata.json
2025-11-16 16:02:32,058 INFO root Model coherence validation passed
2025-11-16 16:02:32,058 INFO root Model loading completed: {'status': 'success', 'loaded': ['home_pipe', 'away_pipe', 'win_pipe', 'metadata', 'feature_columns']}
2025-11-16 16:02:32,059 INFO history No prediction_history.json found; starting with empty history.
2025-11-16 16:02:32,059 INFO api Application initialized: {'dataset': 'loaded', 'models': {'status': 'success', 'loaded': ['home_pipe', 'away_pipe', 'win_pipe', 'metadata', 'feature_columns']}, 'history': 'loaded 0 entries'}
2025-11-16 16:03:17,938 INFO api 🛑 Application shutdown complete
2025-11-16 16:10:25,796 INFO api 🚀 Starting NFL Prediction API
2025-11-16 16:10:25,906 INFO root Dataset loaded successfully: 2214 rows, 214 columns
2025-11-16 16:10:27,395 INFO root ✓ Loaded home_pipe from home_model.joblib
2025-11-16 16:10:27,443 INFO root ✓ Loaded away_pipe from away_model.joblib
2025-11-16 16:10:27,448 INFO root ✓ Loaded win_pipe from win_clf_calibrated.joblib
2025-11-16 16:10:27,449 INFO models Loaded metadata from C:\Users\goku\Documents\NFL_ML_Predictions\backend\models\metadata.json
2025-11-16 16:10:27,449 INFO root Model coherence validation passed
2025-11-16 16:10:27,450 INFO root Model loading completed: {'status': 'success', 'loaded': ['home_pipe', 'away_pipe', 'win_pipe', 'metadata', 'feature_columns']}
2025-11-16 16:10:27,450 INFO history No prediction_history.json found; starting with empty history.
2025-11-16 16:10:27,450 INFO api Application initialized: {'dataset': 'loaded', 'models': {'status': 'success', 'loaded': ['home_pipe', 'away_pipe', 'win_pipe', 'metadata', 'feature_columns']}, 'history': 'loaded 0 entries'}
2025-11-16 16:10:35,140 INFO api 🛑 Application shutdown complete
2025-11-16 16:13:28,653 INFO api 🚀 Starting NFL Prediction API
2025-11-16 16:13:28,759 INFO root Dataset loaded successfully: 2214 rows, 214 columns
2025-11-16 16:13:30,230 INFO root ✓ Loaded home_pipe from home_model.joblib
2025-11-16 16:13:30,285 INFO root ✓ Loaded away_pipe from away_model.joblib
2025-11-16 16:13:30,292 INFO root ✓ Loaded win_pipe from win_clf_calibrated.joblib
2025-11-16 16:13:30,293 INFO models Loaded metadata from C:\Users\goku\Documents\NFL_ML_Predictions\backend\models\metadata.json
2025-11-16 16:13:30,293 INFO root Model coherence validation passed
2025-11-16 16:13:30,293 INFO root Model loading completed: {'status': 'success', 'loaded': ['home_pipe', 'away_pipe', 'win_pipe', 'metadata', 'feature_columns']}
2025-11-16 16:13:30,294 INFO history No prediction_history.json found; starting with empty history.
2025-11-16 16:13:30,294 INFO api Application initialized: {'dataset': 'loaded', 'models': {'status': 'success', 'loaded': ['home_pipe', 'away_pipe', 'win_pipe', 'metadata', 'feature_columns']}, 'history': 'loaded 0 entries'}
2025-11-16 16:15:38,333 INFO api 🛑 Application shutdown complete
2025-11-16 16:15:49,583 INFO api 🚀 Starting NFL Prediction API
2025-11-16 16:15:49,690 INFO root Dataset loaded successfully: 2214 rows, 214 columns
2025-11-16 16:15:51,066 INFO root ✓ Loaded home_pipe from home_model.joblib
2025-11-16 16:15:51,112 INFO root ✓ Loaded away_pipe from away_model.joblib
2025-11-16 16:15:51,117 INFO root ✓ Loaded win_pipe from win_clf_calibrated.joblib
2025-11-16 16:15:51,118 INFO models Loaded metadata from C:\Users\goku\Documents\NFL_ML_Predictions\backend\models\metadata.json
2025-11-16 16:15:51,119 INFO root Model coherence validation passed
2025-11-16 16:15:51,119 INFO root Model loading completed: {'status': 'success', 'loaded': ['home_pipe', 'away_pipe', 'win_pipe', 'metadata', 'feature_columns']}
2025-11-16 16:15:51,119 INFO history No prediction_history.json found; starting with empty history.
2025-11-16 16:15:51,119 INFO api Application initialized: {'dataset': 'loaded', 'models': {'status': 'success', 'loaded': ['home_pipe', 'away_pipe', 'win_pipe', 'metadata', 'feature_columns']}, 'history': 'loaded 0 entries'}
2025-11-16 16:16:08,512 INFO api 🛑 Application shutdown complete
2025-11-16 16:16:10,060 INFO api 🚀 Starting NFL Prediction API
2025-11-16 16:16:10,166 INFO root Dataset loaded successfully: 2214 rows, 214 columns
2025-11-16 16:16:11,508 INFO root ✓ Loaded home_pipe from home_model.joblib
2025-11-16 16:16:11,555 INFO root ✓ Loaded away_pipe from away_model.joblib
2025-11-16 16:16:11,561 INFO root ✓ Loaded win_pipe from win_clf_calibrated.joblib
2025-11-16 16:16:11,562 INFO models Loaded metadata from C:\Users\goku\Documents\NFL_ML_Predictions\backend\models\metadata.json
2025-11-16 16:16:11,562 INFO root Model coherence validation passed
2025-11-16 16:16:11,562 INFO root Model loading completed: {'status': 'success', 'loaded': ['home_pipe', 'away_pipe', 'win_pipe', 'metadata', 'feature_columns']}
2025-11-16 16:16:11,563 INFO history No prediction_history.json found; starting with empty history.
2025-11-16 16:16:11,563 INFO api Application initialized: {'dataset': 'loaded', 'models': {'status': 'success', 'loaded': ['home_pipe', 'away_pipe', 'win_pipe', 'metadata', 'feature_columns']}, 'history': 'loaded 0 entries'}
2025-11-16 16:19:15,581 INFO api 🛑 Application shutdown complete
2025-11-16 16:19:17,190 INFO api 🚀 Starting NFL Prediction API
2025-11-16 16:19:17,301 INFO root Dataset loaded successfully: 2214 rows, 214 columns
2025-11-16 16:19:18,742 INFO root ✓ Loaded home_pipe from home_model.joblib
2025-11-16 16:19:18,792 INFO root ✓ Loaded away_pipe from away_model.joblib
2025-11-16 16:19:18,798 INFO root ✓ Loaded win_pipe from win_clf_calibrated.joblib
2025-11-16 16:19:18,799 INFO models Loaded metadata from C:\Users\goku\Documents\NFL_ML_Predictions\backend\models\metadata.json
2025-11-16 16:19:18,799 INFO root Model coherence validation passed
2025-11-16 16:19:18,800 INFO root Model loading completed: {'status': 'success', 'loaded': ['home_pipe', 'away_pipe', 'win_pipe', 'metadata', 'feature_columns']}
2025-11-16 16:19:18,800 INFO history No prediction_history.json found; starting with empty history.
2025-11-16 16:19:18,800 INFO api Application initialized: {'dataset': 'loaded', 'models': {'status': 'success', 'loaded': ['home_pipe', 'away_pipe', 'win_pipe', 'metadata', 'feature_columns']}, 'history': 'loaded 0 entries'}
2025-11-16 16:19:18,801 INFO api 🛑 Application shutdown complete
2025-11-16 16:19:20,550 INFO api 🚀 Starting NFL Prediction API
2025-11-16 16:19:20,659 INFO root Dataset loaded successfully: 2214 rows, 214 columns
2025-11-16 16:19:21,967 INFO root ✓ Loaded home_pipe from home_model.joblib
2025-11-16 16:19:22,014 INFO root ✓ Loaded away_pipe from away_model.joblib
2025-11-16 16:19:22,019 INFO root ✓ Loaded win_pipe from win_clf_calibrated.joblib
2025-11-16 16:19:22,020 INFO models Loaded metadata from C:\Users\goku\Documents\NFL_ML_Predictions\backend\models\metadata.json
2025-11-16 16:19:22,021 INFO root Model coherence validation passed
2025-11-16 16:19:22,021 INFO root Model loading completed: {'status': 'success', 'loaded': ['home_pipe', 'away_pipe', 'win_pipe', 'metadata', 'feature_columns']}
2025-11-16 16:19:22,021 INFO history No prediction_history.json found; starting with empty history.
2025-11-16 16:19:22,022 INFO api Application initialized: {'dataset': 'loaded', 'models': {'status': 'success', 'loaded': ['home_pipe', 'away_pipe', 'win_pipe', 'metadata', 'feature_columns']}, 'history': 'loaded 0 entries'}
2025-11-16 16:19:22,022 INFO api 🛑 Application shutdown complete
2025-11-16 16:19:23,696 INFO api 🚀 Starting NFL Prediction API
2025-11-16 16:19:23,812 INFO root Dataset loaded successfully: 2214 rows, 214 columns
2025-11-16 16:19:25,195 INFO root ✓ Loaded home_pipe from home_model.joblib
2025-11-16 16:19:25,242 INFO root ✓ Loaded away_pipe from away_model.joblib
2025-11-16 16:19:25,248 INFO root ✓ Loaded win_pipe from win_clf_calibrated.joblib
2025-11-16 16:19:25,249 INFO models Loaded metadata from C:\Users\goku\Documents\NFL_ML_Predictions\backend\models\metadata.json
2025-11-16 16:19:25,249 INFO root Model coherence validation passed
2025-11-16 16:19:25,250 INFO root Model loading completed: {'status': 'success', 'loaded': ['home_pipe', 'away_pipe', 'win_pipe', 'metadata', 'feature_columns']}
2025-11-16 16:19:25,250 INFO history No prediction_history.json found; starting with empty history.
2025-11-16 16:19:25,250 INFO api Application initialized: {'dataset': 'loaded', 'models': {'status': 'success', 'loaded': ['home_pipe', 'away_pipe', 'win_pipe', 'metadata', 'feature_columns']}, 'history': 'loaded 0 entries'}
2025-11-16 16:19:25,251 INFO api 🛑 Application shutdown complete
2025-11-16 16:19:26,944 INFO api 🚀 Starting NFL Prediction API
2025-11-16 16:19:27,092 INFO root Dataset loaded successfully: 2214 rows, 214 columns
2025-11-16 16:19:28,439 INFO root ✓ Loaded home_pipe from home_model.joblib
2025-11-16 16:19:28,487 INFO root ✓ Loaded away_pipe from away_model.joblib
2025-11-16 16:19:28,492 INFO root ✓ Loaded win_pipe from win_clf_calibrated.joblib
2025-11-16 16:19:28,493 INFO models Loaded metadata from C:\Users\goku\Documents\NFL_ML_Predictions\backend\models\metadata.json
2025-11-16 16:19:28,493 INFO root Model coherence validation passed
2025-11-16 16:19:28,494 INFO root Model loading completed: {'status': 'success', 'loaded': ['home_pipe', 'away_pipe', 'win_pipe', 'metadata', 'feature_columns']}
2025-11-16 16:19:28,494 INFO history No prediction_history.json found; starting with empty history.
2025-11-16 16:19:28,495 INFO api Application initialized: {'dataset': 'loaded', 'models': {'status': 'success', 'loaded': ['home_pipe', 'away_pipe', 'win_pipe', 'metadata', 'feature_columns']}, 'history': 'loaded 0 entries'}
2025-11-16 16:19:28,496 INFO api 🛑 Application shutdown complete
2025-11-16 16:19:30,050 INFO api 🚀 Starting NFL Prediction API
2025-11-16 16:19:30,164 INFO root Dataset loaded successfully: 2214 rows, 214 columns
2025-11-16 16:19:31,492 INFO root ✓ Loaded home_pipe from home_model.joblib
2025-11-16 16:19:31,539 INFO root ✓ Loaded away_pipe from away_model.joblib
2025-11-16 16:19:31,545 INFO root ✓ Loaded win_pipe from win_clf_calibrated.joblib
2025-11-16 16:19:31,546 INFO models Loaded metadata from C:\Users\goku\Documents\NFL_ML_Predictions\backend\models\metadata.json
2025-11-16 16:19:31,546 INFO root Model coherence validation passed
2025-11-16 16:19:31,547 INFO root Model loading completed: {'status': 'success', 'loaded': ['home_pipe', 'away_pipe', 'win_pipe', 'metadata', 'feature_columns']}
2025-11-16 16:19:31,547 INFO history No prediction_history.json found; starting with empty history.
2025-11-16 16:19:31,547 INFO api Application initialized: {'dataset': 'loaded', 'models': {'status': 'success', 'loaded': ['home_pipe', 'away_pipe', 'win_pipe', 'metadata', 'feature_columns']}, 'history': 'loaded 0 entries'}
2025-11-16 16:19:31,548 INFO api 🛑 Application shutdown complete
2025-11-16 16:19:33,073 INFO api 🚀 Starting NFL Prediction API
2025-11-16 16:19:33,182 INFO root Dataset loaded successfully: 2214 rows, 214 columns
2025-11-16 16:19:34,570 INFO root ✓ Loaded home_pipe from home_model.joblib
2025-11-16 16:19:34,626 INFO root ✓ Loaded away_pipe from away_model.joblib
2025-11-16 16:19:34,635 INFO root ✓ Loaded win_pipe from win_clf_calibrated.joblib
2025-11-16 16:19:34,636 INFO models Loaded metadata from C:\Users\goku\Documents\NFL_ML_Predictions\backend\models\metadata.json
2025-11-16 16:19:34,637 INFO root Model coherence validation passed
2025-11-16 16:19:34,637 INFO root Model loading completed: {'status': 'success', 'loaded': ['home_pipe', 'away_pipe', 'win_pipe', 'metadata', 'feature_columns']}
2025-11-16 16:19:34,638 INFO history No prediction_history.json found; starting with empty history.
2025-11-16 16:19:34,638 INFO api Application initialized: {'dataset': 'loaded', 'models': {'status': 'success', 'loaded': ['home_pipe', 'away_pipe', 'win_pipe', 'metadata', 'feature_columns']}, 'history': 'loaded 0 entries'}
2025-11-16 16:19:34,639 INFO api 🛑 Application shutdown complete
2025-11-16 16:19:36,145 INFO api 🚀 Starting NFL Prediction API
2025-11-16 16:19:36,252 INFO root Dataset loaded successfully: 2214 rows, 214 columns
2025-11-16 16:19:37,583 INFO root ✓ Loaded home_pipe from home_model.joblib
2025-11-16 16:19:37,630 INFO root ✓ Loaded away_pipe from away_model.joblib
2025-11-16 16:19:37,637 INFO root ✓ Loaded win_pipe from win_clf_calibrated.joblib
2025-11-16 16:19:37,638 INFO models Loaded metadata from C:\Users\goku\Documents\NFL_ML_Predictions\backend\models\metadata.json
2025-11-16 16:19:37,638 INFO root Model coherence validation passed
2025-11-16 16:19:37,639 INFO root Model loading completed: {'status': 'success', 'loaded': ['home_pipe', 'away_pipe', 'win_pipe', 'metadata', 'feature_columns']}
2025-11-16 16:19:37,639 INFO history No prediction_history.json found; starting with empty history.
2025-11-16 16:19:37,639 INFO api Application initialized: {'dataset': 'loaded', 'models': {'status': 'success', 'loaded': ['home_pipe', 'away_pipe', 'win_pipe', 'metadata', 'feature_columns']}, 'history': 'loaded 0 entries'}
2025-11-16 16:19:37,640 INFO api 🛑 Application shutdown complete
2025-11-16 16:19:39,188 INFO api 🚀 Starting NFL Prediction API
2025-11-16 16:19:39,331 INFO root Dataset loaded successfully: 2214 rows, 214 columns
2025-11-16 16:19:40,658 INFO root ✓ Loaded home_pipe from home_model.joblib
2025-11-16 16:19:40,707 INFO root ✓ Loaded away_pipe from away_model.joblib
2025-11-16 16:19:40,713 INFO root ✓ Loaded win_pipe from win_clf_calibrated.joblib
2025-11-16 16:19:40,714 INFO models Loaded metadata from C:\Users\goku\Documents\NFL_ML_Predictions\backend\models\metadata.json
2025-11-16 16:19:40,714 INFO root Model coherence validation passed
2025-11-16 16:19:40,715 INFO root Model loading completed: {'status': 'success', 'loaded': ['home_pipe', 'away_pipe', 'win_pipe', 'metadata', 'feature_columns']}
2025-11-16 16:19:40,715 INFO history No prediction_history.json found; starting with empty history.
2025-11-16 16:19:40,715 INFO api Application initialized: {'dataset': 'loaded', 'models': {'status': 'success', 'loaded': ['home_pipe', 'away_pipe', 'win_pipe', 'metadata', 'feature_columns']}, 'history': 'loaded 0 entries'}
2025-11-16 16:19:42,446 INFO api 🛑 Application shutdown complete
2025-11-16 16:19:43,961 INFO api 🚀 Starting NFL Prediction API
2025-11-16 16:19:44,077 INFO root Dataset loaded successfully: 2214 rows, 214 columns
2025-11-16 16:19:45,403 INFO root ✓ Loaded home_pipe from home_model.joblib
2025-11-16 16:19:45,450 INFO root ✓ Loaded away_pipe from away_model.joblib
2025-11-16 16:19:45,456 INFO root ✓ Loaded win_pipe from win_clf_calibrated.joblib
2025-11-16 16:19:45,457 INFO models Loaded metadata from C:\Users\goku\Documents\NFL_ML_Predictions\backend\models\metadata.json
2025-11-16 16:19:45,457 INFO root Model coherence validation passed
2025-11-16 16:19:45,457 INFO root Model loading completed: {'status': 'success', 'loaded': ['home_pipe', 'away_pipe', 'win_pipe', 'metadata', 'feature_columns']}
2025-11-16 16:19:45,458 INFO history No prediction_history.json found; starting with empty history.
2025-11-16 16:19:45,458 INFO api Application initialized: {'dataset': 'loaded', 'models': {'status': 'success', 'loaded': ['home_pipe', 'away_pipe', 'win_pipe', 'metadata', 'feature_columns']}, 'history': 'loaded 0 entries'}
2025-11-16 16:19:47,186 INFO api 🛑 Application shutdown complete
2025-11-16 16:19:48,712 INFO api 🚀 Starting NFL Prediction API
2025-11-16 16:19:48,819 INFO root Dataset loaded successfully: 2214 rows, 214 columns
2025-11-16 16:19:50,175 INFO root ✓ Loaded home_pipe from home_model.joblib
2025-11-16 16:19:50,223 INFO root ✓ Loaded away_pipe from away_model.joblib
2025-11-16 16:19:50,229 INFO root ✓ Loaded win_pipe from win_clf_calibrated.joblib
2025-11-16 16:19:50,229 INFO models Loaded metadata from C:\Users\goku\Documents\NFL_ML_Predictions\backend\models\metadata.json
2025-11-16 16:19:50,230 INFO root Model coherence validation passed
2025-11-16 16:19:50,230 INFO root Model loading completed: {'status': 'success', 'loaded': ['home_pipe', 'away_pipe', 'win_pipe', 'metadata', 'feature_columns']}
2025-11-16 16:19:50,231 INFO history No prediction_history.json found; starting with empty history.
2025-11-16 16:19:50,231 INFO api Application initialized: {'dataset': 'loaded', 'models': {'status': 'success', 'loaded': ['home_pipe', 'away_pipe', 'win_pipe', 'metadata', 'feature_columns']}, 'history': 'loaded 0 entries'}
2025-11-16 16:19:50,231 INFO api 🛑 Application shutdown complete
2025-11-16 16:19:51,777 INFO api 🚀 Starting NFL Prediction API
2025-11-16 16:19:51,883 INFO root Dataset loaded successfully: 2214 rows, 214 columns
2025-11-16 16:19:53,192 INFO root ✓ Loaded home_pipe from home_model.joblib
2025-11-16 16:19:53,240 INFO root ✓ Loaded away_pipe from away_model.joblib
2025-11-16 16:19:53,246 INFO root ✓ Loaded win_pipe from win_clf_calibrated.joblib
2025-11-16 16:19:53,247 INFO models Loaded metadata from C:\Users\goku\Documents\NFL_ML_Predictions\backend\models\metadata.json
2025-11-16 16:19:53,247 INFO root Model coherence validation passed
2025-11-16 16:19:53,247 INFO root Model loading completed: {'status': 'success', 'loaded': ['home_pipe', 'away_pipe', 'win_pipe', 'metadata', 'feature_columns']}
2025-11-16 16:19:53,248 INFO history No prediction_history.json found; starting with empty history.
2025-11-16 16:19:53,248 INFO api Application initialized: {'dataset': 'loaded', 'models': {'status': 'success', 'loaded': ['home_pipe', 'away_pipe', 'win_pipe', 'metadata', 'feature_columns']}, 'history': 'loaded 0 entries'}
2025-11-16 16:19:56,637 INFO api 🛑 Application shutdown complete
2025-11-16 16:19:58,213 INFO api 🚀 Starting NFL Prediction API
2025-11-16 16:19:58,322 INFO root Dataset loaded successfully: 2214 rows, 214 columns
2025-11-16 16:19:59,677 INFO root ✓ Loaded home_pipe from home_model.joblib
2025-11-16 16:19:59,727 INFO root ✓ Loaded away_pipe from away_model.joblib
2025-11-16 16:19:59,733 INFO root ✓ Loaded win_pipe from win_clf_calibrated.joblib
2025-11-16 16:19:59,734 INFO models Loaded metadata from C:\Users\goku\Documents\NFL_ML_Predictions\backend\models\metadata.json
2025-11-16 16:19:59,734 INFO root Model coherence validation passed
2025-11-16 16:19:59,734 INFO root Model loading completed: {'status': 'success', 'loaded': ['home_pipe', 'away_pipe', 'win_pipe', 'metadata', 'feature_columns']}
2025-11-16 16:19:59,735 INFO history No prediction_history.json found; starting with empty history.
2025-11-16 16:19:59,735 INFO api Application initialized: {'dataset': 'loaded', 'models': {'status': 'success', 'loaded': ['home_pipe', 'away_pipe', 'win_pipe', 'metadata', 'feature_columns']}, 'history': 'loaded 0 entries'}
2025-11-16 16:19:59,736 INFO api 🛑 Application shutdown complete
2025-11-16 16:20:01,310 INFO api 🚀 Starting NFL Prediction API
2025-11-16 16:20:01,416 INFO root Dataset loaded successfully: 2214 rows, 214 columns
2025-11-16 16:20:02,696 INFO root ✓ Loaded home_pipe from home_model.joblib
2025-11-16 16:20:02,744 INFO root ✓ Loaded away_pipe from away_model.joblib
2025-11-16 16:20:02,750 INFO root ✓ Loaded win_pipe from win_clf_calibrated.joblib
2025-11-16 16:20:02,751 INFO models Loaded metadata from C:\Users\goku\Documents\NFL_ML_Predictions\backend\models\metadata.json
2025-11-16 16:20:02,751 INFO root Model coherence validation passed
2025-11-16 16:20:02,751 INFO root Model loading completed: {'status': 'success', 'loaded': ['home_pipe', 'away_pipe', 'win_pipe', 'metadata', 'feature_columns']}
2025-11-16 16:20:02,752 INFO history No prediction_history.json found; starting with empty history.
2025-11-16 16:20:02,752 INFO api Application initialized: {'dataset': 'loaded', 'models': {'status': 'success', 'loaded': ['home_pipe', 'away_pipe', 'win_pipe', 'metadata', 'feature_columns']}, 'history': 'loaded 0 entries'}
2025-11-16 16:20:15,934 INFO api 🛑 Application shutdown complete
2025-11-16 16:20:17,582 INFO api 🚀 Starting NFL Prediction API
2025-11-16 16:20:17,698 INFO root Dataset loaded successfully: 2214 rows, 214 columns
2025-11-16 16:20:19,134 INFO root ✓ Loaded home_pipe from home_model.joblib
2025-11-16 16:20:19,195 INFO root ✓ Loaded away_pipe from away_model.joblib
2025-11-16 16:20:19,205 INFO root ✓ Loaded win_pipe from win_clf_calibrated.joblib
2025-11-16 16:20:19,207 INFO models Loaded metadata from C:\Users\goku\Documents\NFL_ML_Predictions\backend\models\metadata.json
2025-11-16 16:20:19,207 INFO root Model coherence validation passed
2025-11-16 16:20:19,208 INFO root Model loading completed: {'status': 'success', 'loaded': ['home_pipe', 'away_pipe', 'win_pipe', 'metadata', 'feature_columns']}
2025-11-16 16:20:19,208 INFO history No prediction_history.json found; starting with empty history.
2025-11-16 16:20:19,209 INFO api Application initialized: {'dataset': 'loaded', 'models': {'status': 'success', 'loaded': ['home_pipe', 'away_pipe', 'win_pipe', 'metadata', 'feature_columns']}, 'history': 'loaded 0 entries'}
2025-11-16 16:20:19,210 INFO api 🛑 Application shutdown complete
2025-11-16 16:20:20,910 INFO api 🚀 Starting NFL Prediction API
2025-11-16 16:20:21,017 INFO root Dataset loaded successfully: 2214 rows, 214 columns
2025-11-16 16:20:22,318 INFO root ✓ Loaded home_pipe from home_model.joblib
2025-11-16 16:20:22,369 INFO root ✓ Loaded away_pipe from away_model.joblib
2025-11-16 16:20:22,374 INFO root ✓ Loaded win_pipe from win_clf_calibrated.joblib
2025-11-16 16:20:22,375 INFO models Loaded metadata from C:\Users\goku\Documents\NFL_ML_Predictions\backend\models\metadata.json
2025-11-16 16:20:22,376 INFO root Model coherence validation passed
2025-11-16 16:20:22,376 INFO root Model loading completed: {'status': 'success', 'loaded': ['home_pipe', 'away_pipe', 'win_pipe', 'metadata', 'feature_columns']}
2025-11-16 16:20:22,377 INFO history No prediction_history.json found; starting with empty history.
2025-11-16 16:20:22,377 INFO api Application initialized: {'dataset': 'loaded', 'models': {'status': 'success', 'loaded': ['home_pipe', 'away_pipe', 'win_pipe', 'metadata', 'feature_columns']}, 'history': 'loaded 0 entries'}
2025-11-16 16:20:22,378 INFO api 🛑 Application shutdown complete
2025-11-16 16:20:23,924 INFO api 🚀 Starting NFL Prediction API
2025-11-16 16:20:24,030 INFO root Dataset loaded successfully: 2214 rows, 214 columns
2025-11-16 16:20:25,420 INFO root ✓ Loaded home_pipe from home_model.joblib
2025-11-16 16:20:25,470 INFO root ✓ Loaded away_pipe from away_model.joblib
2025-11-16 16:20:25,477 INFO root ✓ Loaded win_pipe from win_clf_calibrated.joblib
2025-11-16 16:20:25,478 INFO models Loaded metadata from C:\Users\goku\Documents\NFL_ML_Predictions\backend\models\metadata.json
2025-11-16 16:20:25,478 INFO root Model coherence validation passed
2025-11-16 16:20:25,478 INFO root Model loading completed: {'status': 'success', 'loaded': ['home_pipe', 'away_pipe', 'win_pipe', 'metadata', 'feature_columns']}
2025-11-16 16:20:25,479 INFO history No prediction_history.json found; starting with empty history.
2025-11-16 16:20:25,479 INFO api Application initialized: {'dataset': 'loaded', 'models': {'status': 'success', 'loaded': ['home_pipe', 'away_pipe', 'win_pipe', 'metadata', 'feature_columns']}, 'history': 'loaded 0 entries'}
2025-11-16 16:20:25,480 INFO api 🛑 Application shutdown complete
2025-11-16 16:20:27,106 INFO api 🚀 Starting NFL Prediction API
2025-11-16 16:20:27,221 INFO root Dataset loaded successfully: 2214 rows, 214 columns
2025-11-16 16:20:28,521 INFO root ✓ Loaded home_pipe from home_model.joblib
2025-11-16 16:20:28,570 INFO root ✓ Loaded away_pipe from away_model.joblib
2025-11-16 16:20:28,577 INFO root ✓ Loaded win_pipe from win_clf_calibrated.joblib
2025-11-16 16:20:28,577 INFO models Loaded metadata from C:\Users\goku\Documents\NFL_ML_Predictions\backend\models\metadata.json
2025-11-16 16:20:28,578 INFO root Model coherence validation passed
2025-11-16 16:20:28,578 INFO root Model loading completed: {'status': 'success', 'loaded': ['home_pipe', 'away_pipe', 'win_pipe', 'metadata', 'feature_columns']}
2025-11-16 16:20:28,579 INFO history No prediction_history.json found; starting with empty history.
2025-11-16 16:20:28,579 INFO api Application initialized: {'dataset': 'loaded', 'models': {'status': 'success', 'loaded': ['home_pipe', 'away_pipe', 'win_pipe', 'metadata', 'feature_columns']}, 'history': 'loaded 0 entries'}
2025-11-16 16:20:29,537 INFO api 🛑 Application shutdown complete
2025-11-16 16:20:31,064 INFO api 🚀 Starting NFL Prediction API
2025-11-16 16:20:31,179 INFO root Dataset loaded successfully: 2214 rows, 214 columns
2025-11-16 16:20:32,601 INFO root ✓ Loaded home_pipe from home_model.joblib
2025-11-16 16:20:32,658 INFO root ✓ Loaded away_pipe from away_model.joblib
2025-11-16 16:20:32,664 INFO root ✓ Loaded win_pipe from win_clf_calibrated.joblib
2025-11-16 16:20:32,664 INFO models Loaded metadata from C:\Users\goku\Documents\NFL_ML_Predictions\backend\models\metadata.json
2025-11-16 16:20:32,665 INFO root Model coherence validation passed
2025-11-16 16:20:32,665 INFO root Model loading completed: {'status': 'success', 'loaded': ['home_pipe', 'away_pipe', 'win_pipe', 'metadata', 'feature_columns']}
2025-11-16 16:20:32,666 INFO history No prediction_history.json found; starting with empty history.
2025-11-16 16:20:32,666 INFO api Application initialized: {'dataset': 'loaded', 'models': {'status': 'success', 'loaded': ['home_pipe', 'away_pipe', 'win_pipe', 'metadata', 'feature_columns']}, 'history': 'loaded 0 entries'}
2025-11-16 16:20:32,667 INFO api 🛑 Application shutdown complete
2025-11-16 16:20:34,306 INFO api 🚀 Starting NFL Prediction API
2025-11-16 16:20:34,414 INFO root Dataset loaded successfully: 2214 rows, 214 columns
2025-11-16 16:20:35,773 INFO root ✓ Loaded home_pipe from home_model.joblib
2025-11-16 16:20:35,821 INFO root ✓ Loaded away_pipe from away_model.joblib
2025-11-16 16:20:35,827 INFO root ✓ Loaded win_pipe from win_clf_calibrated.joblib
2025-11-16 16:20:35,828 INFO models Loaded metadata from C:\Users\goku\Documents\NFL_ML_Predictions\backend\models\metadata.json
2025-11-16 16:20:35,828 INFO root Model coherence validation passed
2025-11-16 16:20:35,829 INFO root Model loading completed: {'status': 'success', 'loaded': ['home_pipe', 'away_pipe', 'win_pipe', 'metadata', 'feature_columns']}
2025-11-16 16:20:35,829 INFO history No prediction_history.json found; starting with empty history.
2025-11-16 16:20:35,829 INFO api Application initialized: {'dataset': 'loaded', 'models': {'status': 'success', 'loaded': ['home_pipe', 'away_pipe', 'win_pipe', 'metadata', 'feature_columns']}, 'history': 'loaded 0 entries'}
2025-11-16 16:20:35,830 INFO api 🛑 Application shutdown complete
2025-11-16 16:20:37,432 INFO api 🚀 Starting NFL Prediction API
2025-11-16 16:20:37,546 INFO root Dataset loaded successfully: 2214 rows, 214 columns
2025-11-16 16:20:39,097 INFO root ✓ Loaded home_pipe from home_model.joblib
2025-11-16 16:20:39,144 INFO root ✓ Loaded away_pipe from away_model.joblib
2025-11-16 16:20:39,151 INFO root ✓ Loaded win_pipe from win_clf_calibrated.joblib
2025-11-16 16:20:39,151 INFO models Loaded metadata from C:\Users\goku\Documents\NFL_ML_Predictions\backend\models\metadata.json
2025-11-16 16:20:39,152 INFO root Model coherence validation passed
2025-11-16 16:20:39,152 INFO root Model loading completed: {'status': 'success', 'loaded': ['home_pipe', 'away_pipe', 'win_pipe', 'metadata', 'feature_columns']}
2025-11-16 16:20:39,152 INFO history No prediction_history.json found; starting with empty history.
2025-11-16 16:20:39,153 INFO api Application initialized: {'dataset': 'loaded', 'models': {'status': 'success', 'loaded': ['home_pipe', 'away_pipe', 'win_pipe', 'metadata', 'feature_columns']}, 'history': 'loaded 0 entries'}
2025-11-16 16:20:39,153 INFO api 🛑 Application shutdown complete
2025-11-16 16:20:41,102 INFO api 🚀 Starting NFL Prediction API
2025-11-16 16:20:41,212 INFO root Dataset loaded successfully: 2214 rows, 214 columns
2025-11-16 16:20:42,508 INFO root ✓ Loaded home_pipe from home_model.joblib
2025-11-16 16:20:42,554 INFO root ✓ Loaded away_pipe from away_model.joblib
2025-11-16 16:20:42,560 INFO root ✓ Loaded win_pipe from win_clf_calibrated.joblib
2025-11-16 16:20:42,561 INFO models Loaded metadata from C:\Users\goku\Documents\NFL_ML_Predictions\backend\models\metadata.json
2025-11-16 16:20:42,561 INFO root Model coherence validation passed
2025-11-16 16:20:42,561 INFO root Model loading completed: {'status': 'success', 'loaded': ['home_pipe', 'away_pipe', 'win_pipe', 'metadata', 'feature_columns']}
2025-11-16 16:20:42,562 INFO history No prediction_history.json found; starting with empty history.
2025-11-16 16:20:42,562 INFO api Application initialized: {'dataset': 'loaded', 'models': {'status': 'success', 'loaded': ['home_pipe', 'away_pipe', 'win_pipe', 'metadata', 'feature_columns']}, 'history': 'loaded 0 entries'}
2025-11-16 16:22:27,891 INFO api 🛑 Application shutdown complete
2025-11-16 16:22:29,461 INFO api 🚀 Starting NFL Prediction API
2025-11-16 16:22:29,568 INFO root Dataset loaded successfully: 2214 rows, 214 columns
2025-11-16 16:22:30,978 INFO root ✓ Loaded home_pipe from home_model.joblib
2025-11-16 16:22:31,027 INFO root ✓ Loaded away_pipe from away_model.joblib
2025-11-16 16:22:31,034 INFO root ✓ Loaded win_pipe from win_clf_calibrated.joblib
2025-11-16 16:22:31,035 INFO models Loaded metadata from C:\Users\goku\Documents\NFL_ML_Predictions\backend\models\metadata.json
2025-11-16 16:22:31,035 INFO root Model coherence validation passed
2025-11-16 16:22:31,036 INFO root Model loading completed: {'status': 'success', 'loaded': ['home_pipe', 'away_pipe', 'win_pipe', 'metadata', 'feature_columns']}
2025-11-16 16:22:31,036 INFO history No prediction_history.json found; starting with empty history.
2025-11-16 16:22:31,036 INFO api Application initialized: {'dataset': 'loaded', 'models': {'status': 'success', 'loaded': ['home_pipe', 'away_pipe', 'win_pipe', 'metadata', 'feature_columns']}, 'history': 'loaded 0 entries'}
2025-11-16 16:23:34,750 INFO api 🛑 Application shutdown complete
2025-11-16 16:23:36,300 INFO api 🚀 Starting NFL Prediction API
2025-11-16 16:23:36,416 INFO root Dataset loaded successfully: 2214 rows, 214 columns
2025-11-16 16:23:37,804 INFO root ✓ Loaded home_pipe from home_model.joblib
2025-11-16 16:23:37,851 INFO root ✓ Loaded away_pipe from away_model.joblib
2025-11-16 16:23:37,856 INFO root ✓ Loaded win_pipe from win_clf_calibrated.joblib
2025-11-16 16:23:37,857 INFO models Loaded metadata from C:\Users\goku\Documents\NFL_ML_Predictions\backend\models\metadata.json
2025-11-16 16:23:37,857 INFO root Model coherence validation passed
2025-11-16 16:23:37,858 INFO root Model loading completed: {'status': 'success', 'loaded': ['home_pipe', 'away_pipe', 'win_pipe', 'metadata', 'feature_columns']}
2025-11-16 16:23:37,858 INFO history No prediction_history.json found; starting with empty history.
2025-11-16 16:23:37,858 INFO api Application initialized: {'dataset': 'loaded', 'models': {'status': 'success', 'loaded': ['home_pipe', 'away_pipe', 'win_pipe', 'metadata', 'feature_columns']}, 'history': 'loaded 0 entries'}
2025-11-16 16:25:19,499 INFO api 🛑 Application shutdown complete
2025-11-16 16:25:21,109 INFO api 🚀 Starting NFL Prediction API
2025-11-16 16:25:21,217 INFO root Dataset loaded successfully: 2214 rows, 214 columns
2025-11-16 16:25:22,631 INFO root ✓ Loaded home_pipe from home_model.joblib
2025-11-16 16:25:22,677 INFO root ✓ Loaded away_pipe from away_model.joblib
2025-11-16 16:25:22,682 INFO root ✓ Loaded win_pipe from win_clf_calibrated.joblib
2025-11-16 16:25:22,683 INFO models Loaded metadata from C:\Users\goku\Documents\NFL_ML_Predictions\backend\models\metadata.json
2025-11-16 16:25:22,684 INFO root Model coherence validation passed
2025-11-16 16:25:22,684 INFO root Model loading completed: {'status': 'success', 'loaded': ['home_pipe', 'away_pipe', 'win_pipe', 'metadata', 'feature_columns']}
2025-11-16 16:25:22,684 INFO history No prediction_history.json found; starting with empty history.
2025-11-16 16:25:22,685 INFO api Application initialized: {'dataset': 'loaded', 'models': {'status': 'success', 'loaded': ['home_pipe', 'away_pipe', 'win_pipe', 'metadata', 'feature_columns']}, 'history': 'loaded 0 entries'}
2025-11-16 16:25:22,685 INFO api 🛑 Application shutdown complete
2025-11-16 16:25:24,194 INFO api 🚀 Starting NFL Prediction API
2025-11-16 16:25:24,301 INFO root Dataset loaded successfully: 2214 rows, 214 columns
2025-11-16 16:25:25,574 INFO root ✓ Loaded home_pipe from home_model.joblib
2025-11-16 16:25:25,621 INFO root ✓ Loaded away_pipe from away_model.joblib
2025-11-16 16:25:25,627 INFO root ✓ Loaded win_pipe from win_clf_calibrated.joblib
2025-11-16 16:25:25,628 INFO models Loaded metadata from C:\Users\goku\Documents\NFL_ML_Predictions\backend\models\metadata.json
2025-11-16 16:25:25,628 INFO root Model coherence validation passed
2025-11-16 16:25:25,628 INFO root Model loading completed: {'status': 'success', 'loaded': ['home_pipe', 'away_pipe', 'win_pipe', 'metadata', 'feature_columns']}
2025-11-16 16:25:25,629 INFO history No prediction_history.json found; starting with empty history.
2025-11-16 16:25:25,629 INFO api Application initialized: {'dataset': 'loaded', 'models': {'status': 'success', 'loaded': ['home_pipe', 'away_pipe', 'win_pipe', 'metadata', 'feature_columns']}, 'history': 'loaded 0 entries'}
2025-11-16 16:25:27,900 INFO api 🛑 Application shutdown complete
2025-11-16 16:25:29,432 INFO api 🚀 Starting NFL Prediction API
2025-11-16 16:25:29,539 INFO root Dataset loaded successfully: 2214 rows, 214 columns
2025-11-16 16:25:30,824 INFO root ✓ Loaded home_pipe from home_model.joblib
2025-11-16 16:25:30,870 INFO root ✓ Loaded away_pipe from away_model.joblib
2025-11-16 16:25:30,876 INFO root ✓ Loaded win_pipe from win_clf_calibrated.joblib
2025-11-16 16:25:30,877 INFO models Loaded metadata from C:\Users\goku\Documents\NFL_ML_Predictions\backend\models\metadata.json
2025-11-16 16:25:30,877 INFO root Model coherence validation passed
2025-11-16 16:25:30,877 INFO root Model loading completed: {'status': 'success', 'loaded': ['home_pipe', 'away_pipe', 'win_pipe', 'metadata', 'feature_columns']}
2025-11-16 16:25:30,878 INFO history No prediction_history.json found; starting with empty history.
2025-11-16 16:25:30,878 INFO api Application initialized: {'dataset': 'loaded', 'models': {'status': 'success', 'loaded': ['home_pipe', 'away_pipe', 'win_pipe', 'metadata', 'feature_columns']}, 'history': 'loaded 0 entries'}
2025-11-16 16:25:34,723 INFO api 🛑 Application shutdown complete
2025-11-16 16:25:36,285 INFO api 🚀 Starting NFL Prediction API
2025-11-16 16:25:36,408 INFO root Dataset loaded successfully: 2214 rows, 214 columns
2025-11-16 16:25:37,794 INFO root ✓ Loaded home_pipe from home_model.joblib
2025-11-16 16:25:37,844 INFO root ✓ Loaded away_pipe from away_model.joblib
2025-11-16 16:25:37,850 INFO root ✓ Loaded win_pipe from win_clf_calibrated.joblib
2025-11-16 16:25:37,851 INFO models Loaded metadata from C:\Users\goku\Documents\NFL_ML_Predictions\backend\models\metadata.json
2025-11-16 16:25:37,851 INFO root Model coherence validation passed
2025-11-16 16:25:37,851 INFO root Model loading completed: {'status': 'success', 'loaded': ['home_pipe', 'away_pipe', 'win_pipe', 'metadata', 'feature_columns']}
2025-11-16 16:25:37,852 INFO history No prediction_history.json found; starting with empty history.
2025-11-16 16:25:37,852 INFO api Application initialized: {'dataset': 'loaded', 'models': {'status': 'success', 'loaded': ['home_pipe', 'away_pipe', 'win_pipe', 'metadata', 'feature_columns']}, 'history': 'loaded 0 entries'}
2025-11-16 16:27:01,538 INFO api 🛑 Application shutdown complete
2025-11-16 16:27:03,152 INFO api 🚀 Starting NFL Prediction API
2025-11-16 16:27:03,271 INFO root Dataset loaded successfully: 2214 rows, 214 columns
2025-11-16 16:27:04,734 INFO root ✓ Loaded home_pipe from home_model.joblib
2025-11-16 16:27:04,782 INFO root ✓ Loaded away_pipe from away_model.joblib
2025-11-16 16:27:04,788 INFO root ✓ Loaded win_pipe from win_clf_calibrated.joblib
2025-11-16 16:27:04,789 INFO models Loaded metadata from C:\Users\goku\Documents\NFL_ML_Predictions\backend\models\metadata.json
2025-11-16 16:27:04,789 INFO root Model coherence validation passed
2025-11-16 16:27:04,789 INFO root Model loading completed: {'status': 'success', 'loaded': ['home_pipe', 'away_pipe', 'win_pipe', 'metadata', 'feature_columns']}
2025-11-16 16:27:04,790 INFO history No prediction_history.json found; starting with empty history.
2025-11-16 16:27:04,790 INFO api Application initialized: {'dataset': 'loaded', 'models': {'status': 'success', 'loaded': ['home_pipe', 'away_pipe', 'win_pipe', 'metadata', 'feature_columns']}, 'history': 'loaded 0 entries'}
2025-11-16 16:27:06,823 INFO api 🛑 Application shutdown complete
2025-11-16 16:28:00,562 INFO api 🚀 Starting NFL Prediction API
2025-11-16 16:28:00,669 INFO root Dataset loaded successfully: 2214 rows, 214 columns
2025-11-16 16:28:02,004 INFO root ✓ Loaded home_pipe from home_model.joblib
2025-11-16 16:28:02,052 INFO root ✓ Loaded away_pipe from away_model.joblib
2025-11-16 16:28:02,058 INFO root ✓ Loaded win_pipe from win_clf_calibrated.joblib
2025-11-16 16:28:02,059 INFO models Loaded metadata from C:\Users\goku\Documents\NFL_ML_Predictions\backend\models\metadata.json
2025-11-16 16:28:02,059 INFO root Model coherence validation passed
2025-11-16 16:28:02,060 INFO root Model loading completed: {'status': 'success', 'loaded': ['home_pipe', 'away_pipe', 'win_pipe', 'metadata', 'feature_columns']}
2025-11-16 16:28:02,060 INFO history No prediction_history.json found; starting with empty history.
2025-11-16 16:28:02,060 INFO api Application initialized: {'dataset': 'loaded', 'models': {'status': 'success', 'loaded': ['home_pipe', 'away_pipe', 'win_pipe', 'metadata', 'feature_columns']}, 'history': 'loaded 0 entries'}
2025-11-16 16:29:22,231 INFO venv 2025-11-17 00:29:22.231880+00:00
2025-11-16 16:29:22,248 INFO api Schedule scope -> season=2025 week=11 via kickoff_date
2025-11-16 16:32:53,469 INFO venv 2025-11-17 00:32:53.469880+00:00
2025-11-16 16:32:53,484 INFO api Schedule scope -> season=2025 week=11 via kickoff_date
2025-11-16 16:32:53,517 INFO venv 2025-11-17 00:32:53.517583+00:00
2025-11-16 16:32:53,532 INFO api Schedule scope -> season=2025 week=11 via kickoff_date
2025-11-16 16:32:53,558 INFO venv 2025-11-17 00:32:53.558641+00:00
2025-11-16 16:32:53,573 INFO api Schedule scope -> season=2025 week=11 via kickoff_date
2025-11-16 16:32:53,802 INFO venv 2025-11-17 00:32:53.802081+00:00
2025-11-16 16:32:53,812 INFO api Schedule scope -> season=2025 week=11 via kickoff_date
2025-11-16 16:32:53,841 INFO venv 2025-11-17 00:32:53.840969+00:00
2025-11-16 16:32:53,852 INFO api Schedule scope -> season=2025 week=11 via kickoff_date
2025-11-16 16:32:53,878 INFO venv 2025-11-17 00:32:53.878828+00:00
2025-11-16 16:32:53,889 INFO api Schedule scope -> season=2025 week=11 via kickoff_date
2025-11-16 16:33:16,448 INFO venv 2025-11-17 00:33:16.448731+00:00
2025-11-16 16:33:16,458 INFO api Schedule scope -> season=2025 week=11 via kickoff_date
2025-11-16 16:33:16,485 INFO venv 2025-11-17 00:33:16.484916+00:00
2025-11-16 16:33:16,498 INFO api Schedule scope -> season=2025 week=11 via kickoff_date
2025-11-16 16:33:16,606 INFO venv 2025-11-17 00:33:16.606443+00:00
2025-11-16 16:33:16,621 INFO api Schedule scope -> season=2025 week=11 via kickoff_date
2025-11-16 16:33:16,801 INFO venv 2025-11-17 00:33:16.801773+00:00
2025-11-16 16:33:16,816 INFO api Schedule scope -> season=2025 week=11 via kickoff_date
2025-11-16 16:33:16,851 INFO venv 2025-11-17 00:33:16.851919+00:00
2025-11-16 16:33:16,865 INFO api Schedule scope -> season=2025 week=11 via kickoff_date
2025-11-16 16:33:17,456 INFO venv 2025-11-17 00:33:17.456386+00:00
2025-11-16 16:33:17,467 INFO api Schedule scope -> season=2025 week=11 via kickoff_date
2025-11-16 16:33:17,504 INFO venv 2025-11-17 00:33:17.504509+00:00
2025-11-16 16:33:17,516 INFO api Schedule scope -> season=2025 week=11 via kickoff_date
2025-11-16 16:33:17,625 INFO venv 2025-11-17 00:33:17.625312+00:00
2025-11-16 16:33:17,634 INFO api Schedule scope -> season=2025 week=11 via kickoff_date
2025-11-16 16:33:17,769 INFO venv 2025-11-17 00:33:17.769637+00:00
2025-11-16 16:33:17,782 INFO api Schedule scope -> season=2025 week=11 via kickoff_date
2025-11-16 16:33:17,832 INFO venv 2025-11-17 00:33:17.832650+00:00
2025-11-16 16:33:17,842 INFO api Schedule scope -> season=2025 week=11 via kickoff_date
2025-11-16 16:33:23,458 INFO venv 2025-11-17 00:33:23.458949+00:00
2025-11-16 16:33:23,469 INFO api Schedule scope -> season=2025 week=11 via kickoff_date
2025-11-16 16:33:23,498 INFO venv 2025-11-17 00:33:23.498428+00:00
2025-11-16 16:33:23,510 INFO api Schedule scope -> season=2025 week=11 via kickoff_date
2025-11-16 16:33:23,536 INFO venv 2025-11-17 00:33:23.536874+00:00
2025-11-16 16:33:23,551 INFO api Schedule scope -> season=2025 week=11 via kickoff_date
2025-11-16 16:33:23,630 INFO venv 2025-11-17 00:33:23.630635+00:00
2025-11-16 16:33:23,644 INFO api Schedule scope -> season=2025 week=11 via kickoff_date
2025-11-16 16:33:23,773 INFO venv 2025-11-17 00:33:23.773580+00:00
2025-11-16 16:33:23,788 INFO api Schedule scope -> season=2025 week=11 via kickoff_date
2025-11-16 16:33:23,851 INFO venv 2025-11-17 00:33:23.851839+00:00
2025-11-16 16:33:23,865 INFO api Schedule scope -> season=2025 week=11 via kickoff_date
2025-11-16 16:33:36,461 INFO venv 2025-11-17 00:33:36.461009+00:00
2025-11-16 16:33:36,470 INFO api Schedule scope -> season=2025 week=11 via kickoff_date
2025-11-16 16:33:36,501 INFO venv 2025-11-17 00:33:36.501566+00:00
2025-11-16 16:33:36,524 INFO api Schedule scope -> season=2025 week=11 via kickoff_date
2025-11-16 16:33:36,701 INFO venv 2025-11-17 00:33:36.701056+00:00
2025-11-16 16:33:36,714 INFO api Schedule scope -> season=2025 week=11 via kickoff_date
2025-11-16 16:33:36,816 INFO venv 2025-11-17 00:33:36.816329+00:00
2025-11-16 16:33:36,828 INFO api Schedule scope -> season=2025 week=11 via kickoff_date
2025-11-16 16:33:36,886 INFO venv 2025-11-17 00:33:36.886570+00:00
2025-11-16 16:33:36,898 INFO api Schedule scope -> season=2025 week=11 via kickoff_date
2025-11-16 16:33:40,461 INFO venv 2025-11-17 00:33:40.461160+00:00
2025-11-16 16:33:40,471 INFO api Schedule scope -> season=2025 week=11 via kickoff_date
2025-11-16 16:33:40,505 INFO venv 2025-11-17 00:33:40.505739+00:00
2025-11-16 16:33:40,519 INFO api Schedule scope -> season=2025 week=11 via kickoff_date
2025-11-16 16:33:40,621 INFO venv 2025-11-17 00:33:40.621202+00:00
2025-11-16 16:33:40,633 INFO api Schedule scope -> season=2025 week=11 via kickoff_date
2025-11-16 16:33:40,780 INFO venv 2025-11-17 00:33:40.780115+00:00
2025-11-16 16:33:40,795 INFO api Schedule scope -> season=2025 week=11 via kickoff_date
2025-11-16 16:33:40,859 INFO venv 2025-11-17 00:33:40.859964+00:00
2025-11-16 16:33:40,873 INFO api Schedule scope -> season=2025 week=11 via kickoff_date
2025-11-16 16:34:00,463 INFO venv 2025-11-17 00:34:00.463311+00:00
2025-11-16 16:34:00,475 INFO api Schedule scope -> season=2025 week=11 via kickoff_date
2025-11-16 16:34:00,499 INFO venv 2025-11-17 00:34:00.499240+00:00
2025-11-16 16:34:00,511 INFO api Schedule scope -> season=2025 week=11 via kickoff_date
2025-11-16 16:34:00,532 INFO venv 2025-11-17 00:34:00.532160+00:00
2025-11-16 16:34:00,546 INFO api Schedule scope -> season=2025 week=11 via kickoff_date
2025-11-16 16:34:00,610 INFO venv 2025-11-17 00:34:00.610319+00:00
2025-11-16 16:34:00,623 INFO api Schedule scope -> season=2025 week=11 via kickoff_date
2025-11-16 16:34:00,760 INFO venv 2025-11-17 00:34:00.760142+00:00
2025-11-16 16:34:00,773 INFO api Schedule scope -> season=2025 week=11 via kickoff_date
2025-11-16 16:34:00,835 INFO venv 2025-11-17 00:34:00.835593+00:00
2025-11-16 16:34:00,847 INFO api Schedule scope -> season=2025 week=11 via kickoff_date
2025-11-16 16:34:04,451 INFO venv 2025-11-17 00:34:04.451475+00:00
2025-11-16 16:34:04,461 INFO api Schedule scope -> season=2025 week=11 via kickoff_date
2025-11-16 16:34:04,487 INFO venv 2025-11-17 00:34:04.487419+00:00
2025-11-16 16:34:04,498 INFO api Schedule scope -> season=2025 week=11 via kickoff_date
2025-11-16 16:34:04,521 INFO venv 2025-11-17 00:34:04.521287+00:00
2025-11-16 16:34:04,532 INFO api Schedule scope -> season=2025 week=11 via kickoff_date
2025-11-16 16:34:04,613 INFO venv 2025-11-17 00:34:04.613753+00:00
2025-11-16 16:34:04,625 INFO api Schedule scope -> season=2025 week=11 via kickoff_date
2025-11-16 16:34:04,753 INFO venv 2025-11-17 00:34:04.753637+00:00
2025-11-16 16:34:04,766 INFO api Schedule scope -> season=2025 week=11 via kickoff_date
2025-11-16 16:34:04,805 INFO venv 2025-11-17 00:34:04.805876+00:00
2025-11-16 16:34:04,814 INFO api Schedule scope -> season=2025 week=11 via kickoff_date
2025-11-16 16:35:08,457 INFO venv 2025-11-17 00:35:08.457484+00:00
2025-11-16 16:35:08,466 INFO api Schedule scope -> season=2025 week=11 via kickoff_date
2025-11-16 16:35:08,499 INFO venv 2025-11-17 00:35:08.499802+00:00
2025-11-16 16:35:08,513 INFO api Schedule scope -> season=2025 week=11 via kickoff_date
2025-11-16 16:35:08,631 INFO venv 2025-11-17 00:35:08.631612+00:00
2025-11-16 16:35:08,644 INFO api Schedule scope -> season=2025 week=11 via kickoff_date
2025-11-16 16:35:08,793 INFO venv 2025-11-17 00:35:08.793719+00:00
2025-11-16 16:35:08,803 INFO api Schedule scope -> season=2025 week=11 via kickoff_date
2025-11-16 16:35:08,862 INFO venv 2025-11-17 00:35:08.862307+00:00
2025-11-16 16:35:08,874 INFO api Schedule scope -> season=2025 week=11 via kickoff_date
2025-11-16 16:37:27,456 INFO venv 2025-11-17 00:37:27.456696+00:00
2025-11-16 16:37:27,466 INFO api Schedule scope -> season=2025 week=11 via kickoff_date
2025-11-16 16:37:27,498 INFO venv 2025-11-17 00:37:27.498750+00:00
2025-11-16 16:37:27,512 INFO api Schedule scope -> season=2025 week=11 via kickoff_date
2025-11-16 16:37:27,636 INFO venv 2025-11-17 00:37:27.636568+00:00
2025-11-16 16:37:27,651 INFO api Schedule scope -> season=2025 week=11 via kickoff_date
2025-11-16 16:37:27,781 INFO venv 2025-11-17 00:37:27.781506+00:00
2025-11-16 16:37:27,795 INFO api Schedule scope -> season=2025 week=11 via kickoff_date
2025-11-16 16:37:27,855 INFO venv 2025-11-17 00:37:27.855043+00:00
2025-11-16 16:37:27,866 INFO api Schedule scope -> season=2025 week=11 via kickoff_date
2025-11-16 16:40:27,454 INFO venv 2025-11-17 00:40:27.454615+00:00
2025-11-16 16:40:27,466 INFO api Schedule scope -> season=2025 week=11 via kickoff_date
2025-11-16 16:40:27,497 INFO venv 2025-11-17 00:40:27.497140+00:00
2025-11-16 16:40:27,509 INFO api Schedule scope -> season=2025 week=11 via kickoff_date
2025-11-16 16:40:27,536 INFO venv 2025-11-17 00:40:27.536688+00:00
2025-11-16 16:40:27,548 INFO api Schedule scope -> season=2025 week=11 via kickoff_date
2025-11-16 16:40:27,673 INFO venv 2025-11-17 00:40:27.673552+00:00
2025-11-16 16:40:27,684 INFO api Schedule scope -> season=2025 week=11 via kickoff_date
2025-11-16 16:40:27,708 INFO venv 2025-11-17 00:40:27.708250+00:00
2025-11-16 16:40:27,721 INFO api Schedule scope -> season=2025 week=11 via kickoff_date
2025-11-16 16:40:27,745 INFO venv 2025-11-17 00:40:27.745753+00:00
2025-11-16 16:40:27,758 INFO api Schedule scope -> season=2025 week=11 via kickoff_date
2025-11-16 16:40:27,808 INFO venv 2025-11-17 00:40:27.808948+00:00
2025-11-16 16:40:27,822 INFO api Schedule scope -> season=2025 week=11 via kickoff_date
2025-11-16 16:40:27,846 INFO venv 2025-11-17 00:40:27.846714+00:00
2025-11-16 16:40:27,857 INFO api Schedule scope -> season=2025 week=11 via kickoff_date
2025-11-16 16:40:27,879 INFO venv 2025-11-17 00:40:27.879874+00:00
2025-11-16 16:40:27,892 INFO api Schedule scope -> season=2025 week=11 via kickoff_date
2025-11-16 16:40:27,910 INFO venv 2025-11-17 00:40:27.910274+00:00
2025-11-16 16:40:27,918 INFO api Schedule scope -> season=2025 week=11 via kickoff_date
2025-11-16 16:40:27,936 INFO venv 2025-11-17 00:40:27.936014+00:00
2025-11-16 16:40:27,944 INFO api Schedule scope -> season=2025 week=11 via kickoff_date
2025-11-16 16:40:27,964 INFO venv 2025-11-17 00:40:27.964115+00:00
2025-11-16 16:40:27,976 INFO api Schedule scope -> season=2025 week=11 via kickoff_date
2025-11-16 16:40:27,993 INFO venv 2025-11-17 00:40:27.993323+00:00
2025-11-16 16:40:28,001 INFO api Schedule scope -> season=2025 week=11 via kickoff_date
2025-11-16 16:40:28,017 INFO venv 2025-11-17 00:40:28.017739+00:00
2025-11-16 16:40:28,025 INFO api Schedule scope -> season=2025 week=11 via kickoff_date
2025-11-16 16:40:28,041 INFO venv 2025-11-17 00:40:28.041690+00:00
2025-11-16 16:40:28,051 INFO api Schedule scope -> season=2025 week=11 via kickoff_date
2025-11-16 16:42:11,457 INFO venv 2025-11-17 00:42:11.457888+00:00
2025-11-16 16:42:11,468 INFO api Schedule scope -> season=2025 week=11 via kickoff_date
2025-11-16 16:42:11,490 INFO venv 2025-11-17 00:42:11.490762+00:00
2025-11-16 16:42:11,504 INFO api Schedule scope -> season=2025 week=11 via kickoff_date
2025-11-16 16:42:11,534 INFO venv 2025-11-17 00:42:11.534906+00:00
2025-11-16 16:42:11,549 INFO api Schedule scope -> season=2025 week=11 via kickoff_date
2025-11-16 16:42:11,831 INFO venv 2025-11-17 00:42:11.831169+00:00
2025-11-16 16:42:11,845 INFO api Schedule scope -> season=2025 week=11 via kickoff_date
2025-11-16 16:42:11,928 INFO venv 2025-11-17 00:42:11.928607+00:00
2025-11-16 16:42:11,947 INFO api Schedule scope -> season=2025 week=11 via kickoff_date
2025-11-16 16:42:11,982 INFO venv 2025-11-17 00:42:11.982655+00:00
2025-11-16 16:42:11,997 INFO api Schedule scope -> season=2025 week=11 via kickoff_date
2025-11-16 16:42:12,024 INFO venv 2025-11-17 00:42:12.024259+00:00
2025-11-16 16:42:12,038 INFO api Schedule scope -> season=2025 week=11 via kickoff_date
2025-11-16 16:42:12,065 INFO venv 2025-11-17 00:42:12.065397+00:00
2025-11-16 16:42:12,078 INFO api Schedule scope -> season=2025 week=11 via kickoff_date
2025-11-16 16:42:12,097 INFO venv 2025-11-17 00:42:12.097292+00:00
2025-11-16 16:42:12,106 INFO api Schedule scope -> season=2025 week=11 via kickoff_date
2025-11-16 16:42:12,127 INFO venv 2025-11-17 00:42:12.127773+00:00
2025-11-16 16:42:12,136 INFO api Schedule scope -> season=2025 week=11 via kickoff_date
2025-11-16 16:42:12,154 INFO venv 2025-11-17 00:42:12.154494+00:00
2025-11-16 16:42:12,164 INFO api Schedule scope -> season=2025 week=11 via kickoff_date
2025-11-16 16:42:12,182 INFO venv 2025-11-17 00:42:12.182083+00:00
2025-11-16 16:42:12,192 INFO api Schedule scope -> season=2025 week=11 via kickoff_date
2025-11-16 16:42:12,209 INFO venv 2025-11-17 00:42:12.209883+00:00
2025-11-16 16:42:12,217 INFO api Schedule scope -> season=2025 week=11 via kickoff_date
2025-11-16 16:42:12,234 INFO venv 2025-11-17 00:42:12.234251+00:00
2025-11-16 16:42:12,242 INFO api Schedule scope -> season=2025 week=11 via kickoff_date
2025-11-16 16:42:12,257 INFO venv 2025-11-17 00:42:12.257778+00:00
2025-11-16 16:42:12,265 INFO api Schedule scope -> season=2025 week=11 via kickoff_date
2025-11-16 17:07:13,735 INFO api 🛑 Application shutdown complete
2025-11-16 17:07:17,932 INFO api 🚀 Starting NFL Prediction API
2025-11-16 17:07:18,040 INFO root Dataset loaded successfully: 2214 rows, 214 columns
2025-11-16 17:07:19,514 INFO root ✓ Loaded home_pipe from home_model.joblib
2025-11-16 17:07:19,574 INFO root ✓ Loaded away_pipe from away_model.joblib
2025-11-16 17:07:19,580 INFO root ✓ Loaded win_pipe from win_clf_calibrated.joblib
2025-11-16 17:07:19,581 INFO models Loaded metadata from C:\Users\goku\Documents\NFL_ML_Predictions\backend\models\metadata.json
2025-11-16 17:07:19,581 INFO root Model coherence validation passed
2025-11-16 17:07:19,581 INFO root Model loading completed: {'status': 'success', 'loaded': ['home_pipe', 'away_pipe', 'win_pipe', 'metadata', 'feature_columns']}
2025-11-16 17:07:19,582 INFO history No prediction_history.json found; starting with empty history.
2025-11-16 17:07:19,582 INFO api Application initialized: {'dataset': 'loaded', 'models': {'status': 'success', 'loaded': ['home_pipe', 'away_pipe', 'win_pipe', 'metadata', 'feature_columns']}, 'history': 'loaded 0 entries'}
2025-11-16 17:07:19,583 INFO api 🛑 Application shutdown complete
2025-11-16 17:07:21,199 INFO api 🚀 Starting NFL Prediction API
2025-11-16 17:07:21,310 INFO root Dataset loaded successfully: 2214 rows, 214 columns
2025-11-16 17:07:22,710 INFO root ✓ Loaded home_pipe from home_model.joblib
2025-11-16 17:07:22,761 INFO root ✓ Loaded away_pipe from away_model.joblib
2025-11-16 17:07:22,767 INFO root ✓ Loaded win_pipe from win_clf_calibrated.joblib
2025-11-16 17:07:22,768 INFO models Loaded metadata from C:\Users\goku\Documents\NFL_ML_Predictions\backend\models\metadata.json
2025-11-16 17:07:22,769 INFO root Model coherence validation passed
2025-11-16 17:07:22,769 INFO root Model loading completed: {'status': 'success', 'loaded': ['home_pipe', 'away_pipe', 'win_pipe', 'metadata', 'feature_columns']}
2025-11-16 17:07:22,769 INFO history No prediction_history.json found; starting with empty history.
2025-11-16 17:07:22,770 INFO api Application initialized: {'dataset': 'loaded', 'models': {'status': 'success', 'loaded': ['home_pipe', 'away_pipe', 'win_pipe', 'metadata', 'feature_columns']}, 'history': 'loaded 0 entries'}
2025-11-16 17:15:44,584 INFO api 🛑 Application shutdown complete
2025-11-16 17:15:46,173 INFO api 🚀 Starting NFL Prediction API
2025-11-16 17:15:46,286 INFO root Dataset loaded successfully: 2214 rows, 214 columns
2025-11-16 17:15:47,766 INFO root ✓ Loaded home_pipe from home_model.joblib
2025-11-16 17:15:47,817 INFO root ✓ Loaded away_pipe from away_model.joblib
2025-11-16 17:15:47,822 INFO root ✓ Loaded win_pipe from win_clf_calibrated.joblib
2025-11-16 17:15:47,823 INFO models Loaded metadata from C:\Users\goku\Documents\NFL_ML_Predictions\backend\models\metadata.json
2025-11-16 17:15:47,823 INFO root Model coherence validation passed
2025-11-16 17:15:47,824 INFO root Model loading completed: {'status': 'success', 'loaded': ['home_pipe', 'away_pipe', 'win_pipe', 'metadata', 'feature_columns']}
2025-11-16 17:15:47,824 INFO history No prediction_history.json found; starting with empty history.
2025-11-16 17:15:47,825 INFO api Application initialized: {'dataset': 'loaded', 'models': {'status': 'success', 'loaded': ['home_pipe', 'away_pipe', 'win_pipe', 'metadata', 'feature_columns']}, 'history': 'loaded 0 entries'}
2025-11-16 17:15:47,826 INFO api 🛑 Application shutdown complete
2025-11-16 17:15:49,368 INFO api 🚀 Starting NFL Prediction API
2025-11-16 17:15:49,483 INFO root Dataset loaded successfully: 2214 rows, 214 columns
2025-11-16 17:15:50,759 INFO root ✓ Loaded home_pipe from home_model.joblib
2025-11-16 17:15:50,806 INFO root ✓ Loaded away_pipe from away_model.joblib
2025-11-16 17:15:50,811 INFO root ✓ Loaded win_pipe from win_clf_calibrated.joblib
2025-11-16 17:15:50,812 INFO models Loaded metadata from C:\Users\goku\Documents\NFL_ML_Predictions\backend\models\metadata.json
2025-11-16 17:15:50,812 INFO root Model coherence validation passed
2025-11-16 17:15:50,813 INFO root Model loading completed: {'status': 'success', 'loaded': ['home_pipe', 'away_pipe', 'win_pipe', 'metadata', 'feature_columns']}
2025-11-16 17:15:50,813 INFO history No prediction_history.json found; starting with empty history.
2025-11-16 17:15:50,813 INFO api Application initialized: {'dataset': 'loaded', 'models': {'status': 'success', 'loaded': ['home_pipe', 'away_pipe', 'win_pipe', 'metadata', 'feature_columns']}, 'history': 'loaded 0 entries'}
2025-11-16 17:15:59,591 INFO api 🛑 Application shutdown complete
2025-11-16 17:16:01,239 INFO api 🚀 Starting NFL Prediction API
2025-11-16 17:16:01,355 INFO root Dataset loaded successfully: 2214 rows, 214 columns
2025-11-16 17:16:02,738 INFO root ✓ Loaded home_pipe from home_model.joblib
2025-11-16 17:16:02,784 INFO root ✓ Loaded away_pipe from away_model.joblib
2025-11-16 17:16:02,790 INFO root ✓ Loaded win_pipe from win_clf_calibrated.joblib
2025-11-16 17:16:02,791 INFO models Loaded metadata from C:\Users\goku\Documents\NFL_ML_Predictions\backend\models\metadata.json
2025-11-16 17:16:02,792 INFO root Model coherence validation passed
2025-11-16 17:16:02,792 INFO root Model loading completed: {'status': 'success', 'loaded': ['home_pipe', 'away_pipe', 'win_pipe', 'metadata', 'feature_columns']}
2025-11-16 17:16:02,792 INFO history No prediction_history.json found; starting with empty history.
2025-11-16 17:16:02,792 INFO api Application initialized: {'dataset': 'loaded', 'models': {'status': 'success', 'loaded': ['home_pipe', 'away_pipe', 'win_pipe', 'metadata', 'feature_columns']}, 'history': 'loaded 0 entries'}
2025-11-16 17:16:02,793 INFO api 🛑 Application shutdown complete
2025-11-16 17:18:36,329 INFO api 🚀 Starting NFL Prediction API
2025-11-16 17:18:36,460 INFO root Dataset loaded successfully: 2214 rows, 214 columns
2025-11-16 17:18:37,951 INFO root ✓ Loaded home_pipe from home_model.joblib
2025-11-16 17:18:38,001 INFO root ✓ Loaded away_pipe from away_model.joblib
2025-11-16 17:18:38,007 INFO root ✓ Loaded win_pipe from win_clf_calibrated.joblib
2025-11-16 17:18:38,007 INFO models Loaded metadata from C:\Users\goku\Documents\NFL_ML_Predictions\backend\models\metadata.json
2025-11-16 17:18:38,008 INFO root Model coherence validation passed
2025-11-16 17:18:38,008 INFO root Model loading completed: {'status': 'success', 'loaded': ['home_pipe', 'away_pipe', 'win_pipe', 'metadata', 'feature_columns']}
2025-11-16 17:18:38,009 INFO history No prediction_history.json found; starting with empty history.
2025-11-16 17:18:38,009 INFO api Application initialized: {'dataset': 'loaded', 'models': {'status': 'success', 'loaded': ['home_pipe', 'away_pipe', 'win_pipe', 'metadata', 'feature_columns']}, 'history': 'loaded 0 entries'}
2025-11-16 17:18:38,010 INFO api 🛑 Application shutdown complete
2025-11-16 17:18:52,241 INFO api 🚀 Starting NFL Prediction API
2025-11-16 17:18:52,354 INFO root Dataset loaded successfully: 2214 rows, 214 columns
2025-11-16 17:18:52,406 INFO root ✓ Loaded home_pipe from home_model.joblib
2025-11-16 17:18:52,453 INFO root ✓ Loaded away_pipe from away_model.joblib
2025-11-16 17:18:52,458 INFO root ✓ Loaded win_pipe from win_clf_calibrated.joblib
2025-11-16 17:18:52,460 INFO models Loaded metadata from C:\Users\goku\Documents\NFL_ML_Predictions\backend\models\metadata.json
2025-11-16 17:18:52,460 INFO root Model coherence validation passed
2025-11-16 17:18:52,460 INFO root Model loading completed: {'status': 'success', 'loaded': ['home_pipe', 'away_pipe', 'win_pipe', 'metadata', 'feature_columns']}
2025-11-16 17:18:52,461 INFO history No prediction_history.json found; starting with empty history.
2025-11-16 17:18:52,461 INFO api Application initialized: {'dataset': 'loaded', 'models': {'status': 'success', 'loaded': ['home_pipe', 'away_pipe', 'win_pipe', 'metadata', 'feature_columns']}, 'history': 'loaded 0 entries'}
2025-11-16 17:19:43,888 INFO api 🛑 Application shutdown complete
2025-11-16 17:19:46,658 INFO api 🚀 Starting NFL Prediction API
2025-11-16 17:19:46,766 INFO root Dataset loaded successfully: 2214 rows, 214 columns
2025-11-16 17:19:46,816 INFO root ✓ Loaded home_pipe from home_model.joblib
2025-11-16 17:19:46,862 INFO root ✓ Loaded away_pipe from away_model.joblib
2025-11-16 17:19:46,868 INFO root ✓ Loaded win_pipe from win_clf_calibrated.joblib
2025-11-16 17:19:46,868 INFO models Loaded metadata from C:\Users\goku\Documents\NFL_ML_Predictions\backend\models\metadata.json
2025-11-16 17:19:46,869 INFO root Model coherence validation passed
2025-11-16 17:19:46,869 INFO root Model loading completed: {'status': 'success', 'loaded': ['home_pipe', 'away_pipe', 'win_pipe', 'metadata', 'feature_columns']}
2025-11-16 17:19:46,869 INFO history No prediction_history.json found; starting with empty history.
2025-11-16 17:19:46,870 INFO api Application initialized: {'dataset': 'loaded', 'models': {'status': 'success', 'loaded': ['home_pipe', 'away_pipe', 'win_pipe', 'metadata', 'feature_columns']}, 'history': 'loaded 0 entries'}
2025-11-16 17:20:17,779 INFO api 🛑 Application shutdown complete
2025-11-16 17:21:46,348 INFO api 🚀 Starting NFL Prediction API
2025-11-16 17:21:46,458 INFO root Dataset loaded successfully: 2214 rows, 214 columns
2025-11-16 17:21:46,510 INFO root ✓ Loaded home_pipe from home_model.joblib
2025-11-16 17:21:46,558 INFO root ✓ Loaded away_pipe from away_model.joblib
2025-11-16 17:21:46,564 INFO root ✓ Loaded win_pipe from win_clf_calibrated.joblib
2025-11-16 17:21:46,565 INFO models Loaded metadata from C:\Users\goku\Documents\NFL_ML_Predictions\backend\models\metadata.json
2025-11-16 17:21:46,565 INFO root Model coherence validation passed
2025-11-16 17:21:46,565 INFO root Model loading completed: {'status': 'success', 'loaded': ['home_pipe', 'away_pipe', 'win_pipe', 'metadata', 'feature_columns']}
2025-11-16 17:21:46,566 INFO history No prediction_history.json found; starting with empty history.
2025-11-16 17:21:46,566 INFO api Application initialized: {'dataset': 'loaded', 'models': {'status': 'success', 'loaded': ['home_pipe', 'away_pipe', 'win_pipe', 'metadata', 'feature_columns']}, 'history': 'loaded 0 entries'}
2025-11-16 17:21:58,846 INFO api 🛑 Application shutdown complete
2025-11-16 17:22:01,643 INFO api 🚀 Starting NFL Prediction API
2025-11-16 17:22:01,760 INFO root Dataset loaded successfully: 2214 rows, 214 columns
2025-11-16 17:22:01,812 INFO root ✓ Loaded home_pipe from home_model.joblib
2025-11-16 17:22:01,862 INFO root ✓ Loaded away_pipe from away_model.joblib
2025-11-16 17:22:01,867 INFO root ✓ Loaded win_pipe from win_clf_calibrated.joblib
2025-11-16 17:22:01,868 INFO models Loaded metadata from C:\Users\goku\Documents\NFL_ML_Predictions\backend\models\metadata.json
2025-11-16 17:22:01,869 INFO root Model coherence validation passed
2025-11-16 17:22:01,869 INFO root Model loading completed: {'status': 'success', 'loaded': ['home_pipe', 'away_pipe', 'win_pipe', 'metadata', 'feature_columns']}
2025-11-16 17:22:01,869 INFO history No prediction_history.json found; starting with empty history.
2025-11-16 17:22:01,870 INFO api Application initialized: {'dataset': 'loaded', 'models': {'status': 'success', 'loaded': ['home_pipe', 'away_pipe', 'win_pipe', 'metadata', 'feature_columns']}, 'history': 'loaded 0 entries'}
2025-11-16 17:23:14,511 INFO api 🛑 Application shutdown complete
2025-11-16 17:23:17,471 INFO api 🚀 Starting NFL Prediction API
2025-11-16 17:23:17,576 INFO root Dataset loaded successfully: 2214 rows, 214 columns
2025-11-16 17:23:17,628 INFO root ✓ Loaded home_pipe from home_model.joblib
2025-11-16 17:23:17,677 INFO root ✓ Loaded away_pipe from away_model.joblib
2025-11-16 17:23:17,682 INFO root ✓ Loaded win_pipe from win_clf_calibrated.joblib
2025-11-16 17:23:17,683 INFO models Loaded metadata from C:\Users\goku\Documents\NFL_ML_Predictions\backend\models\metadata.json
2025-11-16 17:23:17,684 INFO root Model coherence validation passed
2025-11-16 17:23:17,684 INFO root Model loading completed: {'status': 'success', 'loaded': ['home_pipe', 'away_pipe', 'win_pipe', 'metadata', 'feature_columns']}
2025-11-16 17:23:17,684 INFO history No prediction_history.json found; starting with empty history.
2025-11-16 17:23:17,685 INFO api Application initialized: {'dataset': 'loaded', 'models': {'status': 'success', 'loaded': ['home_pipe', 'away_pipe', 'win_pipe', 'metadata', 'feature_columns']}, 'history': 'loaded 0 entries'}
2025-11-16 17:23:17,685 INFO api 🛑 Application shutdown complete
2025-11-16 17:23:23,534 INFO api 🚀 Starting NFL Prediction API
2025-11-16 17:23:23,646 INFO root Dataset loaded successfully: 2214 rows, 214 columns
2025-11-16 17:23:23,700 INFO root ✓ Loaded home_pipe from home_model.joblib
2025-11-16 17:23:23,748 INFO root ✓ Loaded away_pipe from away_model.joblib
2025-11-16 17:23:23,754 INFO root ✓ Loaded win_pipe from win_clf_calibrated.joblib
2025-11-16 17:23:23,755 INFO models Loaded metadata from C:\Users\goku\Documents\NFL_ML_Predictions\backend\models\metadata.json
2025-11-16 17:23:23,755 INFO root Model coherence validation passed
2025-11-16 17:23:23,756 INFO root Model loading completed: {'status': 'success', 'loaded': ['home_pipe', 'away_pipe', 'win_pipe', 'metadata', 'feature_columns']}
2025-11-16 17:23:23,756 INFO history No prediction_history.json found; starting with empty history.
2025-11-16 17:23:23,756 INFO api Application initialized: {'dataset': 'loaded', 'models': {'status': 'success', 'loaded': ['home_pipe', 'away_pipe', 'win_pipe', 'metadata', 'feature_columns']}, 'history': 'loaded 0 entries'}
2025-11-16 17:23:23,757 INFO api 🛑 Application shutdown complete
2025-11-16 17:23:26,464 INFO api 🚀 Starting NFL Prediction API
2025-11-16 17:23:26,577 INFO root Dataset loaded successfully: 2214 rows, 214 columns
2025-11-16 17:23:26,630 INFO root ✓ Loaded home_pipe from home_model.joblib
2025-11-16 17:23:26,678 INFO root ✓ Loaded away_pipe from away_model.joblib
2025-11-16 17:23:26,683 INFO root ✓ Loaded win_pipe from win_clf_calibrated.joblib
2025-11-16 17:23:26,684 INFO models Loaded metadata from C:\Users\goku\Documents\NFL_ML_Predictions\backend\models\metadata.json
2025-11-16 17:23:26,684 INFO root Model coherence validation passed
2025-11-16 17:23:26,685 INFO root Model loading completed: {'status': 'success', 'loaded': ['home_pipe', 'away_pipe', 'win_pipe', 'metadata', 'feature_columns']}
2025-11-16 17:23:26,685 INFO history No prediction_history.json found; starting with empty history.
2025-11-16 17:23:26,686 INFO api Application initialized: {'dataset': 'loaded', 'models': {'status': 'success', 'loaded': ['home_pipe', 'away_pipe', 'win_pipe', 'metadata', 'feature_columns']}, 'history': 'loaded 0 entries'}
2025-11-16 17:23:26,686 INFO api 🛑 Application shutdown complete
2025-11-16 17:23:29,343 INFO api 🚀 Starting NFL Prediction API
2025-11-16 17:23:29,447 INFO root Dataset loaded successfully: 2214 rows, 214 columns
2025-11-16 17:23:29,499 INFO root ✓ Loaded home_pipe from home_model.joblib
2025-11-16 17:23:29,546 INFO root ✓ Loaded away_pipe from away_model.joblib
2025-11-16 17:23:29,552 INFO root ✓ Loaded win_pipe from win_clf_calibrated.joblib
2025-11-16 17:23:29,553 INFO models Loaded metadata from C:\Users\goku\Documents\NFL_ML_Predictions\backend\models\metadata.json
2025-11-16 17:23:29,553 INFO root Model coherence validation passed
2025-11-16 17:23:29,553 INFO root Model loading completed: {'status': 'success', 'loaded': ['home_pipe', 'away_pipe', 'win_pipe', 'metadata', 'feature_columns']}
2025-11-16 17:23:29,554 INFO history No prediction_history.json found; starting with empty history.
2025-11-16 17:23:29,554 INFO api Application initialized: {'dataset': 'loaded', 'models': {'status': 'success', 'loaded': ['home_pipe', 'away_pipe', 'win_pipe', 'metadata', 'feature_columns']}, 'history': 'loaded 0 entries'}
2025-11-16 17:23:31,823 INFO api 🛑 Application shutdown complete
2025-11-16 17:23:34,494 INFO api 🚀 Starting NFL Prediction API
2025-11-16 17:23:34,605 INFO root Dataset loaded successfully: 2214 rows, 214 columns
2025-11-16 17:23:34,660 INFO root ✓ Loaded home_pipe from home_model.joblib
2025-11-16 17:23:34,708 INFO root ✓ Loaded away_pipe from away_model.joblib
2025-11-16 17:23:34,714 INFO root ✓ Loaded win_pipe from win_clf_calibrated.joblib
2025-11-16 17:23:34,715 INFO models Loaded metadata from C:\Users\goku\Documents\NFL_ML_Predictions\backend\models\metadata.json
2025-11-16 17:23:34,715 INFO root Model coherence validation passed
2025-11-16 17:23:34,716 INFO root Model loading completed: {'status': 'success', 'loaded': ['home_pipe', 'away_pipe', 'win_pipe', 'metadata', 'feature_columns']}
2025-11-16 17:23:34,716 INFO history No prediction_history.json found; starting with empty history.
2025-11-16 17:23:34,717 INFO api Application initialized: {'dataset': 'loaded', 'models': {'status': 'success', 'loaded': ['home_pipe', 'away_pipe', 'win_pipe', 'metadata', 'feature_columns']}, 'history': 'loaded 0 entries'}
2025-11-16 17:23:42,668 INFO api 🛑 Application shutdown complete
2025-11-16 17:23:45,414 INFO api 🚀 Starting NFL Prediction API
2025-11-16 17:23:45,524 INFO root Dataset loaded successfully: 2214 rows, 214 columns
2025-11-16 17:23:45,578 INFO root ✓ Loaded home_pipe from home_model.joblib
2025-11-16 17:23:45,628 INFO root ✓ Loaded away_pipe from away_model.joblib
2025-11-16 17:23:45,633 INFO root ✓ Loaded win_pipe from win_clf_calibrated.joblib
2025-11-16 17:23:45,634 INFO models Loaded metadata from C:\Users\goku\Documents\NFL_ML_Predictions\backend\models\metadata.json
2025-11-16 17:23:45,635 INFO root Model coherence validation passed
2025-11-16 17:23:45,635 INFO root Model loading completed: {'status': 'success', 'loaded': ['home_pipe', 'away_pipe', 'win_pipe', 'metadata', 'feature_columns']}
2025-11-16 17:23:45,635 INFO history No prediction_history.json found; starting with empty history.
2025-11-16 17:23:45,636 INFO api Application initialized: {'dataset': 'loaded', 'models': {'status': 'success', 'loaded': ['home_pipe', 'away_pipe', 'win_pipe', 'metadata', 'feature_columns']}, 'history': 'loaded 0 entries'}
2025-11-16 17:23:45,636 INFO api 🛑 Application shutdown complete
2025-11-16 17:23:48,277 INFO api 🚀 Starting NFL Prediction API
2025-11-16 17:23:48,382 INFO root Dataset loaded successfully: 2214 rows, 214 columns
2025-11-16 17:23:48,433 INFO root ✓ Loaded home_pipe from home_model.joblib
2025-11-16 17:23:48,479 INFO root ✓ Loaded away_pipe from away_model.joblib
2025-11-16 17:23:48,485 INFO root ✓ Loaded win_pipe from win_clf_calibrated.joblib
2025-11-16 17:23:48,485 INFO models Loaded metadata from C:\Users\goku\Documents\NFL_ML_Predictions\backend\models\metadata.json
2025-11-16 17:23:48,486 INFO root Model coherence validation passed
2025-11-16 17:23:48,486 INFO root Model loading completed: {'status': 'success', 'loaded': ['home_pipe', 'away_pipe', 'win_pipe', 'metadata', 'feature_columns']}
2025-11-16 17:23:48,487 INFO history No prediction_history.json found; starting with empty history.
2025-11-16 17:23:48,487 INFO api Application initialized: {'dataset': 'loaded', 'models': {'status': 'success', 'loaded': ['home_pipe', 'away_pipe', 'win_pipe', 'metadata', 'feature_columns']}, 'history': 'loaded 0 entries'}
2025-11-16 17:24:26,924 INFO api 🛑 Application shutdown complete
2025-11-16 17:24:29,684 INFO api 🚀 Starting NFL Prediction API
2025-11-16 17:24:29,790 INFO root Dataset loaded successfully: 2214 rows, 214 columns
2025-11-16 17:24:29,842 INFO root ✓ Loaded home_pipe from home_model.joblib
2025-11-16 17:24:29,889 INFO root ✓ Loaded away_pipe from away_model.joblib
2025-11-16 17:24:29,895 INFO root ✓ Loaded win_pipe from win_clf_calibrated.joblib
2025-11-16 17:24:29,896 INFO models Loaded metadata from C:\Users\goku\Documents\NFL_ML_Predictions\backend\models\metadata.json
2025-11-16 17:24:29,896 INFO root Model coherence validation passed
2025-11-16 17:24:29,896 INFO root Model loading completed: {'status': 'success', 'loaded': ['home_pipe', 'away_pipe', 'win_pipe', 'metadata', 'feature_columns']}
2025-11-16 17:24:29,897 INFO history No prediction_history.json found; starting with empty history.
2025-11-16 17:24:29,897 INFO api Application initialized: {'dataset': 'loaded', 'models': {'status': 'success', 'loaded': ['home_pipe', 'away_pipe', 'win_pipe', 'metadata', 'feature_columns']}, 'history': 'loaded 0 entries'}
2025-11-16 17:24:57,580 INFO api 🛑 Application shutdown complete
2025-11-16 17:25:14,769 INFO api 🚀 Starting NFL Prediction API
2025-11-16 17:25:14,878 INFO root Dataset loaded successfully: 2214 rows, 214 columns
2025-11-16 17:25:14,930 INFO root ✓ Loaded home_pipe from home_model.joblib
2025-11-16 17:25:14,979 INFO root ✓ Loaded away_pipe from away_model.joblib
2025-11-16 17:25:14,985 INFO root ✓ Loaded win_pipe from win_clf_calibrated.joblib
2025-11-16 17:25:14,985 INFO models Loaded metadata from C:\Users\goku\Documents\NFL_ML_Predictions\backend\models\metadata.json
2025-11-16 17:25:14,986 INFO root Model coherence validation passed
2025-11-16 17:25:14,986 INFO root Model loading completed: {'status': 'success', 'loaded': ['home_pipe', 'away_pipe', 'win_pipe', 'metadata', 'feature_columns']}
2025-11-16 17:25:14,986 INFO history No prediction_history.json found; starting with empty history.
2025-11-16 17:25:14,987 INFO api Application initialized: {'dataset': 'loaded', 'models': {'status': 'success', 'loaded': ['home_pipe', 'away_pipe', 'win_pipe', 'metadata', 'feature_columns']}, 'history': 'loaded 0 entries'}
2025-11-16 17:25:15,297 INFO api 🛑 Application shutdown complete
2025-11-16 17:25:17,983 INFO api 🚀 Starting NFL Prediction API
2025-11-16 17:25:18,085 INFO root Dataset loaded successfully: 2214 rows, 214 columns
2025-11-16 17:25:18,135 INFO root ✓ Loaded home_pipe from home_model.joblib
2025-11-16 17:25:18,180 INFO root ✓ Loaded away_pipe from away_model.joblib
2025-11-16 17:25:18,185 INFO root ✓ Loaded win_pipe from win_clf_calibrated.joblib
2025-11-16 17:25:18,186 INFO models Loaded metadata from C:\Users\goku\Documents\NFL_ML_Predictions\backend\models\metadata.json
2025-11-16 17:25:18,186 INFO root Model coherence validation passed
2025-11-16 17:25:18,186 INFO root Model loading completed: {'status': 'success', 'loaded': ['home_pipe', 'away_pipe', 'win_pipe', 'metadata', 'feature_columns']}
2025-11-16 17:25:18,187 INFO history No prediction_history.json found; starting with empty history.
2025-11-16 17:25:18,187 INFO api Application initialized: {'dataset': 'loaded', 'models': {'status': 'success', 'loaded': ['home_pipe', 'away_pipe', 'win_pipe', 'metadata', 'feature_columns']}, 'history': 'loaded 0 entries'}
2025-11-16 17:25:21,198 INFO api 🛑 Application shutdown complete
2025-11-16 17:25:23,995 INFO api 🚀 Starting NFL Prediction API
2025-11-16 17:25:24,109 INFO root Dataset loaded successfully: 2214 rows, 214 columns
2025-11-16 17:25:24,166 INFO root ✓ Loaded home_pipe from home_model.joblib
2025-11-16 17:25:24,218 INFO root ✓ Loaded away_pipe from away_model.joblib
2025-11-16 17:25:24,226 INFO root ✓ Loaded win_pipe from win_clf_calibrated.joblib
2025-11-16 17:25:24,227 INFO models Loaded metadata from C:\Users\goku\Documents\NFL_ML_Predictions\backend\models\metadata.json
2025-11-16 17:25:24,227 INFO root Model coherence validation passed
2025-11-16 17:25:24,227 INFO root Model loading completed: {'status': 'success', 'loaded': ['home_pipe', 'away_pipe', 'win_pipe', 'metadata', 'feature_columns']}
2025-11-16 17:25:24,228 INFO history No prediction_history.json found; starting with empty history.
2025-11-16 17:25:24,228 INFO api Application initialized: {'dataset': 'loaded', 'models': {'status': 'success', 'loaded': ['home_pipe', 'away_pipe', 'win_pipe', 'metadata', 'feature_columns']}, 'history': 'loaded 0 entries'}
2025-11-16 17:25:24,229 INFO api 🛑 Application shutdown complete
2025-11-16 17:25:27,019 INFO api 🚀 Starting NFL Prediction API
2025-11-16 17:25:27,144 INFO root Dataset loaded successfully: 2214 rows, 214 columns
2025-11-16 17:25:27,198 INFO root ✓ Loaded home_pipe from home_model.joblib
2025-11-16 17:25:27,246 INFO root ✓ Loaded away_pipe from away_model.joblib
2025-11-16 17:25:27,252 INFO root ✓ Loaded win_pipe from win_clf_calibrated.joblib
2025-11-16 17:25:27,253 INFO models Loaded metadata from C:\Users\goku\Documents\NFL_ML_Predictions\backend\models\metadata.json
2025-11-16 17:25:27,254 INFO root Model coherence validation passed
2025-11-16 17:25:27,254 INFO root Model loading completed: {'status': 'success', 'loaded': ['home_pipe', 'away_pipe', 'win_pipe', 'metadata', 'feature_columns']}
2025-11-16 17:25:27,254 INFO history No prediction_history.json found; starting with empty history.
2025-11-16 17:25:27,255 INFO api Application initialized: {'dataset': 'loaded', 'models': {'status': 'success', 'loaded': ['home_pipe', 'away_pipe', 'win_pipe', 'metadata', 'feature_columns']}, 'history': 'loaded 0 entries'}
2025-11-16 17:25:27,255 INFO api 🛑 Application shutdown complete
2025-11-16 17:25:30,023 INFO api 🚀 Starting NFL Prediction API
2025-11-16 17:25:30,137 INFO root Dataset loaded successfully: 2214 rows, 214 columns
2025-11-16 17:25:30,190 INFO root ✓ Loaded home_pipe from home_model.joblib
2025-11-16 17:25:30,237 INFO root ✓ Loaded away_pipe from away_model.joblib
2025-11-16 17:25:30,243 INFO root ✓ Loaded win_pipe from win_clf_calibrated.joblib
2025-11-16 17:25:30,243 INFO models Loaded metadata from C:\Users\goku\Documents\NFL_ML_Predictions\backend\models\metadata.json
2025-11-16 17:25:30,244 INFO root Model coherence validation passed
2025-11-16 17:25:30,244 INFO root Model loading completed: {'status': 'success', 'loaded': ['home_pipe', 'away_pipe', 'win_pipe', 'metadata', 'feature_columns']}
2025-11-16 17:25:30,244 INFO history No prediction_history.json found; starting with empty history.
2025-11-16 17:25:30,245 INFO api Application initialized: {'dataset': 'loaded', 'models': {'status': 'success', 'loaded': ['home_pipe', 'away_pipe', 'win_pipe', 'metadata', 'feature_columns']}, 'history': 'loaded 0 entries'}
2025-11-16 17:25:31,096 INFO api 🛑 Application shutdown complete
2025-11-16 17:25:33,814 INFO api 🚀 Starting NFL Prediction API
2025-11-16 17:25:33,921 INFO root Dataset loaded successfully: 2214 rows, 214 columns
2025-11-16 17:25:33,972 INFO root ✓ Loaded home_pipe from home_model.joblib
2025-11-16 17:25:34,027 INFO root ✓ Loaded away_pipe from away_model.joblib
2025-11-16 17:25:34,033 INFO root ✓ Loaded win_pipe from win_clf_calibrated.joblib
2025-11-16 17:25:34,034 INFO models Loaded metadata from C:\Users\goku\Documents\NFL_ML_Predictions\backend\models\metadata.json
2025-11-16 17:25:34,035 INFO root Model coherence validation passed
2025-11-16 17:25:34,035 INFO root Model loading completed: {'status': 'success', 'loaded': ['home_pipe', 'away_pipe', 'win_pipe', 'metadata', 'feature_columns']}
2025-11-16 17:25:34,035 INFO history No prediction_history.json found; starting with empty history.
2025-11-16 17:25:34,036 INFO api Application initialized: {'dataset': 'loaded', 'models': {'status': 'success', 'loaded': ['home_pipe', 'away_pipe', 'win_pipe', 'metadata', 'feature_columns']}, 'history': 'loaded 0 entries'}
2025-11-16 17:41:11,070 INFO api 🛑 Application shutdown complete
2025-11-16 17:41:13,982 INFO api 🚀 Starting NFL Prediction API
2025-11-16 17:41:14,086 INFO root Dataset loaded successfully: 2214 rows, 214 columns
2025-11-16 17:41:14,138 INFO root ✓ Loaded home_pipe from home_model.joblib
2025-11-16 17:41:14,184 INFO root ✓ Loaded away_pipe from away_model.joblib
2025-11-16 17:41:14,190 INFO root ✓ Loaded win_pipe from win_clf_calibrated.joblib
2025-11-16 17:41:14,191 INFO models Loaded metadata from C:\Users\goku\Documents\NFL_ML_Predictions\backend\models\metadata.json
2025-11-16 17:41:14,191 INFO root Model coherence validation passed
2025-11-16 17:41:14,191 INFO root Model loading completed: {'status': 'success', 'loaded': ['home_pipe', 'away_pipe', 'win_pipe', 'metadata', 'feature_columns']}
2025-11-16 17:41:14,192 INFO history No prediction_history.json found; starting with empty history.
2025-11-16 17:41:14,192 INFO api Application initialized: {'dataset': 'loaded', 'models': {'status': 'success', 'loaded': ['home_pipe', 'away_pipe', 'win_pipe', 'metadata', 'feature_columns']}, 'history': 'loaded 0 entries'}
2025-11-16 17:41:22,296 INFO api 🛑 Application shutdown complete
2025-11-16 17:41:25,127 INFO api 🚀 Starting NFL Prediction API
2025-11-16 17:41:25,233 INFO root Dataset loaded successfully: 2214 rows, 214 columns
2025-11-16 17:41:25,284 INFO root ✓ Loaded home_pipe from home_model.joblib
2025-11-16 17:41:25,329 INFO root ✓ Loaded away_pipe from away_model.joblib
2025-11-16 17:41:25,335 INFO root ✓ Loaded win_pipe from win_clf_calibrated.joblib
2025-11-16 17:41:25,336 INFO models Loaded metadata from C:\Users\goku\Documents\NFL_ML_Predictions\backend\models\metadata.json
2025-11-16 17:41:25,337 INFO root Model coherence validation passed
2025-11-16 17:41:25,337 INFO root Model loading completed: {'status': 'success', 'loaded': ['home_pipe', 'away_pipe', 'win_pipe', 'metadata', 'feature_columns']}
2025-11-16 17:41:25,338 INFO history No prediction_history.json found; starting with empty history.
2025-11-16 17:41:25,338 INFO api Application initialized: {'dataset': 'loaded', 'models': {'status': 'success', 'loaded': ['home_pipe', 'away_pipe', 'win_pipe', 'metadata', 'feature_columns']}, 'history': 'loaded 0 entries'}
2025-11-16 17:41:39,104 INFO api 🛑 Application shutdown complete
2025-11-16 17:41:41,897 INFO api 🚀 Starting NFL Prediction API
2025-11-16 17:41:42,005 INFO root Dataset loaded successfully: 2214 rows, 214 columns
2025-11-16 17:41:42,057 INFO root ✓ Loaded home_pipe from home_model.joblib
2025-11-16 17:41:42,110 INFO root ✓ Loaded away_pipe from away_model.joblib
2025-11-16 17:41:42,118 INFO root ✓ Loaded win_pipe from win_clf_calibrated.joblib
2025-11-16 17:41:42,119 INFO models Loaded metadata from C:\Users\goku\Documents\NFL_ML_Predictions\backend\models\metadata.json
2025-11-16 17:41:42,119 INFO root Model coherence validation passed
2025-11-16 17:41:42,120 INFO root Model loading completed: {'status': 'success', 'loaded': ['home_pipe', 'away_pipe', 'win_pipe', 'metadata', 'feature_columns']}
2025-11-16 17:41:42,120 INFO history No prediction_history.json found; starting with empty history.
2025-11-16 17:41:42,120 INFO api Application initialized: {'dataset': 'loaded', 'models': {'status': 'success', 'loaded': ['home_pipe', 'away_pipe', 'win_pipe', 'metadata', 'feature_columns']}, 'history': 'loaded 0 entries'}
2025-11-16 17:41:42,122 INFO api 🛑 Application shutdown complete
2025-11-16 17:41:44,814 INFO api 🚀 Starting NFL Prediction API
2025-11-16 17:41:44,917 INFO root Dataset loaded successfully: 2214 rows, 214 columns
2025-11-16 17:41:44,969 INFO root ✓ Loaded home_pipe from home_model.joblib
2025-11-16 17:41:45,015 INFO root ✓ Loaded away_pipe from away_model.joblib
2025-11-16 17:41:45,020 INFO root ✓ Loaded win_pipe from win_clf_calibrated.joblib
2025-11-16 17:41:45,021 INFO models Loaded metadata from C:\Users\goku\Documents\NFL_ML_Predictions\backend\models\metadata.json
2025-11-16 17:41:45,021 INFO root Model coherence validation passed
2025-11-16 17:41:45,022 INFO root Model loading completed: {'status': 'success', 'loaded': ['home_pipe', 'away_pipe', 'win_pipe', 'metadata', 'feature_columns']}
2025-11-16 17:41:45,022 INFO history No prediction_history.json found; starting with empty history.
2025-11-16 17:41:45,022 INFO api Application initialized: {'dataset': 'loaded', 'models': {'status': 'success', 'loaded': ['home_pipe', 'away_pipe', 'win_pipe', 'metadata', 'feature_columns']}, 'history': 'loaded 0 entries'}
2025-11-16 17:42:36,145 INFO api 🛑 Application shutdown complete
2025-11-16 17:42:40,327 INFO api 🚀 Starting NFL Prediction API
2025-11-16 17:42:40,445 INFO root Dataset loaded successfully: 2214 rows, 214 columns
2025-11-16 17:42:40,500 INFO root ✓ Loaded home_pipe from home_model.joblib
2025-11-16 17:42:40,551 INFO root ✓ Loaded away_pipe from away_model.joblib
2025-11-16 17:42:40,557 INFO root ✓ Loaded win_pipe from win_clf_calibrated.joblib
2025-11-16 17:42:40,558 INFO models Loaded metadata from C:\Users\goku\Documents\NFL_ML_Predictions\backend\models\metadata.json
2025-11-16 17:42:40,559 INFO root Model coherence validation passed
2025-11-16 17:42:40,559 INFO root Model loading completed: {'status': 'success', 'loaded': ['home_pipe', 'away_pipe', 'win_pipe', 'metadata', 'feature_columns']}
2025-11-16 17:42:40,559 INFO history No prediction_history.json found; starting with empty history.
2025-11-16 17:42:40,560 INFO api Application initialized: {'dataset': 'loaded', 'models': {'status': 'success', 'loaded': ['home_pipe', 'away_pipe', 'win_pipe', 'metadata', 'feature_columns']}, 'history': 'loaded 0 entries'}
2025-11-16 17:42:40,560 INFO api 🛑 Application shutdown complete
2025-11-16 17:42:43,291 INFO api 🚀 Starting NFL Prediction API
2025-11-16 17:42:43,402 INFO root Dataset loaded successfully: 2214 rows, 214 columns
2025-11-16 17:42:43,452 INFO root ✓ Loaded home_pipe from home_model.joblib
2025-11-16 17:42:43,498 INFO root ✓ Loaded away_pipe from away_model.joblib
2025-11-16 17:42:43,504 INFO root ✓ Loaded win_pipe from win_clf_calibrated.joblib
2025-11-16 17:42:43,504 INFO models Loaded metadata from C:\Users\goku\Documents\NFL_ML_Predictions\backend\models\metadata.json
2025-11-16 17:42:43,505 INFO root Model coherence validation passed
2025-11-16 17:42:43,505 INFO root Model loading completed: {'status': 'success', 'loaded': ['home_pipe', 'away_pipe', 'win_pipe', 'metadata', 'feature_columns']}
2025-11-16 17:42:43,505 INFO history No prediction_history.json found; starting with empty history.
2025-11-16 17:42:43,506 INFO api Application initialized: {'dataset': 'loaded', 'models': {'status': 'success', 'loaded': ['home_pipe', 'away_pipe', 'win_pipe', 'metadata', 'feature_columns']}, 'history': 'loaded 0 entries'}
2025-11-16 17:42:43,506 INFO api 🛑 Application shutdown complete
2025-11-16 17:42:46,207 INFO api 🚀 Starting NFL Prediction API
2025-11-16 17:42:46,311 INFO root Dataset loaded successfully: 2214 rows, 214 columns
2025-11-16 17:42:46,362 INFO root ✓ Loaded home_pipe from home_model.joblib
2025-11-16 17:42:46,407 INFO root ✓ Loaded away_pipe from away_model.joblib
2025-11-16 17:42:46,413 INFO root ✓ Loaded win_pipe from win_clf_calibrated.joblib
2025-11-16 17:42:46,413 INFO models Loaded metadata from C:\Users\goku\Documents\NFL_ML_Predictions\backend\models\metadata.json
2025-11-16 17:42:46,414 INFO root Model coherence validation passed
2025-11-16 17:42:46,414 INFO root Model loading completed: {'status': 'success', 'loaded': ['home_pipe', 'away_pipe', 'win_pipe', 'metadata', 'feature_columns']}
2025-11-16 17:42:46,414 INFO history No prediction_history.json found; starting with empty history.
2025-11-16 17:42:46,415 INFO api Application initialized: {'dataset': 'loaded', 'models': {'status': 'success', 'loaded': ['home_pipe', 'away_pipe', 'win_pipe', 'metadata', 'feature_columns']}, 'history': 'loaded 0 entries'}
2025-11-16 17:42:46,415 INFO api 🛑 Application shutdown complete
2025-11-16 17:42:49,011 INFO api 🚀 Starting NFL Prediction API
2025-11-16 17:42:49,117 INFO root Dataset loaded successfully: 2214 rows, 214 columns
2025-11-16 17:42:49,166 INFO root ✓ Loaded home_pipe from home_model.joblib
2025-11-16 17:42:49,211 INFO root ✓ Loaded away_pipe from away_model.joblib
2025-11-16 17:42:49,217 INFO root ✓ Loaded win_pipe from win_clf_calibrated.joblib
2025-11-16 17:42:49,217 INFO models Loaded metadata from C:\Users\goku\Documents\NFL_ML_Predictions\backend\models\metadata.json
2025-11-16 17:42:49,218 INFO root Model coherence validation passed
2025-11-16 17:42:49,218 INFO root Model loading completed: {'status': 'success', 'loaded': ['home_pipe', 'away_pipe', 'win_pipe', 'metadata', 'feature_columns']}
2025-11-16 17:42:49,218 INFO history No prediction_history.json found; starting with empty history.
2025-11-16 17:42:49,219 INFO api Application initialized: {'dataset': 'loaded', 'models': {'status': 'success', 'loaded': ['home_pipe', 'away_pipe', 'win_pipe', 'metadata', 'feature_columns']}, 'history': 'loaded 0 entries'}
2025-11-16 17:47:08,868 INFO api 🛑 Application shutdown complete
2025-11-16 17:58:20,327 INFO api Configuring CORS; restrict=False, allowed_origins=['http://localhost:3000', 'https://localhost:3000', 'https://nfl-ml-predictions.vercel.app', 'https://nfl-predict-frontend.vercel.app'], allow_origin_regex=https://.*/.vercel/.app$
2025-11-16 17:58:20,349 DEBUG asyncio Using proactor: IocpProactor
2025-11-16 17:58:20,351 INFO api 🚀 Starting NFL Prediction API
2025-11-16 17:58:20,453 INFO root Dataset loaded successfully: 2214 rows, 214 columns
2025-11-16 17:58:20,505 INFO root ✓ Loaded home_pipe from home_model.joblib
2025-11-16 17:58:20,561 INFO root ✓ Loaded away_pipe from away_model.joblib
2025-11-16 17:58:20,567 INFO root ✓ Loaded win_pipe from win_clf_calibrated.joblib
2025-11-16 17:58:20,567 INFO models Loaded metadata from C:\Users\goku\Documents\NFL_ML_Predictions\backend\models\metadata.json
2025-11-16 17:58:20,568 INFO root Model coherence validation passed
2025-11-16 17:58:20,568 INFO root Model loading completed: {'status': 'success', 'loaded': ['home_pipe', 'away_pipe', 'win_pipe', 'metadata', 'feature_columns']}
2025-11-16 17:58:20,568 INFO history No prediction_history.json found; starting with empty history.
2025-11-16 17:58:20,569 INFO api Application initialized: {'dataset': 'loaded', 'models': {'status': 'success', 'loaded': ['home_pipe', 'away_pipe', 'win_pipe', 'metadata', 'feature_columns']}, 'history': 'loaded 0 entries'}
2025-11-16 17:58:20,571 INFO httpx HTTP Request: GET http://testserver/debug "HTTP/1.1 404 Not Found"
2025-11-16 17:58:20,571 INFO api 🛑 Application shutdown complete
2025-11-16 17:58:37,187 INFO api Configuring CORS; restrict=False, allowed_origins=['http://localhost:3000', 'https://localhost:3000', 'https://nfl-ml-predictions.vercel.app', 'https://nfl-predict-frontend.vercel.app'], allow_origin_regex=https://.*/.vercel/.app$
2025-11-16 17:58:37,198 INFO api 🚀 Starting NFL Prediction API
2025-11-16 17:58:37,301 INFO root Dataset loaded successfully: 2214 rows, 214 columns
2025-11-16 17:58:37,351 INFO root ✓ Loaded home_pipe from home_model.joblib
2025-11-16 17:58:37,397 INFO root ✓ Loaded away_pipe from away_model.joblib
2025-11-16 17:58:37,402 INFO root ✓ Loaded win_pipe from win_clf_calibrated.joblib
2025-11-16 17:58:37,403 INFO models Loaded metadata from C:\Users\goku\Documents\NFL_ML_Predictions\backend\models\metadata.json
2025-11-16 17:58:37,403 INFO root Model coherence validation passed
2025-11-16 17:58:37,403 INFO root Model loading completed: {'status': 'success', 'loaded': ['home_pipe', 'away_pipe', 'win_pipe', 'metadata', 'feature_columns']}
2025-11-16 17:58:37,404 INFO history No prediction_history.json found; starting with empty history.
2025-11-16 17:58:37,404 INFO api Application initialized: {'dataset': 'loaded', 'models': {'status': 'success', 'loaded': ['home_pipe', 'away_pipe', 'win_pipe', 'metadata', 'feature_columns']}, 'history': 'loaded 0 entries'}
2025-11-16 17:58:46,098 INFO api 🛑 Application shutdown complete
2025-11-16 17:59:04,903 INFO api Configuring CORS; restrict=False, allowed_origins=['http://localhost:3000', 'https://localhost:3000', 'https://nfl-ml-predictions.vercel.app', 'https://nfl-predict-frontend.vercel.app'], allow_origin_regex=https://.*/.vercel/.app$
2025-11-16 17:59:04,914 INFO api 🚀 Starting NFL Prediction API
2025-11-16 17:59:05,016 INFO root Dataset loaded successfully: 2214 rows, 214 columns
2025-11-16 17:59:05,066 INFO root ✓ Loaded home_pipe from home_model.joblib
2025-11-16 17:59:05,111 INFO root ✓ Loaded away_pipe from away_model.joblib
2025-11-16 17:59:05,117 INFO root ✓ Loaded win_pipe from win_clf_calibrated.joblib
2025-11-16 17:59:05,118 INFO models Loaded metadata from C:\Users\goku\Documents\NFL_ML_Predictions\backend\models\metadata.json
2025-11-16 17:59:05,118 INFO root Model coherence validation passed
2025-11-16 17:59:05,118 INFO root Model loading completed: {'status': 'success', 'loaded': ['home_pipe', 'away_pipe', 'win_pipe', 'metadata', 'feature_columns']}
2025-11-16 17:59:05,119 INFO history No prediction_history.json found; starting with empty history.
2025-11-16 17:59:05,119 INFO api Application initialized: {'dataset': 'loaded', 'models': {'status': 'success', 'loaded': ['home_pipe', 'away_pipe', 'win_pipe', 'metadata', 'feature_columns']}, 'history': 'loaded 0 entries'}
2025-11-16 17:59:21,631 INFO api Configuring CORS; restrict=False, allowed_origins=['http://localhost:3000', 'https://localhost:3000', 'https://nfl-ml-predictions.vercel.app', 'https://nfl-predict-frontend.vercel.app'], allow_origin_regex=https://.*/.vercel/.app$
2025-11-16 17:59:21,654 DEBUG asyncio Using proactor: IocpProactor
2025-11-16 17:59:21,657 INFO api 🚀 Starting NFL Prediction API
2025-11-16 17:59:21,759 INFO root Dataset loaded successfully: 2214 rows, 214 columns
2025-11-16 17:59:21,810 INFO root ✓ Loaded home_pipe from home_model.joblib
2025-11-16 17:59:21,855 INFO root ✓ Loaded away_pipe from away_model.joblib
2025-11-16 17:59:21,861 INFO root ✓ Loaded win_pipe from win_clf_calibrated.joblib
2025-11-16 17:59:21,861 INFO models Loaded metadata from C:\Users\goku\Documents\NFL_ML_Predictions\backend\models\metadata.json
2025-11-16 17:59:21,862 INFO root Model coherence validation passed
2025-11-16 17:59:21,862 INFO root Model loading completed: {'status': 'success', 'loaded': ['home_pipe', 'away_pipe', 'win_pipe', 'metadata', 'feature_columns']}
2025-11-16 17:59:21,862 INFO history No prediction_history.json found; starting with empty history.
2025-11-16 17:59:21,863 INFO api Application initialized: {'dataset': 'loaded', 'models': {'status': 'success', 'loaded': ['home_pipe', 'away_pipe', 'win_pipe', 'metadata', 'feature_columns']}, 'history': 'loaded 0 entries'}
2025-11-16 17:59:21,865 INFO httpx HTTP Request: GET http://testserver/debug "HTTP/1.1 200 OK"
2025-11-16 17:59:21,866 INFO api 🛑 Application shutdown complete
2025-11-16 17:59:34,180 INFO api Configuring CORS; restrict=False, allowed_origins=['http://localhost:3000', 'https://localhost:3000', 'https://nfl-ml-predictions.vercel.app', 'https://nfl-predict-frontend.vercel.app'], allow_origin_regex=https://.*/.vercel/.app$
2025-11-16 18:00:11,076 INFO api Configuring CORS; restrict=False, allowed_origins=['http://localhost:3000', 'https://localhost:3000', 'https://nfl-ml-predictions.vercel.app', 'https://nfl-predict-frontend.vercel.app'], allow_origin_regex=https://.*/.vercel/.app$
2025-11-16 18:00:11,099 DEBUG asyncio Using proactor: IocpProactor
2025-11-16 18:00:11,102 INFO api 🚀 Starting NFL Prediction API
2025-11-16 18:00:11,206 INFO root Dataset loaded successfully: 2214 rows, 214 columns
2025-11-16 18:00:11,257 INFO root ✓ Loaded home_pipe from home_model.joblib
2025-11-16 18:00:11,303 INFO root ✓ Loaded away_pipe from away_model.joblib
2025-11-16 18:00:11,309 INFO root ✓ Loaded win_pipe from win_clf_calibrated.joblib
2025-11-16 18:00:11,309 INFO models Loaded metadata from C:\Users\goku\Documents\NFL_ML_Predictions\backend\models\metadata.json
2025-11-16 18:00:11,310 INFO root Model coherence validation passed
2025-11-16 18:00:11,310 INFO root Model loading completed: {'status': 'success', 'loaded': ['home_pipe', 'away_pipe', 'win_pipe', 'metadata', 'feature_columns']}
2025-11-16 18:00:11,310 INFO history No prediction_history.json found; starting with empty history.
2025-11-16 18:00:11,311 INFO api Application initialized: {'dataset': 'loaded', 'models': {'status': 'success', 'loaded': ['home_pipe', 'away_pipe', 'win_pipe', 'metadata', 'feature_columns']}, 'history': 'loaded 0 entries'}
2025-11-16 18:00:11,315 INFO httpx HTTP Request: GET http://testserver/health "HTTP/1.1 200 OK"
2025-11-16 18:00:11,316 INFO api 🛑 Application shutdown complete
2025-11-16 18:00:11,320 DEBUG asyncio Using proactor: IocpProactor
2025-11-16 18:00:11,322 INFO api 🚀 Starting NFL Prediction API
2025-11-16 18:00:11,430 INFO root Dataset loaded successfully: 2214 rows, 214 columns
2025-11-16 18:00:11,481 INFO root ✓ Loaded home_pipe from home_model.joblib
2025-11-16 18:00:11,528 INFO root ✓ Loaded away_pipe from away_model.joblib
2025-11-16 18:00:11,533 INFO root ✓ Loaded win_pipe from win_clf_calibrated.joblib
2025-11-16 18:00:11,535 INFO models Loaded metadata from C:\Users\goku\Documents\NFL_ML_Predictions\backend\models\metadata.json
2025-11-16 18:00:11,535 INFO root Model coherence validation passed
2025-11-16 18:00:11,535 INFO root Model loading completed: {'status': 'success', 'loaded': ['home_pipe', 'away_pipe', 'win_pipe', 'metadata', 'feature_columns']}
2025-11-16 18:00:11,536 INFO history No prediction_history.json found; starting with empty history.
2025-11-16 18:00:11,536 INFO api Application initialized: {'dataset': 'loaded', 'models': {'status': 'success', 'loaded': ['home_pipe', 'away_pipe', 'win_pipe', 'metadata', 'feature_columns']}, 'history': 'loaded 0 entries'}
2025-11-16 18:00:11,540 INFO venv 2025-11-17 02:00:11.540292+00:00
2025-11-16 18:00:11,551 INFO api Schedule scope -> season=2025 week=11 via kickoff_date
2025-11-16 18:00:11,563 INFO httpx HTTP Request: GET http://testserver/schedule/next-week "HTTP/1.1 200 OK"
2025-11-16 18:00:11,564 INFO api 🛑 Application shutdown complete
2025-11-16 18:00:11,567 DEBUG asyncio Using proactor: IocpProactor
2025-11-16 18:00:11,568 INFO api 🚀 Starting NFL Prediction API
2025-11-16 18:00:11,676 INFO root Dataset loaded successfully: 2214 rows, 214 columns
2025-11-16 18:00:11,724 INFO root ✓ Loaded home_pipe from home_model.joblib
2025-11-16 18:00:11,771 INFO root ✓ Loaded away_pipe from away_model.joblib
2025-11-16 18:00:11,777 INFO root ✓ Loaded win_pipe from win_clf_calibrated.joblib
2025-11-16 18:00:11,778 INFO models Loaded metadata from C:\Users\goku\Documents\NFL_ML_Predictions\backend\models\metadata.json
2025-11-16 18:00:11,778 INFO root Model coherence validation passed
2025-11-16 18:00:11,779 INFO root Model loading completed: {'status': 'success', 'loaded': ['home_pipe', 'away_pipe', 'win_pipe', 'metadata', 'feature_columns']}
2025-11-16 18:00:11,779 INFO history No prediction_history.json found; starting with empty history.
2025-11-16 18:00:11,779 INFO api Application initialized: {'dataset': 'loaded', 'models': {'status': 'success', 'loaded': ['home_pipe', 'away_pipe', 'win_pipe', 'metadata', 'feature_columns']}, 'history': 'loaded 0 entries'}
2025-11-16 18:00:11,783 INFO venv 2025-11-17 02:00:11.783141+00:00
2025-11-16 18:00:11,791 INFO api Schedule scope -> season=2025 week=11 via kickoff_date
2025-11-16 18:00:11,802 INFO httpx HTTP Request: GET http://testserver/schedule/next-week "HTTP/1.1 200 OK"
2025-11-16 18:00:11,803 INFO api 🛑 Application shutdown complete
2025-11-16 18:00:11,805 DEBUG asyncio Using proactor: IocpProactor
2025-11-16 18:00:11,932 INFO httpx HTTP Request: POST http://testserver/predict "HTTP/1.1 200 OK"
2025-11-16 18:00:11,934 DEBUG asyncio Using proactor: IocpProactor
2025-11-16 18:00:11,936 INFO api 🚀 Starting NFL Prediction API
2025-11-16 18:00:12,061 INFO root Dataset loaded successfully: 2214 rows, 214 columns
2025-11-16 18:00:12,107 INFO root ✓ Loaded home_pipe from home_model.joblib
2025-11-16 18:00:12,155 INFO root ✓ Loaded away_pipe from away_model.joblib
2025-11-16 18:00:12,160 INFO root ✓ Loaded win_pipe from win_clf_calibrated.joblib
2025-11-16 18:00:12,162 INFO models Loaded metadata from C:\Users\goku\Documents\NFL_ML_Predictions\backend\models\metadata.json
2025-11-16 18:00:12,162 INFO root Model coherence validation passed
2025-11-16 18:00:12,162 INFO root Model loading completed: {'status': 'success', 'loaded': ['home_pipe', 'away_pipe', 'win_pipe', 'metadata', 'feature_columns']}
2025-11-16 18:00:12,163 INFO history No prediction_history.json found; starting with empty history.
2025-11-16 18:00:12,163 INFO api Application initialized: {'dataset': 'loaded', 'models': {'status': 'success', 'loaded': ['home_pipe', 'away_pipe', 'win_pipe', 'metadata', 'feature_columns']}, 'history': 'loaded 0 entries'}
2025-11-16 18:00:12,165 INFO httpx HTTP Request: GET http://testserver/debug "HTTP/1.1 200 OK"
2025-11-16 18:00:12,165 INFO api 🛑 Application shutdown complete
2025-11-16 18:00:46,083 INFO api 🛑 Application shutdown complete
2025-11-16 18:00:48,776 INFO api Configuring CORS; restrict=False, allowed_origins=['http://localhost:3000', 'https://localhost:3000', 'https://nfl-ml-predictions.vercel.app', 'https://nfl-predict-frontend.vercel.app'], allow_origin_regex=https://.*/.vercel/.app$
2025-11-16 18:00:48,787 INFO api 🚀 Starting NFL Prediction API
2025-11-16 18:00:48,892 INFO root Dataset loaded successfully: 2214 rows, 214 columns
2025-11-16 18:00:48,944 INFO root ✓ Loaded home_pipe from home_model.joblib
2025-11-16 18:00:48,990 INFO root ✓ Loaded away_pipe from away_model.joblib
2025-11-16 18:00:48,995 INFO root ✓ Loaded win_pipe from win_clf_calibrated.joblib
2025-11-16 18:00:48,996 INFO models Loaded metadata from C:\Users\goku\Documents\NFL_ML_Predictions\backend\models\metadata.json
2025-11-16 18:00:48,996 INFO root Model coherence validation passed
2025-11-16 18:00:48,997 INFO root Model loading completed: {'status': 'success', 'loaded': ['home_pipe', 'away_pipe', 'win_pipe', 'metadata', 'feature_columns']}
2025-11-16 18:00:48,997 INFO history No prediction_history.json found; starting with empty history.
2025-11-16 18:00:48,997 INFO api Application initialized: {'dataset': 'loaded', 'models': {'status': 'success', 'loaded': ['home_pipe', 'away_pipe', 'win_pipe', 'metadata', 'feature_columns']}, 'history': 'loaded 0 entries'}
2025-11-17 04:16:35,170 INFO api Configuring CORS; restrict=False, allowed_origins=['http://localhost:3000', 'https://localhost:3000', 'https://nfl-ml-predictions.vercel.app', 'https://nfl-predict-frontend.vercel.app'], allow_origin_regex=https://.*/.vercel/.app$
2025-11-17 07:06:39,003 INFO api Configuring CORS; restrict=False, allowed_origins=['http://localhost:3000', 'https://localhost:3000', 'https://nfl-ml-predictions.vercel.app', 'https://nfl-predict-frontend.vercel.app'], allow_origin_regex=https://.*/.vercel/.app$
2025-11-17 07:06:39,027 DEBUG asyncio Using proactor: IocpProactor
2025-11-17 07:06:39,029 INFO api 🚀 Starting NFL Prediction API
2025-11-17 07:06:39,031 ERROR root Dataset file not found: C:\Users\goku\Documents\NFL_ML_Predictions\backend\data\game_features_20251114.csv
2025-11-17 07:06:39,091 INFO root ✓ Loaded home_pipe from home_model.joblib
2025-11-17 07:06:39,147 INFO root ✓ Loaded away_pipe from away_model.joblib
2025-11-17 07:06:39,162 INFO root ✓ Loaded win_pipe from win_clf_calibrated.joblib
2025-11-17 07:06:39,172 INFO models Loaded metadata from C:\Users\goku\Documents\NFL_ML_Predictions\backend\models\metadata.json
2025-11-17 07:06:39,172 INFO root Model coherence validation passed
2025-11-17 07:06:39,173 INFO root Model loading completed: {'status': 'success', 'loaded': ['home_pipe', 'away_pipe', 'win_pipe', 'metadata', 'feature_columns']}
2025-11-17 07:06:39,173 INFO history No prediction_history.json found; starting with empty history.
2025-11-17 07:06:39,173 INFO api Application initialized: {'dataset': 'failed', 'models': {'status': 'success', 'loaded': ['home_pipe', 'away_pipe', 'win_pipe', 'metadata', 'feature_columns']}, 'history': 'loaded 0 entries'}
2025-11-17 07:06:39,176 INFO httpx HTTP Request: GET http://testserver/health "HTTP/1.1 200 OK"
2025-11-17 07:06:39,176 INFO api 🛑 Application shutdown complete
2025-11-17 07:06:39,198 DEBUG asyncio Using proactor: IocpProactor
2025-11-17 07:06:39,200 INFO api 🚀 Starting NFL Prediction API
2025-11-17 07:06:39,202 ERROR root Dataset file not found: C:\Users\goku\Documents\NFL_ML_Predictions\backend\data\game_features_20251114.csv
2025-11-17 07:06:39,254 INFO root ✓ Loaded home_pipe from home_model.joblib
2025-11-17 07:06:39,304 INFO root ✓ Loaded away_pipe from away_model.joblib
2025-11-17 07:06:39,309 INFO root ✓ Loaded win_pipe from win_clf_calibrated.joblib
2025-11-17 07:06:39,310 INFO models Loaded metadata from C:\Users\goku\Documents\NFL_ML_Predictions\backend\models\metadata.json
2025-11-17 07:06:39,311 INFO root Model coherence validation passed
2025-11-17 07:06:39,311 INFO root Model loading completed: {'status': 'success', 'loaded': ['home_pipe', 'away_pipe', 'win_pipe', 'metadata', 'feature_columns']}
2025-11-17 07:06:39,311 INFO history No prediction_history.json found; starting with empty history.
2025-11-17 07:06:39,311 INFO api Application initialized: {'dataset': 'failed', 'models': {'status': 'success', 'loaded': ['home_pipe', 'away_pipe', 'win_pipe', 'metadata', 'feature_columns']}, 'history': 'loaded 0 entries'}
2025-11-17 07:06:39,313 INFO httpx HTTP Request: GET http://testserver/schedule/next-week "HTTP/1.1 503 Service Unavailable"
2025-11-17 07:06:39,313 INFO api 🛑 Application shutdown complete
2025-11-17 07:06:39,776 DEBUG asyncio Using proactor: IocpProactor
2025-11-17 07:06:39,778 INFO api 🚀 Starting NFL Prediction API
2025-11-17 07:06:39,779 ERROR root Dataset file not found: C:\Users\goku\Documents\NFL_ML_Predictions\backend\data\game_features_20251114.csv
2025-11-17 07:06:39,827 INFO root ✓ Loaded home_pipe from home_model.joblib
2025-11-17 07:06:39,871 INFO root ✓ Loaded away_pipe from away_model.joblib
2025-11-17 07:06:39,876 INFO root ✓ Loaded win_pipe from win_clf_calibrated.joblib
2025-11-17 07:06:39,877 INFO models Loaded metadata from C:\Users\goku\Documents\NFL_ML_Predictions\backend\models\metadata.json
2025-11-17 07:06:39,877 INFO root Model coherence validation passed
2025-11-17 07:06:39,877 INFO root Model loading completed: {'status': 'success', 'loaded': ['home_pipe', 'away_pipe', 'win_pipe', 'metadata', 'feature_columns']}
2025-11-17 07:06:39,878 INFO history No prediction_history.json found; starting with empty history.
2025-11-17 07:06:39,878 INFO api Application initialized: {'dataset': 'failed', 'models': {'status': 'success', 'loaded': ['home_pipe', 'away_pipe', 'win_pipe', 'metadata', 'feature_columns']}, 'history': 'loaded 0 entries'}
2025-11-17 07:06:39,879 INFO httpx HTTP Request: GET http://testserver/schedule/next-week "HTTP/1.1 503 Service Unavailable"
2025-11-17 07:06:39,880 INFO api 🛑 Application shutdown complete
2025-11-17 07:06:39,888 DEBUG asyncio Using proactor: IocpProactor
2025-11-17 07:06:39,890 INFO api 🚀 Starting NFL Prediction API
2025-11-17 07:06:39,891 ERROR root Dataset file not found: C:\Users\goku\Documents\NFL_ML_Predictions\backend\data\game_features_20251114.csv
2025-11-17 07:06:39,937 INFO root ✓ Loaded home_pipe from home_model.joblib
2025-11-17 07:06:39,984 INFO root ✓ Loaded away_pipe from away_model.joblib
2025-11-17 07:06:39,990 INFO root ✓ Loaded win_pipe from win_clf_calibrated.joblib
2025-11-17 07:06:39,991 INFO models Loaded metadata from C:\Users\goku\Documents\NFL_ML_Predictions\backend\models\metadata.json
2025-11-17 07:06:39,991 INFO root Model coherence validation passed
2025-11-17 07:06:39,991 INFO root Model loading completed: {'status': 'success', 'loaded': ['home_pipe', 'away_pipe', 'win_pipe', 'metadata', 'feature_columns']}
2025-11-17 07:06:39,991 INFO history No prediction_history.json found; starting with empty history.
2025-11-17 07:06:39,991 INFO api Application initialized: {'dataset': 'failed', 'models': {'status': 'success', 'loaded': ['home_pipe', 'away_pipe', 'win_pipe', 'metadata', 'feature_columns']}, 'history': 'loaded 0 entries'}
2025-11-17 07:06:39,993 INFO httpx HTTP Request: GET http://testserver/debug "HTTP/1.1 200 OK"
2025-11-17 07:06:39,993 INFO api 🛑 Application shutdown complete
2025-11-17 07:07:10,313 INFO api Configuring CORS; restrict=False, allowed_origins=['http://localhost:3000', 'https://localhost:3000', 'https://nfl-ml-predictions.vercel.app', 'https://nfl-predict-frontend.vercel.app'], allow_origin_regex=https://.*/.vercel/.app$
2025-11-17 07:07:10,338 DEBUG asyncio Using proactor: IocpProactor
2025-11-17 07:07:10,340 INFO api 🚀 Starting NFL Prediction API
2025-11-17 07:07:10,425 INFO root Dataset loaded successfully: 2748 rows, 186 columns
2025-11-17 07:07:10,476 INFO root ✓ Loaded home_pipe from home_model.joblib
2025-11-17 07:07:10,522 INFO root ✓ Loaded away_pipe from away_model.joblib
2025-11-17 07:07:10,528 INFO root ✓ Loaded win_pipe from win_clf_calibrated.joblib
2025-11-17 07:07:10,529 INFO models Loaded metadata from C:\Users\goku\Documents\NFL_ML_Predictions\backend\models\metadata.json
2025-11-17 07:07:10,529 INFO root Model coherence validation passed
2025-11-17 07:07:10,529 INFO root Model loading completed: {'status': 'success', 'loaded': ['home_pipe', 'away_pipe', 'win_pipe', 'metadata', 'feature_columns']}
2025-11-17 07:07:10,530 INFO history No prediction_history.json found; starting with empty history.
2025-11-17 07:07:10,530 INFO api Application initialized: {'dataset': 'loaded', 'models': {'status': 'success', 'loaded': ['home_pipe', 'away_pipe', 'win_pipe', 'metadata', 'feature_columns']}, 'history': 'loaded 0 entries'}
2025-11-17 07:07:10,534 INFO httpx HTTP Request: GET http://testserver/health "HTTP/1.1 200 OK"
2025-11-17 07:07:10,534 INFO api 🛑 Application shutdown complete
2025-11-17 07:07:10,540 DEBUG asyncio Using proactor: IocpProactor
2025-11-17 07:07:10,542 INFO api 🚀 Starting NFL Prediction API
2025-11-17 07:07:10,621 INFO root Dataset loaded successfully: 2748 rows, 186 columns
2025-11-17 07:07:10,666 INFO root ✓ Loaded home_pipe from home_model.joblib
2025-11-17 07:07:10,712 INFO root ✓ Loaded away_pipe from away_model.joblib
2025-11-17 07:07:10,717 INFO root ✓ Loaded win_pipe from win_clf_calibrated.joblib
2025-11-17 07:07:10,718 INFO models Loaded metadata from C:\Users\goku\Documents\NFL_ML_Predictions\backend\models\metadata.json
2025-11-17 07:07:10,718 INFO root Model coherence validation passed
2025-11-17 07:07:10,718 INFO root Model loading completed: {'status': 'success', 'loaded': ['home_pipe', 'away_pipe', 'win_pipe', 'metadata', 'feature_columns']}
2025-11-17 07:07:10,719 INFO history No prediction_history.json found; starting with empty history.
2025-11-17 07:07:10,719 INFO api Application initialized: {'dataset': 'loaded', 'models': {'status': 'success', 'loaded': ['home_pipe', 'away_pipe', 'win_pipe', 'metadata', 'feature_columns']}, 'history': 'loaded 0 entries'}
2025-11-17 07:07:10,722 INFO venv 2025-11-17 15:07:10.722092+00:00
2025-11-17 07:07:10,733 INFO api Schedule scope -> season=2025 week=12 via kickoff_date
2025-11-17 07:07:10,742 INFO httpx HTTP Request: GET http://testserver/schedule/next-week "HTTP/1.1 200 OK"
2025-11-17 07:07:10,743 INFO api 🛑 Application shutdown complete
2025-11-17 07:07:10,747 DEBUG asyncio Using proactor: IocpProactor
2025-11-17 07:07:10,749 INFO api 🚀 Starting NFL Prediction API
2025-11-17 07:07:10,826 INFO root Dataset loaded successfully: 2748 rows, 186 columns
2025-11-17 07:07:10,879 INFO root ✓ Loaded home_pipe from home_model.joblib
2025-11-17 07:07:10,924 INFO root ✓ Loaded away_pipe from away_model.joblib
2025-11-17 07:07:10,930 INFO root ✓ Loaded win_pipe from win_clf_calibrated.joblib
2025-11-17 07:07:10,931 INFO models Loaded metadata from C:\Users\goku\Documents\NFL_ML_Predictions\backend\models\metadata.json
2025-11-17 07:07:10,931 INFO root Model coherence validation passed
2025-11-17 07:07:10,931 INFO root Model loading completed: {'status': 'success', 'loaded': ['home_pipe', 'away_pipe', 'win_pipe', 'metadata', 'feature_columns']}
2025-11-17 07:07:10,931 INFO history No prediction_history.json found; starting with empty history.
2025-11-17 07:07:10,931 INFO api Application initialized: {'dataset': 'loaded', 'models': {'status': 'success', 'loaded': ['home_pipe', 'away_pipe', 'win_pipe', 'metadata', 'feature_columns']}, 'history': 'loaded 0 entries'}
2025-11-17 07:07:10,934 INFO venv 2025-11-17 15:07:10.934557+00:00
2025-11-17 07:07:10,942 INFO api Schedule scope -> season=2025 week=12 via kickoff_date
2025-11-17 07:07:10,952 INFO httpx HTTP Request: GET http://testserver/schedule/next-week "HTTP/1.1 200 OK"
2025-11-17 07:07:10,953 INFO api 🛑 Application shutdown complete
2025-11-17 07:07:10,955 DEBUG asyncio Using proactor: IocpProactor
2025-11-17 07:07:11,110 INFO httpx HTTP Request: POST http://testserver/predict "HTTP/1.1 200 OK"
2025-11-17 07:07:11,114 DEBUG asyncio Using proactor: IocpProactor
2025-11-17 07:07:11,116 INFO api 🚀 Starting NFL Prediction API
2025-11-17 07:07:11,214 INFO root Dataset loaded successfully: 2748 rows, 186 columns
2025-11-17 07:07:11,269 INFO root ✓ Loaded home_pipe from home_model.joblib
2025-11-17 07:07:11,317 INFO root ✓ Loaded away_pipe from away_model.joblib
2025-11-17 07:07:11,323 INFO root ✓ Loaded win_pipe from win_clf_calibrated.joblib
2025-11-17 07:07:11,324 INFO models Loaded metadata from C:\Users\goku\Documents\NFL_ML_Predictions\backend\models\metadata.json
2025-11-17 07:07:11,324 INFO root Model coherence validation passed
2025-11-17 07:07:11,324 INFO root Model loading completed: {'status': 'success', 'loaded': ['home_pipe', 'away_pipe', 'win_pipe', 'metadata', 'feature_columns']}
2025-11-17 07:07:11,324 INFO history No prediction_history.json found; starting with empty history.
2025-11-17 07:07:11,325 INFO api Application initialized: {'dataset': 'loaded', 'models': {'status': 'success', 'loaded': ['home_pipe', 'away_pipe', 'win_pipe', 'metadata', 'feature_columns']}, 'history': 'loaded 0 entries'}
2025-11-17 07:07:11,326 INFO httpx HTTP Request: GET http://testserver/debug "HTTP/1.1 200 OK"
2025-11-17 07:07:11,327 INFO api 🛑 Application shutdown complete
2025-11-17 07:07:57,478 INFO api Configuring CORS; restrict=False, allowed_origins=['http://localhost:3000', 'https://localhost:3000', 'https://nfl-ml-predictions.vercel.app', 'https://nfl-predict-frontend.vercel.app'], allow_origin_regex=https://.*/.vercel/.app$
2025-11-17 07:08:40,215 INFO api Configuring CORS; restrict=False, allowed_origins=['http://localhost:3000', 'https://localhost:3000', 'https://nfl-ml-predictions.vercel.app', 'https://nfl-predict-frontend.vercel.app'], allow_origin_regex=https://.*/.vercel/.app$
2025-11-17 07:08:40,238 DEBUG asyncio Using proactor: IocpProactor
2025-11-17 07:08:40,240 INFO api 🚀 Starting NFL Prediction API
2025-11-17 07:08:40,319 INFO root Dataset loaded successfully: 2748 rows, 186 columns
2025-11-17 07:08:40,370 INFO root ✓ Loaded home_pipe from home_model.joblib
2025-11-17 07:08:40,418 INFO root ✓ Loaded away_pipe from away_model.joblib
2025-11-17 07:08:40,424 INFO root ✓ Loaded win_pipe from win_clf_calibrated.joblib
2025-11-17 07:08:40,425 INFO models Loaded metadata from C:\Users\goku\Documents\NFL_ML_Predictions\backend\models\metadata.json
2025-11-17 07:08:40,425 INFO root Model coherence validation passed
2025-11-17 07:08:40,425 INFO root Model loading completed: {'status': 'success', 'loaded': ['home_pipe', 'away_pipe', 'win_pipe', 'metadata', 'feature_columns']}
2025-11-17 07:08:40,426 INFO history No prediction_history.json found; starting with empty history.
2025-11-17 07:08:40,426 INFO api Application initialized: {'dataset': 'loaded', 'models': {'status': 'success', 'loaded': ['home_pipe', 'away_pipe', 'win_pipe', 'metadata', 'feature_columns']}, 'history': 'loaded 0 entries'}
2025-11-17 07:08:40,430 INFO httpx HTTP Request: GET http://testserver/health "HTTP/1.1 200 OK"
2025-11-17 07:08:40,431 INFO api 🛑 Application shutdown complete
2025-11-17 07:08:40,436 DEBUG asyncio Using proactor: IocpProactor
2025-11-17 07:08:40,437 INFO api 🚀 Starting NFL Prediction API
2025-11-17 07:08:40,513 INFO root Dataset loaded successfully: 2748 rows, 186 columns
2025-11-17 07:08:40,557 INFO root ✓ Loaded home_pipe from home_model.joblib
2025-11-17 07:08:40,601 INFO root ✓ Loaded away_pipe from away_model.joblib
2025-11-17 07:08:40,606 INFO root ✓ Loaded win_pipe from win_clf_calibrated.joblib
2025-11-17 07:08:40,608 INFO models Loaded metadata from C:\Users\goku\Documents\NFL_ML_Predictions\backend\models\metadata.json
2025-11-17 07:08:40,608 INFO root Model coherence validation passed
2025-11-17 07:08:40,608 INFO root Model loading completed: {'status': 'success', 'loaded': ['home_pipe', 'away_pipe', 'win_pipe', 'metadata', 'feature_columns']}
2025-11-17 07:08:40,608 INFO history No prediction_history.json found; starting with empty history.
2025-11-17 07:08:40,608 INFO api Application initialized: {'dataset': 'loaded', 'models': {'status': 'success', 'loaded': ['home_pipe', 'away_pipe', 'win_pipe', 'metadata', 'feature_columns']}, 'history': 'loaded 0 entries'}
2025-11-17 07:08:40,611 INFO venv 2025-11-17 15:08:40.611474+00:00
2025-11-17 07:08:40,621 INFO api Schedule scope -> season=2025 week=12 via kickoff_date
2025-11-17 07:08:40,631 INFO httpx HTTP Request: GET http://testserver/schedule/next-week "HTTP/1.1 200 OK"
2025-11-17 07:08:40,631 INFO api 🛑 Application shutdown complete
2025-11-17 07:08:40,635 DEBUG asyncio Using proactor: IocpProactor
2025-11-17 07:08:40,637 INFO api 🚀 Starting NFL Prediction API
2025-11-17 07:08:40,714 INFO root Dataset loaded successfully: 2748 rows, 186 columns
2025-11-17 07:08:40,759 INFO root ✓ Loaded home_pipe from home_model.joblib
2025-11-17 07:08:40,803 INFO root ✓ Loaded away_pipe from away_model.joblib
2025-11-17 07:08:40,808 INFO root ✓ Loaded win_pipe from win_clf_calibrated.joblib
2025-11-17 07:08:40,809 INFO models Loaded metadata from C:\Users\goku\Documents\NFL_ML_Predictions\backend\models\metadata.json
2025-11-17 07:08:40,810 INFO root Model coherence validation passed
2025-11-17 07:08:40,810 INFO root Model loading completed: {'status': 'success', 'loaded': ['home_pipe', 'away_pipe', 'win_pipe', 'metadata', 'feature_columns']}
2025-11-17 07:08:40,810 INFO history No prediction_history.json found; starting with empty history.
2025-11-17 07:08:40,810 INFO api Application initialized: {'dataset': 'loaded', 'models': {'status': 'success', 'loaded': ['home_pipe', 'away_pipe', 'win_pipe', 'metadata', 'feature_columns']}, 'history': 'loaded 0 entries'}
2025-11-17 07:08:40,813 INFO venv 2025-11-17 15:08:40.813540+00:00
2025-11-17 07:08:40,820 INFO api Schedule scope -> season=2025 week=12 via kickoff_date
2025-11-17 07:08:40,830 INFO httpx HTTP Request: GET http://testserver/schedule/next-week "HTTP/1.1 200 OK"
2025-11-17 07:08:40,831 INFO api 🛑 Application shutdown complete
2025-11-17 07:08:40,833 DEBUG asyncio Using proactor: IocpProactor
2025-11-17 07:08:40,972 INFO httpx HTTP Request: POST http://testserver/predict "HTTP/1.1 200 OK"
2025-11-17 07:08:40,975 DEBUG asyncio Using proactor: IocpProactor
2025-11-17 07:08:40,977 INFO api 🚀 Starting NFL Prediction API
2025-11-17 07:08:41,070 INFO root Dataset loaded successfully: 2748 rows, 186 columns
2025-11-17 07:08:41,121 INFO root ✓ Loaded home_pipe from home_model.joblib
2025-11-17 07:08:41,169 INFO root ✓ Loaded away_pipe from away_model.joblib
2025-11-17 07:08:41,175 INFO root ✓ Loaded win_pipe from win_clf_calibrated.joblib
2025-11-17 07:08:41,177 INFO models Loaded metadata from C:\Users\goku\Documents\NFL_ML_Predictions\backend\models\metadata.json
2025-11-17 07:08:41,177 INFO root Model coherence validation passed
2025-11-17 07:08:41,177 INFO root Model loading completed: {'status': 'success', 'loaded': ['home_pipe', 'away_pipe', 'win_pipe', 'metadata', 'feature_columns']}
2025-11-17 07:08:41,177 INFO history No prediction_history.json found; starting with empty history.
2025-11-17 07:08:41,177 INFO api Application initialized: {'dataset': 'loaded', 'models': {'status': 'success', 'loaded': ['home_pipe', 'away_pipe', 'win_pipe', 'metadata', 'feature_columns']}, 'history': 'loaded 0 entries'}
2025-11-17 07:08:41,179 INFO httpx HTTP Request: GET http://testserver/debug "HTTP/1.1 200 OK"
2025-11-17 07:08:41,179 INFO api 🛑 Application shutdown complete
2025-11-17 07:09:21,367 INFO api Configuring CORS; restrict=False, allowed_origins=['http://localhost:3000', 'https://localhost:3000', 'https://nfl-ml-predictions.vercel.app', 'https://nfl-predict-frontend.vercel.app'], allow_origin_regex=https://.*/.vercel/.app$
2025-11-17 07:09:21,390 DEBUG asyncio Using proactor: IocpProactor
2025-11-17 07:09:21,392 INFO api 🚀 Starting NFL Prediction API
2025-11-17 07:09:21,469 INFO root Dataset loaded successfully: 2748 rows, 186 columns
2025-11-17 07:09:21,517 INFO root ✓ Loaded home_pipe from home_model.joblib
2025-11-17 07:09:21,561 INFO root ✓ Loaded away_pipe from away_model.joblib
2025-11-17 07:09:21,566 INFO root ✓ Loaded win_pipe from win_clf_calibrated.joblib
2025-11-17 07:09:21,567 INFO models Loaded metadata from C:\Users\goku\Documents\NFL_ML_Predictions\backend\models\metadata.json
2025-11-17 07:09:21,567 INFO root Model coherence validation passed
2025-11-17 07:09:21,567 INFO root Model loading completed: {'status': 'success', 'loaded': ['home_pipe', 'away_pipe', 'win_pipe', 'metadata', 'feature_columns']}
2025-11-17 07:09:21,568 INFO history No prediction_history.json found; starting with empty history.
2025-11-17 07:09:21,568 INFO api Application initialized: {'dataset': 'loaded', 'models': {'status': 'success', 'loaded': ['home_pipe', 'away_pipe', 'win_pipe', 'metadata', 'feature_columns']}, 'history': 'loaded 0 entries'}
2025-11-17 07:09:21,572 INFO httpx HTTP Request: GET http://testserver/health "HTTP/1.1 200 OK"
2025-11-17 07:09:21,573 INFO api 🛑 Application shutdown complete
2025-11-17 07:09:21,577 DEBUG asyncio Using proactor: IocpProactor
2025-11-17 07:09:21,579 INFO api 🚀 Starting NFL Prediction API
2025-11-17 07:09:21,654 INFO root Dataset loaded successfully: 2748 rows, 186 columns
2025-11-17 07:09:21,703 INFO root ✓ Loaded home_pipe from home_model.joblib
2025-11-17 07:09:21,750 INFO root ✓ Loaded away_pipe from away_model.joblib
2025-11-17 07:09:21,756 INFO root ✓ Loaded win_pipe from win_clf_calibrated.joblib
2025-11-17 07:09:21,757 INFO models Loaded metadata from C:\Users\goku\Documents\NFL_ML_Predictions\backend\models\metadata.json
2025-11-17 07:09:21,757 INFO root Model coherence validation passed
2025-11-17 07:09:21,757 INFO root Model loading completed: {'status': 'success', 'loaded': ['home_pipe', 'away_pipe', 'win_pipe', 'metadata', 'feature_columns']}
2025-11-17 07:09:21,757 INFO history No prediction_history.json found; starting with empty history.
2025-11-17 07:09:21,757 INFO api Application initialized: {'dataset': 'loaded', 'models': {'status': 'success', 'loaded': ['home_pipe', 'away_pipe', 'win_pipe', 'metadata', 'feature_columns']}, 'history': 'loaded 0 entries'}
2025-11-17 07:09:21,760 INFO venv 2025-11-17 15:09:21.760470+00:00
2025-11-17 07:09:21,770 INFO api Schedule scope -> season=2025 week=12 via kickoff_date
2025-11-17 07:09:21,780 INFO httpx HTTP Request: GET http://testserver/schedule/next-week "HTTP/1.1 200 OK"
2025-11-17 07:09:21,781 INFO api 🛑 Application shutdown complete
2025-11-17 07:09:21,785 DEBUG asyncio Using proactor: IocpProactor
2025-11-17 07:09:21,787 INFO api 🚀 Starting NFL Prediction API
2025-11-17 07:09:21,870 INFO root Dataset loaded successfully: 2748 rows, 186 columns
2025-11-17 07:09:21,916 INFO root ✓ Loaded home_pipe from home_model.joblib
2025-11-17 07:09:21,961 INFO root ✓ Loaded away_pipe from away_model.joblib
2025-11-17 07:09:21,966 INFO root ✓ Loaded win_pipe from win_clf_calibrated.joblib
2025-11-17 07:09:21,967 INFO models Loaded metadata from C:\Users\goku\Documents\NFL_ML_Predictions\backend\models\metadata.json
2025-11-17 07:09:21,968 INFO root Model coherence validation passed
2025-11-17 07:09:21,968 INFO root Model loading completed: {'status': 'success', 'loaded': ['home_pipe', 'away_pipe', 'win_pipe', 'metadata', 'feature_columns']}
2025-11-17 07:09:21,968 INFO history No prediction_history.json found; starting with empty history.
2025-11-17 07:09:21,968 INFO api Application initialized: {'dataset': 'loaded', 'models': {'status': 'success', 'loaded': ['home_pipe', 'away_pipe', 'win_pipe', 'metadata', 'feature_columns']}, 'history': 'loaded 0 entries'}
2025-11-17 07:09:21,971 INFO venv 2025-11-17 15:09:21.971144+00:00
2025-11-17 07:09:21,978 INFO api Schedule scope -> season=2025 week=12 via kickoff_date
2025-11-17 07:09:21,988 INFO httpx HTTP Request: GET http://testserver/schedule/next-week "HTTP/1.1 200 OK"
2025-11-17 07:09:21,989 INFO api 🛑 Application shutdown complete
2025-11-17 07:09:21,991 DEBUG asyncio Using proactor: IocpProactor
2025-11-17 07:09:22,123 INFO httpx HTTP Request: POST http://testserver/predict "HTTP/1.1 200 OK"
2025-11-17 07:09:22,126 DEBUG asyncio Using proactor: IocpProactor
2025-11-17 07:09:22,127 INFO api 🚀 Starting NFL Prediction API
2025-11-17 07:09:22,225 INFO root Dataset loaded successfully: 2748 rows, 186 columns
2025-11-17 07:09:22,272 INFO root ✓ Loaded home_pipe from home_model.joblib
2025-11-17 07:09:22,316 INFO root ✓ Loaded away_pipe from away_model.joblib
2025-11-17 07:09:22,322 INFO root ✓ Loaded win_pipe from win_clf_calibrated.joblib
2025-11-17 07:09:22,323 INFO models Loaded metadata from C:\Users\goku\Documents\NFL_ML_Predictions\backend\models\metadata.json
2025-11-17 07:09:22,323 INFO root Model coherence validation passed
2025-11-17 07:09:22,323 INFO root Model loading completed: {'status': 'success', 'loaded': ['home_pipe', 'away_pipe', 'win_pipe', 'metadata', 'feature_columns']}
2025-11-17 07:09:22,323 INFO history No prediction_history.json found; starting with empty history.
2025-11-17 07:09:22,323 INFO api Application initialized: {'dataset': 'loaded', 'models': {'status': 'success', 'loaded': ['home_pipe', 'away_pipe', 'win_pipe', 'metadata', 'feature_columns']}, 'history': 'loaded 0 entries'}
2025-11-17 07:09:22,325 INFO httpx HTTP Request: GET http://testserver/debug "HTTP/1.1 200 OK"
2025-11-17 07:09:22,325 INFO api 🛑 Application shutdown complete
2025-11-17 07:22:31,197 INFO api Configuring CORS; restrict=False, allowed_origins=['http://localhost:3000', 'https://localhost:3000', 'https://nfl-ml-predictions.vercel.app', 'https://nfl-predict-frontend.vercel.app'], allow_origin_regex=https://.*/.vercel/.app$
2025-11-17 07:22:31,209 INFO api 🚀 Starting NFL Prediction API
2025-11-17 07:22:31,285 INFO root Dataset loaded successfully: 2748 rows, 186 columns
2025-11-17 07:22:31,335 INFO root ✓ Loaded home_pipe from home_model.joblib
2025-11-17 07:22:31,379 INFO root ✓ Loaded away_pipe from away_model.joblib
2025-11-17 07:22:31,384 INFO root ✓ Loaded win_pipe from win_clf_calibrated.joblib
2025-11-17 07:22:31,385 INFO models Loaded metadata from C:\Users\goku\Documents\NFL_ML_Predictions\backend\models\metadata.json
2025-11-17 07:22:31,386 INFO root Model coherence validation passed
2025-11-17 07:22:31,386 INFO root Model loading completed: {'status': 'success', 'loaded': ['home_pipe', 'away_pipe', 'win_pipe', 'metadata', 'feature_columns']}
2025-11-17 07:22:31,386 INFO history No prediction_history.json found; starting with empty history.
2025-11-17 07:22:31,386 INFO api Application initialized: {'dataset': 'loaded', 'models': {'status': 'success', 'loaded': ['home_pipe', 'away_pipe', 'win_pipe', 'metadata', 'feature_columns']}, 'history': 'loaded 0 entries'}
2025-11-17 07:32:36,151 INFO api 🛑 Application shutdown complete
2025-11-17 07:32:39,198 INFO api Configuring CORS; restrict=False, allowed_origins=['http://localhost:3000', 'https://localhost:3000', 'https://nfl-ml-predictions.vercel.app', 'https://nfl-predict-frontend.vercel.app'], allow_origin_regex=https://.*/.vercel/.app$
2025-11-17 07:32:39,209 INFO api 🚀 Starting NFL Prediction API
2025-11-17 07:32:39,287 INFO root Dataset loaded successfully: 2748 rows, 186 columns
2025-11-17 07:32:39,337 INFO root ✓ Loaded home_pipe from home_model.joblib
2025-11-17 07:32:39,384 INFO root ✓ Loaded away_pipe from away_model.joblib
2025-11-17 07:32:39,389 INFO root ✓ Loaded win_pipe from win_clf_calibrated.joblib
2025-11-17 07:32:39,390 INFO models Loaded metadata from C:\Users\goku\Documents\NFL_ML_Predictions\backend\models\metadata.json
2025-11-17 07:32:39,391 INFO root Model coherence validation passed
2025-11-17 07:32:39,391 INFO root Model loading completed: {'status': 'success', 'loaded': ['home_pipe', 'away_pipe', 'win_pipe', 'metadata', 'feature_columns']}
2025-11-17 07:32:39,391 INFO history No prediction_history.json found; starting with empty history.
2025-11-17 07:32:39,391 INFO api Application initialized: {'dataset': 'loaded', 'models': {'status': 'success', 'loaded': ['home_pipe', 'away_pipe', 'win_pipe', 'metadata', 'feature_columns']}, 'history': 'loaded 0 entries'}
2025-11-17 07:32:51,660 INFO api 🛑 Application shutdown complete
2025-11-17 07:32:54,653 INFO api Configuring CORS; restrict=False, allowed_origins=['http://localhost:3000', 'https://localhost:3000', 'https://nfl-ml-predictions.vercel.app', 'https://nfl-predict-frontend.vercel.app'], allow_origin_regex=https://.*/.vercel/.app$
2025-11-17 07:32:54,666 INFO api 🚀 Starting NFL Prediction API
2025-11-17 07:32:54,745 INFO root Dataset loaded successfully: 2748 rows, 186 columns
2025-11-17 07:32:54,795 INFO root ✓ Loaded home_pipe from home_model.joblib
2025-11-17 07:32:54,843 INFO root ✓ Loaded away_pipe from away_model.joblib
2025-11-17 07:32:54,849 INFO root ✓ Loaded win_pipe from win_clf_calibrated.joblib
2025-11-17 07:32:54,849 INFO models Loaded metadata from C:\Users\goku\Documents\NFL_ML_Predictions\backend\models\metadata.json
2025-11-17 07:32:54,850 INFO root Model coherence validation passed
2025-11-17 07:32:54,850 INFO root Model loading completed: {'status': 'success', 'loaded': ['home_pipe', 'away_pipe', 'win_pipe', 'metadata', 'feature_columns']}
2025-11-17 07:32:54,850 INFO history No prediction_history.json found; starting with empty history.
2025-11-17 07:32:54,851 INFO api Application initialized: {'dataset': 'loaded', 'models': {'status': 'success', 'loaded': ['home_pipe', 'away_pipe', 'win_pipe', 'metadata', 'feature_columns']}, 'history': 'loaded 0 entries'}
2025-11-17 07:33:12,210 INFO api 🛑 Application shutdown complete
2025-11-17 07:33:15,216 INFO api Configuring CORS; restrict=False, allowed_origins=['http://localhost:3000', 'https://localhost:3000', 'https://nfl-ml-predictions.vercel.app', 'https://nfl-predict-frontend.vercel.app'], allow_origin_regex=https://.*/.vercel/.app$
2025-11-17 07:33:15,227 INFO api 🚀 Starting NFL Prediction API
2025-11-17 07:33:15,305 INFO root Dataset loaded successfully: 2748 rows, 186 columns
2025-11-17 07:33:15,354 INFO root ✓ Loaded home_pipe from home_model.joblib
2025-11-17 07:33:15,399 INFO root ✓ Loaded away_pipe from away_model.joblib
2025-11-17 07:33:15,404 INFO root ✓ Loaded win_pipe from win_clf_calibrated.joblib
2025-11-17 07:33:15,405 INFO models Loaded metadata from C:\Users\goku\Documents\NFL_ML_Predictions\backend\models\metadata.json
2025-11-17 07:33:15,405 INFO root Model coherence validation passed
2025-11-17 07:33:15,406 INFO root Model loading completed: {'status': 'success', 'loaded': ['home_pipe', 'away_pipe', 'win_pipe', 'metadata', 'feature_columns']}
2025-11-17 07:33:15,406 INFO history No prediction_history.json found; starting with empty history.
2025-11-17 07:33:15,406 INFO api Application initialized: {'dataset': 'loaded', 'models': {'status': 'success', 'loaded': ['home_pipe', 'away_pipe', 'win_pipe', 'metadata', 'feature_columns']}, 'history': 'loaded 0 entries'}
2025-11-17 07:37:06,927 INFO api 🛑 Application shutdown complete
2025-11-17 07:37:10,294 INFO api Configuring CORS; restrict=False, allowed_origins=['http://localhost:3000', 'https://localhost:3000', 'https://nfl-ml-predictions.vercel.app', 'https://nfl-predict-frontend.vercel.app'], allow_origin_regex=https://.*/.vercel/.app$
2025-11-17 07:37:10,305 INFO api 🚀 Starting NFL Prediction API
2025-11-17 07:37:10,387 INFO root Dataset loaded successfully: 2748 rows, 186 columns
2025-11-17 07:37:10,436 INFO root ✓ Loaded home_pipe from home_model.joblib
2025-11-17 07:37:10,482 INFO root ✓ Loaded away_pipe from away_model.joblib
2025-11-17 07:37:10,487 INFO root ✓ Loaded win_pipe from win_clf_calibrated.joblib
2025-11-17 07:37:10,488 INFO models Loaded metadata from C:\Users\goku\Documents\NFL_ML_Predictions\backend\models\metadata.json
2025-11-17 07:37:10,488 INFO root Model coherence validation passed
2025-11-17 07:37:10,488 INFO root Model loading completed: {'status': 'success', 'loaded': ['home_pipe', 'away_pipe', 'win_pipe', 'metadata', 'feature_columns']}
2025-11-17 07:37:10,489 INFO history No prediction_history.json found; starting with empty history.
2025-11-17 07:37:10,489 INFO api Application initialized: {'dataset': 'loaded', 'models': {'status': 'success', 'loaded': ['home_pipe', 'away_pipe', 'win_pipe', 'metadata', 'feature_columns']}, 'history': 'loaded 0 entries'}
2025-11-17 07:37:10,490 INFO api 🛑 Application shutdown complete
2025-11-17 07:37:13,524 INFO api Configuring CORS; restrict=False, allowed_origins=['http://localhost:3000', 'https://localhost:3000', 'https://nfl-ml-predictions.vercel.app', 'https://nfl-predict-frontend.vercel.app'], allow_origin_regex=https://.*/.vercel/.app$
2025-11-17 07:37:13,535 INFO api 🚀 Starting NFL Prediction API
2025-11-17 07:37:13,613 INFO root Dataset loaded successfully: 2748 rows, 186 columns
2025-11-17 07:37:13,661 INFO root ✓ Loaded home_pipe from home_model.joblib
2025-11-17 07:37:13,707 INFO root ✓ Loaded away_pipe from away_model.joblib
2025-11-17 07:37:13,712 INFO root ✓ Loaded win_pipe from win_clf_calibrated.joblib
2025-11-17 07:37:13,713 INFO models Loaded metadata from C:\Users\goku\Documents\NFL_ML_Predictions\backend\models\metadata.json
2025-11-17 07:37:13,713 INFO root Model coherence validation passed
2025-11-17 07:37:13,713 INFO root Model loading completed: {'status': 'success', 'loaded': ['home_pipe', 'away_pipe', 'win_pipe', 'metadata', 'feature_columns']}
2025-11-17 07:37:13,714 INFO history No prediction_history.json found; starting with empty history.
2025-11-17 07:37:13,714 INFO api Application initialized: {'dataset': 'loaded', 'models': {'status': 'success', 'loaded': ['home_pipe', 'away_pipe', 'win_pipe', 'metadata', 'feature_columns']}, 'history': 'loaded 0 entries'}
2025-11-17 07:37:18,116 INFO api 🛑 Application shutdown complete
2025-11-17 07:37:21,234 INFO api Configuring CORS; restrict=False, allowed_origins=['http://localhost:3000', 'https://localhost:3000', 'https://nfl-ml-predictions.vercel.app', 'https://nfl-predict-frontend.vercel.app'], allow_origin_regex=https://.*/.vercel/.app$
2025-11-17 07:37:21,246 INFO api 🚀 Starting NFL Prediction API
2025-11-17 07:37:21,324 INFO root Dataset loaded successfully: 2748 rows, 186 columns
2025-11-17 07:37:21,373 INFO root ✓ Loaded home_pipe from home_model.joblib
2025-11-17 07:37:21,418 INFO root ✓ Loaded away_pipe from away_model.joblib
2025-11-17 07:37:21,424 INFO root ✓ Loaded win_pipe from win_clf_calibrated.joblib
2025-11-17 07:37:21,424 INFO models Loaded metadata from C:\Users\goku\Documents\NFL_ML_Predictions\backend\models\metadata.json
2025-11-17 07:37:21,425 INFO root Model coherence validation passed
2025-11-17 07:37:21,425 INFO root Model loading completed: {'status': 'success', 'loaded': ['home_pipe', 'away_pipe', 'win_pipe', 'metadata', 'feature_columns']}
2025-11-17 07:37:21,425 INFO history No prediction_history.json found; starting with empty history.
2025-11-17 07:37:21,426 INFO api Application initialized: {'dataset': 'loaded', 'models': {'status': 'success', 'loaded': ['home_pipe', 'away_pipe', 'win_pipe', 'metadata', 'feature_columns']}, 'history': 'loaded 0 entries'}
2025-11-17 07:37:32,770 INFO api 🛑 Application shutdown complete
2025-11-17 07:37:35,857 INFO api Configuring CORS; restrict=False, allowed_origins=['http://localhost:3000', 'https://localhost:3000', 'https://nfl-ml-predictions.vercel.app', 'https://nfl-predict-frontend.vercel.app'], allow_origin_regex=https://.*/.vercel/.app$
2025-11-17 07:37:35,869 INFO api 🚀 Starting NFL Prediction API
2025-11-17 07:37:35,948 INFO root Dataset loaded successfully: 2748 rows, 186 columns
2025-11-17 07:37:35,998 INFO root ✓ Loaded home_pipe from home_model.joblib
2025-11-17 07:37:36,043 INFO root ✓ Loaded away_pipe from away_model.joblib
2025-11-17 07:37:36,048 INFO root ✓ Loaded win_pipe from win_clf_calibrated.joblib
2025-11-17 07:37:36,049 INFO models Loaded metadata from C:\Users\goku\Documents\NFL_ML_Predictions\backend\models\metadata.json
2025-11-17 07:37:36,050 INFO root Model coherence validation passed
2025-11-17 07:37:36,050 INFO root Model loading completed: {'status': 'success', 'loaded': ['home_pipe', 'away_pipe', 'win_pipe', 'metadata', 'feature_columns']}
2025-11-17 07:37:36,050 INFO history No prediction_history.json found; starting with empty history.
2025-11-17 07:37:36,051 INFO api Application initialized: {'dataset': 'loaded', 'models': {'status': 'success', 'loaded': ['home_pipe', 'away_pipe', 'win_pipe', 'metadata', 'feature_columns']}, 'history': 'loaded 0 entries'}
2025-11-17 07:38:29,745 INFO api 🛑 Application shutdown complete
2025-11-17 07:38:32,854 INFO api Configuring CORS; restrict=False, allowed_origins=['http://localhost:3000', 'https://localhost:3000', 'https://nfl-ml-predictions.vercel.app', 'https://nfl-predict-frontend.vercel.app'], allow_origin_regex=https://.*/.vercel/.app$
2025-11-17 07:38:32,865 INFO api 🚀 Starting NFL Prediction API
2025-11-17 07:38:32,942 INFO root Dataset loaded successfully: 2748 rows, 186 columns
2025-11-17 07:38:32,992 INFO root ✓ Loaded home_pipe from home_model.joblib
2025-11-17 07:38:33,037 INFO root ✓ Loaded away_pipe from away_model.joblib
2025-11-17 07:38:33,042 INFO root ✓ Loaded win_pipe from win_clf_calibrated.joblib
2025-11-17 07:38:33,043 INFO models Loaded metadata from C:\Users\goku\Documents\NFL_ML_Predictions\backend\models\metadata.json
2025-11-17 07:38:33,043 INFO root Model coherence validation passed
2025-11-17 07:38:33,044 INFO root Model loading completed: {'status': 'success', 'loaded': ['home_pipe', 'away_pipe', 'win_pipe', 'metadata', 'feature_columns']}
2025-11-17 07:38:33,044 INFO history No prediction_history.json found; starting with empty history.
2025-11-17 07:38:33,044 INFO api Application initialized: {'dataset': 'loaded', 'models': {'status': 'success', 'loaded': ['home_pipe', 'away_pipe', 'win_pipe', 'metadata', 'feature_columns']}, 'history': 'loaded 0 entries'}
2025-11-17 07:38:33,045 INFO api 🛑 Application shutdown complete
2025-11-17 07:38:35,928 INFO api Configuring CORS; restrict=False, allowed_origins=['http://localhost:3000', 'https://localhost:3000', 'https://nfl-ml-predictions.vercel.app', 'https://nfl-predict-frontend.vercel.app'], allow_origin_regex=https://.*/.vercel/.app$
2025-11-17 07:38:35,939 INFO api 🚀 Starting NFL Prediction API
2025-11-17 07:38:36,015 INFO root Dataset loaded successfully: 2748 rows, 186 columns
2025-11-17 07:38:36,063 INFO root ✓ Loaded home_pipe from home_model.joblib
2025-11-17 07:38:36,112 INFO root ✓ Loaded away_pipe from away_model.joblib
2025-11-17 07:38:36,117 INFO root ✓ Loaded win_pipe from win_clf_calibrated.joblib
2025-11-17 07:38:36,118 INFO models Loaded metadata from C:\Users\goku\Documents\NFL_ML_Predictions\backend\models\metadata.json
2025-11-17 07:38:36,118 INFO root Model coherence validation passed
2025-11-17 07:38:36,118 INFO root Model loading completed: {'status': 'success', 'loaded': ['home_pipe', 'away_pipe', 'win_pipe', 'metadata', 'feature_columns']}
2025-11-17 07:38:36,119 INFO history No prediction_history.json found; starting with empty history.
2025-11-17 07:38:36,119 INFO api Application initialized: {'dataset': 'loaded', 'models': {'status': 'success', 'loaded': ['home_pipe', 'away_pipe', 'win_pipe', 'metadata', 'feature_columns']}, 'history': 'loaded 0 entries'}
2025-11-17 07:39:39,849 INFO api 🛑 Application shutdown complete
2025-11-17 07:39:43,158 INFO api Configuring CORS; restrict=False, allowed_origins=['http://localhost:3000', 'https://localhost:3000', 'https://nfl-ml-predictions.vercel.app', 'https://nfl-predict-frontend.vercel.app'], allow_origin_regex=https://.*/.vercel/.app$
2025-11-17 07:39:43,170 INFO api 🚀 Starting NFL Prediction API
2025-11-17 07:39:43,249 INFO root Dataset loaded successfully: 2748 rows, 186 columns
2025-11-17 07:39:43,299 INFO root ✓ Loaded home_pipe from home_model.joblib
2025-11-17 07:39:43,344 INFO root ✓ Loaded away_pipe from away_model.joblib
2025-11-17 07:39:43,350 INFO root ✓ Loaded win_pipe from win_clf_calibrated.joblib
2025-11-17 07:39:43,351 INFO models Loaded metadata from C:\Users\goku\Documents\NFL_ML_Predictions\backend\models\metadata.json
2025-11-17 07:39:43,351 INFO root Model coherence validation passed
2025-11-17 07:39:43,351 INFO root Model loading completed: {'status': 'success', 'loaded': ['home_pipe', 'away_pipe', 'win_pipe', 'metadata', 'feature_columns']}
2025-11-17 07:39:43,352 INFO history No prediction_history.json found; starting with empty history.
2025-11-17 07:39:43,352 INFO api Application initialized: {'dataset': 'loaded', 'models': {'status': 'success', 'loaded': ['home_pipe', 'away_pipe', 'win_pipe', 'metadata', 'feature_columns']}, 'history': 'loaded 0 entries'}
2025-11-17 07:39:43,353 INFO api 🛑 Application shutdown complete
2025-11-17 07:39:46,301 INFO api Configuring CORS; restrict=False, allowed_origins=['http://localhost:3000', 'https://localhost:3000', 'https://nfl-ml-predictions.vercel.app', 'https://nfl-predict-frontend.vercel.app'], allow_origin_regex=https://.*/.vercel/.app$
2025-11-17 07:39:46,314 INFO api 🚀 Starting NFL Prediction API
2025-11-17 07:39:46,396 INFO root Dataset loaded successfully: 2748 rows, 186 columns
2025-11-17 07:39:46,446 INFO root ✓ Loaded home_pipe from home_model.joblib
2025-11-17 07:39:46,491 INFO root ✓ Loaded away_pipe from away_model.joblib
2025-11-17 07:39:46,497 INFO root ✓ Loaded win_pipe from win_clf_calibrated.joblib
2025-11-17 07:39:46,498 INFO models Loaded metadata from C:\Users\goku\Documents\NFL_ML_Predictions\backend\models\metadata.json
2025-11-17 07:39:46,498 INFO root Model coherence validation passed
2025-11-17 07:39:46,498 INFO root Model loading completed: {'status': 'success', 'loaded': ['home_pipe', 'away_pipe', 'win_pipe', 'metadata', 'feature_columns']}
2025-11-17 07:39:46,499 INFO history No prediction_history.json found; starting with empty history.
2025-11-17 07:39:46,499 INFO api Application initialized: {'dataset': 'loaded', 'models': {'status': 'success', 'loaded': ['home_pipe', 'away_pipe', 'win_pipe', 'metadata', 'feature_columns']}, 'history': 'loaded 0 entries'}
2025-11-17 07:39:47,338 INFO api 🛑 Application shutdown complete
2025-11-17 07:39:50,567 INFO api Configuring CORS; restrict=False, allowed_origins=['http://localhost:3000', 'https://localhost:3000', 'https://nfl-ml-predictions.vercel.app', 'https://nfl-predict-frontend.vercel.app'], allow_origin_regex=https://.*/.vercel/.app$
2025-11-17 07:39:50,579 INFO api 🚀 Starting NFL Prediction API
2025-11-17 07:39:50,658 INFO root Dataset loaded successfully: 2748 rows, 186 columns
2025-11-17 07:39:50,717 INFO root ✓ Loaded home_pipe from home_model.joblib
2025-11-17 07:39:50,775 INFO root ✓ Loaded away_pipe from away_model.joblib
2025-11-17 07:39:50,780 INFO root ✓ Loaded win_pipe from win_clf_calibrated.joblib
2025-11-17 07:39:50,781 INFO models Loaded metadata from C:\Users\goku\Documents\NFL_ML_Predictions\backend\models\metadata.json
2025-11-17 07:39:50,782 INFO root Model coherence validation passed
2025-11-17 07:39:50,782 INFO root Model loading completed: {'status': 'success', 'loaded': ['home_pipe', 'away_pipe', 'win_pipe', 'metadata', 'feature_columns']}
2025-11-17 07:39:50,783 INFO history No prediction_history.json found; starting with empty history.
2025-11-17 07:39:50,783 INFO api Application initialized: {'dataset': 'loaded', 'models': {'status': 'success', 'loaded': ['home_pipe', 'away_pipe', 'win_pipe', 'metadata', 'feature_columns']}, 'history': 'loaded 0 entries'}
2025-11-17 07:39:54,678 INFO api 🛑 Application shutdown complete
2025-11-17 07:39:57,509 INFO api Configuring CORS; restrict=False, allowed_origins=['http://localhost:3000', 'https://localhost:3000', 'https://nfl-ml-predictions.vercel.app', 'https://nfl-predict-frontend.vercel.app'], allow_origin_regex=https://.*/.vercel/.app$
2025-11-17 07:39:57,521 INFO api 🚀 Starting NFL Prediction API
2025-11-17 07:39:57,597 INFO root Dataset loaded successfully: 2748 rows, 186 columns
2025-11-17 07:39:57,646 INFO root ✓ Loaded home_pipe from home_model.joblib
2025-11-17 07:39:57,689 INFO root ✓ Loaded away_pipe from away_model.joblib
2025-11-17 07:39:57,695 INFO root ✓ Loaded win_pipe from win_clf_calibrated.joblib
2025-11-17 07:39:57,695 INFO models Loaded metadata from C:\Users\goku\Documents\NFL_ML_Predictions\backend\models\metadata.json
2025-11-17 07:39:57,696 INFO root Model coherence validation passed
2025-11-17 07:39:57,696 INFO root Model loading completed: {'status': 'success', 'loaded': ['home_pipe', 'away_pipe', 'win_pipe', 'metadata', 'feature_columns']}
2025-11-17 07:39:57,697 INFO history No prediction_history.json found; starting with empty history.
2025-11-17 07:39:57,697 INFO api Application initialized: {'dataset': 'loaded', 'models': {'status': 'success', 'loaded': ['home_pipe', 'away_pipe', 'win_pipe', 'metadata', 'feature_columns']}, 'history': 'loaded 0 entries'}
2025-11-17 07:40:49,731 INFO api 🛑 Application shutdown complete
2025-11-17 07:40:52,777 INFO api Configuring CORS; restrict=False, allowed_origins=['http://localhost:3000', 'https://localhost:3000', 'https://nfl-ml-predictions.vercel.app', 'https://nfl-predict-frontend.vercel.app'], allow_origin_regex=https://.*/.vercel/.app$
2025-11-17 07:40:52,789 INFO api 🚀 Starting NFL Prediction API
2025-11-17 07:40:52,870 INFO root Dataset loaded successfully: 2748 rows, 186 columns
2025-11-17 07:40:52,924 INFO root ✓ Loaded home_pipe from home_model.joblib
2025-11-17 07:40:52,973 INFO root ✓ Loaded away_pipe from away_model.joblib
2025-11-17 07:40:52,979 INFO root ✓ Loaded win_pipe from win_clf_calibrated.joblib
2025-11-17 07:40:52,980 INFO models Loaded metadata from C:\Users\goku\Documents\NFL_ML_Predictions\backend\models\metadata.json
2025-11-17 07:40:52,980 INFO root Model coherence validation passed
2025-11-17 07:40:52,981 INFO root Model loading completed: {'status': 'success', 'loaded': ['home_pipe', 'away_pipe', 'win_pipe', 'metadata', 'feature_columns']}
2025-11-17 07:40:52,981 INFO history No prediction_history.json found; starting with empty history.
2025-11-17 07:40:52,981 INFO api Application initialized: {'dataset': 'loaded', 'models': {'status': 'success', 'loaded': ['home_pipe', 'away_pipe', 'win_pipe', 'metadata', 'feature_columns']}, 'history': 'loaded 0 entries'}
2025-11-17 07:49:00,959 INFO api 🛑 Application shutdown complete
2025-11-17 07:49:04,192 INFO api Configuring CORS; restrict=False, allowed_origins=['http://localhost:3000', 'https://localhost:3000', 'https://nfl-ml-predictions.vercel.app', 'https://nfl-predict-frontend.vercel.app'], allow_origin_regex=https://.*/.vercel/.app$
2025-11-17 07:49:04,203 INFO api 🚀 Starting NFL Prediction API
2025-11-17 07:49:04,281 INFO root Dataset loaded successfully: 2748 rows, 186 columns
2025-11-17 07:49:04,331 INFO root ✓ Loaded home_pipe from home_model.joblib
2025-11-17 07:49:04,378 INFO root ✓ Loaded away_pipe from away_model.joblib
2025-11-17 07:49:04,383 INFO root ✓ Loaded win_pipe from win_clf_calibrated.joblib
2025-11-17 07:49:04,384 INFO models Loaded metadata from C:\Users\goku\Documents\NFL_ML_Predictions\backend\models\metadata.json
2025-11-17 07:49:04,384 INFO root Model coherence validation passed
2025-11-17 07:49:04,385 INFO root Model loading completed: {'status': 'success', 'loaded': ['home_pipe', 'away_pipe', 'win_pipe', 'metadata', 'feature_columns']}
2025-11-17 07:49:04,385 INFO history No prediction_history.json found; starting with empty history.
2025-11-17 07:49:04,385 INFO api Application initialized: {'dataset': 'loaded', 'models': {'status': 'success', 'loaded': ['home_pipe', 'away_pipe', 'win_pipe', 'metadata', 'feature_columns']}, 'history': 'loaded 0 entries'}
2025-11-17 07:49:04,386 INFO api 🛑 Application shutdown complete
2025-11-17 07:49:07,465 INFO api Configuring CORS; restrict=False, allowed_origins=['http://localhost:3000', 'https://localhost:3000', 'https://nfl-ml-predictions.vercel.app', 'https://nfl-predict-frontend.vercel.app'], allow_origin_regex=https://.*/.vercel/.app$
2025-11-17 07:49:07,479 INFO api 🚀 Starting NFL Prediction API
2025-11-17 07:49:07,573 INFO root Dataset loaded successfully: 2748 rows, 186 columns
2025-11-17 07:49:07,624 INFO root ✓ Loaded home_pipe from home_model.joblib
2025-11-17 07:49:07,668 INFO root ✓ Loaded away_pipe from away_model.joblib
2025-11-17 07:49:07,675 INFO root ✓ Loaded win_pipe from win_clf_calibrated.joblib
2025-11-17 07:49:07,675 INFO models Loaded metadata from C:\Users\goku\Documents\NFL_ML_Predictions\backend\models\metadata.json
2025-11-17 07:49:07,676 INFO root Model coherence validation passed
2025-11-17 07:49:07,676 INFO root Model loading completed: {'status': 'success', 'loaded': ['home_pipe', 'away_pipe', 'win_pipe', 'metadata', 'feature_columns']}
2025-11-17 07:49:07,677 INFO history No prediction_history.json found; starting with empty history.
2025-11-17 07:49:07,677 INFO api Application initialized: {'dataset': 'loaded', 'models': {'status': 'success', 'loaded': ['home_pipe', 'away_pipe', 'win_pipe', 'metadata', 'feature_columns']}, 'history': 'loaded 0 entries'}
2025-11-17 07:49:07,678 INFO api 🛑 Application shutdown complete
2025-11-17 07:49:10,676 INFO api Configuring CORS; restrict=False, allowed_origins=['http://localhost:3000', 'https://localhost:3000', 'https://nfl-ml-predictions.vercel.app', 'https://nfl-predict-frontend.vercel.app'], allow_origin_regex=https://.*/.vercel/.app$
2025-11-17 07:49:10,687 INFO api 🚀 Starting NFL Prediction API
2025-11-17 07:49:10,770 INFO root Dataset loaded successfully: 2748 rows, 186 columns
2025-11-17 07:49:10,821 INFO root ✓ Loaded home_pipe from home_model.joblib
2025-11-17 07:49:10,873 INFO root ✓ Loaded away_pipe from away_model.joblib
2025-11-17 07:49:10,878 INFO root ✓ Loaded win_pipe from win_clf_calibrated.joblib
2025-11-17 07:49:10,879 INFO models Loaded metadata from C:\Users\goku\Documents\NFL_ML_Predictions\backend\models\metadata.json
2025-11-17 07:49:10,880 INFO root Model coherence validation passed
2025-11-17 07:49:10,880 INFO root Model loading completed: {'status': 'success', 'loaded': ['home_pipe', 'away_pipe', 'win_pipe', 'metadata', 'feature_columns']}
2025-11-17 07:49:10,880 INFO history No prediction_history.json found; starting with empty history.
2025-11-17 07:49:10,881 INFO api Application initialized: {'dataset': 'loaded', 'models': {'status': 'success', 'loaded': ['home_pipe', 'away_pipe', 'win_pipe', 'metadata', 'feature_columns']}, 'history': 'loaded 0 entries'}
2025-11-17 07:49:10,881 INFO api 🛑 Application shutdown complete
2025-11-17 07:49:13,828 INFO api Configuring CORS; restrict=False, allowed_origins=['http://localhost:3000', 'https://localhost:3000', 'https://nfl-ml-predictions.vercel.app', 'https://nfl-predict-frontend.vercel.app'], allow_origin_regex=https://.*/.vercel/.app$
2025-11-17 07:49:13,838 INFO api 🚀 Starting NFL Prediction API
2025-11-17 07:49:13,914 INFO root Dataset loaded successfully: 2748 rows, 186 columns
2025-11-17 07:49:13,963 INFO root ✓ Loaded home_pipe from home_model.joblib
2025-11-17 07:49:14,006 INFO root ✓ Loaded away_pipe from away_model.joblib
2025-11-17 07:49:14,012 INFO root ✓ Loaded win_pipe from win_clf_calibrated.joblib
2025-11-17 07:49:14,012 INFO models Loaded metadata from C:\Users\goku\Documents\NFL_ML_Predictions\backend\models\metadata.json
2025-11-17 07:49:14,013 INFO root Model coherence validation passed
2025-11-17 07:49:14,013 INFO root Model loading completed: {'status': 'success', 'loaded': ['home_pipe', 'away_pipe', 'win_pipe', 'metadata', 'feature_columns']}
2025-11-17 07:49:14,013 INFO history No prediction_history.json found; starting with empty history.
2025-11-17 07:49:14,014 INFO api Application initialized: {'dataset': 'loaded', 'models': {'status': 'success', 'loaded': ['home_pipe', 'away_pipe', 'win_pipe', 'metadata', 'feature_columns']}, 'history': 'loaded 0 entries'}
2025-11-17 07:49:18,269 INFO api 🛑 Application shutdown complete
2025-11-17 07:49:21,263 INFO api Configuring CORS; restrict=False, allowed_origins=['http://localhost:3000', 'https://localhost:3000', 'https://nfl-ml-predictions.vercel.app', 'https://nfl-predict-frontend.vercel.app'], allow_origin_regex=https://.*/.vercel/.app$
2025-11-17 07:49:21,275 INFO api 🚀 Starting NFL Prediction API
2025-11-17 07:49:21,352 INFO root Dataset loaded successfully: 2748 rows, 186 columns
2025-11-17 07:49:21,402 INFO root ✓ Loaded home_pipe from home_model.joblib
2025-11-17 07:49:21,456 INFO root ✓ Loaded away_pipe from away_model.joblib
2025-11-17 07:49:21,462 INFO root ✓ Loaded win_pipe from win_clf_calibrated.joblib
2025-11-17 07:49:21,463 INFO models Loaded metadata from C:\Users\goku\Documents\NFL_ML_Predictions\backend\models\metadata.json
2025-11-17 07:49:21,464 INFO root Model coherence validation passed
2025-11-17 07:49:21,464 INFO root Model loading completed: {'status': 'success', 'loaded': ['home_pipe', 'away_pipe', 'win_pipe', 'metadata', 'feature_columns']}
2025-11-17 07:49:21,464 INFO history No prediction_history.json found; starting with empty history.
2025-11-17 07:49:21,464 INFO api Application initialized: {'dataset': 'loaded', 'models': {'status': 'success', 'loaded': ['home_pipe', 'away_pipe', 'win_pipe', 'metadata', 'feature_columns']}, 'history': 'loaded 0 entries'}
2025-11-17 07:49:25,707 INFO api 🛑 Application shutdown complete
2025-11-17 07:49:28,721 INFO api Configuring CORS; restrict=False, allowed_origins=['http://localhost:3000', 'https://localhost:3000', 'https://nfl-ml-predictions.vercel.app', 'https://nfl-predict-frontend.vercel.app'], allow_origin_regex=https://.*/.vercel/.app$
2025-11-17 07:49:28,732 INFO api 🚀 Starting NFL Prediction API
2025-11-17 07:49:28,809 INFO root Dataset loaded successfully: 2748 rows, 186 columns
2025-11-17 07:49:28,857 INFO root ✓ Loaded home_pipe from home_model.joblib
2025-11-17 07:49:28,901 INFO root ✓ Loaded away_pipe from away_model.joblib
2025-11-17 07:49:28,907 INFO root ✓ Loaded win_pipe from win_clf_calibrated.joblib
2025-11-17 07:49:28,908 INFO models Loaded metadata from C:\Users\goku\Documents\NFL_ML_Predictions\backend\models\metadata.json
2025-11-17 07:49:28,908 INFO root Model coherence validation passed
2025-11-17 07:49:28,908 INFO root Model loading completed: {'status': 'success', 'loaded': ['home_pipe', 'away_pipe', 'win_pipe', 'metadata', 'feature_columns']}
2025-11-17 07:49:28,909 INFO history No prediction_history.json found; starting with empty history.
2025-11-17 07:49:28,909 INFO api Application initialized: {'dataset': 'loaded', 'models': {'status': 'success', 'loaded': ['home_pipe', 'away_pipe', 'win_pipe', 'metadata', 'feature_columns']}, 'history': 'loaded 0 entries'}
2025-11-17 07:49:31,207 INFO api 🛑 Application shutdown complete
2025-11-17 07:49:34,274 INFO api Configuring CORS; restrict=False, allowed_origins=['http://localhost:3000', 'https://localhost:3000', 'https://nfl-ml-predictions.vercel.app', 'https://nfl-predict-frontend.vercel.app'], allow_origin_regex=https://.*/.vercel/.app$
2025-11-17 07:49:34,286 INFO api 🚀 Starting NFL Prediction API
2025-11-17 07:49:34,367 INFO root Dataset loaded successfully: 2748 rows, 186 columns
2025-11-17 07:49:34,416 INFO root ✓ Loaded home_pipe from home_model.joblib
2025-11-17 07:49:34,470 INFO root ✓ Loaded away_pipe from away_model.joblib
2025-11-17 07:49:34,475 INFO root ✓ Loaded win_pipe from win_clf_calibrated.joblib
2025-11-17 07:49:34,476 INFO models Loaded metadata from C:\Users\goku\Documents\NFL_ML_Predictions\backend\models\metadata.json
2025-11-17 07:49:34,477 INFO root Model coherence validation passed
2025-11-17 07:49:34,477 INFO root Model loading completed: {'status': 'success', 'loaded': ['home_pipe', 'away_pipe', 'win_pipe', 'metadata', 'feature_columns']}
2025-11-17 07:49:34,477 INFO history No prediction_history.json found; starting with empty history.
2025-11-17 07:49:34,478 INFO api Application initialized: {'dataset': 'loaded', 'models': {'status': 'success', 'loaded': ['home_pipe', 'away_pipe', 'win_pipe', 'metadata', 'feature_columns']}, 'history': 'loaded 0 entries'}
2025-11-17 07:49:34,799 INFO api 🛑 Application shutdown complete
2025-11-17 07:49:37,804 INFO api Configuring CORS; restrict=False, allowed_origins=['http://localhost:3000', 'https://localhost:3000', 'https://nfl-ml-predictions.vercel.app', 'https://nfl-predict-frontend.vercel.app'], allow_origin_regex=https://.*/.vercel/.app$
2025-11-17 07:49:37,815 INFO api 🚀 Starting NFL Prediction API
2025-11-17 07:49:37,893 INFO root Dataset loaded successfully: 2748 rows, 186 columns
2025-11-17 07:49:37,942 INFO root ✓ Loaded home_pipe from home_model.joblib
2025-11-17 07:49:37,992 INFO root ✓ Loaded away_pipe from away_model.joblib
2025-11-17 07:49:37,999 INFO root ✓ Loaded win_pipe from win_clf_calibrated.joblib
2025-11-17 07:49:38,000 INFO models Loaded metadata from C:\Users\goku\Documents\NFL_ML_Predictions\backend\models\metadata.json
2025-11-17 07:49:38,001 INFO root Model coherence validation passed
2025-11-17 07:49:38,001 INFO root Model loading completed: {'status': 'success', 'loaded': ['home_pipe', 'away_pipe', 'win_pipe', 'metadata', 'feature_columns']}
2025-11-17 07:49:38,002 INFO history No prediction_history.json found; starting with empty history.
2025-11-17 07:49:38,002 INFO api Application initialized: {'dataset': 'loaded', 'models': {'status': 'success', 'loaded': ['home_pipe', 'away_pipe', 'win_pipe', 'metadata', 'feature_columns']}, 'history': 'loaded 0 entries'}
2025-11-17 07:49:38,002 INFO api 🛑 Application shutdown complete
2025-11-17 07:49:40,987 INFO api Configuring CORS; restrict=False, allowed_origins=['http://localhost:3000', 'https://localhost:3000', 'https://nfl-ml-predictions.vercel.app', 'https://nfl-predict-frontend.vercel.app'], allow_origin_regex=https://.*/.vercel/.app$
2025-11-17 07:49:40,998 INFO api 🚀 Starting NFL Prediction API
2025-11-17 07:49:41,077 INFO root Dataset loaded successfully: 2748 rows, 186 columns
2025-11-17 07:49:41,130 INFO root ✓ Loaded home_pipe from home_model.joblib
2025-11-17 07:49:41,175 INFO root ✓ Loaded away_pipe from away_model.joblib
2025-11-17 07:49:41,181 INFO root ✓ Loaded win_pipe from win_clf_calibrated.joblib
2025-11-17 07:49:41,182 INFO models Loaded metadata from C:\Users\goku\Documents\NFL_ML_Predictions\backend\models\metadata.json
2025-11-17 07:49:41,182 INFO root Model coherence validation passed
2025-11-17 07:49:41,182 INFO root Model loading completed: {'status': 'success', 'loaded': ['home_pipe', 'away_pipe', 'win_pipe', 'metadata', 'feature_columns']}
2025-11-17 07:49:41,183 INFO history No prediction_history.json found; starting with empty history.
2025-11-17 07:49:41,183 INFO api Application initialized: {'dataset': 'loaded', 'models': {'status': 'success', 'loaded': ['home_pipe', 'away_pipe', 'win_pipe', 'metadata', 'feature_columns']}, 'history': 'loaded 0 entries'}
2025-11-17 07:49:41,184 INFO api 🛑 Application shutdown complete
2025-11-17 07:49:44,210 INFO api Configuring CORS; restrict=False, allowed_origins=['http://localhost:3000', 'https://localhost:3000', 'https://nfl-ml-predictions.vercel.app', 'https://nfl-predict-frontend.vercel.app'], allow_origin_regex=https://.*/.vercel/.app$
2025-11-17 07:49:44,222 INFO api 🚀 Starting NFL Prediction API
2025-11-17 07:49:44,300 INFO root Dataset loaded successfully: 2748 rows, 186 columns
2025-11-17 07:49:44,349 INFO root ✓ Loaded home_pipe from home_model.joblib
2025-11-17 07:49:44,394 INFO root ✓ Loaded away_pipe from away_model.joblib
2025-11-17 07:49:44,400 INFO root ✓ Loaded win_pipe from win_clf_calibrated.joblib
2025-11-17 07:49:44,401 INFO models Loaded metadata from C:\Users\goku\Documents\NFL_ML_Predictions\backend\models\metadata.json
2025-11-17 07:49:44,401 INFO root Model coherence validation passed
2025-11-17 07:49:44,401 INFO root Model loading completed: {'status': 'success', 'loaded': ['home_pipe', 'away_pipe', 'win_pipe', 'metadata', 'feature_columns']}
2025-11-17 07:49:44,402 INFO history No prediction_history.json found; starting with empty history.
2025-11-17 07:49:44,402 INFO api Application initialized: {'dataset': 'loaded', 'models': {'status': 'success', 'loaded': ['home_pipe', 'away_pipe', 'win_pipe', 'metadata', 'feature_columns']}, 'history': 'loaded 0 entries'}
2025-11-17 07:49:44,403 INFO api 🛑 Application shutdown complete
2025-11-17 07:49:47,315 INFO api Configuring CORS; restrict=False, allowed_origins=['http://localhost:3000', 'https://localhost:3000', 'https://nfl-ml-predictions.vercel.app', 'https://nfl-predict-frontend.vercel.app'], allow_origin_regex=https://.*/.vercel/.app$
2025-11-17 07:49:47,326 INFO api 🚀 Starting NFL Prediction API
2025-11-17 07:49:47,406 INFO root Dataset loaded successfully: 2748 rows, 186 columns
2025-11-17 07:49:47,455 INFO root ✓ Loaded home_pipe from home_model.joblib
2025-11-17 07:49:47,498 INFO root ✓ Loaded away_pipe from away_model.joblib
2025-11-17 07:49:47,504 INFO root ✓ Loaded win_pipe from win_clf_calibrated.joblib
2025-11-17 07:49:47,505 INFO models Loaded metadata from C:\Users\goku\Documents\NFL_ML_Predictions\backend\models\metadata.json
2025-11-17 07:49:47,505 INFO root Model coherence validation passed
2025-11-17 07:49:47,505 INFO root Model loading completed: {'status': 'success', 'loaded': ['home_pipe', 'away_pipe', 'win_pipe', 'metadata', 'feature_columns']}
2025-11-17 07:49:47,506 INFO history No prediction_history.json found; starting with empty history.
2025-11-17 07:49:47,506 INFO api Application initialized: {'dataset': 'loaded', 'models': {'status': 'success', 'loaded': ['home_pipe', 'away_pipe', 'win_pipe', 'metadata', 'feature_columns']}, 'history': 'loaded 0 entries'}
2025-11-17 07:49:49,928 INFO api 🛑 Application shutdown complete
2025-11-17 07:49:52,837 INFO api Configuring CORS; restrict=False, allowed_origins=['http://localhost:3000', 'https://localhost:3000', 'https://nfl-ml-predictions.vercel.app', 'https://nfl-predict-frontend.vercel.app'], allow_origin_regex=https://.*/.vercel/.app$
2025-11-17 07:49:52,848 INFO api 🚀 Starting NFL Prediction API
2025-11-17 07:49:52,925 INFO root Dataset loaded successfully: 2748 rows, 186 columns
2025-11-17 07:49:52,975 INFO root ✓ Loaded home_pipe from home_model.joblib
2025-11-17 07:49:53,020 INFO root ✓ Loaded away_pipe from away_model.joblib
2025-11-17 07:49:53,026 INFO root ✓ Loaded win_pipe from win_clf_calibrated.joblib
2025-11-17 07:49:53,027 INFO models Loaded metadata from C:\Users\goku\Documents\NFL_ML_Predictions\backend\models\metadata.json
2025-11-17 07:49:53,027 INFO root Model coherence validation passed
2025-11-17 07:49:53,028 INFO root Model loading completed: {'status': 'success', 'loaded': ['home_pipe', 'away_pipe', 'win_pipe', 'metadata', 'feature_columns']}
2025-11-17 07:49:53,028 INFO history No prediction_history.json found; starting with empty history.
2025-11-17 07:49:53,028 INFO api Application initialized: {'dataset': 'loaded', 'models': {'status': 'success', 'loaded': ['home_pipe', 'away_pipe', 'win_pipe', 'metadata', 'feature_columns']}, 'history': 'loaded 0 entries'}
2025-11-17 07:50:24,679 INFO api 🛑 Application shutdown complete
2025-11-17 07:50:27,635 INFO api Configuring CORS; restrict=False, allowed_origins=['http://localhost:3000', 'https://localhost:3000', 'https://nfl-ml-predictions.vercel.app', 'https://nfl-predict-frontend.vercel.app'], allow_origin_regex=https://.*/.vercel/.app$
2025-11-17 07:50:27,647 INFO api 🚀 Starting NFL Prediction API
2025-11-17 07:50:27,727 INFO root Dataset loaded successfully: 2748 rows, 186 columns
2025-11-17 07:50:27,778 INFO root ✓ Loaded home_pipe from home_model.joblib
2025-11-17 07:50:27,832 INFO root ✓ Loaded away_pipe from away_model.joblib
2025-11-17 07:50:27,838 INFO root ✓ Loaded win_pipe from win_clf_calibrated.joblib
2025-11-17 07:50:27,839 INFO models Loaded metadata from C:\Users\goku\Documents\NFL_ML_Predictions\backend\models\metadata.json
2025-11-17 07:50:27,839 INFO root Model coherence validation passed
2025-11-17 07:50:27,839 INFO root Model loading completed: {'status': 'success', 'loaded': ['home_pipe', 'away_pipe', 'win_pipe', 'metadata', 'feature_columns']}
2025-11-17 07:50:27,840 INFO history No prediction_history.json found; starting with empty history.
2025-11-17 07:50:27,840 INFO api Application initialized: {'dataset': 'loaded', 'models': {'status': 'success', 'loaded': ['home_pipe', 'away_pipe', 'win_pipe', 'metadata', 'feature_columns']}, 'history': 'loaded 0 entries'}
2025-11-17 07:52:31,647 INFO api 🛑 Application shutdown complete
2025-11-17 07:52:34,670 INFO api Configuring CORS; restrict=False, allowed_origins=['http://localhost:3000', 'https://localhost:3000', 'https://nfl-ml-predictions.vercel.app', 'https://nfl-predict-frontend.vercel.app'], allow_origin_regex=https://.*/.vercel/.app$
2025-11-17 07:52:34,681 INFO api 🚀 Starting NFL Prediction API
2025-11-17 07:52:34,760 INFO root Dataset loaded successfully: 2748 rows, 186 columns
2025-11-17 07:52:34,812 INFO root ✓ Loaded home_pipe from home_model.joblib
2025-11-17 07:52:34,856 INFO root ✓ Loaded away_pipe from away_model.joblib
2025-11-17 07:52:34,862 INFO root ✓ Loaded win_pipe from win_clf_calibrated.joblib
2025-11-17 07:52:34,863 INFO models Loaded metadata from C:\Users\goku\Documents\NFL_ML_Predictions\backend\models\metadata.json
2025-11-17 07:52:34,863 INFO root Model coherence validation passed
2025-11-17 07:52:34,863 INFO root Model loading completed: {'status': 'success', 'loaded': ['home_pipe', 'away_pipe', 'win_pipe', 'metadata', 'feature_columns']}
2025-11-17 07:52:34,864 INFO history No prediction_history.json found; starting with empty history.
2025-11-17 07:52:34,864 INFO api Application initialized: {'dataset': 'loaded', 'models': {'status': 'success', 'loaded': ['home_pipe', 'away_pipe', 'win_pipe', 'metadata', 'feature_columns']}, 'history': 'loaded 0 entries'}
2025-11-17 07:52:35,286 INFO api 🛑 Application shutdown complete
2025-11-17 07:52:38,212 INFO api Configuring CORS; restrict=False, allowed_origins=['http://localhost:3000', 'https://localhost:3000', 'https://nfl-ml-predictions.vercel.app', 'https://nfl-predict-frontend.vercel.app'], allow_origin_regex=https://.*/.vercel/.app$
2025-11-17 07:52:38,223 INFO api 🚀 Starting NFL Prediction API
2025-11-17 07:52:38,300 INFO root Dataset loaded successfully: 2748 rows, 186 columns
2025-11-17 07:52:38,350 INFO root ✓ Loaded home_pipe from home_model.joblib
2025-11-17 07:52:38,395 INFO root ✓ Loaded away_pipe from away_model.joblib
2025-11-17 07:52:38,400 INFO root ✓ Loaded win_pipe from win_clf_calibrated.joblib
2025-11-17 07:52:38,401 INFO models Loaded metadata from C:\Users\goku\Documents\NFL_ML_Predictions\backend\models\metadata.json
2025-11-17 07:52:38,402 INFO root Model coherence validation passed
2025-11-17 07:52:38,402 INFO root Model loading completed: {'status': 'success', 'loaded': ['home_pipe', 'away_pipe', 'win_pipe', 'metadata', 'feature_columns']}
2025-11-17 07:52:38,403 INFO history No prediction_history.json found; starting with empty history.
2025-11-17 07:52:38,403 INFO api Application initialized: {'dataset': 'loaded', 'models': {'status': 'success', 'loaded': ['home_pipe', 'away_pipe', 'win_pipe', 'metadata', 'feature_columns']}, 'history': 'loaded 0 entries'}
2025-11-17 07:52:38,924 INFO api 🛑 Application shutdown complete
2025-11-17 07:52:42,034 INFO api Configuring CORS; restrict=False, allowed_origins=['http://localhost:3000', 'https://localhost:3000', 'https://nfl-ml-predictions.vercel.app', 'https://nfl-predict-frontend.vercel.app'], allow_origin_regex=https://.*/.vercel/.app$
2025-11-17 07:52:42,048 INFO api 🚀 Starting NFL Prediction API
2025-11-17 07:52:42,131 INFO root Dataset loaded successfully: 2748 rows, 186 columns
2025-11-17 07:52:42,183 INFO root ✓ Loaded home_pipe from home_model.joblib
2025-11-17 07:52:42,228 INFO root ✓ Loaded away_pipe from away_model.joblib
2025-11-17 07:52:42,234 INFO root ✓ Loaded win_pipe from win_clf_calibrated.joblib
2025-11-17 07:52:42,235 INFO models Loaded metadata from C:\Users\goku\Documents\NFL_ML_Predictions\backend\models\metadata.json
2025-11-17 07:52:42,235 INFO root Model coherence validation passed
2025-11-17 07:52:42,236 INFO root Model loading completed: {'status': 'success', 'loaded': ['home_pipe', 'away_pipe', 'win_pipe', 'metadata', 'feature_columns']}
2025-11-17 07:52:42,236 INFO history No prediction_history.json found; starting with empty history.
2025-11-17 07:52:42,236 INFO api Application initialized: {'dataset': 'loaded', 'models': {'status': 'success', 'loaded': ['home_pipe', 'away_pipe', 'win_pipe', 'metadata', 'feature_columns']}, 'history': 'loaded 0 entries'}
2025-11-17 07:52:42,237 INFO api 🛑 Application shutdown complete
2025-11-17 07:52:45,538 INFO api Configuring CORS; restrict=False, allowed_origins=['http://localhost:3000', 'https://localhost:3000', 'https://nfl-ml-predictions.vercel.app', 'https://nfl-predict-frontend.vercel.app'], allow_origin_regex=https://.*/.vercel/.app$
2025-11-17 07:52:45,550 INFO api 🚀 Starting NFL Prediction API
2025-11-17 07:52:45,643 INFO root Dataset loaded successfully: 2748 rows, 186 columns
2025-11-17 07:52:45,699 INFO root ✓ Loaded home_pipe from home_model.joblib
2025-11-17 07:52:45,762 INFO root ✓ Loaded away_pipe from away_model.joblib
2025-11-17 07:52:45,769 INFO root ✓ Loaded win_pipe from win_clf_calibrated.joblib
2025-11-17 07:52:45,770 INFO models Loaded metadata from C:\Users\goku\Documents\NFL_ML_Predictions\backend\models\metadata.json
2025-11-17 07:52:45,770 INFO root Model coherence validation passed
2025-11-17 07:52:45,771 INFO root Model loading completed: {'status': 'success', 'loaded': ['home_pipe', 'away_pipe', 'win_pipe', 'metadata', 'feature_columns']}
2025-11-17 07:52:45,771 INFO history No prediction_history.json found; starting with empty history.
2025-11-17 07:52:45,772 INFO api Application initialized: {'dataset': 'loaded', 'models': {'status': 'success', 'loaded': ['home_pipe', 'away_pipe', 'win_pipe', 'metadata', 'feature_columns']}, 'history': 'loaded 0 entries'}
2025-11-17 07:52:45,773 INFO api 🛑 Application shutdown complete
2025-11-17 07:52:48,985 INFO api Configuring CORS; restrict=False, allowed_origins=['http://localhost:3000', 'https://localhost:3000', 'https://nfl-ml-predictions.vercel.app', 'https://nfl-predict-frontend.vercel.app'], allow_origin_regex=https://.*/.vercel/.app$
2025-11-17 07:52:48,996 INFO api 🚀 Starting NFL Prediction API
2025-11-17 07:52:49,075 INFO root Dataset loaded successfully: 2748 rows, 186 columns
2025-11-17 07:52:49,125 INFO root ✓ Loaded home_pipe from home_model.joblib
2025-11-17 07:52:49,170 INFO root ✓ Loaded away_pipe from away_model.joblib
2025-11-17 07:52:49,175 INFO root ✓ Loaded win_pipe from win_clf_calibrated.joblib
2025-11-17 07:52:49,176 INFO models Loaded metadata from C:\Users\goku\Documents\NFL_ML_Predictions\backend\models\metadata.json
2025-11-17 07:52:49,177 INFO root Model coherence validation passed
2025-11-17 07:52:49,177 INFO root Model loading completed: {'status': 'success', 'loaded': ['home_pipe', 'away_pipe', 'win_pipe', 'metadata', 'feature_columns']}
2025-11-17 07:52:49,177 INFO history No prediction_history.json found; starting with empty history.
2025-11-17 07:52:49,178 INFO api Application initialized: {'dataset': 'loaded', 'models': {'status': 'success', 'loaded': ['home_pipe', 'away_pipe', 'win_pipe', 'metadata', 'feature_columns']}, 'history': 'loaded 0 entries'}
2025-11-17 07:57:42,300 INFO api 🛑 Application shutdown complete
2025-11-17 07:57:45,262 INFO api Configuring CORS; restrict=False, allowed_origins=['http://localhost:3000', 'https://localhost:3000', 'https://nfl-ml-predictions.vercel.app', 'https://nfl-predict-frontend.vercel.app'], allow_origin_regex=https://.*/.vercel/.app$
2025-11-17 07:57:45,273 INFO api 🚀 Starting NFL Prediction API
2025-11-17 07:57:45,350 INFO root Dataset loaded successfully: 2748 rows, 186 columns
2025-11-17 07:57:45,398 INFO root ✓ Loaded home_pipe from home_model.joblib
2025-11-17 07:57:45,442 INFO root ✓ Loaded away_pipe from away_model.joblib
2025-11-17 07:57:45,447 INFO root ✓ Loaded win_pipe from win_clf_calibrated.joblib
2025-11-17 07:57:45,448 INFO models Loaded metadata from C:\Users\goku\Documents\NFL_ML_Predictions\backend\models\metadata.json
2025-11-17 07:57:45,449 INFO root Model coherence validation passed
2025-11-17 07:57:45,449 INFO root Model loading completed: {'status': 'success', 'loaded': ['home_pipe', 'away_pipe', 'win_pipe', 'metadata', 'feature_columns']}
2025-11-17 07:57:45,449 INFO history No prediction_history.json found; starting with empty history.
2025-11-17 07:57:45,450 INFO api Application initialized: {'dataset': 'loaded', 'models': {'status': 'success', 'loaded': ['home_pipe', 'away_pipe', 'win_pipe', 'metadata', 'feature_columns']}, 'history': 'loaded 0 entries'}
2025-11-17 07:57:47,569 INFO api 🛑 Application shutdown complete
2025-11-17 07:57:50,893 INFO api Configuring CORS; restrict=False, allowed_origins=['http://localhost:3000', 'https://localhost:3000', 'https://nfl-ml-predictions.vercel.app', 'https://nfl-predict-frontend.vercel.app'], allow_origin_regex=https://.*/.vercel/.app$
2025-11-17 07:57:50,906 INFO api 🚀 Starting NFL Prediction API
2025-11-17 07:57:50,987 INFO root Dataset loaded successfully: 2748 rows, 186 columns
2025-11-17 07:57:51,042 INFO root ✓ Loaded home_pipe from home_model.joblib
2025-11-17 07:57:51,103 INFO root ✓ Loaded away_pipe from away_model.joblib
2025-11-17 07:57:51,109 INFO root ✓ Loaded win_pipe from win_clf_calibrated.joblib
2025-11-17 07:57:51,111 INFO models Loaded metadata from C:\Users\goku\Documents\NFL_ML_Predictions\backend\models\metadata.json
2025-11-17 07:57:51,111 INFO root Model coherence validation passed
2025-11-17 07:57:51,112 INFO root Model loading completed: {'status': 'success', 'loaded': ['home_pipe', 'away_pipe', 'win_pipe', 'metadata', 'feature_columns']}
2025-11-17 07:57:51,112 INFO history No prediction_history.json found; starting with empty history.
2025-11-17 07:57:51,112 INFO api Application initialized: {'dataset': 'loaded', 'models': {'status': 'success', 'loaded': ['home_pipe', 'away_pipe', 'win_pipe', 'metadata', 'feature_columns']}, 'history': 'loaded 0 entries'}
2025-11-17 07:57:51,113 INFO api 🛑 Application shutdown complete
2025-11-17 07:57:54,266 INFO api Configuring CORS; restrict=False, allowed_origins=['http://localhost:3000', 'https://localhost:3000', 'https://nfl-ml-predictions.vercel.app', 'https://nfl-predict-frontend.vercel.app'], allow_origin_regex=https://.*/.vercel/.app$
2025-11-17 07:57:54,277 INFO api 🚀 Starting NFL Prediction API
2025-11-17 07:57:54,358 INFO root Dataset loaded successfully: 2748 rows, 186 columns
2025-11-17 07:57:54,409 INFO root ✓ Loaded home_pipe from home_model.joblib
2025-11-17 07:57:54,454 INFO root ✓ Loaded away_pipe from away_model.joblib
2025-11-17 07:57:54,460 INFO root ✓ Loaded win_pipe from win_clf_calibrated.joblib
2025-11-17 07:57:54,461 INFO models Loaded metadata from C:\Users\goku\Documents\NFL_ML_Predictions\backend\models\metadata.json
2025-11-17 07:57:54,461 INFO root Model coherence validation passed
2025-11-17 07:57:54,462 INFO root Model loading completed: {'status': 'success', 'loaded': ['home_pipe', 'away_pipe', 'win_pipe', 'metadata', 'feature_columns']}
2025-11-17 07:57:54,462 INFO history No prediction_history.json found; starting with empty history.
2025-11-17 07:57:54,462 INFO api Application initialized: {'dataset': 'loaded', 'models': {'status': 'success', 'loaded': ['home_pipe', 'away_pipe', 'win_pipe', 'metadata', 'feature_columns']}, 'history': 'loaded 0 entries'}
2025-11-17 07:57:54,463 INFO api 🛑 Application shutdown complete
2025-11-17 07:57:57,469 INFO api Configuring CORS; restrict=False, allowed_origins=['http://localhost:3000', 'https://localhost:3000', 'https://nfl-ml-predictions.vercel.app', 'https://nfl-predict-frontend.vercel.app'], allow_origin_regex=https://.*/.vercel/.app$
2025-11-17 07:57:57,480 INFO api 🚀 Starting NFL Prediction API
2025-11-17 07:57:57,559 INFO root Dataset loaded successfully: 2748 rows, 186 columns
2025-11-17 07:57:57,608 INFO root ✓ Loaded home_pipe from home_model.joblib
2025-11-17 07:57:57,662 INFO root ✓ Loaded away_pipe from away_model.joblib
2025-11-17 07:57:57,667 INFO root ✓ Loaded win_pipe from win_clf_calibrated.joblib
2025-11-17 07:57:57,668 INFO models Loaded metadata from C:\Users\goku\Documents\NFL_ML_Predictions\backend\models\metadata.json
2025-11-17 07:57:57,669 INFO root Model coherence validation passed
2025-11-17 07:57:57,669 INFO root Model loading completed: {'status': 'success', 'loaded': ['home_pipe', 'away_pipe', 'win_pipe', 'metadata', 'feature_columns']}
2025-11-17 07:57:57,669 INFO history No prediction_history.json found; starting with empty history.
2025-11-17 07:57:57,670 INFO api Application initialized: {'dataset': 'loaded', 'models': {'status': 'success', 'loaded': ['home_pipe', 'away_pipe', 'win_pipe', 'metadata', 'feature_columns']}, 'history': 'loaded 0 entries'}
2025-11-17 07:57:57,670 INFO api 🛑 Application shutdown complete
2025-11-17 07:58:00,632 INFO api Configuring CORS; restrict=False, allowed_origins=['http://localhost:3000', 'https://localhost:3000', 'https://nfl-ml-predictions.vercel.app', 'https://nfl-predict-frontend.vercel.app'], allow_origin_regex=https://.*/.vercel/.app$
2025-11-17 07:58:00,643 INFO api 🚀 Starting NFL Prediction API
2025-11-17 07:58:00,720 INFO root Dataset loaded successfully: 2748 rows, 186 columns
2025-11-17 07:58:00,768 INFO root ✓ Loaded home_pipe from home_model.joblib
2025-11-17 07:58:00,813 INFO root ✓ Loaded away_pipe from away_model.joblib
2025-11-17 07:58:00,818 INFO root ✓ Loaded win_pipe from win_clf_calibrated.joblib
2025-11-17 07:58:00,819 INFO models Loaded metadata from C:\Users\goku\Documents\NFL_ML_Predictions\backend\models\metadata.json
2025-11-17 07:58:00,820 INFO root Model coherence validation passed
2025-11-17 07:58:00,820 INFO root Model loading completed: {'status': 'success', 'loaded': ['home_pipe', 'away_pipe', 'win_pipe', 'metadata', 'feature_columns']}
2025-11-17 07:58:00,820 INFO history No prediction_history.json found; starting with empty history.
2025-11-17 07:58:00,820 INFO api Application initialized: {'dataset': 'loaded', 'models': {'status': 'success', 'loaded': ['home_pipe', 'away_pipe', 'win_pipe', 'metadata', 'feature_columns']}, 'history': 'loaded 0 entries'}
2025-11-17 07:58:00,821 INFO api 🛑 Application shutdown complete
2025-11-17 07:58:03,666 INFO api Configuring CORS; restrict=False, allowed_origins=['http://localhost:3000', 'https://localhost:3000', 'https://nfl-ml-predictions.vercel.app', 'https://nfl-predict-frontend.vercel.app'], allow_origin_regex=https://.*/.vercel/.app$
2025-11-17 07:58:03,676 INFO api 🚀 Starting NFL Prediction API
2025-11-17 07:58:03,753 INFO root Dataset loaded successfully: 2748 rows, 186 columns
2025-11-17 07:58:03,803 INFO root ✓ Loaded home_pipe from home_model.joblib
2025-11-17 07:58:03,847 INFO root ✓ Loaded away_pipe from away_model.joblib
2025-11-17 07:58:03,852 INFO root ✓ Loaded win_pipe from win_clf_calibrated.joblib
2025-11-17 07:58:03,853 INFO models Loaded metadata from C:\Users\goku\Documents\NFL_ML_Predictions\backend\models\metadata.json
2025-11-17 07:58:03,853 INFO root Model coherence validation passed
2025-11-17 07:58:03,853 INFO root Model loading completed: {'status': 'success', 'loaded': ['home_pipe', 'away_pipe', 'win_pipe', 'metadata', 'feature_columns']}
2025-11-17 07:58:03,854 INFO history No prediction_history.json found; starting with empty history.
2025-11-17 07:58:03,854 INFO api Application initialized: {'dataset': 'loaded', 'models': {'status': 'success', 'loaded': ['home_pipe', 'away_pipe', 'win_pipe', 'metadata', 'feature_columns']}, 'history': 'loaded 0 entries'}
2025-11-17 07:58:08,631 INFO api 🛑 Application shutdown complete
2025-11-17 07:58:11,738 INFO api Configuring CORS; restrict=False, allowed_origins=['http://localhost:3000', 'https://localhost:3000', 'https://nfl-ml-predictions.vercel.app', 'https://nfl-predict-frontend.vercel.app'], allow_origin_regex=https://.*/.vercel/.app$
2025-11-17 07:58:11,749 INFO api 🚀 Starting NFL Prediction API
2025-11-17 07:58:11,827 INFO root Dataset loaded successfully: 2748 rows, 186 columns
2025-11-17 07:58:11,879 INFO root ✓ Loaded home_pipe from home_model.joblib
2025-11-17 07:58:11,931 INFO root ✓ Loaded away_pipe from away_model.joblib
2025-11-17 07:58:11,939 INFO root ✓ Loaded win_pipe from win_clf_calibrated.joblib
2025-11-17 07:58:11,940 INFO models Loaded metadata from C:\Users\goku\Documents\NFL_ML_Predictions\backend\models\metadata.json
2025-11-17 07:58:11,940 INFO root Model coherence validation passed
2025-11-17 07:58:11,941 INFO root Model loading completed: {'status': 'success', 'loaded': ['home_pipe', 'away_pipe', 'win_pipe', 'metadata', 'feature_columns']}
2025-11-17 07:58:11,941 INFO history No prediction_history.json found; starting with empty history.
2025-11-17 07:58:11,942 INFO api Application initialized: {'dataset': 'loaded', 'models': {'status': 'success', 'loaded': ['home_pipe', 'away_pipe', 'win_pipe', 'metadata', 'feature_columns']}, 'history': 'loaded 0 entries'}
2025-11-17 07:58:16,173 INFO api 🛑 Application shutdown complete
2025-11-17 07:58:19,157 INFO api Configuring CORS; restrict=False, allowed_origins=['http://localhost:3000', 'https://localhost:3000', 'https://nfl-ml-predictions.vercel.app', 'https://nfl-predict-frontend.vercel.app'], allow_origin_regex=https://.*/.vercel/.app$
2025-11-17 07:58:19,168 INFO api 🚀 Starting NFL Prediction API
2025-11-17 07:58:19,244 INFO root Dataset loaded successfully: 2748 rows, 186 columns
2025-11-17 07:58:19,294 INFO root ✓ Loaded home_pipe from home_model.joblib
2025-11-17 07:58:19,340 INFO root ✓ Loaded away_pipe from away_model.joblib
2025-11-17 07:58:19,346 INFO root ✓ Loaded win_pipe from win_clf_calibrated.joblib
2025-11-17 07:58:19,346 INFO models Loaded metadata from C:\Users\goku\Documents\NFL_ML_Predictions\backend\models\metadata.json
2025-11-17 07:58:19,347 INFO root Model coherence validation passed
2025-11-17 07:58:19,347 INFO root Model loading completed: {'status': 'success', 'loaded': ['home_pipe', 'away_pipe', 'win_pipe', 'metadata', 'feature_columns']}
2025-11-17 07:58:19,347 INFO history No prediction_history.json found; starting with empty history.
2025-11-17 07:58:19,348 INFO api Application initialized: {'dataset': 'loaded', 'models': {'status': 'success', 'loaded': ['home_pipe', 'away_pipe', 'win_pipe', 'metadata', 'feature_columns']}, 'history': 'loaded 0 entries'}
2025-11-17 07:58:27,033 INFO api 🛑 Application shutdown complete
2025-11-17 07:58:29,968 INFO api Configuring CORS; restrict=False, allowed_origins=['http://localhost:3000', 'https://localhost:3000', 'https://nfl-ml-predictions.vercel.app', 'https://nfl-predict-frontend.vercel.app'], allow_origin_regex=https://.*/.vercel/.app$
2025-11-17 07:58:29,980 INFO api 🚀 Starting NFL Prediction API
2025-11-17 07:58:30,058 INFO root Dataset loaded successfully: 2748 rows, 186 columns
2025-11-17 07:58:30,107 INFO root ✓ Loaded home_pipe from home_model.joblib
2025-11-17 07:58:30,151 INFO root ✓ Loaded away_pipe from away_model.joblib
2025-11-17 07:58:30,157 INFO root ✓ Loaded win_pipe from win_clf_calibrated.joblib
2025-11-17 07:58:30,158 INFO models Loaded metadata from C:\Users\goku\Documents\NFL_ML_Predictions\backend\models\metadata.json
2025-11-17 07:58:30,158 INFO root Model coherence validation passed
2025-11-17 07:58:30,158 INFO root Model loading completed: {'status': 'success', 'loaded': ['home_pipe', 'away_pipe', 'win_pipe', 'metadata', 'feature_columns']}
2025-11-17 07:58:30,159 INFO history No prediction_history.json found; starting with empty history.
2025-11-17 07:58:30,159 INFO api Application initialized: {'dataset': 'loaded', 'models': {'status': 'success', 'loaded': ['home_pipe', 'away_pipe', 'win_pipe', 'metadata', 'feature_columns']}, 'history': 'loaded 0 entries'}
2025-11-17 07:58:33,667 INFO api 🛑 Application shutdown complete
2025-11-17 07:58:36,823 INFO api Configuring CORS; restrict=False, allowed_origins=['http://localhost:3000', 'https://localhost:3000', 'https://nfl-ml-predictions.vercel.app', 'https://nfl-predict-frontend.vercel.app'], allow_origin_regex=https://.*/.vercel/.app$
2025-11-17 07:58:36,835 INFO api 🚀 Starting NFL Prediction API
2025-11-17 07:58:36,930 INFO root Dataset loaded successfully: 2748 rows, 186 columns
2025-11-17 07:58:37,001 INFO root ✓ Loaded home_pipe from home_model.joblib
2025-11-17 07:58:37,082 INFO root ✓ Loaded away_pipe from away_model.joblib
2025-11-17 07:58:37,090 INFO root ✓ Loaded win_pipe from win_clf_calibrated.joblib
2025-11-17 07:58:37,091 INFO models Loaded metadata from C:\Users\goku\Documents\NFL_ML_Predictions\backend\models\metadata.json
2025-11-17 07:58:37,092 INFO root Model coherence validation passed
2025-11-17 07:58:37,092 INFO root Model loading completed: {'status': 'success', 'loaded': ['home_pipe', 'away_pipe', 'win_pipe', 'metadata', 'feature_columns']}
2025-11-17 07:58:37,093 INFO history No prediction_history.json found; starting with empty history.
2025-11-17 07:58:37,093 INFO api Application initialized: {'dataset': 'loaded', 'models': {'status': 'success', 'loaded': ['home_pipe', 'away_pipe', 'win_pipe', 'metadata', 'feature_columns']}, 'history': 'loaded 0 entries'}
2025-11-17 07:58:37,407 INFO api 🛑 Application shutdown complete
2025-11-17 07:58:40,401 INFO api Configuring CORS; restrict=False, allowed_origins=['http://localhost:3000', 'https://localhost:3000', 'https://nfl-ml-predictions.vercel.app', 'https://nfl-predict-frontend.vercel.app'], allow_origin_regex=https://.*/.vercel/.app$
2025-11-17 07:58:40,412 INFO api 🚀 Starting NFL Prediction API
2025-11-17 07:58:40,488 INFO root Dataset loaded successfully: 2748 rows, 186 columns
2025-11-17 07:58:40,537 INFO root ✓ Loaded home_pipe from home_model.joblib
2025-11-17 07:58:40,581 INFO root ✓ Loaded away_pipe from away_model.joblib
2025-11-17 07:58:40,587 INFO root ✓ Loaded win_pipe from win_clf_calibrated.joblib
2025-11-17 07:58:40,588 INFO models Loaded metadata from C:\Users\goku\Documents\NFL_ML_Predictions\backend\models\metadata.json
2025-11-17 07:58:40,588 INFO root Model coherence validation passed
2025-11-17 07:58:40,588 INFO root Model loading completed: {'status': 'success', 'loaded': ['home_pipe', 'away_pipe', 'win_pipe', 'metadata', 'feature_columns']}
2025-11-17 07:58:40,589 INFO history No prediction_history.json found; starting with empty history.
2025-11-17 07:58:40,589 INFO api Application initialized: {'dataset': 'loaded', 'models': {'status': 'success', 'loaded': ['home_pipe', 'away_pipe', 'win_pipe', 'metadata', 'feature_columns']}, 'history': 'loaded 0 entries'}
2025-11-17 07:58:59,004 INFO api 🛑 Application shutdown complete
2025-11-17 07:59:02,009 INFO api Configuring CORS; restrict=False, allowed_origins=['http://localhost:3000', 'https://localhost:3000', 'https://nfl-ml-predictions.vercel.app', 'https://nfl-predict-frontend.vercel.app'], allow_origin_regex=https://.*/.vercel/.app$
2025-11-17 07:59:02,021 INFO api 🚀 Starting NFL Prediction API
2025-11-17 07:59:02,099 INFO root Dataset loaded successfully: 2748 rows, 186 columns
2025-11-17 07:59:02,150 INFO root ✓ Loaded home_pipe from home_model.joblib
2025-11-17 07:59:02,204 INFO root ✓ Loaded away_pipe from away_model.joblib
2025-11-17 07:59:02,209 INFO root ✓ Loaded win_pipe from win_clf_calibrated.joblib
2025-11-17 07:59:02,210 INFO models Loaded metadata from C:\Users\goku\Documents\NFL_ML_Predictions\backend\models\metadata.json
2025-11-17 07:59:02,210 INFO root Model coherence validation passed
2025-11-17 07:59:02,211 INFO root Model loading completed: {'status': 'success', 'loaded': ['home_pipe', 'away_pipe', 'win_pipe', 'metadata', 'feature_columns']}
2025-11-17 07:59:02,211 INFO history No prediction_history.json found; starting with empty history.
2025-11-17 07:59:02,211 INFO api Application initialized: {'dataset': 'loaded', 'models': {'status': 'success', 'loaded': ['home_pipe', 'away_pipe', 'win_pipe', 'metadata', 'feature_columns']}, 'history': 'loaded 0 entries'}
2025-11-17 07:59:02,421 INFO api 🛑 Application shutdown complete
2025-11-17 07:59:05,376 INFO api Configuring CORS; restrict=False, allowed_origins=['http://localhost:3000', 'https://localhost:3000', 'https://nfl-ml-predictions.vercel.app', 'https://nfl-predict-frontend.vercel.app'], allow_origin_regex=https://.*/.vercel/.app$
2025-11-17 07:59:05,395 INFO api 🚀 Starting NFL Prediction API
2025-11-17 07:59:05,493 INFO root Dataset loaded successfully: 2748 rows, 186 columns
2025-11-17 07:59:05,544 INFO root ✓ Loaded home_pipe from home_model.joblib
2025-11-17 07:59:05,587 INFO root ✓ Loaded away_pipe from away_model.joblib
2025-11-17 07:59:05,593 INFO root ✓ Loaded win_pipe from win_clf_calibrated.joblib
2025-11-17 07:59:05,594 INFO models Loaded metadata from C:\Users\goku\Documents\NFL_ML_Predictions\backend\models\metadata.json
2025-11-17 07:59:05,594 INFO root Model coherence validation passed
2025-11-17 07:59:05,594 INFO root Model loading completed: {'status': 'success', 'loaded': ['home_pipe', 'away_pipe', 'win_pipe', 'metadata', 'feature_columns']}
2025-11-17 07:59:05,595 INFO history No prediction_history.json found; starting with empty history.
2025-11-17 07:59:05,595 INFO api Application initialized: {'dataset': 'loaded', 'models': {'status': 'success', 'loaded': ['home_pipe', 'away_pipe', 'win_pipe', 'metadata', 'feature_columns']}, 'history': 'loaded 0 entries'}
2025-11-17 07:59:08,970 INFO api 🛑 Application shutdown complete
2025-11-17 07:59:12,052 INFO api Configuring CORS; restrict=False, allowed_origins=['http://localhost:3000', 'https://localhost:3000', 'https://nfl-ml-predictions.vercel.app', 'https://nfl-predict-frontend.vercel.app'], allow_origin_regex=https://.*/.vercel/.app$
2025-11-17 07:59:12,065 INFO api 🚀 Starting NFL Prediction API
2025-11-17 07:59:12,146 INFO root Dataset loaded successfully: 2748 rows, 186 columns
2025-11-17 07:59:12,195 INFO root ✓ Loaded home_pipe from home_model.joblib
2025-11-17 07:59:12,243 INFO root ✓ Loaded away_pipe from away_model.joblib
2025-11-17 07:59:12,248 INFO root ✓ Loaded win_pipe from win_clf_calibrated.joblib
2025-11-17 07:59:12,249 INFO models Loaded metadata from C:\Users\goku\Documents\NFL_ML_Predictions\backend\models\metadata.json
2025-11-17 07:59:12,250 INFO root Model coherence validation passed
2025-11-17 07:59:12,250 INFO root Model loading completed: {'status': 'success', 'loaded': ['home_pipe', 'away_pipe', 'win_pipe', 'metadata', 'feature_columns']}
2025-11-17 07:59:12,250 INFO history No prediction_history.json found; starting with empty history.
2025-11-17 07:59:12,251 INFO api Application initialized: {'dataset': 'loaded', 'models': {'status': 'success', 'loaded': ['home_pipe', 'away_pipe', 'win_pipe', 'metadata', 'feature_columns']}, 'history': 'loaded 0 entries'}
2025-11-17 07:59:12,251 INFO api 🛑 Application shutdown complete
2025-11-17 07:59:15,344 INFO api Configuring CORS; restrict=False, allowed_origins=['http://localhost:3000', 'https://localhost:3000', 'https://nfl-ml-predictions.vercel.app', 'https://nfl-predict-frontend.vercel.app'], allow_origin_regex=https://.*/.vercel/.app$
2025-11-17 07:59:15,355 INFO api 🚀 Starting NFL Prediction API
2025-11-17 07:59:15,434 INFO root Dataset loaded successfully: 2748 rows, 186 columns
2025-11-17 07:59:15,483 INFO root ✓ Loaded home_pipe from home_model.joblib
2025-11-17 07:59:15,527 INFO root ✓ Loaded away_pipe from away_model.joblib
2025-11-17 07:59:15,533 INFO root ✓ Loaded win_pipe from win_clf_calibrated.joblib
2025-11-17 07:59:15,533 INFO models Loaded metadata from C:\Users\goku\Documents\NFL_ML_Predictions\backend\models\metadata.json
2025-11-17 07:59:15,534 INFO root Model coherence validation passed
2025-11-17 07:59:15,534 INFO root Model loading completed: {'status': 'success', 'loaded': ['home_pipe', 'away_pipe', 'win_pipe', 'metadata', 'feature_columns']}
2025-11-17 07:59:15,534 INFO history No prediction_history.json found; starting with empty history.
2025-11-17 07:59:15,535 INFO api Application initialized: {'dataset': 'loaded', 'models': {'status': 'success', 'loaded': ['home_pipe', 'away_pipe', 'win_pipe', 'metadata', 'feature_columns']}, 'history': 'loaded 0 entries'}
2025-11-17 07:59:15,535 INFO api 🛑 Application shutdown complete
2025-11-17 07:59:18,448 INFO api Configuring CORS; restrict=False, allowed_origins=['http://localhost:3000', 'https://localhost:3000', 'https://nfl-ml-predictions.vercel.app', 'https://nfl-predict-frontend.vercel.app'], allow_origin_regex=https://.*/.vercel/.app$
2025-11-17 07:59:18,459 INFO api 🚀 Starting NFL Prediction API
2025-11-17 07:59:18,536 INFO root Dataset loaded successfully: 2748 rows, 186 columns
2025-11-17 07:59:18,585 INFO root ✓ Loaded home_pipe from home_model.joblib
2025-11-17 07:59:18,631 INFO root ✓ Loaded away_pipe from away_model.joblib
2025-11-17 07:59:18,638 INFO root ✓ Loaded win_pipe from win_clf_calibrated.joblib
2025-11-17 07:59:18,639 INFO models Loaded metadata from C:\Users\goku\Documents\NFL_ML_Predictions\backend\models\metadata.json
2025-11-17 07:59:18,639 INFO root Model coherence validation passed
2025-11-17 07:59:18,639 INFO root Model loading completed: {'status': 'success', 'loaded': ['home_pipe', 'away_pipe', 'win_pipe', 'metadata', 'feature_columns']}
2025-11-17 07:59:18,640 INFO history No prediction_history.json found; starting with empty history.
2025-11-17 07:59:18,640 INFO api Application initialized: {'dataset': 'loaded', 'models': {'status': 'success', 'loaded': ['home_pipe', 'away_pipe', 'win_pipe', 'metadata', 'feature_columns']}, 'history': 'loaded 0 entries'}
2025-11-17 07:59:18,641 INFO api 🛑 Application shutdown complete
2025-11-17 07:59:22,098 INFO api Configuring CORS; restrict=False, allowed_origins=['http://localhost:3000', 'https://localhost:3000', 'https://nfl-ml-predictions.vercel.app', 'https://nfl-predict-frontend.vercel.app'], allow_origin_regex=https://.*/.vercel/.app$
2025-11-17 07:59:22,109 INFO api 🚀 Starting NFL Prediction API
2025-11-17 07:59:22,187 INFO root Dataset loaded successfully: 2748 rows, 186 columns
2025-11-17 07:59:22,236 INFO root ✓ Loaded home_pipe from home_model.joblib
2025-11-17 07:59:22,281 INFO root ✓ Loaded away_pipe from away_model.joblib
2025-11-17 07:59:22,286 INFO root ✓ Loaded win_pipe from win_clf_calibrated.joblib
2025-11-17 07:59:22,287 INFO models Loaded metadata from C:\Users\goku\Documents\NFL_ML_Predictions\backend\models\metadata.json
2025-11-17 07:59:22,288 INFO root Model coherence validation passed
2025-11-17 07:59:22,288 INFO root Model loading completed: {'status': 'success', 'loaded': ['home_pipe', 'away_pipe', 'win_pipe', 'metadata', 'feature_columns']}
2025-11-17 07:59:22,288 INFO history No prediction_history.json found; starting with empty history.
2025-11-17 07:59:22,288 INFO api Application initialized: {'dataset': 'loaded', 'models': {'status': 'success', 'loaded': ['home_pipe', 'away_pipe', 'win_pipe', 'metadata', 'feature_columns']}, 'history': 'loaded 0 entries'}
2025-11-17 07:59:22,289 INFO api 🛑 Application shutdown complete
2025-11-17 07:59:25,175 INFO api Configuring CORS; restrict=False, allowed_origins=['http://localhost:3000', 'https://localhost:3000', 'https://nfl-ml-predictions.vercel.app', 'https://nfl-predict-frontend.vercel.app'], allow_origin_regex=https://.*/.vercel/.app$
2025-11-17 07:59:25,186 INFO api 🚀 Starting NFL Prediction API
2025-11-17 07:59:25,262 INFO root Dataset loaded successfully: 2748 rows, 186 columns
2025-11-17 07:59:25,311 INFO root ✓ Loaded home_pipe from home_model.joblib
2025-11-17 07:59:25,356 INFO root ✓ Loaded away_pipe from away_model.joblib
2025-11-17 07:59:25,361 INFO root ✓ Loaded win_pipe from win_clf_calibrated.joblib
2025-11-17 07:59:25,362 INFO models Loaded metadata from C:\Users\goku\Documents\NFL_ML_Predictions\backend\models\metadata.json
2025-11-17 07:59:25,362 INFO root Model coherence validation passed
2025-11-17 07:59:25,363 INFO root Model loading completed: {'status': 'success', 'loaded': ['home_pipe', 'away_pipe', 'win_pipe', 'metadata', 'feature_columns']}
2025-11-17 07:59:25,363 INFO history No prediction_history.json found; starting with empty history.
2025-11-17 07:59:25,363 INFO api Application initialized: {'dataset': 'loaded', 'models': {'status': 'success', 'loaded': ['home_pipe', 'away_pipe', 'win_pipe', 'metadata', 'feature_columns']}, 'history': 'loaded 0 entries'}
2025-11-17 08:00:40,030 INFO api 🛑 Application shutdown complete
2025-11-17 08:00:43,113 INFO api Configuring CORS; restrict=False, allowed_origins=['http://localhost:3000', 'https://localhost:3000', 'https://nfl-ml-predictions.vercel.app', 'https://nfl-predict-frontend.vercel.app'], allow_origin_regex=https://.*/.vercel/.app$
2025-11-17 08:00:43,125 INFO api 🚀 Starting NFL Prediction API
2025-11-17 08:00:43,204 INFO root Dataset loaded successfully: 2748 rows, 186 columns
2025-11-17 08:00:43,254 INFO root ✓ Loaded home_pipe from home_model.joblib
2025-11-17 08:00:43,299 INFO root ✓ Loaded away_pipe from away_model.joblib
2025-11-17 08:00:43,305 INFO root ✓ Loaded win_pipe from win_clf_calibrated.joblib
2025-11-17 08:00:43,306 INFO models Loaded metadata from C:\Users\goku\Documents\NFL_ML_Predictions\backend\models\metadata.json
2025-11-17 08:00:43,306 INFO root Model coherence validation passed
2025-11-17 08:00:43,306 INFO root Model loading completed: {'status': 'success', 'loaded': ['home_pipe', 'away_pipe', 'win_pipe', 'metadata', 'feature_columns']}
2025-11-17 08:00:43,307 INFO history No prediction_history.json found; starting with empty history.
2025-11-17 08:00:43,307 INFO api Application initialized: {'dataset': 'loaded', 'models': {'status': 'success', 'loaded': ['home_pipe', 'away_pipe', 'win_pipe', 'metadata', 'feature_columns']}, 'history': 'loaded 0 entries'}
2025-11-17 08:04:33,732 INFO api 🛑 Application shutdown complete
2025-11-17 08:04:36,935 INFO api Configuring CORS; restrict=False, allowed_origins=['http://localhost:3000', 'https://localhost:3000', 'https://nfl-ml-predictions.vercel.app', 'https://nfl-predict-frontend.vercel.app'], allow_origin_regex=https://.*/.vercel/.app$
2025-11-17 08:04:36,946 INFO api 🚀 Starting NFL Prediction API
2025-11-17 08:04:37,025 INFO root Dataset loaded successfully: 2748 rows, 186 columns
2025-11-17 08:04:37,075 INFO root ✓ Loaded home_pipe from home_model.joblib
2025-11-17 08:04:37,120 INFO root ✓ Loaded away_pipe from away_model.joblib
2025-11-17 08:04:37,126 INFO root ✓ Loaded win_pipe from win_clf_calibrated.joblib
2025-11-17 08:04:37,126 INFO models Loaded metadata from C:\Users\goku\Documents\NFL_ML_Predictions\backend\models\metadata.json
2025-11-17 08:04:37,127 INFO root Model coherence validation passed
2025-11-17 08:04:37,127 INFO root Model loading completed: {'status': 'success', 'loaded': ['home_pipe', 'away_pipe', 'win_pipe', 'metadata', 'feature_columns']}
2025-11-17 08:04:37,127 INFO history No prediction_history.json found; starting with empty history.
2025-11-17 08:04:37,128 INFO api Application initialized: {'dataset': 'loaded', 'models': {'status': 'success', 'loaded': ['home_pipe', 'away_pipe', 'win_pipe', 'metadata', 'feature_columns']}, 'history': 'loaded 0 entries'}
2025-11-17 08:04:48,589 INFO api 🛑 Application shutdown complete
2025-11-17 08:04:51,577 INFO api Configuring CORS; restrict=False, allowed_origins=['http://localhost:3000', 'https://localhost:3000', 'https://nfl-ml-predictions.vercel.app', 'https://nfl-predict-frontend.vercel.app'], allow_origin_regex=https://.*/.vercel/.app$
2025-11-17 08:04:51,590 INFO api 🚀 Starting NFL Prediction API
2025-11-17 08:04:51,667 INFO root Dataset loaded successfully: 2748 rows, 186 columns
2025-11-17 08:04:51,718 INFO root ✓ Loaded home_pipe from home_model.joblib
2025-11-17 08:04:51,764 INFO root ✓ Loaded away_pipe from away_model.joblib
2025-11-17 08:04:51,770 INFO root ✓ Loaded win_pipe from win_clf_calibrated.joblib
2025-11-17 08:04:51,771 INFO models Loaded metadata from C:\Users\goku\Documents\NFL_ML_Predictions\backend\models\metadata.json
2025-11-17 08:04:51,771 INFO root Model coherence validation passed
2025-11-17 08:04:51,772 INFO root Model loading completed: {'status': 'success', 'loaded': ['home_pipe', 'away_pipe', 'win_pipe', 'metadata', 'feature_columns']}
2025-11-17 08:04:51,772 INFO history No prediction_history.json found; starting with empty history.
2025-11-17 08:04:51,772 INFO api Application initialized: {'dataset': 'loaded', 'models': {'status': 'success', 'loaded': ['home_pipe', 'away_pipe', 'win_pipe', 'metadata', 'feature_columns']}, 'history': 'loaded 0 entries'}
2025-11-17 08:04:58,037 INFO api 🛑 Application shutdown complete
2025-11-17 08:05:01,117 INFO api Configuring CORS; restrict=False, allowed_origins=['http://localhost:3000', 'https://localhost:3000', 'https://nfl-ml-predictions.vercel.app', 'https://nfl-predict-frontend.vercel.app'], allow_origin_regex=https://.*/.vercel/.app$
2025-11-17 08:05:01,128 INFO api 🚀 Starting NFL Prediction API
2025-11-17 08:05:01,213 INFO root Dataset loaded successfully: 2748 rows, 186 columns
2025-11-17 08:05:01,273 INFO root ✓ Loaded home_pipe from home_model.joblib
2025-11-17 08:05:01,331 INFO root ✓ Loaded away_pipe from away_model.joblib
2025-11-17 08:05:01,336 INFO root ✓ Loaded win_pipe from win_clf_calibrated.joblib
2025-11-17 08:05:01,337 INFO models Loaded metadata from C:\Users\goku\Documents\NFL_ML_Predictions\backend\models\metadata.json
2025-11-17 08:05:01,337 INFO root Model coherence validation passed
2025-11-17 08:05:01,337 INFO root Model loading completed: {'status': 'success', 'loaded': ['home_pipe', 'away_pipe', 'win_pipe', 'metadata', 'feature_columns']}
2025-11-17 08:05:01,338 INFO history No prediction_history.json found; starting with empty history.
2025-11-17 08:05:01,338 INFO api Application initialized: {'dataset': 'loaded', 'models': {'status': 'success', 'loaded': ['home_pipe', 'away_pipe', 'win_pipe', 'metadata', 'feature_columns']}, 'history': 'loaded 0 entries'}
2025-11-17 08:05:01,339 INFO api 🛑 Application shutdown complete
2025-11-17 08:05:04,222 INFO api Configuring CORS; restrict=False, allowed_origins=['http://localhost:3000', 'https://localhost:3000', 'https://nfl-ml-predictions.vercel.app', 'https://nfl-predict-frontend.vercel.app'], allow_origin_regex=https://.*/.vercel/.app$
2025-11-17 08:05:04,233 INFO api 🚀 Starting NFL Prediction API
2025-11-17 08:05:04,310 INFO root Dataset loaded successfully: 2748 rows, 186 columns
2025-11-17 08:05:04,365 INFO root ✓ Loaded home_pipe from home_model.joblib
2025-11-17 08:05:04,417 INFO root ✓ Loaded away_pipe from away_model.joblib
2025-11-17 08:05:04,426 INFO root ✓ Loaded win_pipe from win_clf_calibrated.joblib
2025-11-17 08:05:04,427 INFO models Loaded metadata from C:\Users\goku\Documents\NFL_ML_Predictions\backend\models\metadata.json
2025-11-17 08:05:04,427 INFO root Model coherence validation passed
2025-11-17 08:05:04,428 INFO root Model loading completed: {'status': 'success', 'loaded': ['home_pipe', 'away_pipe', 'win_pipe', 'metadata', 'feature_columns']}
2025-11-17 08:05:04,428 INFO history No prediction_history.json found; starting with empty history.
2025-11-17 08:05:04,428 INFO api Application initialized: {'dataset': 'loaded', 'models': {'status': 'success', 'loaded': ['home_pipe', 'away_pipe', 'win_pipe', 'metadata', 'feature_columns']}, 'history': 'loaded 0 entries'}
2025-11-17 08:05:27,409 INFO api 🛑 Application shutdown complete
2025-11-17 08:05:30,521 INFO api Configuring CORS; restrict=False, allowed_origins=['http://localhost:3000', 'https://localhost:3000', 'https://nfl-ml-predictions.vercel.app', 'https://nfl-predict-frontend.vercel.app'], allow_origin_regex=https://.*/.vercel/.app$
2025-11-17 08:05:30,533 INFO api 🚀 Starting NFL Prediction API
2025-11-17 08:05:30,611 INFO root Dataset loaded successfully: 2748 rows, 186 columns
2025-11-17 08:05:30,661 INFO root ✓ Loaded home_pipe from home_model.joblib
2025-11-17 08:05:30,707 INFO root ✓ Loaded away_pipe from away_model.joblib
2025-11-17 08:05:30,712 INFO root ✓ Loaded win_pipe from win_clf_calibrated.joblib
2025-11-17 08:05:30,713 INFO models Loaded metadata from C:\Users\goku\Documents\NFL_ML_Predictions\backend\models\metadata.json
2025-11-17 08:05:30,713 INFO root Model coherence validation passed
2025-11-17 08:05:30,714 INFO root Model loading completed: {'status': 'success', 'loaded': ['home_pipe', 'away_pipe', 'win_pipe', 'metadata', 'feature_columns']}
2025-11-17 08:05:30,714 INFO history No prediction_history.json found; starting with empty history.
2025-11-17 08:05:30,714 INFO api Application initialized: {'dataset': 'loaded', 'models': {'status': 'success', 'loaded': ['home_pipe', 'away_pipe', 'win_pipe', 'metadata', 'feature_columns']}, 'history': 'loaded 0 entries'}
2025-11-17 08:05:30,715 INFO api 🛑 Application shutdown complete
2025-11-17 08:05:33,667 INFO api Configuring CORS; restrict=False, allowed_origins=['http://localhost:3000', 'https://localhost:3000', 'https://nfl-ml-predictions.vercel.app', 'https://nfl-predict-frontend.vercel.app'], allow_origin_regex=https://.*/.vercel/.app$
2025-11-17 08:05:33,678 INFO api 🚀 Starting NFL Prediction API
2025-11-17 08:05:33,757 INFO root Dataset loaded successfully: 2748 rows, 186 columns
2025-11-17 08:05:33,816 INFO root ✓ Loaded home_pipe from home_model.joblib
2025-11-17 08:05:33,864 INFO root ✓ Loaded away_pipe from away_model.joblib
2025-11-17 08:05:33,870 INFO root ✓ Loaded win_pipe from win_clf_calibrated.joblib
2025-11-17 08:05:33,871 INFO models Loaded metadata from C:\Users\goku\Documents\NFL_ML_Predictions\backend\models\metadata.json
2025-11-17 08:05:33,871 INFO root Model coherence validation passed
2025-11-17 08:05:33,871 INFO root Model loading completed: {'status': 'success', 'loaded': ['home_pipe', 'away_pipe', 'win_pipe', 'metadata', 'feature_columns']}
2025-11-17 08:05:33,872 INFO history No prediction_history.json found; starting with empty history.
2025-11-17 08:05:33,872 INFO api Application initialized: {'dataset': 'loaded', 'models': {'status': 'success', 'loaded': ['home_pipe', 'away_pipe', 'win_pipe', 'metadata', 'feature_columns']}, 'history': 'loaded 0 entries'}
2025-11-17 08:05:33,873 INFO api 🛑 Application shutdown complete
2025-11-17 08:05:36,849 INFO api Configuring CORS; restrict=False, allowed_origins=['http://localhost:3000', 'https://localhost:3000', 'https://nfl-ml-predictions.vercel.app', 'https://nfl-predict-frontend.vercel.app'], allow_origin_regex=https://.*/.vercel/.app$
2025-11-17 08:05:36,862 INFO api 🚀 Starting NFL Prediction API
2025-11-17 08:05:36,953 INFO root Dataset loaded successfully: 2748 rows, 186 columns
2025-11-17 08:05:37,007 INFO root ✓ Loaded home_pipe from home_model.joblib
2025-11-17 08:05:37,053 INFO root ✓ Loaded away_pipe from away_model.joblib
2025-11-17 08:05:37,059 INFO root ✓ Loaded win_pipe from win_clf_calibrated.joblib
2025-11-17 08:05:37,059 INFO models Loaded metadata from C:\Users\goku\Documents\NFL_ML_Predictions\backend\models\metadata.json
2025-11-17 08:05:37,060 INFO root Model coherence validation passed
2025-11-17 08:05:37,060 INFO root Model loading completed: {'status': 'success', 'loaded': ['home_pipe', 'away_pipe', 'win_pipe', 'metadata', 'feature_columns']}
2025-11-17 08:05:37,061 INFO history No prediction_history.json found; starting with empty history.
2025-11-17 08:05:37,061 INFO api Application initialized: {'dataset': 'loaded', 'models': {'status': 'success', 'loaded': ['home_pipe', 'away_pipe', 'win_pipe', 'metadata', 'feature_columns']}, 'history': 'loaded 0 entries'}
2025-11-17 08:05:40,381 INFO api 🛑 Application shutdown complete
2025-11-17 08:05:43,526 INFO api Configuring CORS; restrict=False, allowed_origins=['http://localhost:3000', 'https://localhost:3000', 'https://nfl-ml-predictions.vercel.app', 'https://nfl-predict-frontend.vercel.app'], allow_origin_regex=https://.*/.vercel/.app$
2025-11-17 08:05:43,538 INFO api 🚀 Starting NFL Prediction API
2025-11-17 08:05:43,626 INFO root Dataset loaded successfully: 2748 rows, 186 columns
2025-11-17 08:05:43,694 INFO root ✓ Loaded home_pipe from home_model.joblib
2025-11-17 08:05:43,739 INFO root ✓ Loaded away_pipe from away_model.joblib
2025-11-17 08:05:43,745 INFO root ✓ Loaded win_pipe from win_clf_calibrated.joblib
2025-11-17 08:05:43,746 INFO models Loaded metadata from C:\Users\goku\Documents\NFL_ML_Predictions\backend\models\metadata.json
2025-11-17 08:05:43,746 INFO root Model coherence validation passed
2025-11-17 08:05:43,746 INFO root Model loading completed: {'status': 'success', 'loaded': ['home_pipe', 'away_pipe', 'win_pipe', 'metadata', 'feature_columns']}
2025-11-17 08:05:43,747 INFO history No prediction_history.json found; starting with empty history.
2025-11-17 08:05:43,747 INFO api Application initialized: {'dataset': 'loaded', 'models': {'status': 'success', 'loaded': ['home_pipe', 'away_pipe', 'win_pipe', 'metadata', 'feature_columns']}, 'history': 'loaded 0 entries'}
2025-11-17 09:06:37,521 INFO api 🛑 Application shutdown complete
2025-11-17 09:06:41,213 INFO api Configuring CORS; restrict=False, allowed_origins=['http://localhost:3000', 'https://localhost:3000', 'https://nfl-ml-predictions.vercel.app', 'https://nfl-predict-frontend.vercel.app'], allow_origin_regex=https://.*/.vercel/.app$
2025-11-17 09:06:41,225 INFO api 🚀 Starting NFL Prediction API
2025-11-17 09:06:41,305 INFO root Dataset loaded successfully: 2748 rows, 186 columns
2025-11-17 09:06:41,350 INFO root ✓ Loaded home_pipe from home_pipe.joblib
2025-11-17 09:06:41,386 INFO root ✓ Loaded away_pipe from away_pipe.joblib
2025-11-17 09:06:41,399 INFO root ✓ Loaded win_pipe from win_pipe.joblib
2025-11-17 09:06:41,400 INFO models Loaded metadata from C:\Users\goku\Documents\NFL_ML_Predictions\backend\models\metadata.json
2025-11-17 09:06:41,400 WARNING models raw_feature_columns missing or malformed in metadata
2025-11-17 09:06:41,401 ERROR root Model loading failed: Missing required model components
Traceback (most recent call last):
  File "C:\Users\goku\Documents\NFL_ML_Predictions\backend\main.py", line 544, in load_models
    self._validate_model_coherence()
    ~~~~~~~~~~~~~~~~~~~~~~~~~~~~~~^^
  File "C:\Users\goku\Documents\NFL_ML_Predictions\backend\main.py", line 667, in _validate_model_coherence
    raise ValueError("Missing required model components")
ValueError: Missing required model components
2025-11-17 09:06:41,403 INFO history No prediction_history.json found; starting with empty history.
2025-11-17 09:06:41,403 INFO api Application initialized: {'dataset': 'loaded', 'models': {'status': 'error', 'error': 'Missing required model components'}, 'history': 'loaded 0 entries'}
2025-11-17 09:11:31,463 INFO api 🛑 Application shutdown complete
2025-11-17 09:11:38,394 INFO api Configuring CORS; restrict=False, allowed_origins=['http://localhost:3000', 'https://localhost:3000', 'https://nfl-ml-predictions.vercel.app', 'https://nfl-predict-frontend.vercel.app'], allow_origin_regex=https://.*/.vercel/.app$
2025-11-17 09:11:38,405 INFO api 🚀 Starting NFL Prediction API
2025-11-17 09:11:38,481 INFO root Dataset loaded successfully: 2748 rows, 186 columns
2025-11-17 09:11:38,510 INFO root ✓ Loaded home_pipe from home_pipe.joblib
2025-11-17 09:11:38,536 INFO root ✓ Loaded away_pipe from away_pipe.joblib
2025-11-17 09:11:38,539 INFO root ✓ Loaded win_pipe from win_pipe.joblib
2025-11-17 09:11:38,540 INFO models Loaded metadata from C:\Users\goku\Documents\NFL_ML_Predictions\backend\models\metadata.json
2025-11-17 09:11:38,540 WARNING models raw_feature_columns missing or malformed in metadata
2025-11-17 09:11:38,540 ERROR root Model loading failed: Missing required model components
Traceback (most recent call last):
  File "C:\Users\goku\Documents\NFL_ML_Predictions\backend\main.py", line 544, in load_models
    self._validate_model_coherence()
    ~~~~~~~~~~~~~~~~~~~~~~~~~~~~~~^^
  File "C:\Users\goku\Documents\NFL_ML_Predictions\backend\main.py", line 667, in _validate_model_coherence
    raise ValueError("Missing required model components")
ValueError: Missing required model components
2025-11-17 09:11:38,543 INFO history No prediction_history.json found; starting with empty history.
2025-11-17 09:11:38,543 INFO api Application initialized: {'dataset': 'loaded', 'models': {'status': 'error', 'error': 'Missing required model components'}, 'history': 'loaded 0 entries'}
2025-11-17 09:13:22,642 INFO api 🛑 Application shutdown complete
2025-11-17 09:13:27,771 INFO api Configuring CORS; restrict=False, allowed_origins=['http://localhost:3000', 'https://localhost:3000', 'https://nfl-ml-predictions.vercel.app', 'https://nfl-predict-frontend.vercel.app'], allow_origin_regex=https://.*/.vercel/.app$
2025-11-17 09:13:27,782 INFO api 🚀 Starting NFL Prediction API
2025-11-17 09:13:27,859 INFO root Dataset loaded successfully: 2748 rows, 186 columns
2025-11-17 09:13:27,891 INFO root ✓ Loaded home_pipe from home_pipe.joblib
2025-11-17 09:13:27,916 INFO root ✓ Loaded away_pipe from away_pipe.joblib
2025-11-17 09:13:27,919 INFO root ✓ Loaded win_pipe from win_pipe.joblib
2025-11-17 09:13:27,920 INFO models Loaded metadata from C:\Users\goku\Documents\NFL_ML_Predictions\backend\models\metadata.json
2025-11-17 09:13:27,920 WARNING models raw_feature_columns missing or malformed in metadata
2025-11-17 09:13:27,921 ERROR root Model loading failed: Missing required model components
Traceback (most recent call last):
  File "C:\Users\goku\Documents\NFL_ML_Predictions\backend\main.py", line 544, in load_models
    self._validate_model_coherence()
    ~~~~~~~~~~~~~~~~~~~~~~~~~~~~~~^^
  File "C:\Users\goku\Documents\NFL_ML_Predictions\backend\main.py", line 667, in _validate_model_coherence
    raise ValueError("Missing required model components")
ValueError: Missing required model components
2025-11-17 09:13:27,923 INFO history No prediction_history.json found; starting with empty history.
2025-11-17 09:13:27,923 INFO api Application initialized: {'dataset': 'loaded', 'models': {'status': 'error', 'error': 'Missing required model components'}, 'history': 'loaded 0 entries'}
2025-11-17 09:21:44,385 INFO api 🛑 Application shutdown complete
2025-11-17 09:21:49,552 INFO api Configuring CORS; restrict=False, allowed_origins=['http://localhost:3000', 'https://localhost:3000', 'https://nfl-ml-predictions.vercel.app', 'https://nfl-predict-frontend.vercel.app'], allow_origin_regex=https://.*/.vercel/.app$
2025-11-17 09:21:49,563 INFO api 🚀 Starting NFL Prediction API
2025-11-17 09:21:49,640 INFO root Dataset loaded successfully: 2748 rows, 186 columns
2025-11-17 09:21:49,700 INFO root ✓ Loaded home_pipe from home_model.joblib
2025-11-17 09:21:49,755 INFO root ✓ Loaded away_pipe from away_model.joblib
2025-11-17 09:21:49,771 INFO root ✓ Loaded win_pipe from win_clf_calibrated.joblib
2025-11-17 09:21:49,773 INFO models Loaded metadata from C:\Users\goku\Documents\NFL_ML_Predictions\backend\models\metadata.json
2025-11-17 09:21:49,773 INFO root Model coherence validation passed
2025-11-17 09:21:49,773 INFO root Model loading completed: {'status': 'success', 'loaded': ['home_pipe', 'away_pipe', 'win_pipe', 'metadata', 'feature_columns']}
2025-11-17 09:21:49,774 INFO history No prediction_history.json found; starting with empty history.
2025-11-17 09:21:49,774 INFO api Application initialized: {'dataset': 'loaded', 'models': {'status': 'success', 'loaded': ['home_pipe', 'away_pipe', 'win_pipe', 'metadata', 'feature_columns']}, 'history': 'loaded 0 entries'}
2025-11-17 09:51:21,093 INFO api 🛑 Application shutdown complete
2025-11-17 10:27:42,919 INFO api Configuring CORS; restrict=False, allowed_origins=['http://localhost:3000', 'https://localhost:3000', 'https://nfl-ml-predictions.vercel.app', 'https://nfl-predict-frontend.vercel.app'], allow_origin_regex=https://.*/.vercel/.app$
2025-11-17 10:27:42,929 INFO api 🚀 Starting NFL Prediction API
2025-11-17 10:27:43,007 INFO root Dataset loaded successfully: 2748 rows, 186 columns
2025-11-17 10:27:43,060 INFO root ✓ Loaded home_pipe from home_model.joblib
2025-11-17 10:27:43,150 INFO root ✓ Loaded away_pipe from away_model.joblib
2025-11-17 10:27:43,163 INFO root ✓ Loaded win_pipe from win_clf_calibrated.joblib
2025-11-17 10:27:43,165 INFO models Loaded metadata from C:\Users\goku\Documents\NFL_ML_Predictions\backend\models\metadata.json
2025-11-17 10:27:43,165 INFO root Model coherence validation passed
2025-11-17 10:27:43,166 INFO root Model loading completed: {'status': 'success', 'loaded': ['home_pipe', 'away_pipe', 'win_pipe', 'metadata', 'feature_columns']}
2025-11-17 10:27:43,166 INFO history No prediction_history.json found; starting with empty history.
2025-11-17 10:27:43,167 INFO api Application initialized: {'dataset': 'loaded', 'models': {'status': 'success', 'loaded': ['home_pipe', 'away_pipe', 'win_pipe', 'metadata', 'feature_columns']}, 'history': 'loaded 0 entries'}
2025-11-17 10:54:39,107 INFO api 🛑 Application shutdown complete
2025-11-17 10:55:38,613 INFO api Configuring CORS; restrict=False, allowed_origins=['http://localhost:3000', 'https://localhost:3000', 'https://nfl-ml-predictions.vercel.app', 'https://nfl-predict-frontend.vercel.app'], allow_origin_regex=https://.*/.vercel/.app$
2025-11-17 10:55:38,624 INFO api 🚀 Starting NFL Prediction API
2025-11-17 10:55:38,701 INFO root Dataset loaded successfully: 2748 rows, 186 columns
2025-11-17 10:55:38,756 INFO root ✓ Loaded home_pipe from home_model.joblib
2025-11-17 10:55:38,830 INFO root ✓ Loaded away_pipe from away_model.joblib
2025-11-17 10:55:38,835 INFO root ✓ Loaded win_pipe from win_clf_calibrated.joblib
2025-11-17 10:55:38,836 INFO models Loaded metadata from C:\Users\goku\Documents\NFL_ML_Predictions\backend\models\metadata.json
2025-11-17 10:55:38,836 INFO root Model coherence validation passed
2025-11-17 10:55:38,837 INFO root Model loading completed: {'status': 'success', 'loaded': ['home_pipe', 'away_pipe', 'win_pipe', 'metadata', 'feature_columns']}
2025-11-17 10:55:38,837 INFO history No prediction_history.json found; starting with empty history.
2025-11-17 10:55:38,837 INFO api Application initialized: {'dataset': 'loaded', 'models': {'status': 'success', 'loaded': ['home_pipe', 'away_pipe', 'win_pipe', 'metadata', 'feature_columns']}, 'history': 'loaded 0 entries'}
2025-11-17 10:55:50,981 INFO api 🛑 Application shutdown complete
2025-11-17 10:56:04,742 INFO api Configuring CORS; restrict=False, allowed_origins=['http://localhost:3000', 'https://localhost:3000', 'https://nfl-ml-predictions.vercel.app', 'https://nfl-predict-frontend.vercel.app'], allow_origin_regex=https://.*/.vercel/.app$
2025-11-17 10:56:04,756 INFO api Configuring CORS; restrict=False, allowed_origins=['http://localhost:3000', 'https://localhost:3000', 'https://nfl-ml-predictions.vercel.app', 'https://nfl-predict-frontend.vercel.app'], allow_origin_regex=https://.*/.vercel/.app$
2025-11-17 10:56:04,765 DEBUG asyncio Using proactor: IocpProactor
2025-11-17 10:56:04,769 INFO httpx HTTP Request: GET http://testserver/health "HTTP/1.1 200 OK"
2025-11-17 10:56:04,770 DEBUG asyncio Using proactor: IocpProactor
2025-11-17 10:56:04,773 INFO httpx HTTP Request: GET http://testserver/schedule/next-week "HTTP/1.1 503 Service Unavailable"
2025-11-17 10:56:04,774 DEBUG asyncio Using proactor: IocpProactor
2025-11-17 10:56:04,776 INFO httpx HTTP Request: GET http://testserver/history?limit=5 "HTTP/1.1 200 OK"
2025-11-17 10:56:20,151 INFO api Configuring CORS; restrict=False, allowed_origins=['http://localhost:3000', 'https://localhost:3000', 'https://nfl-ml-predictions.vercel.app', 'https://nfl-predict-frontend.vercel.app'], allow_origin_regex=https://.*/.vercel/.app$
2025-11-17 10:56:20,236 INFO root Dataset loaded successfully: 2748 rows, 186 columns
2025-11-17 10:56:46,201 INFO api Configuring CORS; restrict=False, allowed_origins=['http://localhost:3000', 'https://localhost:3000', 'https://nfl-ml-predictions.vercel.app', 'https://nfl-predict-frontend.vercel.app'], allow_origin_regex=https://.*/.vercel/.app$
2025-11-17 10:56:46,214 INFO api Configuring CORS; restrict=False, allowed_origins=['http://localhost:3000', 'https://localhost:3000', 'https://nfl-ml-predictions.vercel.app', 'https://nfl-predict-frontend.vercel.app'], allow_origin_regex=https://.*/.vercel/.app$
2025-11-17 10:56:46,223 DEBUG asyncio Using proactor: IocpProactor
2025-11-17 10:56:46,227 INFO httpx HTTP Request: GET http://testserver/health "HTTP/1.1 200 OK"
2025-11-17 10:56:46,227 DEBUG asyncio Using proactor: IocpProactor
2025-11-17 10:56:46,230 INFO httpx HTTP Request: GET http://testserver/schedule/next-week "HTTP/1.1 503 Service Unavailable"
2025-11-17 10:56:46,231 DEBUG asyncio Using proactor: IocpProactor
2025-11-17 10:56:46,233 INFO httpx HTTP Request: GET http://testserver/history "HTTP/1.1 200 OK"
2025-11-17 10:57:18,187 INFO api Configuring CORS; restrict=False, allowed_origins=['http://localhost:3000', 'https://localhost:3000', 'https://nfl-ml-predictions.vercel.app', 'https://nfl-predict-frontend.vercel.app'], allow_origin_regex=https://.*/.vercel/.app$
2025-11-17 10:57:18,387 INFO api Configuring CORS; restrict=False, allowed_origins=['http://localhost:3000', 'https://localhost:3000', 'https://nfl-ml-predictions.vercel.app', 'https://nfl-predict-frontend.vercel.app'], allow_origin_regex=https://.*/.vercel/.app$
2025-11-17 10:57:18,395 DEBUG asyncio Using proactor: IocpProactor
2025-11-17 10:57:18,399 INFO httpx HTTP Request: GET http://testserver/health "HTTP/1.1 200 OK"
2025-11-17 10:57:18,400 DEBUG asyncio Using proactor: IocpProactor
2025-11-17 10:57:18,402 INFO httpx HTTP Request: GET http://testserver/schedule/next-week "HTTP/1.1 503 Service Unavailable"
2025-11-17 10:59:14,140 INFO api Configuring CORS; restrict=False, allowed_origins=['http://localhost:3000', 'https://localhost:3000', 'https://nfl-ml-predictions.vercel.app', 'https://nfl-predict-frontend.vercel.app'], allow_origin_regex=https://.*/.vercel/.app$
2025-11-17 11:01:12,687 INFO api Configuring CORS; restrict=False, allowed_origins=['http://localhost:3000', 'https://localhost:3000', 'https://nfl-ml-predictions.vercel.app', 'https://nfl-predict-frontend.vercel.app'], allow_origin_regex=https://.*/.vercel/.app$
2025-11-17 11:01:12,888 INFO api Configuring CORS; restrict=False, allowed_origins=['http://localhost:3000', 'https://localhost:3000', 'https://nfl-ml-predictions.vercel.app', 'https://nfl-predict-frontend.vercel.app'], allow_origin_regex=https://.*/.vercel/.app$
2025-11-17 11:01:20,998 INFO api Configuring CORS; restrict=False, allowed_origins=['http://localhost:3000', 'https://localhost:3000', 'https://nfl-ml-predictions.vercel.app', 'https://nfl-predict-frontend.vercel.app'], allow_origin_regex=https://.*/.vercel/.app$
2025-11-17 11:01:21,011 INFO api Configuring CORS; restrict=False, allowed_origins=['http://localhost:3000', 'https://localhost:3000', 'https://nfl-ml-predictions.vercel.app', 'https://nfl-predict-frontend.vercel.app'], allow_origin_regex=https://.*/.vercel/.app$
2025-11-17 11:01:21,088 INFO root Dataset loaded successfully: 2748 rows, 186 columns
2025-11-17 11:01:21,186 INFO root ✓ Loaded home_pipe from home_model.joblib
2025-11-17 11:01:21,234 INFO root ✓ Loaded away_pipe from away_model.joblib
2025-11-17 11:01:21,240 INFO root ✓ Loaded win_pipe from win_clf_calibrated.joblib
2025-11-17 11:01:21,240 INFO models Loaded metadata from C:\Users\goku\Documents\NFL_ML_Predictions\backend\models\metadata.json
2025-11-17 11:01:21,240 INFO root Model coherence validation passed
2025-11-17 11:01:21,241 INFO root Model loading completed: {'status': 'success', 'loaded': ['home_pipe', 'away_pipe', 'win_pipe', 'metadata', 'feature_columns']}
2025-11-17 11:01:21,241 INFO history No prediction_history.json found; starting with empty history.
2025-11-17 11:02:09,489 INFO api Configuring CORS; restrict=False, allowed_origins=['http://localhost:3000', 'https://localhost:3000', 'https://nfl-ml-predictions.vercel.app', 'https://nfl-predict-frontend.vercel.app'], allow_origin_regex=https://.*/.vercel/.app$
2025-11-17 11:02:09,688 INFO api Configuring CORS; restrict=False, allowed_origins=['http://localhost:3000', 'https://localhost:3000', 'https://nfl-ml-predictions.vercel.app', 'https://nfl-predict-frontend.vercel.app'], allow_origin_regex=https://.*/.vercel/.app$
2025-11-17 11:02:09,696 DEBUG asyncio Using proactor: IocpProactor
2025-11-17 11:02:09,700 INFO httpx HTTP Request: GET http://testserver/health "HTTP/1.1 200 OK"
2025-11-17 11:02:09,701 DEBUG asyncio Using proactor: IocpProactor
2025-11-17 11:02:09,703 INFO httpx HTTP Request: GET http://testserver/schedule/next-week "HTTP/1.1 503 Service Unavailable"
2025-11-17 11:03:07,808 INFO api Configuring CORS; restrict=False, allowed_origins=['http://localhost:3000', 'https://localhost:3000', 'https://nfl-ml-predictions.vercel.app', 'https://nfl-predict-frontend.vercel.app'], allow_origin_regex=https://.*/.vercel/.app$
2025-11-17 11:03:08,007 INFO api Configuring CORS; restrict=False, allowed_origins=['http://localhost:3000', 'https://localhost:3000', 'https://nfl-ml-predictions.vercel.app', 'https://nfl-predict-frontend.vercel.app'], allow_origin_regex=https://.*/.vercel/.app$
2025-11-17 11:03:08,015 DEBUG asyncio Using proactor: IocpProactor
2025-11-17 11:03:08,017 INFO api 🚀 Starting NFL Prediction API
2025-11-17 11:03:08,091 INFO root Dataset loaded successfully: 2748 rows, 186 columns
2025-11-17 11:03:08,144 INFO root ✓ Loaded home_pipe from home_model.joblib
2025-11-17 11:03:08,192 INFO root ✓ Loaded away_pipe from away_model.joblib
2025-11-17 11:03:08,197 INFO root ✓ Loaded win_pipe from win_clf_calibrated.joblib
2025-11-17 11:03:08,198 INFO models Loaded metadata from C:\Users\goku\Documents\NFL_ML_Predictions\backend\models\metadata.json
2025-11-17 11:03:08,198 INFO root Model coherence validation passed
2025-11-17 11:03:08,198 INFO root Model loading completed: {'status': 'success', 'loaded': ['home_pipe', 'away_pipe', 'win_pipe', 'metadata', 'feature_columns']}
2025-11-17 11:03:08,198 INFO history No prediction_history.json found; starting with empty history.
2025-11-17 11:03:08,199 INFO api Application initialized: {'dataset': 'loaded', 'models': {'status': 'success', 'loaded': ['home_pipe', 'away_pipe', 'win_pipe', 'metadata', 'feature_columns']}, 'history': 'loaded 0 entries'}
2025-11-17 11:03:08,202 INFO httpx HTTP Request: GET http://testserver/health "HTTP/1.1 200 OK"
2025-11-17 11:03:08,204 INFO venv 2025-11-17 19:03:08.204470+00:00
2025-11-17 11:03:08,213 INFO api Schedule scope -> season=2025 week=12 via kickoff_date
2025-11-17 11:03:08,223 INFO httpx HTTP Request: GET http://testserver/schedule/next-week "HTTP/1.1 200 OK"
2025-11-17 11:03:08,224 INFO api 🛑 Application shutdown complete
2025-11-17 13:54:33,752 INFO api Configuring CORS; restrict=False, allowed_origins=['http://localhost:3000', 'https://localhost:3000', 'https://nfl-ml-predictions.vercel.app', 'https://nfl-predict-frontend.vercel.app'], allow_origin_regex=https://.*/.vercel/.app$
2025-11-17 13:54:33,764 INFO api 🚀 Starting NFL Prediction API
2025-11-17 13:54:33,863 INFO root Dataset loaded successfully: 2748 rows, 186 columns
2025-11-17 13:54:33,922 INFO root ✓ Loaded home_pipe from home_model.joblib
2025-11-17 13:54:33,978 INFO root ✓ Loaded away_pipe from away_model.joblib
2025-11-17 13:54:33,994 INFO root ✓ Loaded win_pipe from win_clf_calibrated.joblib
2025-11-17 13:54:34,006 INFO models Loaded metadata from C:\Users\goku\Documents\NFL_ML_Predictions\backend\models\metadata.json
2025-11-17 13:54:34,006 INFO root Model coherence validation passed
2025-11-17 13:54:34,006 INFO root Model loading completed: {'status': 'success', 'loaded': ['home_pipe', 'away_pipe', 'win_pipe', 'metadata', 'feature_columns']}
2025-11-17 13:54:34,007 INFO history No prediction_history.json found; starting with empty history.
2025-11-17 13:54:34,007 INFO api Application initialized: {'dataset': 'loaded', 'models': {'status': 'success', 'loaded': ['home_pipe', 'away_pipe', 'win_pipe', 'metadata', 'feature_columns']}, 'history': 'loaded 0 entries'}
2025-11-17 13:55:02,211 INFO venv 2025-11-17 21:55:02.211484+00:00
2025-11-17 13:55:02,235 INFO api Schedule scope -> season=2025 week=12 via kickoff_date
2025-11-17 13:56:29,157 INFO venv 2025-11-17 21:56:29.157151+00:00
2025-11-17 13:56:29,168 INFO api Schedule scope -> season=2025 week=12 via kickoff_date
2025-11-17 13:56:29,364 INFO venv 2025-11-17 21:56:29.364370+00:00
2025-11-17 13:56:29,374 INFO api Schedule scope -> season=2025 week=12 via kickoff_date
2025-11-17 13:58:58,274 INFO venv 2025-11-17 21:58:58.274480+00:00
2025-11-17 13:58:58,286 INFO api Schedule scope -> season=2025 week=12 via kickoff_date
2025-11-18 02:42:30,530 INFO api Configuring CORS; restrict=False, allowed_origins=['http://localhost:3000', 'https://localhost:3000', 'https://nfl-ml-predictions.vercel.app', 'https://nfl-predict-frontend.vercel.app'], allow_origin_regex=https://.*/.vercel/.app$
2025-11-18 02:42:30,541 INFO api 🚀 Starting NFL Prediction API
2025-11-18 02:42:30,631 INFO root Dataset loaded successfully: 2748 rows, 186 columns
2025-11-18 02:42:30,683 INFO root ✓ Loaded home_pipe from home_model.joblib
2025-11-18 02:42:30,731 INFO root ✓ Loaded away_pipe from away_model.joblib
2025-11-18 02:42:30,737 INFO root ✓ Loaded win_pipe from win_clf_calibrated.joblib
2025-11-18 02:42:30,738 INFO models Loaded metadata from C:\Users\goku\Documents\NFL_ML_Predictions\backend\models\metadata.json
2025-11-18 02:42:30,738 INFO root Model coherence validation passed
2025-11-18 02:42:30,738 INFO root Model loading completed: {'status': 'success', 'loaded': ['home_pipe', 'away_pipe', 'win_pipe', 'metadata', 'feature_columns']}
2025-11-18 02:42:30,739 INFO history No prediction_history.json found; starting with empty history.
2025-11-18 02:42:30,739 INFO api Application initialized: {'dataset': 'loaded', 'models': {'status': 'success', 'loaded': ['home_pipe', 'away_pipe', 'win_pipe', 'metadata', 'feature_columns']}, 'history': 'loaded 0 entries'}
2025-11-18 02:43:41,065 INFO venv 2025-11-18 10:43:41.065262+00:00
2025-11-18 02:43:41,083 INFO api Schedule scope -> season=2025 week=12 via kickoff_date
2025-11-18 02:44:33,338 INFO venv 2025-11-18 10:44:33.338295+00:00
2025-11-18 02:44:33,347 INFO api Schedule scope -> season=2025 week=12 via kickoff_date
2025-11-18 02:46:26,148 INFO api 🛑 Application shutdown complete
2025-11-18 02:46:29,817 INFO api Configuring CORS; restrict=False, allowed_origins=['http://localhost:3000', 'https://localhost:3000', 'https://nfl-ml-predictions.vercel.app', 'https://nfl-predict-frontend.vercel.app'], allow_origin_regex=https://.*/.vercel/.app$
2025-11-18 02:46:29,830 INFO api 🚀 Starting NFL Prediction API
2025-11-18 02:46:29,920 INFO root Dataset loaded successfully: 2748 rows, 186 columns
2025-11-18 02:46:29,973 INFO root ✓ Loaded home_pipe from home_model.joblib
2025-11-18 02:46:30,029 INFO root ✓ Loaded away_pipe from away_model.joblib
2025-11-18 02:46:30,034 INFO root ✓ Loaded win_pipe from win_clf_calibrated.joblib
2025-11-18 02:46:30,035 INFO models Loaded metadata from C:\Users\goku\Documents\NFL_ML_Predictions\backend\models\metadata.json
2025-11-18 02:46:30,035 INFO root Model coherence validation passed
2025-11-18 02:46:30,036 INFO root Model loading completed: {'status': 'success', 'loaded': ['home_pipe', 'away_pipe', 'win_pipe', 'metadata', 'feature_columns']}
2025-11-18 02:46:30,036 INFO history No prediction_history.json found; starting with empty history.
2025-11-18 02:46:30,037 INFO api Application initialized: {'dataset': 'loaded', 'models': {'status': 'success', 'loaded': ['home_pipe', 'away_pipe', 'win_pipe', 'metadata', 'feature_columns']}, 'history': 'loaded 0 entries'}
2025-11-18 02:46:30,038 INFO api 🛑 Application shutdown complete
2025-11-18 02:46:34,061 INFO api Configuring CORS; restrict=False, allowed_origins=['http://localhost:3000', 'https://localhost:3000', 'https://nfl-ml-predictions.vercel.app', 'https://nfl-predict-frontend.vercel.app'], allow_origin_regex=https://.*/.vercel/.app$
2025-11-18 02:46:34,073 INFO api 🚀 Starting NFL Prediction API
2025-11-18 02:46:34,159 INFO root Dataset loaded successfully: 2748 rows, 186 columns
2025-11-18 02:46:34,209 INFO root ✓ Loaded home_pipe from home_model.joblib
2025-11-18 02:46:34,260 INFO root ✓ Loaded away_pipe from away_model.joblib
2025-11-18 02:46:34,266 INFO root ✓ Loaded win_pipe from win_clf_calibrated.joblib
2025-11-18 02:46:34,267 INFO models Loaded metadata from C:\Users\goku\Documents\NFL_ML_Predictions\backend\models\metadata.json
2025-11-18 02:46:34,267 INFO root Model coherence validation passed
2025-11-18 02:46:34,268 INFO root Model loading completed: {'status': 'success', 'loaded': ['home_pipe', 'away_pipe', 'win_pipe', 'metadata', 'feature_columns']}
2025-11-18 02:46:34,269 INFO history No prediction_history.json found; starting with empty history.
2025-11-18 02:46:34,269 INFO api Application initialized: {'dataset': 'loaded', 'models': {'status': 'success', 'loaded': ['home_pipe', 'away_pipe', 'win_pipe', 'metadata', 'feature_columns']}, 'history': 'loaded 0 entries'}
2025-11-18 02:46:34,270 INFO api 🛑 Application shutdown complete
2025-11-18 02:46:37,838 INFO api Configuring CORS; restrict=False, allowed_origins=['http://localhost:3000', 'https://localhost:3000', 'https://nfl-ml-predictions.vercel.app', 'https://nfl-predict-frontend.vercel.app'], allow_origin_regex=https://.*/.vercel/.app$
2025-11-18 02:46:37,849 INFO api 🚀 Starting NFL Prediction API
2025-11-18 02:46:37,931 INFO root Dataset loaded successfully: 2748 rows, 186 columns
2025-11-18 02:46:37,978 INFO root ✓ Loaded home_pipe from home_model.joblib
2025-11-18 02:46:38,023 INFO root ✓ Loaded away_pipe from away_model.joblib
2025-11-18 02:46:38,029 INFO root ✓ Loaded win_pipe from win_clf_calibrated.joblib
2025-11-18 02:46:38,030 INFO models Loaded metadata from C:\Users\goku\Documents\NFL_ML_Predictions\backend\models\metadata.json
2025-11-18 02:46:38,030 INFO root Model coherence validation passed
2025-11-18 02:46:38,030 INFO root Model loading completed: {'status': 'success', 'loaded': ['home_pipe', 'away_pipe', 'win_pipe', 'metadata', 'feature_columns']}
2025-11-18 02:46:38,031 INFO history No prediction_history.json found; starting with empty history.
2025-11-18 02:46:38,031 INFO api Application initialized: {'dataset': 'loaded', 'models': {'status': 'success', 'loaded': ['home_pipe', 'away_pipe', 'win_pipe', 'metadata', 'feature_columns']}, 'history': 'loaded 0 entries'}
2025-11-18 02:46:45,901 INFO api 🛑 Application shutdown complete
2025-11-18 02:46:49,180 INFO api Configuring CORS; restrict=False, allowed_origins=['http://localhost:3000', 'https://localhost:3000', 'https://nfl-ml-predictions.vercel.app', 'https://nfl-predict-frontend.vercel.app'], allow_origin_regex=https://.*/.vercel/.app$
2025-11-18 02:46:49,192 INFO api 🚀 Starting NFL Prediction API
2025-11-18 02:46:49,276 INFO root Dataset loaded successfully: 2748 rows, 186 columns
2025-11-18 02:46:49,335 INFO root ✓ Loaded home_pipe from home_model.joblib
2025-11-18 02:46:49,383 INFO root ✓ Loaded away_pipe from away_model.joblib
2025-11-18 02:46:49,388 INFO root ✓ Loaded win_pipe from win_clf_calibrated.joblib
2025-11-18 02:46:49,389 INFO models Loaded metadata from C:\Users\goku\Documents\NFL_ML_Predictions\backend\models\metadata.json
2025-11-18 02:46:49,390 INFO root Model coherence validation passed
2025-11-18 02:46:49,390 INFO root Model loading completed: {'status': 'success', 'loaded': ['home_pipe', 'away_pipe', 'win_pipe', 'metadata', 'feature_columns']}
2025-11-18 02:46:49,391 INFO history No prediction_history.json found; starting with empty history.
2025-11-18 02:46:49,391 INFO api Application initialized: {'dataset': 'loaded', 'models': {'status': 'success', 'loaded': ['home_pipe', 'away_pipe', 'win_pipe', 'metadata', 'feature_columns']}, 'history': 'loaded 0 entries'}
2025-11-18 02:46:49,391 INFO api 🛑 Application shutdown complete
2025-11-18 02:46:52,586 INFO api Configuring CORS; restrict=False, allowed_origins=['http://localhost:3000', 'https://localhost:3000', 'https://nfl-ml-predictions.vercel.app', 'https://nfl-predict-frontend.vercel.app'], allow_origin_regex=https://.*/.vercel/.app$
2025-11-18 02:46:52,599 INFO api 🚀 Starting NFL Prediction API
2025-11-18 02:46:52,685 INFO root Dataset loaded successfully: 2748 rows, 186 columns
2025-11-18 02:46:52,752 INFO root ✓ Loaded home_pipe from home_model.joblib
2025-11-18 02:46:52,798 INFO root ✓ Loaded away_pipe from away_model.joblib
2025-11-18 02:46:52,804 INFO root ✓ Loaded win_pipe from win_clf_calibrated.joblib
2025-11-18 02:46:52,805 INFO models Loaded metadata from C:\Users\goku\Documents\NFL_ML_Predictions\backend\models\metadata.json
2025-11-18 02:46:52,805 INFO root Model coherence validation passed
2025-11-18 02:46:52,806 INFO root Model loading completed: {'status': 'success', 'loaded': ['home_pipe', 'away_pipe', 'win_pipe', 'metadata', 'feature_columns']}
2025-11-18 02:46:52,806 INFO history No prediction_history.json found; starting with empty history.
2025-11-18 02:46:52,806 INFO api Application initialized: {'dataset': 'loaded', 'models': {'status': 'success', 'loaded': ['home_pipe', 'away_pipe', 'win_pipe', 'metadata', 'feature_columns']}, 'history': 'loaded 0 entries'}
2025-11-18 02:47:05,321 INFO api 🛑 Application shutdown complete
2025-11-18 02:47:08,537 INFO api Configuring CORS; restrict=False, allowed_origins=['http://localhost:3000', 'https://localhost:3000', 'https://nfl-ml-predictions.vercel.app', 'https://nfl-predict-frontend.vercel.app'], allow_origin_regex=https://.*/.vercel/.app$
2025-11-18 02:47:08,549 INFO api 🚀 Starting NFL Prediction API
2025-11-18 02:47:08,654 INFO root Dataset loaded successfully: 2748 rows, 186 columns
2025-11-18 02:47:08,724 INFO root ✓ Loaded home_pipe from home_model.joblib
2025-11-18 02:47:08,772 INFO root ✓ Loaded away_pipe from away_model.joblib
2025-11-18 02:47:08,778 INFO root ✓ Loaded win_pipe from win_clf_calibrated.joblib
2025-11-18 02:47:08,779 INFO models Loaded metadata from C:\Users\goku\Documents\NFL_ML_Predictions\backend\models\metadata.json
2025-11-18 02:47:08,780 INFO root Model coherence validation passed
2025-11-18 02:47:08,780 INFO root Model loading completed: {'status': 'success', 'loaded': ['home_pipe', 'away_pipe', 'win_pipe', 'metadata', 'feature_columns']}
2025-11-18 02:47:08,780 INFO history No prediction_history.json found; starting with empty history.
2025-11-18 02:47:08,781 INFO api Application initialized: {'dataset': 'loaded', 'models': {'status': 'success', 'loaded': ['home_pipe', 'away_pipe', 'win_pipe', 'metadata', 'feature_columns']}, 'history': 'loaded 0 entries'}
2025-11-18 02:47:08,781 INFO api 🛑 Application shutdown complete
2025-11-18 02:47:11,808 INFO api Configuring CORS; restrict=False, allowed_origins=['http://localhost:3000', 'https://localhost:3000', 'https://nfl-ml-predictions.vercel.app', 'https://nfl-predict-frontend.vercel.app'], allow_origin_regex=https://.*/.vercel/.app$
2025-11-18 02:47:11,819 INFO api 🚀 Starting NFL Prediction API
2025-11-18 02:47:11,894 INFO root Dataset loaded successfully: 2748 rows, 186 columns
2025-11-18 02:47:11,940 INFO root ✓ Loaded home_pipe from home_model.joblib
2025-11-18 02:47:11,985 INFO root ✓ Loaded away_pipe from away_model.joblib
2025-11-18 02:47:11,990 INFO root ✓ Loaded win_pipe from win_clf_calibrated.joblib
2025-11-18 02:47:11,991 INFO models Loaded metadata from C:\Users\goku\Documents\NFL_ML_Predictions\backend\models\metadata.json
2025-11-18 02:47:11,991 INFO root Model coherence validation passed
2025-11-18 02:47:11,991 INFO root Model loading completed: {'status': 'success', 'loaded': ['home_pipe', 'away_pipe', 'win_pipe', 'metadata', 'feature_columns']}
2025-11-18 02:47:11,992 INFO history No prediction_history.json found; starting with empty history.
2025-11-18 02:47:11,992 INFO api Application initialized: {'dataset': 'loaded', 'models': {'status': 'success', 'loaded': ['home_pipe', 'away_pipe', 'win_pipe', 'metadata', 'feature_columns']}, 'history': 'loaded 0 entries'}
2025-11-18 02:47:24,205 INFO api 🛑 Application shutdown complete
2025-11-18 02:47:27,097 INFO api Configuring CORS; restrict=False, allowed_origins=['http://localhost:3000', 'https://localhost:3000', 'https://nfl-ml-predictions.vercel.app', 'https://nfl-predict-frontend.vercel.app'], allow_origin_regex=https://.*/.vercel/.app$
2025-11-18 02:47:27,108 INFO api 🚀 Starting NFL Prediction API
2025-11-18 02:47:27,185 INFO root Dataset loaded successfully: 2748 rows, 186 columns
2025-11-18 02:47:27,231 INFO root ✓ Loaded home_pipe from home_model.joblib
2025-11-18 02:47:27,274 INFO root ✓ Loaded away_pipe from away_model.joblib
2025-11-18 02:47:27,280 INFO root ✓ Loaded win_pipe from win_clf_calibrated.joblib
2025-11-18 02:47:27,281 INFO models Loaded metadata from C:\Users\goku\Documents\NFL_ML_Predictions\backend\models\metadata.json
2025-11-18 02:47:27,281 INFO root Model coherence validation passed
2025-11-18 02:47:27,281 INFO root Model loading completed: {'status': 'success', 'loaded': ['home_pipe', 'away_pipe', 'win_pipe', 'metadata', 'feature_columns']}
2025-11-18 02:47:27,282 INFO history No prediction_history.json found; starting with empty history.
2025-11-18 02:47:27,282 INFO api Application initialized: {'dataset': 'loaded', 'models': {'status': 'success', 'loaded': ['home_pipe', 'away_pipe', 'win_pipe', 'metadata', 'feature_columns']}, 'history': 'loaded 0 entries'}
2025-11-18 02:47:32,388 INFO api 🛑 Application shutdown complete
2025-11-18 02:47:35,717 INFO api Configuring CORS; restrict=False, allowed_origins=['http://localhost:3000', 'https://localhost:3000', 'https://nfl-ml-predictions.vercel.app', 'https://nfl-predict-frontend.vercel.app'], allow_origin_regex=https://.*/.vercel/.app$
2025-11-18 02:47:35,728 INFO api 🚀 Starting NFL Prediction API
2025-11-18 02:47:35,805 INFO root Dataset loaded successfully: 2748 rows, 186 columns
2025-11-18 02:47:35,852 INFO root ✓ Loaded home_pipe from home_model.joblib
2025-11-18 02:47:35,895 INFO root ✓ Loaded away_pipe from away_model.joblib
2025-11-18 02:47:35,900 INFO root ✓ Loaded win_pipe from win_clf_calibrated.joblib
2025-11-18 02:47:35,901 INFO models Loaded metadata from C:\Users\goku\Documents\NFL_ML_Predictions\backend\models\metadata.json
2025-11-18 02:47:35,902 INFO root Model coherence validation passed
2025-11-18 02:47:35,902 INFO root Model loading completed: {'status': 'success', 'loaded': ['home_pipe', 'away_pipe', 'win_pipe', 'metadata', 'feature_columns']}
2025-11-18 02:47:35,902 INFO history No prediction_history.json found; starting with empty history.
2025-11-18 02:47:35,902 INFO api Application initialized: {'dataset': 'loaded', 'models': {'status': 'success', 'loaded': ['home_pipe', 'away_pipe', 'win_pipe', 'metadata', 'feature_columns']}, 'history': 'loaded 0 entries'}
2025-11-18 02:47:35,903 INFO api 🛑 Application shutdown complete
2025-11-18 02:47:38,854 INFO api Configuring CORS; restrict=False, allowed_origins=['http://localhost:3000', 'https://localhost:3000', 'https://nfl-ml-predictions.vercel.app', 'https://nfl-predict-frontend.vercel.app'], allow_origin_regex=https://.*/.vercel/.app$
2025-11-18 02:47:38,866 INFO api 🚀 Starting NFL Prediction API
2025-11-18 02:47:38,946 INFO root Dataset loaded successfully: 2748 rows, 186 columns
2025-11-18 02:47:38,992 INFO root ✓ Loaded home_pipe from home_model.joblib
2025-11-18 02:47:39,035 INFO root ✓ Loaded away_pipe from away_model.joblib
2025-11-18 02:47:39,040 INFO root ✓ Loaded win_pipe from win_clf_calibrated.joblib
2025-11-18 02:47:39,041 INFO models Loaded metadata from C:\Users\goku\Documents\NFL_ML_Predictions\backend\models\metadata.json
2025-11-18 02:47:39,042 INFO root Model coherence validation passed
2025-11-18 02:47:39,042 INFO root Model loading completed: {'status': 'success', 'loaded': ['home_pipe', 'away_pipe', 'win_pipe', 'metadata', 'feature_columns']}
2025-11-18 02:47:39,042 INFO history No prediction_history.json found; starting with empty history.
2025-11-18 02:47:39,042 INFO api Application initialized: {'dataset': 'loaded', 'models': {'status': 'success', 'loaded': ['home_pipe', 'away_pipe', 'win_pipe', 'metadata', 'feature_columns']}, 'history': 'loaded 0 entries'}
2025-11-18 02:47:39,043 INFO api 🛑 Application shutdown complete
2025-11-18 02:47:44,803 INFO api Configuring CORS; restrict=False, allowed_origins=['http://localhost:3000', 'https://localhost:3000', 'https://nfl-ml-predictions.vercel.app', 'https://nfl-predict-frontend.vercel.app'], allow_origin_regex=https://.*/.vercel/.app$
2025-11-18 02:47:44,816 INFO api 🚀 Starting NFL Prediction API
2025-11-18 02:47:44,914 INFO root Dataset loaded successfully: 2748 rows, 186 columns
2025-11-18 02:47:44,968 INFO root ✓ Loaded home_pipe from home_model.joblib
2025-11-18 02:47:45,026 INFO root ✓ Loaded away_pipe from away_model.joblib
2025-11-18 02:47:45,032 INFO root ✓ Loaded win_pipe from win_clf_calibrated.joblib
2025-11-18 02:47:45,033 INFO models Loaded metadata from C:\Users\goku\Documents\NFL_ML_Predictions\backend\models\metadata.json
2025-11-18 02:47:45,033 INFO root Model coherence validation passed
2025-11-18 02:47:45,034 INFO root Model loading completed: {'status': 'success', 'loaded': ['home_pipe', 'away_pipe', 'win_pipe', 'metadata', 'feature_columns']}
2025-11-18 02:47:45,034 INFO history No prediction_history.json found; starting with empty history.
2025-11-18 02:47:45,034 INFO api Application initialized: {'dataset': 'loaded', 'models': {'status': 'success', 'loaded': ['home_pipe', 'away_pipe', 'win_pipe', 'metadata', 'feature_columns']}, 'history': 'loaded 0 entries'}
2025-11-18 02:47:45,035 INFO api 🛑 Application shutdown complete
2025-11-18 02:47:47,931 INFO api Configuring CORS; restrict=False, allowed_origins=['http://localhost:3000', 'https://localhost:3000', 'https://nfl-ml-predictions.vercel.app', 'https://nfl-predict-frontend.vercel.app'], allow_origin_regex=https://.*/.vercel/.app$
2025-11-18 02:47:47,941 INFO api 🚀 Starting NFL Prediction API
2025-11-18 02:47:48,017 INFO root Dataset loaded successfully: 2748 rows, 186 columns
2025-11-18 02:47:48,063 INFO root ✓ Loaded home_pipe from home_model.joblib
2025-11-18 02:47:48,108 INFO root ✓ Loaded away_pipe from away_model.joblib
2025-11-18 02:47:48,113 INFO root ✓ Loaded win_pipe from win_clf_calibrated.joblib
2025-11-18 02:47:48,114 INFO models Loaded metadata from C:\Users\goku\Documents\NFL_ML_Predictions\backend\models\metadata.json
2025-11-18 02:47:48,115 INFO root Model coherence validation passed
2025-11-18 02:47:48,115 INFO root Model loading completed: {'status': 'success', 'loaded': ['home_pipe', 'away_pipe', 'win_pipe', 'metadata', 'feature_columns']}
2025-11-18 02:47:48,115 INFO history No prediction_history.json found; starting with empty history.
2025-11-18 02:47:48,115 INFO api Application initialized: {'dataset': 'loaded', 'models': {'status': 'success', 'loaded': ['home_pipe', 'away_pipe', 'win_pipe', 'metadata', 'feature_columns']}, 'history': 'loaded 0 entries'}
2025-11-18 02:47:50,319 INFO api 🛑 Application shutdown complete
2025-11-18 02:47:53,253 INFO api Configuring CORS; restrict=False, allowed_origins=['http://localhost:3000', 'https://localhost:3000', 'https://nfl-ml-predictions.vercel.app', 'https://nfl-predict-frontend.vercel.app'], allow_origin_regex=https://.*/.vercel/.app$
2025-11-18 02:47:53,264 INFO api 🚀 Starting NFL Prediction API
2025-11-18 02:47:53,346 INFO root Dataset loaded successfully: 2748 rows, 186 columns
2025-11-18 02:47:53,402 INFO root ✓ Loaded home_pipe from home_model.joblib
2025-11-18 02:47:53,450 INFO root ✓ Loaded away_pipe from away_model.joblib
2025-11-18 02:47:53,456 INFO root ✓ Loaded win_pipe from win_clf_calibrated.joblib
2025-11-18 02:47:53,457 INFO models Loaded metadata from C:\Users\goku\Documents\NFL_ML_Predictions\backend\models\metadata.json
2025-11-18 02:47:53,457 INFO root Model coherence validation passed
2025-11-18 02:47:53,458 INFO root Model loading completed: {'status': 'success', 'loaded': ['home_pipe', 'away_pipe', 'win_pipe', 'metadata', 'feature_columns']}
2025-11-18 02:47:53,458 INFO history No prediction_history.json found; starting with empty history.
2025-11-18 02:47:53,458 INFO api Application initialized: {'dataset': 'loaded', 'models': {'status': 'success', 'loaded': ['home_pipe', 'away_pipe', 'win_pipe', 'metadata', 'feature_columns']}, 'history': 'loaded 0 entries'}
2025-11-18 02:47:55,041 INFO api 🛑 Application shutdown complete
2025-11-18 02:48:04,229 INFO api Configuring CORS; restrict=False, allowed_origins=['http://localhost:3000', 'https://localhost:3000', 'https://nfl-ml-predictions.vercel.app', 'https://nfl-predict-frontend.vercel.app'], allow_origin_regex=https://.*/.vercel/.app$
2025-11-18 02:48:04,241 INFO api 🚀 Starting NFL Prediction API
2025-11-18 02:48:04,320 INFO root Dataset loaded successfully: 2748 rows, 186 columns
2025-11-18 02:48:04,366 INFO root ✓ Loaded home_pipe from home_model.joblib
2025-11-18 02:48:04,412 INFO root ✓ Loaded away_pipe from away_model.joblib
2025-11-18 02:48:04,417 INFO root ✓ Loaded win_pipe from win_clf_calibrated.joblib
2025-11-18 02:48:04,418 INFO models Loaded metadata from C:\Users\goku\Documents\NFL_ML_Predictions\backend\models\metadata.json
2025-11-18 02:48:04,418 INFO root Model coherence validation passed
2025-11-18 02:48:04,418 INFO root Model loading completed: {'status': 'success', 'loaded': ['home_pipe', 'away_pipe', 'win_pipe', 'metadata', 'feature_columns']}
2025-11-18 02:48:04,419 INFO history No prediction_history.json found; starting with empty history.
2025-11-18 02:48:04,419 INFO api Application initialized: {'dataset': 'loaded', 'models': {'status': 'success', 'loaded': ['home_pipe', 'away_pipe', 'win_pipe', 'metadata', 'feature_columns']}, 'history': 'loaded 0 entries'}
2025-11-18 02:48:27,911 INFO api 🛑 Application shutdown complete
2025-11-18 02:48:31,713 INFO api Configuring CORS; restrict=False, allowed_origins=['http://localhost:3000', 'https://localhost:3000', 'https://nfl-ml-predictions.vercel.app', 'https://nfl-predict-frontend.vercel.app'], allow_origin_regex=https://.*/.vercel/.app$
2025-11-18 02:48:31,724 INFO api 🚀 Starting NFL Prediction API
2025-11-18 02:48:31,801 INFO root Dataset loaded successfully: 2748 rows, 186 columns
2025-11-18 02:48:31,852 INFO root ✓ Loaded home_pipe from home_model.joblib
2025-11-18 02:48:31,896 INFO root ✓ Loaded away_pipe from away_model.joblib
2025-11-18 02:48:31,902 INFO root ✓ Loaded win_pipe from win_clf_calibrated.joblib
2025-11-18 02:48:31,903 INFO models Loaded metadata from C:\Users\goku\Documents\NFL_ML_Predictions\backend\models\metadata.json
2025-11-18 02:48:31,903 INFO root Model coherence validation passed
2025-11-18 02:48:31,903 INFO root Model loading completed: {'status': 'success', 'loaded': ['home_pipe', 'away_pipe', 'win_pipe', 'metadata', 'feature_columns']}
2025-11-18 02:48:31,904 INFO history No prediction_history.json found; starting with empty history.
2025-11-18 02:48:31,904 INFO api Application initialized: {'dataset': 'loaded', 'models': {'status': 'success', 'loaded': ['home_pipe', 'away_pipe', 'win_pipe', 'metadata', 'feature_columns']}, 'history': 'loaded 0 entries'}
2025-11-18 02:48:31,905 INFO api 🛑 Application shutdown complete
2025-11-18 02:48:37,452 INFO api Configuring CORS; restrict=False, allowed_origins=['http://localhost:3000', 'https://localhost:3000', 'https://nfl-ml-predictions.vercel.app', 'https://nfl-predict-frontend.vercel.app'], allow_origin_regex=https://.*/.vercel/.app$
2025-11-18 02:48:37,465 INFO api 🚀 Starting NFL Prediction API
2025-11-18 02:48:37,555 INFO root Dataset loaded successfully: 2748 rows, 186 columns
2025-11-18 02:48:37,605 INFO root ✓ Loaded home_pipe from home_model.joblib
2025-11-18 02:48:37,648 INFO root ✓ Loaded away_pipe from away_model.joblib
2025-11-18 02:48:37,653 INFO root ✓ Loaded win_pipe from win_clf_calibrated.joblib
2025-11-18 02:48:37,654 INFO models Loaded metadata from C:\Users\goku\Documents\NFL_ML_Predictions\backend\models\metadata.json
2025-11-18 02:48:37,655 INFO root Model coherence validation passed
2025-11-18 02:48:37,655 INFO root Model loading completed: {'status': 'success', 'loaded': ['home_pipe', 'away_pipe', 'win_pipe', 'metadata', 'feature_columns']}
2025-11-18 02:48:37,655 INFO history No prediction_history.json found; starting with empty history.
2025-11-18 02:48:37,655 INFO api Application initialized: {'dataset': 'loaded', 'models': {'status': 'success', 'loaded': ['home_pipe', 'away_pipe', 'win_pipe', 'metadata', 'feature_columns']}, 'history': 'loaded 0 entries'}
2025-11-18 02:48:37,656 INFO api 🛑 Application shutdown complete
2025-11-18 02:48:44,120 INFO api Configuring CORS; restrict=False, allowed_origins=['http://localhost:3000', 'https://localhost:3000', 'https://nfl-ml-predictions.vercel.app', 'https://nfl-predict-frontend.vercel.app'], allow_origin_regex=https://.*/.vercel/.app$
2025-11-18 02:48:44,131 INFO api 🚀 Starting NFL Prediction API
2025-11-18 02:48:44,207 INFO root Dataset loaded successfully: 2748 rows, 186 columns
2025-11-18 02:48:44,253 INFO root ✓ Loaded home_pipe from home_model.joblib
2025-11-18 02:48:44,296 INFO root ✓ Loaded away_pipe from away_model.joblib
2025-11-18 02:48:44,302 INFO root ✓ Loaded win_pipe from win_clf_calibrated.joblib
2025-11-18 02:48:44,302 INFO models Loaded metadata from C:\Users\goku\Documents\NFL_ML_Predictions\backend\models\metadata.json
2025-11-18 02:48:44,303 INFO root Model coherence validation passed
2025-11-18 02:48:44,303 INFO root Model loading completed: {'status': 'success', 'loaded': ['home_pipe', 'away_pipe', 'win_pipe', 'metadata', 'feature_columns']}
2025-11-18 02:48:44,303 INFO history No prediction_history.json found; starting with empty history.
2025-11-18 02:48:44,304 INFO api Application initialized: {'dataset': 'loaded', 'models': {'status': 'success', 'loaded': ['home_pipe', 'away_pipe', 'win_pipe', 'metadata', 'feature_columns']}, 'history': 'loaded 0 entries'}
2025-11-18 02:48:47,153 INFO api 🛑 Application shutdown complete
2025-11-18 02:48:50,126 INFO api Configuring CORS; restrict=False, allowed_origins=['http://localhost:3000', 'https://localhost:3000', 'https://nfl-ml-predictions.vercel.app', 'https://nfl-predict-frontend.vercel.app'], allow_origin_regex=https://.*/.vercel/.app$
2025-11-18 02:48:50,137 INFO api 🚀 Starting NFL Prediction API
2025-11-18 02:48:50,215 INFO root Dataset loaded successfully: 2748 rows, 186 columns
2025-11-18 02:48:50,262 INFO root ✓ Loaded home_pipe from home_model.joblib
2025-11-18 02:48:50,307 INFO root ✓ Loaded away_pipe from away_model.joblib
2025-11-18 02:48:50,312 INFO root ✓ Loaded win_pipe from win_clf_calibrated.joblib
2025-11-18 02:48:50,313 INFO models Loaded metadata from C:\Users\goku\Documents\NFL_ML_Predictions\backend\models\metadata.json
2025-11-18 02:48:50,313 INFO root Model coherence validation passed
2025-11-18 02:48:50,314 INFO root Model loading completed: {'status': 'success', 'loaded': ['home_pipe', 'away_pipe', 'win_pipe', 'metadata', 'feature_columns']}
2025-11-18 02:48:50,314 INFO history No prediction_history.json found; starting with empty history.
2025-11-18 02:48:50,314 INFO api Application initialized: {'dataset': 'loaded', 'models': {'status': 'success', 'loaded': ['home_pipe', 'away_pipe', 'win_pipe', 'metadata', 'feature_columns']}, 'history': 'loaded 0 entries'}
2025-11-18 02:48:50,315 INFO api 🛑 Application shutdown complete
2025-11-18 02:48:53,235 INFO api Configuring CORS; restrict=False, allowed_origins=['http://localhost:3000', 'https://localhost:3000', 'https://nfl-ml-predictions.vercel.app', 'https://nfl-predict-frontend.vercel.app'], allow_origin_regex=https://.*/.vercel/.app$
2025-11-18 02:48:53,245 INFO api 🚀 Starting NFL Prediction API
2025-11-18 02:48:53,322 INFO root Dataset loaded successfully: 2748 rows, 186 columns
2025-11-18 02:48:53,370 INFO root ✓ Loaded home_pipe from home_model.joblib
2025-11-18 02:48:53,414 INFO root ✓ Loaded away_pipe from away_model.joblib
2025-11-18 02:48:53,420 INFO root ✓ Loaded win_pipe from win_clf_calibrated.joblib
2025-11-18 02:48:53,420 INFO models Loaded metadata from C:\Users\goku\Documents\NFL_ML_Predictions\backend\models\metadata.json
2025-11-18 02:48:53,421 INFO root Model coherence validation passed
2025-11-18 02:48:53,421 INFO root Model loading completed: {'status': 'success', 'loaded': ['home_pipe', 'away_pipe', 'win_pipe', 'metadata', 'feature_columns']}
2025-11-18 02:48:53,422 INFO history No prediction_history.json found; starting with empty history.
2025-11-18 02:48:53,422 INFO api Application initialized: {'dataset': 'loaded', 'models': {'status': 'success', 'loaded': ['home_pipe', 'away_pipe', 'win_pipe', 'metadata', 'feature_columns']}, 'history': 'loaded 0 entries'}
2025-11-18 02:50:23,855 INFO api 🛑 Application shutdown complete
2025-11-18 02:50:27,134 INFO api Configuring CORS; restrict=False, allowed_origins=['http://localhost:3000', 'https://localhost:3000', 'https://nfl-ml-predictions.vercel.app', 'https://nfl-predict-frontend.vercel.app'], allow_origin_regex=https://.*/.vercel/.app$
2025-11-18 02:50:27,150 INFO api 🚀 Starting NFL Prediction API
2025-11-18 02:50:27,245 INFO root Dataset loaded successfully: 2748 rows, 186 columns
2025-11-18 02:50:27,318 INFO root ✓ Loaded home_pipe from home_model.joblib
2025-11-18 02:50:27,383 INFO root ✓ Loaded away_pipe from away_model.joblib
2025-11-18 02:50:27,393 INFO root ✓ Loaded win_pipe from win_clf_calibrated.joblib
2025-11-18 02:50:27,394 INFO models Loaded metadata from C:\Users\goku\Documents\NFL_ML_Predictions\backend\models\metadata.json
2025-11-18 02:50:27,395 INFO root Model coherence validation passed
2025-11-18 02:50:27,395 INFO root Model loading completed: {'status': 'success', 'loaded': ['home_pipe', 'away_pipe', 'win_pipe', 'metadata', 'feature_columns']}
2025-11-18 02:50:27,395 INFO history No prediction_history.json found; starting with empty history.
2025-11-18 02:50:27,396 INFO api Application initialized: {'dataset': 'loaded', 'models': {'status': 'success', 'loaded': ['home_pipe', 'away_pipe', 'win_pipe', 'metadata', 'feature_columns']}, 'history': 'loaded 0 entries'}
2025-11-18 02:50:27,397 INFO api 🛑 Application shutdown complete
2025-11-18 02:50:30,452 INFO api Configuring CORS; restrict=False, allowed_origins=['http://localhost:3000', 'https://localhost:3000', 'https://nfl-ml-predictions.vercel.app', 'https://nfl-predict-frontend.vercel.app'], allow_origin_regex=https://.*/.vercel/.app$
2025-11-18 02:50:30,464 INFO api 🚀 Starting NFL Prediction API
2025-11-18 02:50:30,548 INFO root Dataset loaded successfully: 2748 rows, 186 columns
2025-11-18 02:50:30,598 INFO root ✓ Loaded home_pipe from home_model.joblib
2025-11-18 02:50:30,646 INFO root ✓ Loaded away_pipe from away_model.joblib
2025-11-18 02:50:30,653 INFO root ✓ Loaded win_pipe from win_clf_calibrated.joblib
2025-11-18 02:50:30,654 INFO models Loaded metadata from C:\Users\goku\Documents\NFL_ML_Predictions\backend\models\metadata.json
2025-11-18 02:50:30,655 INFO root Model coherence validation passed
2025-11-18 02:50:30,655 INFO root Model loading completed: {'status': 'success', 'loaded': ['home_pipe', 'away_pipe', 'win_pipe', 'metadata', 'feature_columns']}
2025-11-18 02:50:30,656 INFO history No prediction_history.json found; starting with empty history.
2025-11-18 02:50:30,656 INFO api Application initialized: {'dataset': 'loaded', 'models': {'status': 'success', 'loaded': ['home_pipe', 'away_pipe', 'win_pipe', 'metadata', 'feature_columns']}, 'history': 'loaded 0 entries'}
2025-11-18 02:50:30,657 INFO api 🛑 Application shutdown complete
2025-11-18 02:50:33,750 INFO api Configuring CORS; restrict=False, allowed_origins=['http://localhost:3000', 'https://localhost:3000', 'https://nfl-ml-predictions.vercel.app', 'https://nfl-predict-frontend.vercel.app'], allow_origin_regex=https://.*/.vercel/.app$
2025-11-18 02:50:33,761 INFO api 🚀 Starting NFL Prediction API
2025-11-18 02:50:33,839 INFO root Dataset loaded successfully: 2748 rows, 186 columns
2025-11-18 02:50:33,897 INFO root ✓ Loaded home_pipe from home_model.joblib
2025-11-18 02:50:33,941 INFO root ✓ Loaded away_pipe from away_model.joblib
2025-11-18 02:50:33,947 INFO root ✓ Loaded win_pipe from win_clf_calibrated.joblib
2025-11-18 02:50:33,947 INFO models Loaded metadata from C:\Users\goku\Documents\NFL_ML_Predictions\backend\models\metadata.json
2025-11-18 02:50:33,948 INFO root Model coherence validation passed
2025-11-18 02:50:33,948 INFO root Model loading completed: {'status': 'success', 'loaded': ['home_pipe', 'away_pipe', 'win_pipe', 'metadata', 'feature_columns']}
2025-11-18 02:50:33,949 INFO history No prediction_history.json found; starting with empty history.
2025-11-18 02:50:33,949 INFO api Application initialized: {'dataset': 'loaded', 'models': {'status': 'success', 'loaded': ['home_pipe', 'away_pipe', 'win_pipe', 'metadata', 'feature_columns']}, 'history': 'loaded 0 entries'}
2025-11-18 02:50:33,950 INFO api 🛑 Application shutdown complete
2025-11-18 02:50:37,082 INFO api Configuring CORS; restrict=False, allowed_origins=['http://localhost:3000', 'https://localhost:3000', 'https://nfl-ml-predictions.vercel.app', 'https://nfl-predict-frontend.vercel.app'], allow_origin_regex=https://.*/.vercel/.app$
2025-11-18 02:50:37,093 INFO api 🚀 Starting NFL Prediction API
2025-11-18 02:50:37,175 INFO root Dataset loaded successfully: 2748 rows, 186 columns
2025-11-18 02:50:37,225 INFO root ✓ Loaded home_pipe from home_model.joblib
2025-11-18 02:50:37,268 INFO root ✓ Loaded away_pipe from away_model.joblib
2025-11-18 02:50:37,274 INFO root ✓ Loaded win_pipe from win_clf_calibrated.joblib
2025-11-18 02:50:37,275 INFO models Loaded metadata from C:\Users\goku\Documents\NFL_ML_Predictions\backend\models\metadata.json
2025-11-18 02:50:37,275 INFO root Model coherence validation passed
2025-11-18 02:50:37,275 INFO root Model loading completed: {'status': 'success', 'loaded': ['home_pipe', 'away_pipe', 'win_pipe', 'metadata', 'feature_columns']}
2025-11-18 02:50:37,276 INFO history No prediction_history.json found; starting with empty history.
2025-11-18 02:50:37,276 INFO api Application initialized: {'dataset': 'loaded', 'models': {'status': 'success', 'loaded': ['home_pipe', 'away_pipe', 'win_pipe', 'metadata', 'feature_columns']}, 'history': 'loaded 0 entries'}
2025-11-18 02:50:37,277 INFO api 🛑 Application shutdown complete
2025-11-18 02:50:40,274 INFO api Configuring CORS; restrict=False, allowed_origins=['http://localhost:3000', 'https://localhost:3000', 'https://nfl-ml-predictions.vercel.app', 'https://nfl-predict-frontend.vercel.app'], allow_origin_regex=https://.*/.vercel/.app$
2025-11-18 02:50:40,285 INFO api 🚀 Starting NFL Prediction API
2025-11-18 02:50:40,364 INFO root Dataset loaded successfully: 2748 rows, 186 columns
2025-11-18 02:50:40,412 INFO root ✓ Loaded home_pipe from home_model.joblib
2025-11-18 02:50:40,457 INFO root ✓ Loaded away_pipe from away_model.joblib
2025-11-18 02:50:40,463 INFO root ✓ Loaded win_pipe from win_clf_calibrated.joblib
2025-11-18 02:50:40,463 INFO models Loaded metadata from C:\Users\goku\Documents\NFL_ML_Predictions\backend\models\metadata.json
2025-11-18 02:50:40,464 INFO root Model coherence validation passed
2025-11-18 02:50:40,464 INFO root Model loading completed: {'status': 'success', 'loaded': ['home_pipe', 'away_pipe', 'win_pipe', 'metadata', 'feature_columns']}
2025-11-18 02:50:40,465 INFO history No prediction_history.json found; starting with empty history.
2025-11-18 02:50:40,465 INFO api Application initialized: {'dataset': 'loaded', 'models': {'status': 'success', 'loaded': ['home_pipe', 'away_pipe', 'win_pipe', 'metadata', 'feature_columns']}, 'history': 'loaded 0 entries'}
2025-11-18 02:50:40,466 INFO api 🛑 Application shutdown complete
2025-11-18 02:50:44,480 INFO api Configuring CORS; restrict=False, allowed_origins=['http://localhost:3000', 'https://localhost:3000', 'https://nfl-ml-predictions.vercel.app', 'https://nfl-predict-frontend.vercel.app'], allow_origin_regex=https://.*/.vercel/.app$
2025-11-18 02:50:44,491 INFO api 🚀 Starting NFL Prediction API
2025-11-18 02:50:44,571 INFO root Dataset loaded successfully: 2748 rows, 186 columns
2025-11-18 02:50:44,621 INFO root ✓ Loaded home_pipe from home_model.joblib
2025-11-18 02:50:44,675 INFO root ✓ Loaded away_pipe from away_model.joblib
2025-11-18 02:50:44,682 INFO root ✓ Loaded win_pipe from win_clf_calibrated.joblib
2025-11-18 02:50:44,683 INFO models Loaded metadata from C:\Users\goku\Documents\NFL_ML_Predictions\backend\models\metadata.json
2025-11-18 02:50:44,684 INFO root Model coherence validation passed
2025-11-18 02:50:44,684 INFO root Model loading completed: {'status': 'success', 'loaded': ['home_pipe', 'away_pipe', 'win_pipe', 'metadata', 'feature_columns']}
2025-11-18 02:50:44,685 INFO history No prediction_history.json found; starting with empty history.
2025-11-18 02:50:44,685 INFO api Application initialized: {'dataset': 'loaded', 'models': {'status': 'success', 'loaded': ['home_pipe', 'away_pipe', 'win_pipe', 'metadata', 'feature_columns']}, 'history': 'loaded 0 entries'}
2025-11-18 02:50:45,646 INFO api 🛑 Application shutdown complete
2025-11-18 02:50:52,516 INFO api Configuring CORS; restrict=False, allowed_origins=['http://localhost:3000', 'https://localhost:3000', 'https://nfl-ml-predictions.vercel.app', 'https://nfl-predict-frontend.vercel.app'], allow_origin_regex=https://.*/.vercel/.app$
2025-11-18 02:50:52,527 INFO api 🚀 Starting NFL Prediction API
2025-11-18 02:50:52,606 INFO root Dataset loaded successfully: 2748 rows, 186 columns
2025-11-18 02:50:52,654 INFO root ✓ Loaded home_pipe from home_model.joblib
2025-11-18 02:50:52,699 INFO root ✓ Loaded away_pipe from away_model.joblib
2025-11-18 02:50:52,704 INFO root ✓ Loaded win_pipe from win_clf_calibrated.joblib
2025-11-18 02:50:52,705 INFO models Loaded metadata from C:\Users\goku\Documents\NFL_ML_Predictions\backend\models\metadata.json
2025-11-18 02:50:52,705 INFO root Model coherence validation passed
2025-11-18 02:50:52,706 INFO root Model loading completed: {'status': 'success', 'loaded': ['home_pipe', 'away_pipe', 'win_pipe', 'metadata', 'feature_columns']}
2025-11-18 02:50:52,706 INFO history No prediction_history.json found; starting with empty history.
2025-11-18 02:50:52,706 INFO api Application initialized: {'dataset': 'loaded', 'models': {'status': 'success', 'loaded': ['home_pipe', 'away_pipe', 'win_pipe', 'metadata', 'feature_columns']}, 'history': 'loaded 0 entries'}
2025-11-18 02:50:52,707 INFO api 🛑 Application shutdown complete
2025-11-18 02:50:55,617 INFO api Configuring CORS; restrict=False, allowed_origins=['http://localhost:3000', 'https://localhost:3000', 'https://nfl-ml-predictions.vercel.app', 'https://nfl-predict-frontend.vercel.app'], allow_origin_regex=https://.*/.vercel/.app$
2025-11-18 02:50:55,628 INFO api 🚀 Starting NFL Prediction API
2025-11-18 02:50:55,709 INFO root Dataset loaded successfully: 2748 rows, 186 columns
2025-11-18 02:50:55,759 INFO root ✓ Loaded home_pipe from home_model.joblib
2025-11-18 02:50:55,805 INFO root ✓ Loaded away_pipe from away_model.joblib
2025-11-18 02:50:55,811 INFO root ✓ Loaded win_pipe from win_clf_calibrated.joblib
2025-11-18 02:50:55,812 INFO models Loaded metadata from C:\Users\goku\Documents\NFL_ML_Predictions\backend\models\metadata.json
2025-11-18 02:50:55,812 INFO root Model coherence validation passed
2025-11-18 02:50:55,812 INFO root Model loading completed: {'status': 'success', 'loaded': ['home_pipe', 'away_pipe', 'win_pipe', 'metadata', 'feature_columns']}
2025-11-18 02:50:55,813 INFO history No prediction_history.json found; starting with empty history.
2025-11-18 02:50:55,813 INFO api Application initialized: {'dataset': 'loaded', 'models': {'status': 'success', 'loaded': ['home_pipe', 'away_pipe', 'win_pipe', 'metadata', 'feature_columns']}, 'history': 'loaded 0 entries'}
2025-11-18 02:53:54,211 INFO api 🛑 Application shutdown complete
2025-11-18 02:53:57,362 INFO api Configuring CORS; restrict=False, allowed_origins=['http://localhost:3000', 'https://localhost:3000', 'https://nfl-ml-predictions.vercel.app', 'https://nfl-predict-frontend.vercel.app'], allow_origin_regex=https://.*/.vercel/.app$
2025-11-18 02:53:57,373 INFO api 🚀 Starting NFL Prediction API
2025-11-18 02:53:57,452 INFO root Dataset loaded successfully: 2748 rows, 186 columns
2025-11-18 02:53:57,512 INFO root ✓ Loaded home_pipe from home_model.joblib
2025-11-18 02:53:57,561 INFO root ✓ Loaded away_pipe from away_model.joblib
2025-11-18 02:53:57,567 INFO root ✓ Loaded win_pipe from win_clf_calibrated.joblib
2025-11-18 02:53:57,568 INFO models Loaded metadata from C:\Users\goku\Documents\NFL_ML_Predictions\backend\models\metadata.json
2025-11-18 02:53:57,569 INFO root Model coherence validation passed
2025-11-18 02:53:57,569 INFO root Model loading completed: {'status': 'success', 'loaded': ['home_pipe', 'away_pipe', 'win_pipe', 'metadata', 'feature_columns']}
2025-11-18 02:53:57,570 INFO history No prediction_history.json found; starting with empty history.
2025-11-18 02:53:57,570 INFO api Application initialized: {'dataset': 'loaded', 'models': {'status': 'success', 'loaded': ['home_pipe', 'away_pipe', 'win_pipe', 'metadata', 'feature_columns']}, 'history': 'loaded 0 entries'}
2025-11-18 02:53:57,571 INFO api 🛑 Application shutdown complete
2025-11-18 02:54:00,595 INFO api Configuring CORS; restrict=False, allowed_origins=['http://localhost:3000', 'https://localhost:3000', 'https://nfl-ml-predictions.vercel.app', 'https://nfl-predict-frontend.vercel.app'], allow_origin_regex=https://.*/.vercel/.app$
2025-11-18 02:54:00,606 INFO api 🚀 Starting NFL Prediction API
2025-11-18 02:54:00,686 INFO root Dataset loaded successfully: 2748 rows, 186 columns
2025-11-18 02:54:00,737 INFO root ✓ Loaded home_pipe from home_model.joblib
2025-11-18 02:54:00,782 INFO root ✓ Loaded away_pipe from away_model.joblib
2025-11-18 02:54:00,787 INFO root ✓ Loaded win_pipe from win_clf_calibrated.joblib
2025-11-18 02:54:00,788 INFO models Loaded metadata from C:\Users\goku\Documents\NFL_ML_Predictions\backend\models\metadata.json
2025-11-18 02:54:00,788 INFO root Model coherence validation passed
2025-11-18 02:54:00,789 INFO root Model loading completed: {'status': 'success', 'loaded': ['home_pipe', 'away_pipe', 'win_pipe', 'metadata', 'feature_columns']}
2025-11-18 02:54:00,789 INFO history No prediction_history.json found; starting with empty history.
2025-11-18 02:54:00,789 INFO api Application initialized: {'dataset': 'loaded', 'models': {'status': 'success', 'loaded': ['home_pipe', 'away_pipe', 'win_pipe', 'metadata', 'feature_columns']}, 'history': 'loaded 0 entries'}
2025-11-18 02:54:00,790 INFO api 🛑 Application shutdown complete
2025-11-18 02:54:04,193 INFO api Configuring CORS; restrict=False, allowed_origins=['http://localhost:3000', 'https://localhost:3000', 'https://nfl-ml-predictions.vercel.app', 'https://nfl-predict-frontend.vercel.app'], allow_origin_regex=https://.*/.vercel/.app$
2025-11-18 02:54:04,205 INFO api 🚀 Starting NFL Prediction API
2025-11-18 02:54:04,283 INFO root Dataset loaded successfully: 2748 rows, 186 columns
2025-11-18 02:54:04,367 INFO root ✓ Loaded home_pipe from home_model.joblib
2025-11-18 02:54:04,414 INFO root ✓ Loaded away_pipe from away_model.joblib
2025-11-18 02:54:04,420 INFO root ✓ Loaded win_pipe from win_clf_calibrated.joblib
2025-11-18 02:54:04,421 INFO models Loaded metadata from C:\Users\goku\Documents\NFL_ML_Predictions\backend\models\metadata.json
2025-11-18 02:54:04,421 INFO root Model coherence validation passed
2025-11-18 02:54:04,421 INFO root Model loading completed: {'status': 'success', 'loaded': ['home_pipe', 'away_pipe', 'win_pipe', 'metadata', 'feature_columns']}
2025-11-18 02:54:04,422 INFO history No prediction_history.json found; starting with empty history.
2025-11-18 02:54:04,422 INFO api Application initialized: {'dataset': 'loaded', 'models': {'status': 'success', 'loaded': ['home_pipe', 'away_pipe', 'win_pipe', 'metadata', 'feature_columns']}, 'history': 'loaded 0 entries'}
2025-11-18 02:54:04,423 INFO api 🛑 Application shutdown complete
2025-11-18 02:54:07,234 INFO api Configuring CORS; restrict=False, allowed_origins=['http://localhost:3000', 'https://localhost:3000', 'https://nfl-ml-predictions.vercel.app', 'https://nfl-predict-frontend.vercel.app'], allow_origin_regex=https://.*/.vercel/.app$
2025-11-18 02:54:07,244 INFO api 🚀 Starting NFL Prediction API
2025-11-18 02:54:07,321 INFO root Dataset loaded successfully: 2748 rows, 186 columns
2025-11-18 02:54:07,369 INFO root ✓ Loaded home_pipe from home_model.joblib
2025-11-18 02:54:07,412 INFO root ✓ Loaded away_pipe from away_model.joblib
2025-11-18 02:54:07,417 INFO root ✓ Loaded win_pipe from win_clf_calibrated.joblib
2025-11-18 02:54:07,418 INFO models Loaded metadata from C:\Users\goku\Documents\NFL_ML_Predictions\backend\models\metadata.json
2025-11-18 02:54:07,419 INFO root Model coherence validation passed
2025-11-18 02:54:07,419 INFO root Model loading completed: {'status': 'success', 'loaded': ['home_pipe', 'away_pipe', 'win_pipe', 'metadata', 'feature_columns']}
2025-11-18 02:54:07,420 INFO history No prediction_history.json found; starting with empty history.
2025-11-18 02:54:07,420 INFO api Application initialized: {'dataset': 'loaded', 'models': {'status': 'success', 'loaded': ['home_pipe', 'away_pipe', 'win_pipe', 'metadata', 'feature_columns']}, 'history': 'loaded 0 entries'}
2025-11-18 02:54:10,900 INFO api 🛑 Application shutdown complete
2025-11-18 02:54:13,942 INFO api Configuring CORS; restrict=False, allowed_origins=['http://localhost:3000', 'https://localhost:3000', 'https://nfl-ml-predictions.vercel.app', 'https://nfl-predict-frontend.vercel.app'], allow_origin_regex=https://.*/.vercel/.app$
2025-11-18 02:54:13,953 INFO api 🚀 Starting NFL Prediction API
2025-11-18 02:54:14,033 INFO root Dataset loaded successfully: 2748 rows, 186 columns
2025-11-18 02:54:14,083 INFO root ✓ Loaded home_pipe from home_model.joblib
2025-11-18 02:54:14,136 INFO root ✓ Loaded away_pipe from away_model.joblib
2025-11-18 02:54:14,142 INFO root ✓ Loaded win_pipe from win_clf_calibrated.joblib
2025-11-18 02:54:14,143 INFO models Loaded metadata from C:\Users\goku\Documents\NFL_ML_Predictions\backend\models\metadata.json
2025-11-18 02:54:14,143 INFO root Model coherence validation passed
2025-11-18 02:54:14,143 INFO root Model loading completed: {'status': 'success', 'loaded': ['home_pipe', 'away_pipe', 'win_pipe', 'metadata', 'feature_columns']}
2025-11-18 02:54:14,144 INFO history No prediction_history.json found; starting with empty history.
2025-11-18 02:54:14,144 INFO api Application initialized: {'dataset': 'loaded', 'models': {'status': 'success', 'loaded': ['home_pipe', 'away_pipe', 'win_pipe', 'metadata', 'feature_columns']}, 'history': 'loaded 0 entries'}
2025-11-18 02:54:14,145 INFO api 🛑 Application shutdown complete
2025-11-18 02:54:17,008 INFO api Configuring CORS; restrict=False, allowed_origins=['http://localhost:3000', 'https://localhost:3000', 'https://nfl-ml-predictions.vercel.app', 'https://nfl-predict-frontend.vercel.app'], allow_origin_regex=https://.*/.vercel/.app$
2025-11-18 02:54:17,018 INFO api 🚀 Starting NFL Prediction API
2025-11-18 02:54:17,095 INFO root Dataset loaded successfully: 2748 rows, 186 columns
2025-11-18 02:54:17,141 INFO root ✓ Loaded home_pipe from home_model.joblib
2025-11-18 02:54:17,185 INFO root ✓ Loaded away_pipe from away_model.joblib
2025-11-18 02:54:17,190 INFO root ✓ Loaded win_pipe from win_clf_calibrated.joblib
2025-11-18 02:54:17,191 INFO models Loaded metadata from C:\Users\goku\Documents\NFL_ML_Predictions\backend\models\metadata.json
2025-11-18 02:54:17,191 INFO root Model coherence validation passed
2025-11-18 02:54:17,191 INFO root Model loading completed: {'status': 'success', 'loaded': ['home_pipe', 'away_pipe', 'win_pipe', 'metadata', 'feature_columns']}
2025-11-18 02:54:17,192 INFO history No prediction_history.json found; starting with empty history.
2025-11-18 02:54:17,192 INFO api Application initialized: {'dataset': 'loaded', 'models': {'status': 'success', 'loaded': ['home_pipe', 'away_pipe', 'win_pipe', 'metadata', 'feature_columns']}, 'history': 'loaded 0 entries'}
2025-11-18 02:54:17,192 INFO api 🛑 Application shutdown complete
2025-11-18 02:54:19,960 INFO api Configuring CORS; restrict=False, allowed_origins=['http://localhost:3000', 'https://localhost:3000', 'https://nfl-ml-predictions.vercel.app', 'https://nfl-predict-frontend.vercel.app'], allow_origin_regex=https://.*/.vercel/.app$
2025-11-18 02:54:19,971 INFO api 🚀 Starting NFL Prediction API
2025-11-18 02:54:20,047 INFO root Dataset loaded successfully: 2748 rows, 186 columns
2025-11-18 02:54:20,094 INFO root ✓ Loaded home_pipe from home_model.joblib
2025-11-18 02:54:20,138 INFO root ✓ Loaded away_pipe from away_model.joblib
2025-11-18 02:54:20,143 INFO root ✓ Loaded win_pipe from win_clf_calibrated.joblib
2025-11-18 02:54:20,144 INFO models Loaded metadata from C:\Users\goku\Documents\NFL_ML_Predictions\backend\models\metadata.json
2025-11-18 02:54:20,144 INFO root Model coherence validation passed
2025-11-18 02:54:20,144 INFO root Model loading completed: {'status': 'success', 'loaded': ['home_pipe', 'away_pipe', 'win_pipe', 'metadata', 'feature_columns']}
2025-11-18 02:54:20,145 INFO history No prediction_history.json found; starting with empty history.
2025-11-18 02:54:20,145 INFO api Application initialized: {'dataset': 'loaded', 'models': {'status': 'success', 'loaded': ['home_pipe', 'away_pipe', 'win_pipe', 'metadata', 'feature_columns']}, 'history': 'loaded 0 entries'}
2025-11-18 02:55:23,295 INFO venv 2025-11-18 10:55:23.295801+00:00
2025-11-18 02:55:23,308 INFO api Schedule scope -> season=2025 week=12 via kickoff_date
2025-11-18 03:33:23,644 INFO venv 2025-11-18 11:33:23.644017+00:00
2025-11-18 03:33:23,670 INFO api Schedule scope -> season=2025 week=12 via kickoff_date
2025-11-18 03:33:23,825 INFO venv 2025-11-18 11:33:23.825004+00:00
2025-11-18 03:33:23,836 INFO api Schedule scope -> season=2025 week=12 via kickoff_date
2025-11-18 03:34:19,625 INFO venv 2025-11-18 11:34:19.625814+00:00
2025-11-18 03:34:19,637 INFO api Schedule scope -> season=2025 week=12 via kickoff_date
2025-11-18 03:34:19,744 INFO venv 2025-11-18 11:34:19.744127+00:00
2025-11-18 03:34:19,755 INFO api Schedule scope -> season=2025 week=12 via kickoff_date
2025-11-18 03:34:24,637 INFO venv 2025-11-18 11:34:24.637932+00:00
2025-11-18 03:34:24,649 INFO api Schedule scope -> season=2025 week=12 via kickoff_date
2025-11-18 03:34:24,755 INFO venv 2025-11-18 11:34:24.755745+00:00
2025-11-18 03:34:24,766 INFO api Schedule scope -> season=2025 week=12 via kickoff_date
2025-11-18 03:34:25,636 INFO venv 2025-11-18 11:34:25.636652+00:00
2025-11-18 03:34:25,649 INFO api Schedule scope -> season=2025 week=12 via kickoff_date
2025-11-18 03:34:25,773 INFO venv 2025-11-18 11:34:25.773476+00:00
2025-11-18 03:34:25,782 INFO api Schedule scope -> season=2025 week=12 via kickoff_date
2025-11-18 03:34:47,629 INFO venv 2025-11-18 11:34:47.629808+00:00
2025-11-18 03:34:47,640 INFO api Schedule scope -> season=2025 week=12 via kickoff_date
2025-11-18 03:34:47,754 INFO venv 2025-11-18 11:34:47.754960+00:00
2025-11-18 03:34:47,765 INFO api Schedule scope -> season=2025 week=12 via kickoff_date
2025-11-18 03:35:12,627 INFO venv 2025-11-18 11:35:12.627660+00:00
2025-11-18 03:35:12,637 INFO api Schedule scope -> season=2025 week=12 via kickoff_date
2025-11-18 03:35:12,739 INFO venv 2025-11-18 11:35:12.739467+00:00
2025-11-18 03:35:12,750 INFO api Schedule scope -> season=2025 week=12 via kickoff_date
2025-11-18 03:35:36,636 INFO venv 2025-11-18 11:35:36.636802+00:00
2025-11-18 03:35:36,646 INFO api Schedule scope -> season=2025 week=12 via kickoff_date
2025-11-18 03:35:36,754 INFO venv 2025-11-18 11:35:36.754600+00:00
2025-11-18 03:35:36,764 INFO api Schedule scope -> season=2025 week=12 via kickoff_date
2025-11-18 03:39:25,631 INFO venv 2025-11-18 11:39:25.631847+00:00
2025-11-18 03:39:25,641 INFO api Schedule scope -> season=2025 week=12 via kickoff_date
2025-11-18 03:39:25,821 INFO venv 2025-11-18 11:39:25.821883+00:00
2025-11-18 03:39:25,831 INFO api Schedule scope -> season=2025 week=12 via kickoff_date
2025-11-18 03:39:28,641 INFO venv 2025-11-18 11:39:28.641466+00:00
2025-11-18 03:39:28,653 INFO api Schedule scope -> season=2025 week=12 via kickoff_date
2025-11-18 03:39:28,856 INFO venv 2025-11-18 11:39:28.856883+00:00
2025-11-18 03:39:28,867 INFO api Schedule scope -> season=2025 week=12 via kickoff_date
2025-11-18 03:39:29,625 INFO venv 2025-11-18 11:39:29.625601+00:00
2025-11-18 03:39:29,637 INFO api Schedule scope -> season=2025 week=12 via kickoff_date
2025-11-18 03:39:29,753 INFO venv 2025-11-18 11:39:29.753358+00:00
2025-11-18 03:39:29,762 INFO api Schedule scope -> season=2025 week=12 via kickoff_date
2025-11-18 03:39:35,639 INFO venv 2025-11-18 11:39:35.639339+00:00
2025-11-18 03:39:35,649 INFO api Schedule scope -> season=2025 week=12 via kickoff_date
2025-11-18 03:39:35,775 INFO venv 2025-11-18 11:39:35.775288+00:00
2025-11-18 03:39:35,784 INFO api Schedule scope -> season=2025 week=12 via kickoff_date
2025-11-18 03:40:13,637 INFO venv 2025-11-18 11:40:13.637653+00:00
2025-11-18 03:40:13,648 INFO api Schedule scope -> season=2025 week=12 via kickoff_date
2025-11-18 03:40:13,761 INFO venv 2025-11-18 11:40:13.761796+00:00
2025-11-18 03:40:13,773 INFO api Schedule scope -> season=2025 week=12 via kickoff_date
2025-11-18 03:40:16,627 INFO venv 2025-11-18 11:40:16.627212+00:00
2025-11-18 03:40:16,638 INFO api Schedule scope -> season=2025 week=12 via kickoff_date
2025-11-18 03:40:16,796 INFO venv 2025-11-18 11:40:16.796240+00:00
2025-11-18 03:40:16,808 INFO api Schedule scope -> season=2025 week=12 via kickoff_date
2025-11-18 03:40:17,639 INFO venv 2025-11-18 11:40:17.639723+00:00
2025-11-18 03:40:17,651 INFO api Schedule scope -> season=2025 week=12 via kickoff_date
2025-11-18 03:40:17,776 INFO venv 2025-11-18 11:40:17.776869+00:00
2025-11-18 03:40:17,787 INFO api Schedule scope -> season=2025 week=12 via kickoff_date
2025-11-18 03:41:37,631 INFO venv 2025-11-18 11:41:37.631597+00:00
2025-11-18 03:41:37,641 INFO api Schedule scope -> season=2025 week=12 via kickoff_date
2025-11-18 03:41:37,824 INFO venv 2025-11-18 11:41:37.824460+00:00
2025-11-18 03:41:37,835 INFO api Schedule scope -> season=2025 week=12 via kickoff_date
2025-11-18 03:42:00,627 INFO venv 2025-11-18 11:42:00.627956+00:00
2025-11-18 03:42:00,638 INFO api Schedule scope -> season=2025 week=12 via kickoff_date
2025-11-18 03:42:00,842 INFO venv 2025-11-18 11:42:00.842252+00:00
2025-11-18 03:42:00,851 INFO api Schedule scope -> season=2025 week=12 via kickoff_date
2025-11-18 03:42:16,628 INFO venv 2025-11-18 11:42:16.628525+00:00
2025-11-18 03:42:16,637 INFO api Schedule scope -> season=2025 week=12 via kickoff_date
2025-11-18 03:42:16,759 INFO venv 2025-11-18 11:42:16.759518+00:00
2025-11-18 03:42:16,770 INFO api Schedule scope -> season=2025 week=12 via kickoff_date
2025-11-18 03:42:18,628 INFO venv 2025-11-18 11:42:18.628425+00:00
2025-11-18 03:42:18,637 INFO api Schedule scope -> season=2025 week=12 via kickoff_date
2025-11-18 03:42:18,769 INFO venv 2025-11-18 11:42:18.769858+00:00
2025-11-18 03:42:18,780 INFO api Schedule scope -> season=2025 week=12 via kickoff_date
2025-11-18 03:42:22,631 INFO venv 2025-11-18 11:42:22.631749+00:00
2025-11-18 03:42:22,640 INFO api Schedule scope -> season=2025 week=12 via kickoff_date
2025-11-18 03:42:22,778 INFO venv 2025-11-18 11:42:22.778713+00:00
2025-11-18 03:42:22,791 INFO api Schedule scope -> season=2025 week=12 via kickoff_date
2025-11-18 05:18:51,047 INFO venv 2025-11-18 13:18:51.047389+00:00
2025-11-18 05:18:51,070 INFO api Schedule scope -> season=2025 week=12 via kickoff_date
2025-11-18 05:44:14,597 INFO venv 2025-11-18 13:44:14.597641+00:00
2025-11-18 05:44:14,606 INFO api Schedule scope -> season=2025 week=12 via kickoff_date
2025-11-18 05:44:44,596 INFO venv 2025-11-18 13:44:44.596091+00:00
2025-11-18 05:44:44,604 INFO api Schedule scope -> season=2025 week=12 via kickoff_date
2025-11-18 05:44:48,599 INFO venv 2025-11-18 13:44:48.599670+00:00
2025-11-18 05:44:48,608 INFO api Schedule scope -> season=2025 week=12 via kickoff_date
2025-11-18 05:45:37,468 INFO venv 2025-11-18 13:45:37.468342+00:00
2025-11-18 05:45:37,478 INFO api Schedule scope -> season=2025 week=12 via kickoff_date
2025-11-18 05:46:50,363 INFO venv 2025-11-18 13:46:50.363030+00:00
2025-11-18 05:46:50,373 INFO api Schedule scope -> season=2025 week=12 via kickoff_date
2025-11-18 05:56:07,594 INFO venv 2025-11-18 13:56:07.594158+00:00
2025-11-18 05:56:07,604 INFO api Schedule scope -> season=2025 week=12 via kickoff_date
2025-11-18 06:02:07,590 INFO venv 2025-11-18 14:02:07.590685+00:00
2025-11-18 06:02:07,599 INFO api Schedule scope -> season=2025 week=12 via kickoff_date
2025-11-18 06:05:18,580 INFO venv 2025-11-18 14:05:18.580642+00:00
2025-11-18 06:05:18,590 INFO api Schedule scope -> season=2025 week=12 via kickoff_date
2025-11-18 06:19:47,911 INFO venv 2025-11-18 14:19:47.911101+00:00
2025-11-18 06:19:47,923 INFO api Schedule scope -> season=2025 week=12 via kickoff_date
2025-11-18 07:06:25,517 INFO api Configuring CORS; restrict=False, allowed_origins=['http://localhost:3000', 'https://localhost:3000', 'https://nfl-ml-predictions.vercel.app', 'https://nfl-predict-frontend.vercel.app'], allow_origin_regex=https://.*/.vercel/.app$
2025-11-18 07:06:25,528 INFO api 🚀 Starting NFL Prediction API
2025-11-18 07:06:25,609 INFO root Dataset loaded successfully: 2748 rows, 186 columns
2025-11-18 07:06:25,657 INFO root ✓ Loaded home_pipe from home_model.joblib
2025-11-18 07:06:25,703 INFO root ✓ Loaded away_pipe from away_model.joblib
2025-11-18 07:06:25,709 INFO root ✓ Loaded win_pipe from win_clf_calibrated.joblib
2025-11-18 07:06:25,710 INFO models Loaded metadata from C:\Users\goku\Documents\NFL_ML_Predictions\backend\models\metadata.json
2025-11-18 07:06:25,710 INFO root Model coherence validation passed
2025-11-18 07:06:25,710 INFO root Model loading completed: {'status': 'success', 'loaded': ['home_pipe', 'away_pipe', 'win_pipe', 'metadata', 'feature_columns']}
2025-11-18 07:06:25,711 INFO history No prediction_history.json found; starting with empty history.
2025-11-18 07:06:25,711 INFO api Application initialized: {'dataset': 'loaded', 'models': {'status': 'success', 'loaded': ['home_pipe', 'away_pipe', 'win_pipe', 'metadata', 'feature_columns']}, 'history': 'loaded 0 entries'}
2025-11-18 07:06:25,713 INFO api 🛑 Application shutdown complete
2025-11-18 07:12:20,910 INFO api Configuring CORS; restrict=False, allowed_origins=['http://localhost:3000', 'https://localhost:3000', 'https://nfl-ml-predictions.vercel.app', 'https://nfl-predict-frontend.vercel.app'], allow_origin_regex=https://.*/.vercel/.app$
2025-11-18 07:12:20,920 INFO api 🚀 Starting NFL Prediction API
2025-11-18 07:12:20,999 INFO root Dataset loaded successfully: 2748 rows, 186 columns
2025-11-18 07:12:21,048 INFO root ✓ Loaded home_pipe from home_model.joblib
2025-11-18 07:12:21,093 INFO root ✓ Loaded away_pipe from away_model.joblib
2025-11-18 07:12:21,098 INFO root ✓ Loaded win_pipe from win_clf_calibrated.joblib
2025-11-18 07:12:21,099 INFO models Loaded metadata from C:\Users\goku\Documents\NFL_ML_Predictions\backend\models\metadata.json
2025-11-18 07:12:21,099 INFO root Model coherence validation passed
2025-11-18 07:12:21,100 INFO root Model loading completed: {'status': 'success', 'loaded': ['home_pipe', 'away_pipe', 'win_pipe', 'metadata', 'feature_columns']}
2025-11-18 07:12:21,100 INFO history No prediction_history.json found; starting with empty history.
2025-11-18 07:12:21,100 INFO api Application initialized: {'dataset': 'loaded', 'models': {'status': 'success', 'loaded': ['home_pipe', 'away_pipe', 'win_pipe', 'metadata', 'feature_columns']}, 'history': 'loaded 0 entries'}
2025-11-18 07:13:20,415 INFO venv 2025-11-18 15:13:20.415938+00:00
2025-11-18 07:13:20,425 INFO api Schedule scope -> season=2025 week=12 via kickoff_date
2025-11-18 07:14:56,414 INFO venv 2025-11-18 15:14:56.413979+00:00
2025-11-18 07:14:56,424 INFO api Schedule scope -> season=2025 week=12 via kickoff_date
2025-11-18 07:31:24,430 INFO api 🛑 Application shutdown complete
2025-11-18 07:31:27,550 INFO api Configuring CORS; restrict=False, allowed_origins=['http://localhost:3000', 'https://localhost:3000', 'https://nfl-ml-predictions.vercel.app', 'https://nfl-predict-frontend.vercel.app'], allow_origin_regex=https://.*/.vercel/.app$
2025-11-18 07:31:27,561 INFO api 🚀 Starting NFL Prediction API
2025-11-18 07:31:27,640 INFO root Dataset loaded successfully: 2748 rows, 186 columns
2025-11-18 07:31:27,694 INFO root ✓ Loaded home_pipe from home_model.joblib
2025-11-18 07:31:27,748 INFO root ✓ Loaded away_pipe from away_model.joblib
2025-11-18 07:31:27,753 INFO root ✓ Loaded win_pipe from win_clf_calibrated.joblib
2025-11-18 07:31:27,754 INFO models Loaded metadata from C:\Users\goku\Documents\NFL_ML_Predictions\backend\models\metadata.json
2025-11-18 07:31:27,754 INFO root Model coherence validation passed
2025-11-18 07:31:27,755 INFO root Model loading completed: {'status': 'success', 'loaded': ['home_pipe', 'away_pipe', 'win_pipe', 'metadata', 'feature_columns']}
2025-11-18 07:31:27,755 INFO history No prediction_history.json found; starting with empty history.
2025-11-18 07:31:27,755 INFO api Application initialized: {'dataset': 'loaded', 'models': {'status': 'success', 'loaded': ['home_pipe', 'away_pipe', 'win_pipe', 'metadata', 'feature_columns']}, 'history': 'loaded 0 entries'}
2025-11-18 07:31:27,756 INFO api 🛑 Application shutdown complete
2025-11-18 07:31:30,489 INFO api Configuring CORS; restrict=False, allowed_origins=['http://localhost:3000', 'https://localhost:3000', 'https://nfl-ml-predictions.vercel.app', 'https://nfl-predict-frontend.vercel.app'], allow_origin_regex=https://.*/.vercel/.app$
2025-11-18 07:31:30,500 INFO api 🚀 Starting NFL Prediction API
2025-11-18 07:31:30,578 INFO root Dataset loaded successfully: 2748 rows, 186 columns
2025-11-18 07:31:30,624 INFO root ✓ Loaded home_pipe from home_model.joblib
2025-11-18 07:31:30,668 INFO root ✓ Loaded away_pipe from away_model.joblib
2025-11-18 07:31:30,674 INFO root ✓ Loaded win_pipe from win_clf_calibrated.joblib
2025-11-18 07:31:30,675 INFO models Loaded metadata from C:\Users\goku\Documents\NFL_ML_Predictions\backend\models\metadata.json
2025-11-18 07:31:30,675 INFO root Model coherence validation passed
2025-11-18 07:31:30,675 INFO root Model loading completed: {'status': 'success', 'loaded': ['home_pipe', 'away_pipe', 'win_pipe', 'metadata', 'feature_columns']}
2025-11-18 07:31:30,676 INFO history No prediction_history.json found; starting with empty history.
2025-11-18 07:31:30,676 INFO api Application initialized: {'dataset': 'loaded', 'models': {'status': 'success', 'loaded': ['home_pipe', 'away_pipe', 'win_pipe', 'metadata', 'feature_columns']}, 'history': 'loaded 0 entries'}
2025-11-18 07:31:30,677 INFO api 🛑 Application shutdown complete
2025-11-18 07:31:33,287 INFO api Configuring CORS; restrict=False, allowed_origins=['http://localhost:3000', 'https://localhost:3000', 'https://nfl-ml-predictions.vercel.app', 'https://nfl-predict-frontend.vercel.app'], allow_origin_regex=https://.*/.vercel/.app$
2025-11-18 07:31:33,298 INFO api 🚀 Starting NFL Prediction API
2025-11-18 07:31:33,382 INFO root Dataset loaded successfully: 2748 rows, 186 columns
2025-11-18 07:31:33,431 INFO root ✓ Loaded home_pipe from home_model.joblib
2025-11-18 07:31:33,481 INFO root ✓ Loaded away_pipe from away_model.joblib
2025-11-18 07:31:33,487 INFO root ✓ Loaded win_pipe from win_clf_calibrated.joblib
2025-11-18 07:31:33,488 INFO models Loaded metadata from C:\Users\goku\Documents\NFL_ML_Predictions\backend\models\metadata.json
2025-11-18 07:31:33,489 INFO root Model coherence validation passed
2025-11-18 07:31:33,490 INFO root Model loading completed: {'status': 'success', 'loaded': ['home_pipe', 'away_pipe', 'win_pipe', 'metadata', 'feature_columns']}
2025-11-18 07:31:33,490 INFO history No prediction_history.json found; starting with empty history.
2025-11-18 07:31:33,490 INFO api Application initialized: {'dataset': 'loaded', 'models': {'status': 'success', 'loaded': ['home_pipe', 'away_pipe', 'win_pipe', 'metadata', 'feature_columns']}, 'history': 'loaded 0 entries'}
2025-11-18 07:31:34,339 INFO api 🛑 Application shutdown complete
2025-11-18 07:31:37,119 INFO api Configuring CORS; restrict=False, allowed_origins=['http://localhost:3000', 'https://localhost:3000', 'https://nfl-ml-predictions.vercel.app', 'https://nfl-predict-frontend.vercel.app'], allow_origin_regex=https://.*/.vercel/.app$
2025-11-18 07:31:37,130 INFO api 🚀 Starting NFL Prediction API
2025-11-18 07:31:37,212 INFO root Dataset loaded successfully: 2748 rows, 186 columns
2025-11-18 07:31:37,262 INFO root ✓ Loaded home_pipe from home_model.joblib
2025-11-18 07:31:37,309 INFO root ✓ Loaded away_pipe from away_model.joblib
2025-11-18 07:31:37,318 INFO root ✓ Loaded win_pipe from win_clf_calibrated.joblib
2025-11-18 07:31:37,319 INFO models Loaded metadata from C:\Users\goku\Documents\NFL_ML_Predictions\backend\models\metadata.json
2025-11-18 07:31:37,320 INFO root Model coherence validation passed
2025-11-18 07:31:37,320 INFO root Model loading completed: {'status': 'success', 'loaded': ['home_pipe', 'away_pipe', 'win_pipe', 'metadata', 'feature_columns']}
2025-11-18 07:31:37,321 INFO history No prediction_history.json found; starting with empty history.
2025-11-18 07:31:37,321 INFO api Application initialized: {'dataset': 'loaded', 'models': {'status': 'success', 'loaded': ['home_pipe', 'away_pipe', 'win_pipe', 'metadata', 'feature_columns']}, 'history': 'loaded 0 entries'}
2025-11-18 07:31:38,369 INFO api 🛑 Application shutdown complete
2025-11-18 07:32:05,237 INFO api Configuring CORS; restrict=False, allowed_origins=['http://localhost:3000', 'https://localhost:3000', 'https://nfl-ml-predictions.vercel.app', 'https://nfl-predict-frontend.vercel.app'], allow_origin_regex=https://.*/.vercel/.app$
2025-11-18 07:32:05,248 INFO api 🚀 Starting NFL Prediction API
2025-11-18 07:32:05,329 INFO root Dataset loaded successfully: 2748 rows, 186 columns
2025-11-18 07:32:05,377 INFO root ✓ Loaded home_pipe from home_model.joblib
2025-11-18 07:32:05,427 INFO root ✓ Loaded away_pipe from away_model.joblib
2025-11-18 07:32:05,433 INFO root ✓ Loaded win_pipe from win_clf_calibrated.joblib
2025-11-18 07:32:05,434 INFO models Loaded metadata from C:\Users\goku\Documents\NFL_ML_Predictions\backend\models\metadata.json
2025-11-18 07:32:05,435 INFO root Model coherence validation passed
2025-11-18 07:32:05,435 INFO root Model loading completed: {'status': 'success', 'loaded': ['home_pipe', 'away_pipe', 'win_pipe', 'metadata', 'feature_columns']}
2025-11-18 07:32:05,435 INFO history No prediction_history.json found; starting with empty history.
2025-11-18 07:32:05,436 INFO api Application initialized: {'dataset': 'loaded', 'models': {'status': 'success', 'loaded': ['home_pipe', 'away_pipe', 'win_pipe', 'metadata', 'feature_columns']}, 'history': 'loaded 0 entries'}
2025-11-18 07:32:09,572 INFO api 🛑 Application shutdown complete
2025-11-18 07:32:12,391 INFO api Configuring CORS; restrict=False, allowed_origins=['http://localhost:3000', 'https://localhost:3000', 'https://nfl-ml-predictions.vercel.app', 'https://nfl-predict-frontend.vercel.app'], allow_origin_regex=https://.*/.vercel/.app$
2025-11-18 07:32:12,402 INFO api 🚀 Starting NFL Prediction API
2025-11-18 07:32:12,484 INFO root Dataset loaded successfully: 2748 rows, 186 columns
2025-11-18 07:32:12,543 INFO root ✓ Loaded home_pipe from home_model.joblib
2025-11-18 07:32:12,598 INFO root ✓ Loaded away_pipe from away_model.joblib
2025-11-18 07:32:12,603 INFO root ✓ Loaded win_pipe from win_clf_calibrated.joblib
2025-11-18 07:32:12,604 INFO models Loaded metadata from C:\Users\goku\Documents\NFL_ML_Predictions\backend\models\metadata.json
2025-11-18 07:32:12,604 INFO root Model coherence validation passed
2025-11-18 07:32:12,605 INFO root Model loading completed: {'status': 'success', 'loaded': ['home_pipe', 'away_pipe', 'win_pipe', 'metadata', 'feature_columns']}
2025-11-18 07:32:12,605 INFO history No prediction_history.json found; starting with empty history.
2025-11-18 07:32:12,605 INFO api Application initialized: {'dataset': 'loaded', 'models': {'status': 'success', 'loaded': ['home_pipe', 'away_pipe', 'win_pipe', 'metadata', 'feature_columns']}, 'history': 'loaded 0 entries'}
2025-11-18 07:32:12,606 INFO api 🛑 Application shutdown complete
2025-11-18 07:32:15,226 INFO api Configuring CORS; restrict=False, allowed_origins=['http://localhost:3000', 'https://localhost:3000', 'https://nfl-ml-predictions.vercel.app', 'https://nfl-predict-frontend.vercel.app'], allow_origin_regex=https://.*/.vercel/.app$
2025-11-18 07:32:15,237 INFO api 🚀 Starting NFL Prediction API
2025-11-18 07:32:15,318 INFO root Dataset loaded successfully: 2748 rows, 186 columns
2025-11-18 07:32:15,365 INFO root ✓ Loaded home_pipe from home_model.joblib
2025-11-18 07:32:15,410 INFO root ✓ Loaded away_pipe from away_model.joblib
2025-11-18 07:32:15,415 INFO root ✓ Loaded win_pipe from win_clf_calibrated.joblib
2025-11-18 07:32:15,416 INFO models Loaded metadata from C:\Users\goku\Documents\NFL_ML_Predictions\backend\models\metadata.json
2025-11-18 07:32:15,417 INFO root Model coherence validation passed
2025-11-18 07:32:15,417 INFO root Model loading completed: {'status': 'success', 'loaded': ['home_pipe', 'away_pipe', 'win_pipe', 'metadata', 'feature_columns']}
2025-11-18 07:32:15,417 INFO history No prediction_history.json found; starting with empty history.
2025-11-18 07:32:15,418 INFO api Application initialized: {'dataset': 'loaded', 'models': {'status': 'success', 'loaded': ['home_pipe', 'away_pipe', 'win_pipe', 'metadata', 'feature_columns']}, 'history': 'loaded 0 entries'}
2025-11-18 07:32:18,694 INFO api 🛑 Application shutdown complete
2025-11-18 07:32:21,320 INFO api Configuring CORS; restrict=False, allowed_origins=['http://localhost:3000', 'https://localhost:3000', 'https://nfl-ml-predictions.vercel.app', 'https://nfl-predict-frontend.vercel.app'], allow_origin_regex=https://.*/.vercel/.app$
2025-11-18 07:32:21,331 INFO api 🚀 Starting NFL Prediction API
2025-11-18 07:32:21,410 INFO root Dataset loaded successfully: 2748 rows, 186 columns
2025-11-18 07:32:21,458 INFO root ✓ Loaded home_pipe from home_model.joblib
2025-11-18 07:32:21,502 INFO root ✓ Loaded away_pipe from away_model.joblib
2025-11-18 07:32:21,508 INFO root ✓ Loaded win_pipe from win_clf_calibrated.joblib
2025-11-18 07:32:21,509 INFO models Loaded metadata from C:\Users\goku\Documents\NFL_ML_Predictions\backend\models\metadata.json
2025-11-18 07:32:21,509 INFO root Model coherence validation passed
2025-11-18 07:32:21,509 INFO root Model loading completed: {'status': 'success', 'loaded': ['home_pipe', 'away_pipe', 'win_pipe', 'metadata', 'feature_columns']}
2025-11-18 07:32:21,510 INFO history No prediction_history.json found; starting with empty history.
2025-11-18 07:32:21,510 INFO api Application initialized: {'dataset': 'loaded', 'models': {'status': 'success', 'loaded': ['home_pipe', 'away_pipe', 'win_pipe', 'metadata', 'feature_columns']}, 'history': 'loaded 0 entries'}
2025-11-18 07:32:24,584 INFO api 🛑 Application shutdown complete
2025-11-18 07:32:27,240 INFO api Configuring CORS; restrict=False, allowed_origins=['http://localhost:3000', 'https://localhost:3000', 'https://nfl-ml-predictions.vercel.app', 'https://nfl-predict-frontend.vercel.app'], allow_origin_regex=https://.*/.vercel/.app$
2025-11-18 07:32:27,252 INFO api 🚀 Starting NFL Prediction API
2025-11-18 07:32:27,333 INFO root Dataset loaded successfully: 2748 rows, 186 columns
2025-11-18 07:32:27,381 INFO root ✓ Loaded home_pipe from home_model.joblib
2025-11-18 07:32:27,428 INFO root ✓ Loaded away_pipe from away_model.joblib
2025-11-18 07:32:27,433 INFO root ✓ Loaded win_pipe from win_clf_calibrated.joblib
2025-11-18 07:32:27,434 INFO models Loaded metadata from C:\Users\goku\Documents\NFL_ML_Predictions\backend\models\metadata.json
2025-11-18 07:32:27,435 INFO root Model coherence validation passed
2025-11-18 07:32:27,435 INFO root Model loading completed: {'status': 'success', 'loaded': ['home_pipe', 'away_pipe', 'win_pipe', 'metadata', 'feature_columns']}
2025-11-18 07:32:27,435 INFO history No prediction_history.json found; starting with empty history.
2025-11-18 07:32:27,436 INFO api Application initialized: {'dataset': 'loaded', 'models': {'status': 'success', 'loaded': ['home_pipe', 'away_pipe', 'win_pipe', 'metadata', 'feature_columns']}, 'history': 'loaded 0 entries'}
2025-11-18 07:43:06,119 INFO api 🛑 Application shutdown complete
2025-11-18 07:43:09,098 INFO api Configuring CORS; restrict=False, allowed_origins=['http://localhost:3000', 'https://localhost:3000', 'https://nfl-ml-predictions.vercel.app', 'https://nfl-predict-frontend.vercel.app'], allow_origin_regex=https://.*/.vercel/.app$
2025-11-18 07:43:09,109 INFO api 🚀 Starting NFL Prediction API
2025-11-18 07:43:09,187 INFO root Dataset loaded successfully: 2748 rows, 186 columns
2025-11-18 07:43:09,242 INFO root ✓ Loaded home_pipe from home_model.joblib
2025-11-18 07:43:09,290 INFO root ✓ Loaded away_pipe from away_model.joblib
2025-11-18 07:43:09,296 INFO root ✓ Loaded win_pipe from win_clf_calibrated.joblib
2025-11-18 07:43:09,297 INFO models Loaded metadata from C:\Users\goku\Documents\NFL_ML_Predictions\backend\models\metadata.json
2025-11-18 07:43:09,297 INFO root Model coherence validation passed
2025-11-18 07:43:09,298 INFO root Model loading completed: {'status': 'success', 'loaded': ['home_pipe', 'away_pipe', 'win_pipe', 'metadata', 'feature_columns']}
2025-11-18 07:43:09,298 INFO history No prediction_history.json found; starting with empty history.
2025-11-18 07:43:09,298 INFO api Application initialized: {'dataset': 'loaded', 'models': {'status': 'success', 'loaded': ['home_pipe', 'away_pipe', 'win_pipe', 'metadata', 'feature_columns']}, 'history': 'loaded 0 entries'}
2025-11-18 07:43:09,299 INFO api 🛑 Application shutdown complete
2025-11-18 07:43:11,972 INFO api Configuring CORS; restrict=False, allowed_origins=['http://localhost:3000', 'https://localhost:3000', 'https://nfl-ml-predictions.vercel.app', 'https://nfl-predict-frontend.vercel.app'], allow_origin_regex=https://.*/.vercel/.app$
2025-11-18 07:43:11,983 INFO api 🚀 Starting NFL Prediction API
2025-11-18 07:43:12,059 INFO root Dataset loaded successfully: 2748 rows, 186 columns
2025-11-18 07:43:12,107 INFO root ✓ Loaded home_pipe from home_model.joblib
2025-11-18 07:43:12,149 INFO root ✓ Loaded away_pipe from away_model.joblib
2025-11-18 07:43:12,155 INFO root ✓ Loaded win_pipe from win_clf_calibrated.joblib
2025-11-18 07:43:12,155 INFO models Loaded metadata from C:\Users\goku\Documents\NFL_ML_Predictions\backend\models\metadata.json
2025-11-18 07:43:12,156 INFO root Model coherence validation passed
2025-11-18 07:43:12,156 INFO root Model loading completed: {'status': 'success', 'loaded': ['home_pipe', 'away_pipe', 'win_pipe', 'metadata', 'feature_columns']}
2025-11-18 07:43:12,156 INFO history No prediction_history.json found; starting with empty history.
2025-11-18 07:43:12,157 INFO api Application initialized: {'dataset': 'loaded', 'models': {'status': 'success', 'loaded': ['home_pipe', 'away_pipe', 'win_pipe', 'metadata', 'feature_columns']}, 'history': 'loaded 0 entries'}
2025-11-18 07:43:12,157 INFO api 🛑 Application shutdown complete
2025-11-18 07:43:14,741 INFO api Configuring CORS; restrict=False, allowed_origins=['http://localhost:3000', 'https://localhost:3000', 'https://nfl-ml-predictions.vercel.app', 'https://nfl-predict-frontend.vercel.app'], allow_origin_regex=https://.*/.vercel/.app$
2025-11-18 07:43:14,752 INFO api 🚀 Starting NFL Prediction API
2025-11-18 07:43:14,828 INFO root Dataset loaded successfully: 2748 rows, 186 columns
2025-11-18 07:43:14,875 INFO root ✓ Loaded home_pipe from home_model.joblib
2025-11-18 07:43:14,918 INFO root ✓ Loaded away_pipe from away_model.joblib
2025-11-18 07:43:14,924 INFO root ✓ Loaded win_pipe from win_clf_calibrated.joblib
2025-11-18 07:43:14,924 INFO models Loaded metadata from C:\Users\goku\Documents\NFL_ML_Predictions\backend\models\metadata.json
2025-11-18 07:43:14,925 INFO root Model coherence validation passed
2025-11-18 07:43:14,925 INFO root Model loading completed: {'status': 'success', 'loaded': ['home_pipe', 'away_pipe', 'win_pipe', 'metadata', 'feature_columns']}
2025-11-18 07:43:14,925 INFO history No prediction_history.json found; starting with empty history.
2025-11-18 07:43:14,926 INFO api Application initialized: {'dataset': 'loaded', 'models': {'status': 'success', 'loaded': ['home_pipe', 'away_pipe', 'win_pipe', 'metadata', 'feature_columns']}, 'history': 'loaded 0 entries'}
2025-11-18 07:43:30,754 INFO api 🛑 Application shutdown complete
2025-11-18 07:43:42,499 INFO api Configuring CORS; restrict=False, allowed_origins=['http://localhost:3000', 'https://localhost:3000', 'https://nfl-ml-predictions.vercel.app', 'https://nfl-predict-frontend.vercel.app'], allow_origin_regex=https://.*/.vercel/.app$
2025-11-18 07:43:42,511 INFO api 🚀 Starting NFL Prediction API
2025-11-18 07:43:42,615 INFO root Dataset loaded successfully: 2748 rows, 186 columns
2025-11-18 07:43:42,689 INFO root ✓ Loaded home_pipe from home_model.joblib
2025-11-18 07:43:42,745 INFO root ✓ Loaded away_pipe from away_model.joblib
2025-11-18 07:43:42,752 INFO root ✓ Loaded win_pipe from win_clf_calibrated.joblib
2025-11-18 07:43:42,752 INFO models Loaded metadata from C:\Users\goku\Documents\NFL_ML_Predictions\backend\models\metadata.json
2025-11-18 07:43:42,753 INFO root Model coherence validation passed
2025-11-18 07:43:42,753 INFO root Model loading completed: {'status': 'success', 'loaded': ['home_pipe', 'away_pipe', 'win_pipe', 'metadata', 'feature_columns']}
2025-11-18 07:43:42,754 INFO history No prediction_history.json found; starting with empty history.
2025-11-18 07:43:42,754 INFO api Application initialized: {'dataset': 'loaded', 'models': {'status': 'success', 'loaded': ['home_pipe', 'away_pipe', 'win_pipe', 'metadata', 'feature_columns']}, 'history': 'loaded 0 entries'}
2025-11-18 07:43:42,755 INFO api 🛑 Application shutdown complete
2025-11-18 07:43:45,488 INFO api Configuring CORS; restrict=False, allowed_origins=['http://localhost:3000', 'https://localhost:3000', 'https://nfl-ml-predictions.vercel.app', 'https://nfl-predict-frontend.vercel.app'], allow_origin_regex=https://.*/.vercel/.app$
2025-11-18 07:43:45,500 INFO api 🚀 Starting NFL Prediction API
2025-11-18 07:43:45,578 INFO root Dataset loaded successfully: 2748 rows, 186 columns
2025-11-18 07:43:45,625 INFO root ✓ Loaded home_pipe from home_model.joblib
2025-11-18 07:43:45,674 INFO root ✓ Loaded away_pipe from away_model.joblib
2025-11-18 07:43:45,679 INFO root ✓ Loaded win_pipe from win_clf_calibrated.joblib
2025-11-18 07:43:45,680 INFO models Loaded metadata from C:\Users\goku\Documents\NFL_ML_Predictions\backend\models\metadata.json
2025-11-18 07:43:45,680 INFO root Model coherence validation passed
2025-11-18 07:43:45,681 INFO root Model loading completed: {'status': 'success', 'loaded': ['home_pipe', 'away_pipe', 'win_pipe', 'metadata', 'feature_columns']}
2025-11-18 07:43:45,681 INFO history No prediction_history.json found; starting with empty history.
2025-11-18 07:43:45,681 INFO api Application initialized: {'dataset': 'loaded', 'models': {'status': 'success', 'loaded': ['home_pipe', 'away_pipe', 'win_pipe', 'metadata', 'feature_columns']}, 'history': 'loaded 0 entries'}
2025-11-18 07:43:45,682 INFO api 🛑 Application shutdown complete
2025-11-18 07:43:50,921 INFO api Configuring CORS; restrict=False, allowed_origins=['http://localhost:3000', 'https://localhost:3000', 'https://nfl-ml-predictions.vercel.app', 'https://nfl-predict-frontend.vercel.app'], allow_origin_regex=https://.*/.vercel/.app$
2025-11-18 07:43:50,933 INFO api 🚀 Starting NFL Prediction API
2025-11-18 07:43:51,011 INFO root Dataset loaded successfully: 2748 rows, 186 columns
2025-11-18 07:43:51,060 INFO root ✓ Loaded home_pipe from home_model.joblib
2025-11-18 07:43:51,103 INFO root ✓ Loaded away_pipe from away_model.joblib
2025-11-18 07:43:51,109 INFO root ✓ Loaded win_pipe from win_clf_calibrated.joblib
2025-11-18 07:43:51,109 INFO models Loaded metadata from C:\Users\goku\Documents\NFL_ML_Predictions\backend\models\metadata.json
2025-11-18 07:43:51,110 INFO root Model coherence validation passed
2025-11-18 07:43:51,110 INFO root Model loading completed: {'status': 'success', 'loaded': ['home_pipe', 'away_pipe', 'win_pipe', 'metadata', 'feature_columns']}
2025-11-18 07:43:51,110 INFO history No prediction_history.json found; starting with empty history.
2025-11-18 07:43:51,111 INFO api Application initialized: {'dataset': 'loaded', 'models': {'status': 'success', 'loaded': ['home_pipe', 'away_pipe', 'win_pipe', 'metadata', 'feature_columns']}, 'history': 'loaded 0 entries'}
2025-11-18 07:43:51,111 INFO api 🛑 Application shutdown complete
2025-11-18 07:43:53,826 INFO api Configuring CORS; restrict=False, allowed_origins=['http://localhost:3000', 'https://localhost:3000', 'https://nfl-ml-predictions.vercel.app', 'https://nfl-predict-frontend.vercel.app'], allow_origin_regex=https://.*/.vercel/.app$
2025-11-18 07:43:53,838 INFO api 🚀 Starting NFL Prediction API
2025-11-18 07:43:53,915 INFO root Dataset loaded successfully: 2748 rows, 186 columns
2025-11-18 07:43:53,961 INFO root ✓ Loaded home_pipe from home_model.joblib
2025-11-18 07:43:54,005 INFO root ✓ Loaded away_pipe from away_model.joblib
2025-11-18 07:43:54,010 INFO root ✓ Loaded win_pipe from win_clf_calibrated.joblib
2025-11-18 07:43:54,011 INFO models Loaded metadata from C:\Users\goku\Documents\NFL_ML_Predictions\backend\models\metadata.json
2025-11-18 07:43:54,011 INFO root Model coherence validation passed
2025-11-18 07:43:54,011 INFO root Model loading completed: {'status': 'success', 'loaded': ['home_pipe', 'away_pipe', 'win_pipe', 'metadata', 'feature_columns']}
2025-11-18 07:43:54,012 INFO history No prediction_history.json found; starting with empty history.
2025-11-18 07:43:54,012 INFO api Application initialized: {'dataset': 'loaded', 'models': {'status': 'success', 'loaded': ['home_pipe', 'away_pipe', 'win_pipe', 'metadata', 'feature_columns']}, 'history': 'loaded 0 entries'}
2025-11-18 07:43:55,261 INFO api 🛑 Application shutdown complete
2025-11-18 07:43:57,977 INFO api Configuring CORS; restrict=False, allowed_origins=['http://localhost:3000', 'https://localhost:3000', 'https://nfl-ml-predictions.vercel.app', 'https://nfl-predict-frontend.vercel.app'], allow_origin_regex=https://.*/.vercel/.app$
2025-11-18 07:43:57,993 INFO api 🚀 Starting NFL Prediction API
2025-11-18 07:43:58,073 INFO root Dataset loaded successfully: 2748 rows, 186 columns
2025-11-18 07:43:58,126 INFO root ✓ Loaded home_pipe from home_model.joblib
2025-11-18 07:43:58,171 INFO root ✓ Loaded away_pipe from away_model.joblib
2025-11-18 07:43:58,177 INFO root ✓ Loaded win_pipe from win_clf_calibrated.joblib
2025-11-18 07:43:58,178 INFO models Loaded metadata from C:\Users\goku\Documents\NFL_ML_Predictions\backend\models\metadata.json
2025-11-18 07:43:58,178 INFO root Model coherence validation passed
2025-11-18 07:43:58,179 INFO root Model loading completed: {'status': 'success', 'loaded': ['home_pipe', 'away_pipe', 'win_pipe', 'metadata', 'feature_columns']}
2025-11-18 07:43:58,179 INFO history No prediction_history.json found; starting with empty history.
2025-11-18 07:43:58,179 INFO api Application initialized: {'dataset': 'loaded', 'models': {'status': 'success', 'loaded': ['home_pipe', 'away_pipe', 'win_pipe', 'metadata', 'feature_columns']}, 'history': 'loaded 0 entries'}
2025-11-18 07:44:02,051 INFO api 🛑 Application shutdown complete
2025-11-18 07:44:04,997 INFO api Configuring CORS; restrict=False, allowed_origins=['http://localhost:3000', 'https://localhost:3000', 'https://nfl-ml-predictions.vercel.app', 'https://nfl-predict-frontend.vercel.app'], allow_origin_regex=https://.*/.vercel/.app$
2025-11-18 07:44:05,010 INFO api 🚀 Starting NFL Prediction API
2025-11-18 07:44:05,106 INFO root Dataset loaded successfully: 2748 rows, 186 columns
2025-11-18 07:44:05,169 INFO root ✓ Loaded home_pipe from home_model.joblib
2025-11-18 07:44:05,232 INFO root ✓ Loaded away_pipe from away_model.joblib
2025-11-18 07:44:05,240 INFO root ✓ Loaded win_pipe from win_clf_calibrated.joblib
2025-11-18 07:44:05,241 INFO models Loaded metadata from C:\Users\goku\Documents\NFL_ML_Predictions\backend\models\metadata.json
2025-11-18 07:44:05,241 INFO root Model coherence validation passed
2025-11-18 07:44:05,241 INFO root Model loading completed: {'status': 'success', 'loaded': ['home_pipe', 'away_pipe', 'win_pipe', 'metadata', 'feature_columns']}
2025-11-18 07:44:05,242 INFO history No prediction_history.json found; starting with empty history.
2025-11-18 07:44:05,242 INFO api Application initialized: {'dataset': 'loaded', 'models': {'status': 'success', 'loaded': ['home_pipe', 'away_pipe', 'win_pipe', 'metadata', 'feature_columns']}, 'history': 'loaded 0 entries'}
2025-11-18 07:44:05,243 INFO api 🛑 Application shutdown complete
2025-11-18 07:44:07,927 INFO api Configuring CORS; restrict=False, allowed_origins=['http://localhost:3000', 'https://localhost:3000', 'https://nfl-ml-predictions.vercel.app', 'https://nfl-predict-frontend.vercel.app'], allow_origin_regex=https://.*/.vercel/.app$
2025-11-18 07:44:07,939 INFO api 🚀 Starting NFL Prediction API
2025-11-18 07:44:08,016 INFO root Dataset loaded successfully: 2748 rows, 186 columns
2025-11-18 07:44:08,062 INFO root ✓ Loaded home_pipe from home_model.joblib
2025-11-18 07:44:08,105 INFO root ✓ Loaded away_pipe from away_model.joblib
2025-11-18 07:44:08,110 INFO root ✓ Loaded win_pipe from win_clf_calibrated.joblib
2025-11-18 07:44:08,111 INFO models Loaded metadata from C:\Users\goku\Documents\NFL_ML_Predictions\backend\models\metadata.json
2025-11-18 07:44:08,111 INFO root Model coherence validation passed
2025-11-18 07:44:08,111 INFO root Model loading completed: {'status': 'success', 'loaded': ['home_pipe', 'away_pipe', 'win_pipe', 'metadata', 'feature_columns']}
2025-11-18 07:44:08,112 INFO history No prediction_history.json found; starting with empty history.
2025-11-18 07:44:08,112 INFO api Application initialized: {'dataset': 'loaded', 'models': {'status': 'success', 'loaded': ['home_pipe', 'away_pipe', 'win_pipe', 'metadata', 'feature_columns']}, 'history': 'loaded 0 entries'}
2025-11-18 07:44:24,689 INFO api 🛑 Application shutdown complete
2025-11-18 07:44:27,484 INFO api Configuring CORS; restrict=False, allowed_origins=['http://localhost:3000', 'https://localhost:3000', 'https://nfl-ml-predictions.vercel.app', 'https://nfl-predict-frontend.vercel.app'], allow_origin_regex=https://.*/.vercel/.app$
2025-11-18 07:44:27,495 INFO api 🚀 Starting NFL Prediction API
2025-11-18 07:44:27,581 INFO root Dataset loaded successfully: 2748 rows, 186 columns
2025-11-18 07:44:27,637 INFO root ✓ Loaded home_pipe from home_model.joblib
2025-11-18 07:44:27,694 INFO root ✓ Loaded away_pipe from away_model.joblib
2025-11-18 07:44:27,702 INFO root ✓ Loaded win_pipe from win_clf_calibrated.joblib
2025-11-18 07:44:27,703 INFO models Loaded metadata from C:\Users\goku\Documents\NFL_ML_Predictions\backend\models\metadata.json
2025-11-18 07:44:27,703 INFO root Model coherence validation passed
2025-11-18 07:44:27,703 INFO root Model loading completed: {'status': 'success', 'loaded': ['home_pipe', 'away_pipe', 'win_pipe', 'metadata', 'feature_columns']}
2025-11-18 07:44:27,704 INFO history No prediction_history.json found; starting with empty history.
2025-11-18 07:44:27,704 INFO api Application initialized: {'dataset': 'loaded', 'models': {'status': 'success', 'loaded': ['home_pipe', 'away_pipe', 'win_pipe', 'metadata', 'feature_columns']}, 'history': 'loaded 0 entries'}
2025-11-18 07:44:27,705 INFO api 🛑 Application shutdown complete
2025-11-18 07:44:30,405 INFO api Configuring CORS; restrict=False, allowed_origins=['http://localhost:3000', 'https://localhost:3000', 'https://nfl-ml-predictions.vercel.app', 'https://nfl-predict-frontend.vercel.app'], allow_origin_regex=https://.*/.vercel/.app$
2025-11-18 07:44:30,417 INFO api 🚀 Starting NFL Prediction API
2025-11-18 07:44:30,494 INFO root Dataset loaded successfully: 2748 rows, 186 columns
2025-11-18 07:44:30,539 INFO root ✓ Loaded home_pipe from home_model.joblib
2025-11-18 07:44:30,584 INFO root ✓ Loaded away_pipe from away_model.joblib
2025-11-18 07:44:30,589 INFO root ✓ Loaded win_pipe from win_clf_calibrated.joblib
2025-11-18 07:44:30,590 INFO models Loaded metadata from C:\Users\goku\Documents\NFL_ML_Predictions\backend\models\metadata.json
2025-11-18 07:44:30,591 INFO root Model coherence validation passed
2025-11-18 07:44:30,591 INFO root Model loading completed: {'status': 'success', 'loaded': ['home_pipe', 'away_pipe', 'win_pipe', 'metadata', 'feature_columns']}
2025-11-18 07:44:30,591 INFO history No prediction_history.json found; starting with empty history.
2025-11-18 07:44:30,592 INFO api Application initialized: {'dataset': 'loaded', 'models': {'status': 'success', 'loaded': ['home_pipe', 'away_pipe', 'win_pipe', 'metadata', 'feature_columns']}, 'history': 'loaded 0 entries'}
2025-11-18 07:44:30,592 INFO api 🛑 Application shutdown complete
2025-11-18 07:44:33,375 INFO api Configuring CORS; restrict=False, allowed_origins=['http://localhost:3000', 'https://localhost:3000', 'https://nfl-ml-predictions.vercel.app', 'https://nfl-predict-frontend.vercel.app'], allow_origin_regex=https://.*/.vercel/.app$
2025-11-18 07:44:33,390 INFO api 🚀 Starting NFL Prediction API
2025-11-18 07:44:33,471 INFO root Dataset loaded successfully: 2748 rows, 186 columns
2025-11-18 07:44:33,519 INFO root ✓ Loaded home_pipe from home_model.joblib
2025-11-18 07:44:33,563 INFO root ✓ Loaded away_pipe from away_model.joblib
2025-11-18 07:44:33,570 INFO root ✓ Loaded win_pipe from win_clf_calibrated.joblib
2025-11-18 07:44:33,571 INFO models Loaded metadata from C:\Users\goku\Documents\NFL_ML_Predictions\backend\models\metadata.json
2025-11-18 07:44:33,571 INFO root Model coherence validation passed
2025-11-18 07:44:33,571 INFO root Model loading completed: {'status': 'success', 'loaded': ['home_pipe', 'away_pipe', 'win_pipe', 'metadata', 'feature_columns']}
2025-11-18 07:44:33,572 INFO history No prediction_history.json found; starting with empty history.
2025-11-18 07:44:33,572 INFO api Application initialized: {'dataset': 'loaded', 'models': {'status': 'success', 'loaded': ['home_pipe', 'away_pipe', 'win_pipe', 'metadata', 'feature_columns']}, 'history': 'loaded 0 entries'}
2025-11-18 07:44:33,573 INFO api 🛑 Application shutdown complete
2025-11-18 07:44:36,272 INFO api Configuring CORS; restrict=False, allowed_origins=['http://localhost:3000', 'https://localhost:3000', 'https://nfl-ml-predictions.vercel.app', 'https://nfl-predict-frontend.vercel.app'], allow_origin_regex=https://.*/.vercel/.app$
2025-11-18 07:44:36,282 INFO api 🚀 Starting NFL Prediction API
2025-11-18 07:44:36,359 INFO root Dataset loaded successfully: 2748 rows, 186 columns
2025-11-18 07:44:36,404 INFO root ✓ Loaded home_pipe from home_model.joblib
2025-11-18 07:44:36,447 INFO root ✓ Loaded away_pipe from away_model.joblib
2025-11-18 07:44:36,452 INFO root ✓ Loaded win_pipe from win_clf_calibrated.joblib
2025-11-18 07:44:36,453 INFO models Loaded metadata from C:\Users\goku\Documents\NFL_ML_Predictions\backend\models\metadata.json
2025-11-18 07:44:36,453 INFO root Model coherence validation passed
2025-11-18 07:44:36,454 INFO root Model loading completed: {'status': 'success', 'loaded': ['home_pipe', 'away_pipe', 'win_pipe', 'metadata', 'feature_columns']}
2025-11-18 07:44:36,454 INFO history No prediction_history.json found; starting with empty history.
2025-11-18 07:44:36,454 INFO api Application initialized: {'dataset': 'loaded', 'models': {'status': 'success', 'loaded': ['home_pipe', 'away_pipe', 'win_pipe', 'metadata', 'feature_columns']}, 'history': 'loaded 0 entries'}
2025-11-18 07:44:42,558 INFO api 🛑 Application shutdown complete
2025-11-18 07:44:45,404 INFO api Configuring CORS; restrict=False, allowed_origins=['http://localhost:3000', 'https://localhost:3000', 'https://nfl-ml-predictions.vercel.app', 'https://nfl-predict-frontend.vercel.app'], allow_origin_regex=https://.*/.vercel/.app$
2025-11-18 07:44:45,416 INFO api 🚀 Starting NFL Prediction API
2025-11-18 07:44:45,500 INFO root Dataset loaded successfully: 2748 rows, 186 columns
2025-11-18 07:44:45,556 INFO root ✓ Loaded home_pipe from home_model.joblib
2025-11-18 07:44:45,614 INFO root ✓ Loaded away_pipe from away_model.joblib
2025-11-18 07:44:45,620 INFO root ✓ Loaded win_pipe from win_clf_calibrated.joblib
2025-11-18 07:44:45,621 INFO models Loaded metadata from C:\Users\goku\Documents\NFL_ML_Predictions\backend\models\metadata.json
2025-11-18 07:44:45,622 INFO root Model coherence validation passed
2025-11-18 07:44:45,622 INFO root Model loading completed: {'status': 'success', 'loaded': ['home_pipe', 'away_pipe', 'win_pipe', 'metadata', 'feature_columns']}
2025-11-18 07:44:45,622 INFO history No prediction_history.json found; starting with empty history.
2025-11-18 07:44:45,623 INFO api Application initialized: {'dataset': 'loaded', 'models': {'status': 'success', 'loaded': ['home_pipe', 'away_pipe', 'win_pipe', 'metadata', 'feature_columns']}, 'history': 'loaded 0 entries'}
2025-11-18 07:44:50,143 INFO api 🛑 Application shutdown complete
2025-11-18 07:44:52,793 INFO api Configuring CORS; restrict=False, allowed_origins=['http://localhost:3000', 'https://localhost:3000', 'https://nfl-ml-predictions.vercel.app', 'https://nfl-predict-frontend.vercel.app'], allow_origin_regex=https://.*/.vercel/.app$
2025-11-18 07:44:52,804 INFO api 🚀 Starting NFL Prediction API
2025-11-18 07:44:52,882 INFO root Dataset loaded successfully: 2748 rows, 186 columns
2025-11-18 07:44:52,930 INFO root ✓ Loaded home_pipe from home_model.joblib
2025-11-18 07:44:52,974 INFO root ✓ Loaded away_pipe from away_model.joblib
2025-11-18 07:44:52,979 INFO root ✓ Loaded win_pipe from win_clf_calibrated.joblib
2025-11-18 07:44:52,980 INFO models Loaded metadata from C:\Users\goku\Documents\NFL_ML_Predictions\backend\models\metadata.json
2025-11-18 07:44:52,981 INFO root Model coherence validation passed
2025-11-18 07:44:52,981 INFO root Model loading completed: {'status': 'success', 'loaded': ['home_pipe', 'away_pipe', 'win_pipe', 'metadata', 'feature_columns']}
2025-11-18 07:44:52,981 INFO history No prediction_history.json found; starting with empty history.
2025-11-18 07:44:52,982 INFO api Application initialized: {'dataset': 'loaded', 'models': {'status': 'success', 'loaded': ['home_pipe', 'away_pipe', 'win_pipe', 'metadata', 'feature_columns']}, 'history': 'loaded 0 entries'}
2025-11-18 07:46:27,196 INFO api 🛑 Application shutdown complete
2025-11-18 07:46:49,835 INFO api Configuring CORS; restrict=False, allowed_origins=['http://localhost:3000', 'https://localhost:3000', 'https://nfl-ml-predictions.vercel.app', 'https://nfl-predict-frontend.vercel.app'], allow_origin_regex=https://.*/.vercel/.app$
2025-11-18 07:46:49,846 INFO api 🚀 Starting NFL Prediction API
2025-11-18 07:46:49,924 INFO root Dataset loaded successfully: 2748 rows, 186 columns
2025-11-18 07:46:49,970 INFO root ✓ Loaded home_pipe from home_model.joblib
2025-11-18 07:46:50,013 INFO root ✓ Loaded away_pipe from away_model.joblib
2025-11-18 07:46:50,019 INFO root ✓ Loaded win_pipe from win_clf_calibrated.joblib
2025-11-18 07:46:50,020 INFO models Loaded metadata from C:\Users\goku\Documents\NFL_ML_Predictions\backend\models\metadata.json
2025-11-18 07:46:50,020 INFO root Model coherence validation passed
2025-11-18 07:46:50,020 INFO root Model loading completed: {'status': 'success', 'loaded': ['home_pipe', 'away_pipe', 'win_pipe', 'metadata', 'feature_columns']}
2025-11-18 07:46:50,021 INFO history No prediction_history.json found; starting with empty history.
2025-11-18 07:46:50,021 INFO api Application initialized: {'dataset': 'loaded', 'models': {'status': 'success', 'loaded': ['home_pipe', 'away_pipe', 'win_pipe', 'metadata', 'feature_columns']}, 'history': 'loaded 0 entries'}
2025-11-18 07:46:58,710 INFO api 🛑 Application shutdown complete
2025-11-18 07:49:20,845 INFO api Configuring CORS; restrict=False, allowed_origins=['http://localhost:3000', 'https://localhost:3000', 'https://nfl-ml-predictions.vercel.app', 'https://nfl-predict-frontend.vercel.app'], allow_origin_regex=https://.*/.vercel/.app$
2025-11-18 07:49:20,856 INFO api 🚀 Starting NFL Prediction API
2025-11-18 07:49:20,937 INFO root Dataset loaded successfully: 2748 rows, 186 columns
2025-11-18 07:49:20,991 INFO root ✓ Loaded home_pipe from home_model.joblib
2025-11-18 07:49:21,036 INFO root ✓ Loaded away_pipe from away_model.joblib
2025-11-18 07:49:21,042 INFO root ✓ Loaded win_pipe from win_clf_calibrated.joblib
2025-11-18 07:49:21,043 INFO models Loaded metadata from C:\Users\goku\Documents\NFL_ML_Predictions\backend\models\metadata.json
2025-11-18 07:49:21,043 INFO root Model coherence validation passed
2025-11-18 07:49:21,043 INFO root Model loading completed: {'status': 'success', 'loaded': ['home_pipe', 'away_pipe', 'win_pipe', 'metadata', 'feature_columns']}
2025-11-18 07:49:21,044 INFO history No prediction_history.json found; starting with empty history.
2025-11-18 07:49:21,044 INFO api Application initialized: {'dataset': 'loaded', 'models': {'status': 'success', 'loaded': ['home_pipe', 'away_pipe', 'win_pipe', 'metadata', 'feature_columns']}, 'history': 'loaded 0 entries'}
2025-11-18 07:50:15,309 INFO api 🛑 Application shutdown complete
2025-11-18 07:50:18,417 INFO api Configuring CORS; restrict=False, allowed_origins=['http://localhost:3000', 'https://localhost:3000', 'https://nfl-ml-predictions.vercel.app', 'https://nfl-predict-frontend.vercel.app'], allow_origin_regex=https://.*/.vercel/.app$
2025-11-18 07:50:18,429 INFO api 🚀 Starting NFL Prediction API
2025-11-18 07:50:18,515 INFO root Dataset loaded successfully: 2748 rows, 186 columns
2025-11-18 07:50:18,563 INFO root ✓ Loaded home_pipe from home_model.joblib
2025-11-18 07:50:18,629 INFO root ✓ Loaded away_pipe from away_model.joblib
2025-11-18 07:50:18,635 INFO root ✓ Loaded win_pipe from win_clf_calibrated.joblib
2025-11-18 07:50:18,636 INFO models Loaded metadata from C:\Users\goku\Documents\NFL_ML_Predictions\backend\models\metadata.json
2025-11-18 07:50:18,637 INFO root Model coherence validation passed
2025-11-18 07:50:18,637 INFO root Model loading completed: {'status': 'success', 'loaded': ['home_pipe', 'away_pipe', 'win_pipe', 'metadata', 'feature_columns']}
2025-11-18 07:50:18,638 INFO history No prediction_history.json found; starting with empty history.
2025-11-18 07:50:18,638 INFO api Application initialized: {'dataset': 'loaded', 'models': {'status': 'success', 'loaded': ['home_pipe', 'away_pipe', 'win_pipe', 'metadata', 'feature_columns']}, 'history': 'loaded 0 entries'}
2025-11-18 07:50:18,639 INFO api 🛑 Application shutdown complete
2025-11-18 07:50:24,611 INFO api Configuring CORS; restrict=False, allowed_origins=['http://localhost:3000', 'https://localhost:3000', 'https://nfl-ml-predictions.vercel.app', 'https://nfl-predict-frontend.vercel.app'], allow_origin_regex=https://.*/.vercel/.app$
2025-11-18 07:50:24,623 INFO api 🚀 Starting NFL Prediction API
2025-11-18 07:50:24,703 INFO root Dataset loaded successfully: 2748 rows, 186 columns
2025-11-18 07:50:24,750 INFO root ✓ Loaded home_pipe from home_model.joblib
2025-11-18 07:50:24,795 INFO root ✓ Loaded away_pipe from away_model.joblib
2025-11-18 07:50:24,801 INFO root ✓ Loaded win_pipe from win_clf_calibrated.joblib
2025-11-18 07:50:24,802 INFO models Loaded metadata from C:\Users\goku\Documents\NFL_ML_Predictions\backend\models\metadata.json
2025-11-18 07:50:24,802 INFO root Model coherence validation passed
2025-11-18 07:50:24,802 INFO root Model loading completed: {'status': 'success', 'loaded': ['home_pipe', 'away_pipe', 'win_pipe', 'metadata', 'feature_columns']}
2025-11-18 07:50:24,803 INFO history No prediction_history.json found; starting with empty history.
2025-11-18 07:50:24,803 INFO api Application initialized: {'dataset': 'loaded', 'models': {'status': 'success', 'loaded': ['home_pipe', 'away_pipe', 'win_pipe', 'metadata', 'feature_columns']}, 'history': 'loaded 0 entries'}
2025-11-18 07:50:28,513 INFO api 🛑 Application shutdown complete
2025-11-18 07:50:31,159 INFO api Configuring CORS; restrict=False, allowed_origins=['http://localhost:3000', 'https://localhost:3000', 'https://nfl-ml-predictions.vercel.app', 'https://nfl-predict-frontend.vercel.app'], allow_origin_regex=https://.*/.vercel/.app$
2025-11-18 07:50:31,170 INFO api 🚀 Starting NFL Prediction API
2025-11-18 07:50:31,247 INFO root Dataset loaded successfully: 2748 rows, 186 columns
2025-11-18 07:50:31,299 INFO root ✓ Loaded home_pipe from home_model.joblib
2025-11-18 07:50:31,347 INFO root ✓ Loaded away_pipe from away_model.joblib
2025-11-18 07:50:31,353 INFO root ✓ Loaded win_pipe from win_clf_calibrated.joblib
2025-11-18 07:50:31,354 INFO models Loaded metadata from C:\Users\goku\Documents\NFL_ML_Predictions\backend\models\metadata.json
2025-11-18 07:50:31,355 INFO root Model coherence validation passed
2025-11-18 07:50:31,355 INFO root Model loading completed: {'status': 'success', 'loaded': ['home_pipe', 'away_pipe', 'win_pipe', 'metadata', 'feature_columns']}
2025-11-18 07:50:31,355 INFO history No prediction_history.json found; starting with empty history.
2025-11-18 07:50:31,356 INFO api Application initialized: {'dataset': 'loaded', 'models': {'status': 'success', 'loaded': ['home_pipe', 'away_pipe', 'win_pipe', 'metadata', 'feature_columns']}, 'history': 'loaded 0 entries'}
2025-11-18 07:50:37,906 INFO api 🛑 Application shutdown complete
2025-11-18 07:50:50,455 INFO api Configuring CORS; restrict=False, allowed_origins=['http://localhost:3000', 'https://localhost:3000', 'https://nfl-ml-predictions.vercel.app', 'https://nfl-predict-frontend.vercel.app'], allow_origin_regex=https://.*/.vercel/.app$
2025-11-18 07:50:50,467 INFO api 🚀 Starting NFL Prediction API
2025-11-18 07:50:50,550 INFO root Dataset loaded successfully: 2748 rows, 186 columns
2025-11-18 07:50:50,601 INFO root ✓ Loaded home_pipe from home_model.joblib
2025-11-18 07:50:50,651 INFO root ✓ Loaded away_pipe from away_model.joblib
2025-11-18 07:50:50,657 INFO root ✓ Loaded win_pipe from win_clf_calibrated.joblib
2025-11-18 07:50:50,657 INFO models Loaded metadata from C:\Users\goku\Documents\NFL_ML_Predictions\backend\models\metadata.json
2025-11-18 07:50:50,658 INFO root Model coherence validation passed
2025-11-18 07:50:50,658 INFO root Model loading completed: {'status': 'success', 'loaded': ['home_pipe', 'away_pipe', 'win_pipe', 'metadata', 'feature_columns']}
2025-11-18 07:50:50,659 INFO history No prediction_history.json found; starting with empty history.
2025-11-18 07:50:50,659 INFO api Application initialized: {'dataset': 'loaded', 'models': {'status': 'success', 'loaded': ['home_pipe', 'away_pipe', 'win_pipe', 'metadata', 'feature_columns']}, 'history': 'loaded 0 entries'}
2025-11-18 07:52:23,162 INFO api 🛑 Application shutdown complete
2025-11-18 07:52:25,968 INFO api Configuring CORS; restrict=False, allowed_origins=['http://localhost:3000', 'https://localhost:3000', 'https://nfl-ml-predictions.vercel.app', 'https://nfl-predict-frontend.vercel.app'], allow_origin_regex=https://.*/.vercel/.app$
2025-11-18 07:52:25,979 INFO api 🚀 Starting NFL Prediction API
2025-11-18 07:52:26,069 INFO root Dataset loaded successfully: 2748 rows, 186 columns
2025-11-18 07:52:26,117 INFO root ✓ Loaded home_pipe from home_model.joblib
2025-11-18 07:52:26,161 INFO root ✓ Loaded away_pipe from away_model.joblib
2025-11-18 07:52:26,168 INFO root ✓ Loaded win_pipe from win_clf_calibrated.joblib
2025-11-18 07:52:26,168 INFO models Loaded metadata from C:\Users\goku\Documents\NFL_ML_Predictions\backend\models\metadata.json
2025-11-18 07:52:26,169 INFO root Model coherence validation passed
2025-11-18 07:52:26,169 INFO root Model loading completed: {'status': 'success', 'loaded': ['home_pipe', 'away_pipe', 'win_pipe', 'metadata', 'feature_columns']}
2025-11-18 07:52:26,169 INFO history No prediction_history.json found; starting with empty history.
2025-11-18 07:52:26,170 INFO api Application initialized: {'dataset': 'loaded', 'models': {'status': 'success', 'loaded': ['home_pipe', 'away_pipe', 'win_pipe', 'metadata', 'feature_columns']}, 'history': 'loaded 0 entries'}
2025-11-18 07:52:35,825 INFO api 🛑 Application shutdown complete
2025-11-18 07:52:38,773 INFO api Configuring CORS; restrict=False, allowed_origins=['http://localhost:3000', 'https://localhost:3000', 'https://nfl-ml-predictions.vercel.app', 'https://nfl-predict-frontend.vercel.app'], allow_origin_regex=https://.*/.vercel/.app$
2025-11-18 07:52:38,784 INFO api 🚀 Starting NFL Prediction API
2025-11-18 07:52:38,868 INFO root Dataset loaded successfully: 2748 rows, 186 columns
2025-11-18 07:52:38,918 INFO root ✓ Loaded home_pipe from home_model.joblib
2025-11-18 07:52:38,965 INFO root ✓ Loaded away_pipe from away_model.joblib
2025-11-18 07:52:38,971 INFO root ✓ Loaded win_pipe from win_clf_calibrated.joblib
2025-11-18 07:52:38,972 INFO models Loaded metadata from C:\Users\goku\Documents\NFL_ML_Predictions\backend\models\metadata.json
2025-11-18 07:52:38,972 INFO root Model coherence validation passed
2025-11-18 07:52:38,973 INFO root Model loading completed: {'status': 'success', 'loaded': ['home_pipe', 'away_pipe', 'win_pipe', 'metadata', 'feature_columns']}
2025-11-18 07:52:38,973 INFO history No prediction_history.json found; starting with empty history.
2025-11-18 07:52:38,973 INFO api Application initialized: {'dataset': 'loaded', 'models': {'status': 'success', 'loaded': ['home_pipe', 'away_pipe', 'win_pipe', 'metadata', 'feature_columns']}, 'history': 'loaded 0 entries'}
2025-11-18 07:52:38,974 INFO api 🛑 Application shutdown complete
2025-11-18 07:52:41,875 INFO api Configuring CORS; restrict=False, allowed_origins=['http://localhost:3000', 'https://localhost:3000', 'https://nfl-ml-predictions.vercel.app', 'https://nfl-predict-frontend.vercel.app'], allow_origin_regex=https://.*/.vercel/.app$
2025-11-18 07:52:41,886 INFO api 🚀 Starting NFL Prediction API
2025-11-18 07:52:41,961 INFO root Dataset loaded successfully: 2748 rows, 186 columns
2025-11-18 07:52:42,006 INFO root ✓ Loaded home_pipe from home_model.joblib
2025-11-18 07:52:42,049 INFO root ✓ Loaded away_pipe from away_model.joblib
2025-11-18 07:52:42,054 INFO root ✓ Loaded win_pipe from win_clf_calibrated.joblib
2025-11-18 07:52:42,055 INFO models Loaded metadata from C:\Users\goku\Documents\NFL_ML_Predictions\backend\models\metadata.json
2025-11-18 07:52:42,055 INFO root Model coherence validation passed
2025-11-18 07:52:42,055 INFO root Model loading completed: {'status': 'success', 'loaded': ['home_pipe', 'away_pipe', 'win_pipe', 'metadata', 'feature_columns']}
2025-11-18 07:52:42,056 INFO history No prediction_history.json found; starting with empty history.
2025-11-18 07:52:42,056 INFO api Application initialized: {'dataset': 'loaded', 'models': {'status': 'success', 'loaded': ['home_pipe', 'away_pipe', 'win_pipe', 'metadata', 'feature_columns']}, 'history': 'loaded 0 entries'}
2025-11-18 07:52:50,794 INFO api 🛑 Application shutdown complete
2025-11-18 07:52:53,564 INFO api Configuring CORS; restrict=False, allowed_origins=['http://localhost:3000', 'https://localhost:3000', 'https://nfl-ml-predictions.vercel.app', 'https://nfl-predict-frontend.vercel.app'], allow_origin_regex=https://.*/.vercel/.app$
2025-11-18 07:52:53,575 INFO api 🚀 Starting NFL Prediction API
2025-11-18 07:52:53,658 INFO root Dataset loaded successfully: 2748 rows, 186 columns
2025-11-18 07:52:53,719 INFO root ✓ Loaded home_pipe from home_model.joblib
2025-11-18 07:52:53,785 INFO root ✓ Loaded away_pipe from away_model.joblib
2025-11-18 07:52:53,794 INFO root ✓ Loaded win_pipe from win_clf_calibrated.joblib
2025-11-18 07:52:53,795 INFO models Loaded metadata from C:\Users\goku\Documents\NFL_ML_Predictions\backend\models\metadata.json
2025-11-18 07:52:53,796 INFO root Model coherence validation passed
2025-11-18 07:52:53,796 INFO root Model loading completed: {'status': 'success', 'loaded': ['home_pipe', 'away_pipe', 'win_pipe', 'metadata', 'feature_columns']}
2025-11-18 07:52:53,796 INFO history No prediction_history.json found; starting with empty history.
2025-11-18 07:52:53,796 INFO api Application initialized: {'dataset': 'loaded', 'models': {'status': 'success', 'loaded': ['home_pipe', 'away_pipe', 'win_pipe', 'metadata', 'feature_columns']}, 'history': 'loaded 0 entries'}
2025-11-18 07:52:53,798 INFO api 🛑 Application shutdown complete
2025-11-18 07:52:56,693 INFO api Configuring CORS; restrict=False, allowed_origins=['http://localhost:3000', 'https://localhost:3000', 'https://nfl-ml-predictions.vercel.app', 'https://nfl-predict-frontend.vercel.app'], allow_origin_regex=https://.*/.vercel/.app$
2025-11-18 07:52:56,704 INFO api 🚀 Starting NFL Prediction API
2025-11-18 07:52:56,784 INFO root Dataset loaded successfully: 2748 rows, 186 columns
2025-11-18 07:52:56,830 INFO root ✓ Loaded home_pipe from home_model.joblib
2025-11-18 07:52:56,884 INFO root ✓ Loaded away_pipe from away_model.joblib
2025-11-18 07:52:56,890 INFO root ✓ Loaded win_pipe from win_clf_calibrated.joblib
2025-11-18 07:52:56,891 INFO models Loaded metadata from C:\Users\goku\Documents\NFL_ML_Predictions\backend\models\metadata.json
2025-11-18 07:52:56,892 INFO root Model coherence validation passed
2025-11-18 07:52:56,892 INFO root Model loading completed: {'status': 'success', 'loaded': ['home_pipe', 'away_pipe', 'win_pipe', 'metadata', 'feature_columns']}
2025-11-18 07:52:56,892 INFO history No prediction_history.json found; starting with empty history.
2025-11-18 07:52:56,893 INFO api Application initialized: {'dataset': 'loaded', 'models': {'status': 'success', 'loaded': ['home_pipe', 'away_pipe', 'win_pipe', 'metadata', 'feature_columns']}, 'history': 'loaded 0 entries'}
2025-11-18 07:52:56,893 INFO api 🛑 Application shutdown complete
2025-11-18 07:52:59,671 INFO api Configuring CORS; restrict=False, allowed_origins=['http://localhost:3000', 'https://localhost:3000', 'https://nfl-ml-predictions.vercel.app', 'https://nfl-predict-frontend.vercel.app'], allow_origin_regex=https://.*/.vercel/.app$
2025-11-18 07:52:59,683 INFO api 🚀 Starting NFL Prediction API
2025-11-18 07:52:59,760 INFO root Dataset loaded successfully: 2748 rows, 186 columns
2025-11-18 07:52:59,806 INFO root ✓ Loaded home_pipe from home_model.joblib
2025-11-18 07:52:59,851 INFO root ✓ Loaded away_pipe from away_model.joblib
2025-11-18 07:52:59,856 INFO root ✓ Loaded win_pipe from win_clf_calibrated.joblib
2025-11-18 07:52:59,857 INFO models Loaded metadata from C:\Users\goku\Documents\NFL_ML_Predictions\backend\models\metadata.json
2025-11-18 07:52:59,857 INFO root Model coherence validation passed
2025-11-18 07:52:59,858 INFO root Model loading completed: {'status': 'success', 'loaded': ['home_pipe', 'away_pipe', 'win_pipe', 'metadata', 'feature_columns']}
2025-11-18 07:52:59,858 INFO history No prediction_history.json found; starting with empty history.
2025-11-18 07:52:59,858 INFO api Application initialized: {'dataset': 'loaded', 'models': {'status': 'success', 'loaded': ['home_pipe', 'away_pipe', 'win_pipe', 'metadata', 'feature_columns']}, 'history': 'loaded 0 entries'}
2025-11-18 07:53:05,060 INFO api 🛑 Application shutdown complete
2025-11-18 07:53:07,769 INFO api Configuring CORS; restrict=False, allowed_origins=['http://localhost:3000', 'https://localhost:3000', 'https://nfl-ml-predictions.vercel.app', 'https://nfl-predict-frontend.vercel.app'], allow_origin_regex=https://.*/.vercel/.app$
2025-11-18 07:53:07,780 INFO api 🚀 Starting NFL Prediction API
2025-11-18 07:53:07,866 INFO root Dataset loaded successfully: 2748 rows, 186 columns
2025-11-18 07:53:07,921 INFO root ✓ Loaded home_pipe from home_model.joblib
2025-11-18 07:53:07,972 INFO root ✓ Loaded away_pipe from away_model.joblib
2025-11-18 07:53:07,979 INFO root ✓ Loaded win_pipe from win_clf_calibrated.joblib
2025-11-18 07:53:07,980 INFO models Loaded metadata from C:\Users\goku\Documents\NFL_ML_Predictions\backend\models\metadata.json
2025-11-18 07:53:07,980 INFO root Model coherence validation passed
2025-11-18 07:53:07,980 INFO root Model loading completed: {'status': 'success', 'loaded': ['home_pipe', 'away_pipe', 'win_pipe', 'metadata', 'feature_columns']}
2025-11-18 07:53:07,981 INFO history No prediction_history.json found; starting with empty history.
2025-11-18 07:53:07,981 INFO api Application initialized: {'dataset': 'loaded', 'models': {'status': 'success', 'loaded': ['home_pipe', 'away_pipe', 'win_pipe', 'metadata', 'feature_columns']}, 'history': 'loaded 0 entries'}
2025-11-18 07:53:12,113 INFO api 🛑 Application shutdown complete
2025-11-18 07:53:14,866 INFO api Configuring CORS; restrict=False, allowed_origins=['http://localhost:3000', 'https://localhost:3000', 'https://nfl-ml-predictions.vercel.app', 'https://nfl-predict-frontend.vercel.app'], allow_origin_regex=https://.*/.vercel/.app$
2025-11-18 07:53:14,878 INFO api 🚀 Starting NFL Prediction API
2025-11-18 07:53:14,963 INFO root Dataset loaded successfully: 2748 rows, 186 columns
2025-11-18 07:53:15,017 INFO root ✓ Loaded home_pipe from home_model.joblib
2025-11-18 07:53:15,061 INFO root ✓ Loaded away_pipe from away_model.joblib
2025-11-18 07:53:15,066 INFO root ✓ Loaded win_pipe from win_clf_calibrated.joblib
2025-11-18 07:53:15,067 INFO models Loaded metadata from C:\Users\goku\Documents\NFL_ML_Predictions\backend\models\metadata.json
2025-11-18 07:53:15,067 INFO root Model coherence validation passed
2025-11-18 07:53:15,068 INFO root Model loading completed: {'status': 'success', 'loaded': ['home_pipe', 'away_pipe', 'win_pipe', 'metadata', 'feature_columns']}
2025-11-18 07:53:15,068 INFO history No prediction_history.json found; starting with empty history.
2025-11-18 07:53:15,068 INFO api Application initialized: {'dataset': 'loaded', 'models': {'status': 'success', 'loaded': ['home_pipe', 'away_pipe', 'win_pipe', 'metadata', 'feature_columns']}, 'history': 'loaded 0 entries'}
2025-11-18 07:53:34,563 INFO api 🛑 Application shutdown complete
2025-11-18 07:53:37,223 INFO api Configuring CORS; restrict=False, allowed_origins=['http://localhost:3000', 'https://localhost:3000', 'https://nfl-ml-predictions.vercel.app', 'https://nfl-predict-frontend.vercel.app'], allow_origin_regex=https://.*/.vercel/.app$
2025-11-18 07:53:37,234 INFO api 🚀 Starting NFL Prediction API
2025-11-18 07:53:37,313 INFO root Dataset loaded successfully: 2748 rows, 186 columns
2025-11-18 07:53:37,359 INFO root ✓ Loaded home_pipe from home_model.joblib
2025-11-18 07:53:37,410 INFO root ✓ Loaded away_pipe from away_model.joblib
2025-11-18 07:53:37,416 INFO root ✓ Loaded win_pipe from win_clf_calibrated.joblib
2025-11-18 07:53:37,417 INFO models Loaded metadata from C:\Users\goku\Documents\NFL_ML_Predictions\backend\models\metadata.json
2025-11-18 07:53:37,417 INFO root Model coherence validation passed
2025-11-18 07:53:37,417 INFO root Model loading completed: {'status': 'success', 'loaded': ['home_pipe', 'away_pipe', 'win_pipe', 'metadata', 'feature_columns']}
2025-11-18 07:53:37,418 INFO history No prediction_history.json found; starting with empty history.
2025-11-18 07:53:37,418 INFO api Application initialized: {'dataset': 'loaded', 'models': {'status': 'success', 'loaded': ['home_pipe', 'away_pipe', 'win_pipe', 'metadata', 'feature_columns']}, 'history': 'loaded 0 entries'}
2025-11-18 07:53:39,643 INFO api 🛑 Application shutdown complete
2025-11-18 07:53:42,421 INFO api Configuring CORS; restrict=False, allowed_origins=['http://localhost:3000', 'https://localhost:3000', 'https://nfl-ml-predictions.vercel.app', 'https://nfl-predict-frontend.vercel.app'], allow_origin_regex=https://.*/.vercel/.app$
2025-11-18 07:53:42,434 INFO api 🚀 Starting NFL Prediction API
2025-11-18 07:53:42,514 INFO root Dataset loaded successfully: 2748 rows, 186 columns
2025-11-18 07:53:42,563 INFO root ✓ Loaded home_pipe from home_model.joblib
2025-11-18 07:53:42,607 INFO root ✓ Loaded away_pipe from away_model.joblib
2025-11-18 07:53:42,612 INFO root ✓ Loaded win_pipe from win_clf_calibrated.joblib
2025-11-18 07:53:42,613 INFO models Loaded metadata from C:\Users\goku\Documents\NFL_ML_Predictions\backend\models\metadata.json
2025-11-18 07:53:42,614 INFO root Model coherence validation passed
2025-11-18 07:53:42,614 INFO root Model loading completed: {'status': 'success', 'loaded': ['home_pipe', 'away_pipe', 'win_pipe', 'metadata', 'feature_columns']}
2025-11-18 07:53:42,614 INFO history No prediction_history.json found; starting with empty history.
2025-11-18 07:53:42,615 INFO api Application initialized: {'dataset': 'loaded', 'models': {'status': 'success', 'loaded': ['home_pipe', 'away_pipe', 'win_pipe', 'metadata', 'feature_columns']}, 'history': 'loaded 0 entries'}
2025-11-18 07:53:42,615 INFO api 🛑 Application shutdown complete
2025-11-18 07:53:45,447 INFO api Configuring CORS; restrict=False, allowed_origins=['http://localhost:3000', 'https://localhost:3000', 'https://nfl-ml-predictions.vercel.app', 'https://nfl-predict-frontend.vercel.app'], allow_origin_regex=https://.*/.vercel/.app$
2025-11-18 07:53:45,463 INFO api 🚀 Starting NFL Prediction API
2025-11-18 07:53:45,553 INFO root Dataset loaded successfully: 2748 rows, 186 columns
2025-11-18 07:53:45,609 INFO root ✓ Loaded home_pipe from home_model.joblib
2025-11-18 07:53:45,663 INFO root ✓ Loaded away_pipe from away_model.joblib
2025-11-18 07:53:45,670 INFO root ✓ Loaded win_pipe from win_clf_calibrated.joblib
2025-11-18 07:53:45,671 INFO models Loaded metadata from C:\Users\goku\Documents\NFL_ML_Predictions\backend\models\metadata.json
2025-11-18 07:53:45,671 INFO root Model coherence validation passed
2025-11-18 07:53:45,671 INFO root Model loading completed: {'status': 'success', 'loaded': ['home_pipe', 'away_pipe', 'win_pipe', 'metadata', 'feature_columns']}
2025-11-18 07:53:45,672 INFO history No prediction_history.json found; starting with empty history.
2025-11-18 07:53:45,672 INFO api Application initialized: {'dataset': 'loaded', 'models': {'status': 'success', 'loaded': ['home_pipe', 'away_pipe', 'win_pipe', 'metadata', 'feature_columns']}, 'history': 'loaded 0 entries'}
2025-11-18 07:53:45,673 INFO api 🛑 Application shutdown complete
2025-11-18 07:53:49,052 INFO api Configuring CORS; restrict=False, allowed_origins=['http://localhost:3000', 'https://localhost:3000', 'https://nfl-ml-predictions.vercel.app', 'https://nfl-predict-frontend.vercel.app'], allow_origin_regex=https://.*/.vercel/.app$
2025-11-18 07:53:49,063 INFO api 🚀 Starting NFL Prediction API
2025-11-18 07:53:49,142 INFO root Dataset loaded successfully: 2748 rows, 186 columns
2025-11-18 07:53:49,190 INFO root ✓ Loaded home_pipe from home_model.joblib
2025-11-18 07:53:49,238 INFO root ✓ Loaded away_pipe from away_model.joblib
2025-11-18 07:53:49,246 INFO root ✓ Loaded win_pipe from win_clf_calibrated.joblib
2025-11-18 07:53:49,247 INFO models Loaded metadata from C:\Users\goku\Documents\NFL_ML_Predictions\backend\models\metadata.json
2025-11-18 07:53:49,248 INFO root Model coherence validation passed
2025-11-18 07:53:49,248 INFO root Model loading completed: {'status': 'success', 'loaded': ['home_pipe', 'away_pipe', 'win_pipe', 'metadata', 'feature_columns']}
2025-11-18 07:53:49,249 INFO history No prediction_history.json found; starting with empty history.
2025-11-18 07:53:49,249 INFO api Application initialized: {'dataset': 'loaded', 'models': {'status': 'success', 'loaded': ['home_pipe', 'away_pipe', 'win_pipe', 'metadata', 'feature_columns']}, 'history': 'loaded 0 entries'}
2025-11-18 07:53:49,250 INFO api 🛑 Application shutdown complete
2025-11-18 07:53:52,047 INFO api Configuring CORS; restrict=False, allowed_origins=['http://localhost:3000', 'https://localhost:3000', 'https://nfl-ml-predictions.vercel.app', 'https://nfl-predict-frontend.vercel.app'], allow_origin_regex=https://.*/.vercel/.app$
2025-11-18 07:53:52,058 INFO api 🚀 Starting NFL Prediction API
2025-11-18 07:53:52,136 INFO root Dataset loaded successfully: 2748 rows, 186 columns
2025-11-18 07:53:52,189 INFO root ✓ Loaded home_pipe from home_model.joblib
2025-11-18 07:53:52,233 INFO root ✓ Loaded away_pipe from away_model.joblib
2025-11-18 07:53:52,239 INFO root ✓ Loaded win_pipe from win_clf_calibrated.joblib
2025-11-18 07:53:52,240 INFO models Loaded metadata from C:\Users\goku\Documents\NFL_ML_Predictions\backend\models\metadata.json
2025-11-18 07:53:52,241 INFO root Model coherence validation passed
2025-11-18 07:53:52,241 INFO root Model loading completed: {'status': 'success', 'loaded': ['home_pipe', 'away_pipe', 'win_pipe', 'metadata', 'feature_columns']}
2025-11-18 07:53:52,241 INFO history No prediction_history.json found; starting with empty history.
2025-11-18 07:53:52,242 INFO api Application initialized: {'dataset': 'loaded', 'models': {'status': 'success', 'loaded': ['home_pipe', 'away_pipe', 'win_pipe', 'metadata', 'feature_columns']}, 'history': 'loaded 0 entries'}
2025-11-18 07:53:52,243 INFO api 🛑 Application shutdown complete
2025-11-18 07:53:54,991 INFO api Configuring CORS; restrict=False, allowed_origins=['http://localhost:3000', 'https://localhost:3000', 'https://nfl-ml-predictions.vercel.app', 'https://nfl-predict-frontend.vercel.app'], allow_origin_regex=https://.*/.vercel/.app$
2025-11-18 07:53:55,002 INFO api 🚀 Starting NFL Prediction API
2025-11-18 07:53:55,087 INFO root Dataset loaded successfully: 2748 rows, 186 columns
2025-11-18 07:53:55,143 INFO root ✓ Loaded home_pipe from home_model.joblib
2025-11-18 07:53:55,187 INFO root ✓ Loaded away_pipe from away_model.joblib
2025-11-18 07:53:55,193 INFO root ✓ Loaded win_pipe from win_clf_calibrated.joblib
2025-11-18 07:53:55,194 INFO models Loaded metadata from C:\Users\goku\Documents\NFL_ML_Predictions\backend\models\metadata.json
2025-11-18 07:53:55,195 INFO root Model coherence validation passed
2025-11-18 07:53:55,195 INFO root Model loading completed: {'status': 'success', 'loaded': ['home_pipe', 'away_pipe', 'win_pipe', 'metadata', 'feature_columns']}
2025-11-18 07:53:55,195 INFO history No prediction_history.json found; starting with empty history.
2025-11-18 07:53:55,196 INFO api Application initialized: {'dataset': 'loaded', 'models': {'status': 'success', 'loaded': ['home_pipe', 'away_pipe', 'win_pipe', 'metadata', 'feature_columns']}, 'history': 'loaded 0 entries'}
2025-11-18 07:53:55,196 INFO api 🛑 Application shutdown complete
2025-11-18 07:54:16,457 INFO api Configuring CORS; restrict=False, allowed_origins=['http://localhost:3000', 'https://localhost:3000', 'https://nfl-ml-predictions.vercel.app', 'https://nfl-predict-frontend.vercel.app'], allow_origin_regex=https://.*/.vercel/.app$
2025-11-18 07:54:16,469 INFO api 🚀 Starting NFL Prediction API
2025-11-18 07:54:16,555 INFO root Dataset loaded successfully: 2748 rows, 186 columns
2025-11-18 07:54:16,608 INFO root ✓ Loaded home_pipe from home_model.joblib
2025-11-18 07:54:16,651 INFO root ✓ Loaded away_pipe from away_model.joblib
2025-11-18 07:54:16,657 INFO root ✓ Loaded win_pipe from win_clf_calibrated.joblib
2025-11-18 07:54:16,658 INFO models Loaded metadata from C:\Users\goku\Documents\NFL_ML_Predictions\backend\models\metadata.json
2025-11-18 07:54:16,658 INFO root Model coherence validation passed
2025-11-18 07:54:16,659 INFO root Model loading completed: {'status': 'success', 'loaded': ['home_pipe', 'away_pipe', 'win_pipe', 'metadata', 'feature_columns']}
2025-11-18 07:54:16,659 INFO history No prediction_history.json found; starting with empty history.
2025-11-18 07:54:16,660 INFO api Application initialized: {'dataset': 'loaded', 'models': {'status': 'success', 'loaded': ['home_pipe', 'away_pipe', 'win_pipe', 'metadata', 'feature_columns']}, 'history': 'loaded 0 entries'}
2025-11-18 07:54:16,660 INFO api 🛑 Application shutdown complete
2025-11-18 07:55:01,408 INFO api Configuring CORS; restrict=False, allowed_origins=['http://localhost:3000', 'https://localhost:3000', 'https://nfl-ml-predictions.vercel.app', 'https://nfl-predict-frontend.vercel.app'], allow_origin_regex=https://.*/.vercel/.app$
2025-11-18 07:55:01,419 INFO api 🚀 Starting NFL Prediction API
2025-11-18 07:55:01,501 INFO root Dataset loaded successfully: 2748 rows, 186 columns
2025-11-18 07:55:01,555 INFO root ✓ Loaded home_pipe from home_model.joblib
2025-11-18 07:55:01,606 INFO root ✓ Loaded away_pipe from away_model.joblib
2025-11-18 07:55:01,612 INFO root ✓ Loaded win_pipe from win_clf_calibrated.joblib
2025-11-18 07:55:01,613 INFO models Loaded metadata from C:\Users\goku\Documents\NFL_ML_Predictions\backend\models\metadata.json
2025-11-18 07:55:01,613 INFO root Model coherence validation passed
2025-11-18 07:55:01,614 INFO root Model loading completed: {'status': 'success', 'loaded': ['home_pipe', 'away_pipe', 'win_pipe', 'metadata', 'feature_columns']}
2025-11-18 07:55:01,614 INFO history No prediction_history.json found; starting with empty history.
2025-11-18 07:55:01,614 INFO api Application initialized: {'dataset': 'loaded', 'models': {'status': 'success', 'loaded': ['home_pipe', 'away_pipe', 'win_pipe', 'metadata', 'feature_columns']}, 'history': 'loaded 0 entries'}
2025-11-18 07:55:02,460 INFO api 🛑 Application shutdown complete
2025-11-18 07:55:05,122 INFO api Configuring CORS; restrict=False, allowed_origins=['http://localhost:3000', 'https://localhost:3000', 'https://nfl-ml-predictions.vercel.app', 'https://nfl-predict-frontend.vercel.app'], allow_origin_regex=https://.*/.vercel/.app$
2025-11-18 07:55:05,134 INFO api 🚀 Starting NFL Prediction API
2025-11-18 07:55:05,212 INFO root Dataset loaded successfully: 2748 rows, 186 columns
2025-11-18 07:55:05,261 INFO root ✓ Loaded home_pipe from home_model.joblib
2025-11-18 07:55:05,304 INFO root ✓ Loaded away_pipe from away_model.joblib
2025-11-18 07:55:05,309 INFO root ✓ Loaded win_pipe from win_clf_calibrated.joblib
2025-11-18 07:55:05,310 INFO models Loaded metadata from C:\Users\goku\Documents\NFL_ML_Predictions\backend\models\metadata.json
2025-11-18 07:55:05,310 INFO root Model coherence validation passed
2025-11-18 07:55:05,310 INFO root Model loading completed: {'status': 'success', 'loaded': ['home_pipe', 'away_pipe', 'win_pipe', 'metadata', 'feature_columns']}
2025-11-18 07:55:05,311 INFO history No prediction_history.json found; starting with empty history.
2025-11-18 07:55:05,311 INFO api Application initialized: {'dataset': 'loaded', 'models': {'status': 'success', 'loaded': ['home_pipe', 'away_pipe', 'win_pipe', 'metadata', 'feature_columns']}, 'history': 'loaded 0 entries'}
2025-11-18 07:55:09,301 INFO api 🛑 Application shutdown complete
2025-11-18 07:55:12,077 INFO api Configuring CORS; restrict=False, allowed_origins=['http://localhost:3000', 'https://localhost:3000', 'https://nfl-ml-predictions.vercel.app', 'https://nfl-predict-frontend.vercel.app'], allow_origin_regex=https://.*/.vercel/.app$
2025-11-18 07:55:12,090 INFO api 🚀 Starting NFL Prediction API
2025-11-18 07:55:12,173 INFO root Dataset loaded successfully: 2748 rows, 186 columns
2025-11-18 07:55:12,221 INFO root ✓ Loaded home_pipe from home_model.joblib
2025-11-18 07:55:12,265 INFO root ✓ Loaded away_pipe from away_model.joblib
2025-11-18 07:55:12,271 INFO root ✓ Loaded win_pipe from win_clf_calibrated.joblib
2025-11-18 07:55:12,272 INFO models Loaded metadata from C:\Users\goku\Documents\NFL_ML_Predictions\backend\models\metadata.json
2025-11-18 07:55:12,272 INFO root Model coherence validation passed
2025-11-18 07:55:12,272 INFO root Model loading completed: {'status': 'success', 'loaded': ['home_pipe', 'away_pipe', 'win_pipe', 'metadata', 'feature_columns']}
2025-11-18 07:55:12,273 INFO history No prediction_history.json found; starting with empty history.
2025-11-18 07:55:12,273 INFO api Application initialized: {'dataset': 'loaded', 'models': {'status': 'success', 'loaded': ['home_pipe', 'away_pipe', 'win_pipe', 'metadata', 'feature_columns']}, 'history': 'loaded 0 entries'}
2025-11-18 07:55:23,696 INFO api 🛑 Application shutdown complete
2025-11-18 07:55:26,450 INFO api Configuring CORS; restrict=False, allowed_origins=['http://localhost:3000', 'https://localhost:3000', 'https://nfl-ml-predictions.vercel.app', 'https://nfl-predict-frontend.vercel.app'], allow_origin_regex=https://.*/.vercel/.app$
2025-11-18 07:55:26,461 INFO api 🚀 Starting NFL Prediction API
2025-11-18 07:55:26,538 INFO root Dataset loaded successfully: 2748 rows, 186 columns
2025-11-18 07:55:26,585 INFO root ✓ Loaded home_pipe from home_model.joblib
2025-11-18 07:55:26,633 INFO root ✓ Loaded away_pipe from away_model.joblib
2025-11-18 07:55:26,638 INFO root ✓ Loaded win_pipe from win_clf_calibrated.joblib
2025-11-18 07:55:26,639 INFO models Loaded metadata from C:\Users\goku\Documents\NFL_ML_Predictions\backend\models\metadata.json
2025-11-18 07:55:26,639 INFO root Model coherence validation passed
2025-11-18 07:55:26,639 INFO root Model loading completed: {'status': 'success', 'loaded': ['home_pipe', 'away_pipe', 'win_pipe', 'metadata', 'feature_columns']}
2025-11-18 07:55:26,640 INFO history No prediction_history.json found; starting with empty history.
2025-11-18 07:55:26,640 INFO api Application initialized: {'dataset': 'loaded', 'models': {'status': 'success', 'loaded': ['home_pipe', 'away_pipe', 'win_pipe', 'metadata', 'feature_columns']}, 'history': 'loaded 0 entries'}
2025-11-18 07:55:49,810 INFO api 🛑 Application shutdown complete
2025-11-18 07:55:52,521 INFO api Configuring CORS; restrict=False, allowed_origins=['http://localhost:3000', 'https://localhost:3000', 'https://nfl-ml-predictions.vercel.app', 'https://nfl-predict-frontend.vercel.app'], allow_origin_regex=https://.*/.vercel/.app$
2025-11-18 07:55:52,532 INFO api 🚀 Starting NFL Prediction API
2025-11-18 07:55:52,615 INFO root Dataset loaded successfully: 2748 rows, 186 columns
2025-11-18 07:55:52,661 INFO root ✓ Loaded home_pipe from home_model.joblib
2025-11-18 07:55:52,704 INFO root ✓ Loaded away_pipe from away_model.joblib
2025-11-18 07:55:52,710 INFO root ✓ Loaded win_pipe from win_clf_calibrated.joblib
2025-11-18 07:55:52,710 INFO models Loaded metadata from C:\Users\goku\Documents\NFL_ML_Predictions\backend\models\metadata.json
2025-11-18 07:55:52,711 INFO root Model coherence validation passed
2025-11-18 07:55:52,711 INFO root Model loading completed: {'status': 'success', 'loaded': ['home_pipe', 'away_pipe', 'win_pipe', 'metadata', 'feature_columns']}
2025-11-18 07:55:52,711 INFO history No prediction_history.json found; starting with empty history.
2025-11-18 07:55:52,712 INFO api Application initialized: {'dataset': 'loaded', 'models': {'status': 'success', 'loaded': ['home_pipe', 'away_pipe', 'win_pipe', 'metadata', 'feature_columns']}, 'history': 'loaded 0 entries'}
2025-11-18 07:55:54,913 INFO api 🛑 Application shutdown complete
2025-11-18 07:55:57,701 INFO api Configuring CORS; restrict=False, allowed_origins=['http://localhost:3000', 'https://localhost:3000', 'https://nfl-ml-predictions.vercel.app', 'https://nfl-predict-frontend.vercel.app'], allow_origin_regex=https://.*/.vercel/.app$
2025-11-18 07:55:57,715 INFO api 🚀 Starting NFL Prediction API
2025-11-18 07:55:57,803 INFO root Dataset loaded successfully: 2748 rows, 186 columns
2025-11-18 07:55:57,862 INFO root ✓ Loaded home_pipe from home_model.joblib
2025-11-18 07:55:57,905 INFO root ✓ Loaded away_pipe from away_model.joblib
2025-11-18 07:55:57,911 INFO root ✓ Loaded win_pipe from win_clf_calibrated.joblib
2025-11-18 07:55:57,912 INFO models Loaded metadata from C:\Users\goku\Documents\NFL_ML_Predictions\backend\models\metadata.json
2025-11-18 07:55:57,912 INFO root Model coherence validation passed
2025-11-18 07:55:57,913 INFO root Model loading completed: {'status': 'success', 'loaded': ['home_pipe', 'away_pipe', 'win_pipe', 'metadata', 'feature_columns']}
2025-11-18 07:55:57,913 INFO history No prediction_history.json found; starting with empty history.
2025-11-18 07:55:57,913 INFO api Application initialized: {'dataset': 'loaded', 'models': {'status': 'success', 'loaded': ['home_pipe', 'away_pipe', 'win_pipe', 'metadata', 'feature_columns']}, 'history': 'loaded 0 entries'}
2025-11-18 07:56:02,781 INFO api 🛑 Application shutdown complete
2025-11-18 07:56:05,486 INFO api Configuring CORS; restrict=False, allowed_origins=['http://localhost:3000', 'https://localhost:3000', 'https://nfl-ml-predictions.vercel.app', 'https://nfl-predict-frontend.vercel.app'], allow_origin_regex=https://.*/.vercel/.app$
2025-11-18 07:56:05,497 INFO api 🚀 Starting NFL Prediction API
2025-11-18 07:56:05,578 INFO root Dataset loaded successfully: 2748 rows, 186 columns
2025-11-18 07:56:05,632 INFO root ✓ Loaded home_pipe from home_model.joblib
2025-11-18 07:56:05,675 INFO root ✓ Loaded away_pipe from away_model.joblib
2025-11-18 07:56:05,680 INFO root ✓ Loaded win_pipe from win_clf_calibrated.joblib
2025-11-18 07:56:05,681 INFO models Loaded metadata from C:\Users\goku\Documents\NFL_ML_Predictions\backend\models\metadata.json
2025-11-18 07:56:05,682 INFO root Model coherence validation passed
2025-11-18 07:56:05,682 INFO root Model loading completed: {'status': 'success', 'loaded': ['home_pipe', 'away_pipe', 'win_pipe', 'metadata', 'feature_columns']}
2025-11-18 07:56:05,682 INFO history No prediction_history.json found; starting with empty history.
2025-11-18 07:56:05,683 INFO api Application initialized: {'dataset': 'loaded', 'models': {'status': 'success', 'loaded': ['home_pipe', 'away_pipe', 'win_pipe', 'metadata', 'feature_columns']}, 'history': 'loaded 0 entries'}
2025-11-18 07:56:13,589 INFO api 🛑 Application shutdown complete
2025-11-18 07:56:16,348 INFO api Configuring CORS; restrict=False, allowed_origins=['http://localhost:3000', 'https://localhost:3000', 'https://nfl-ml-predictions.vercel.app', 'https://nfl-predict-frontend.vercel.app'], allow_origin_regex=https://.*/.vercel/.app$
2025-11-18 07:56:16,361 INFO api 🚀 Starting NFL Prediction API
2025-11-18 07:56:16,445 INFO root Dataset loaded successfully: 2748 rows, 186 columns
2025-11-18 07:56:16,494 INFO root ✓ Loaded home_pipe from home_model.joblib
2025-11-18 07:56:16,537 INFO root ✓ Loaded away_pipe from away_model.joblib
2025-11-18 07:56:16,543 INFO root ✓ Loaded win_pipe from win_clf_calibrated.joblib
2025-11-18 07:56:16,544 INFO models Loaded metadata from C:\Users\goku\Documents\NFL_ML_Predictions\backend\models\metadata.json
2025-11-18 07:56:16,544 INFO root Model coherence validation passed
2025-11-18 07:56:16,544 INFO root Model loading completed: {'status': 'success', 'loaded': ['home_pipe', 'away_pipe', 'win_pipe', 'metadata', 'feature_columns']}
2025-11-18 07:56:16,545 INFO history No prediction_history.json found; starting with empty history.
2025-11-18 07:56:16,545 INFO api Application initialized: {'dataset': 'loaded', 'models': {'status': 'success', 'loaded': ['home_pipe', 'away_pipe', 'win_pipe', 'metadata', 'feature_columns']}, 'history': 'loaded 0 entries'}
2025-11-18 07:59:24,605 INFO api 🛑 Application shutdown complete
2025-11-18 07:59:27,676 INFO api Configuring CORS; restrict=False, allowed_origins=['http://localhost:3000', 'https://localhost:3000', 'https://nfl-ml-predictions.vercel.app', 'https://nfl-predict-frontend.vercel.app'], allow_origin_regex=https://.*/.vercel/.app$
2025-11-18 07:59:27,687 INFO api 🚀 Starting NFL Prediction API
2025-11-18 07:59:27,768 INFO root Dataset loaded successfully: 2748 rows, 186 columns
2025-11-18 07:59:27,815 INFO root ✓ Loaded home_pipe from home_model.joblib
2025-11-18 07:59:27,859 INFO root ✓ Loaded away_pipe from away_model.joblib
2025-11-18 07:59:27,864 INFO root ✓ Loaded win_pipe from win_clf_calibrated.joblib
2025-11-18 07:59:27,865 INFO models Loaded metadata from C:\Users\goku\Documents\NFL_ML_Predictions\backend\models\metadata.json
2025-11-18 07:59:27,866 INFO root Model coherence validation passed
2025-11-18 07:59:27,866 INFO root Model loading completed: {'status': 'success', 'loaded': ['home_pipe', 'away_pipe', 'win_pipe', 'metadata', 'feature_columns']}
2025-11-18 07:59:27,866 INFO history No prediction_history.json found; starting with empty history.
2025-11-18 07:59:27,867 INFO api Application initialized: {'dataset': 'loaded', 'models': {'status': 'success', 'loaded': ['home_pipe', 'away_pipe', 'win_pipe', 'metadata', 'feature_columns']}, 'history': 'loaded 0 entries'}
2025-11-18 07:59:27,867 INFO api 🛑 Application shutdown complete
2025-11-18 07:59:30,630 INFO api Configuring CORS; restrict=False, allowed_origins=['http://localhost:3000', 'https://localhost:3000', 'https://nfl-ml-predictions.vercel.app', 'https://nfl-predict-frontend.vercel.app'], allow_origin_regex=https://.*/.vercel/.app$
2025-11-18 07:59:30,641 INFO api 🚀 Starting NFL Prediction API
2025-11-18 07:59:30,720 INFO root Dataset loaded successfully: 2748 rows, 186 columns
2025-11-18 07:59:30,840 INFO root ✓ Loaded home_pipe from home_model.joblib
2025-11-18 07:59:30,905 INFO root ✓ Loaded away_pipe from away_model.joblib
2025-11-18 07:59:30,912 INFO root ✓ Loaded win_pipe from win_clf_calibrated.joblib
2025-11-18 07:59:30,913 INFO models Loaded metadata from C:\Users\goku\Documents\NFL_ML_Predictions\backend\models\metadata.json
2025-11-18 07:59:30,913 INFO root Model coherence validation passed
2025-11-18 07:59:30,914 INFO root Model loading completed: {'status': 'success', 'loaded': ['home_pipe', 'away_pipe', 'win_pipe', 'metadata', 'feature_columns']}
2025-11-18 07:59:30,914 INFO history No prediction_history.json found; starting with empty history.
2025-11-18 07:59:30,914 INFO api Application initialized: {'dataset': 'loaded', 'models': {'status': 'success', 'loaded': ['home_pipe', 'away_pipe', 'win_pipe', 'metadata', 'feature_columns']}, 'history': 'loaded 0 entries'}
2025-11-18 07:59:30,915 INFO api 🛑 Application shutdown complete
2025-11-18 07:59:33,767 INFO api Configuring CORS; restrict=False, allowed_origins=['http://localhost:3000', 'https://localhost:3000', 'https://nfl-ml-predictions.vercel.app', 'https://nfl-predict-frontend.vercel.app'], allow_origin_regex=https://.*/.vercel/.app$
2025-11-18 07:59:33,778 INFO api 🚀 Starting NFL Prediction API
2025-11-18 07:59:33,859 INFO root Dataset loaded successfully: 2748 rows, 186 columns
2025-11-18 07:59:33,910 INFO root ✓ Loaded home_pipe from home_model.joblib
2025-11-18 07:59:33,980 INFO root ✓ Loaded away_pipe from away_model.joblib
2025-11-18 07:59:33,990 INFO root ✓ Loaded win_pipe from win_clf_calibrated.joblib
2025-11-18 07:59:33,991 INFO models Loaded metadata from C:\Users\goku\Documents\NFL_ML_Predictions\backend\models\metadata.json
2025-11-18 07:59:33,992 INFO root Model coherence validation passed
2025-11-18 07:59:33,992 INFO root Model loading completed: {'status': 'success', 'loaded': ['home_pipe', 'away_pipe', 'win_pipe', 'metadata', 'feature_columns']}
2025-11-18 07:59:33,993 INFO history No prediction_history.json found; starting with empty history.
2025-11-18 07:59:33,993 INFO api Application initialized: {'dataset': 'loaded', 'models': {'status': 'success', 'loaded': ['home_pipe', 'away_pipe', 'win_pipe', 'metadata', 'feature_columns']}, 'history': 'loaded 0 entries'}
2025-11-18 07:59:33,994 INFO api 🛑 Application shutdown complete
2025-11-18 07:59:36,821 INFO api Configuring CORS; restrict=False, allowed_origins=['http://localhost:3000', 'https://localhost:3000', 'https://nfl-ml-predictions.vercel.app', 'https://nfl-predict-frontend.vercel.app'], allow_origin_regex=https://.*/.vercel/.app$
2025-11-18 07:59:36,833 INFO api 🚀 Starting NFL Prediction API
2025-11-18 07:59:36,914 INFO root Dataset loaded successfully: 2748 rows, 186 columns
2025-11-18 07:59:36,965 INFO root ✓ Loaded home_pipe from home_model.joblib
2025-11-18 07:59:37,009 INFO root ✓ Loaded away_pipe from away_model.joblib
2025-11-18 07:59:37,014 INFO root ✓ Loaded win_pipe from win_clf_calibrated.joblib
2025-11-18 07:59:37,015 INFO models Loaded metadata from C:\Users\goku\Documents\NFL_ML_Predictions\backend\models\metadata.json
2025-11-18 07:59:37,015 INFO root Model coherence validation passed
2025-11-18 07:59:37,016 INFO root Model loading completed: {'status': 'success', 'loaded': ['home_pipe', 'away_pipe', 'win_pipe', 'metadata', 'feature_columns']}
2025-11-18 07:59:37,016 INFO history No prediction_history.json found; starting with empty history.
2025-11-18 07:59:37,017 INFO api Application initialized: {'dataset': 'loaded', 'models': {'status': 'success', 'loaded': ['home_pipe', 'away_pipe', 'win_pipe', 'metadata', 'feature_columns']}, 'history': 'loaded 0 entries'}
2025-11-18 07:59:37,017 INFO api 🛑 Application shutdown complete
2025-11-18 07:59:39,843 INFO api Configuring CORS; restrict=False, allowed_origins=['http://localhost:3000', 'https://localhost:3000', 'https://nfl-ml-predictions.vercel.app', 'https://nfl-predict-frontend.vercel.app'], allow_origin_regex=https://.*/.vercel/.app$
2025-11-18 07:59:39,854 INFO api 🚀 Starting NFL Prediction API
2025-11-18 07:59:39,943 INFO root Dataset loaded successfully: 2748 rows, 186 columns
2025-11-18 07:59:39,990 INFO root ✓ Loaded home_pipe from home_model.joblib
2025-11-18 07:59:40,033 INFO root ✓ Loaded away_pipe from away_model.joblib
2025-11-18 07:59:40,039 INFO root ✓ Loaded win_pipe from win_clf_calibrated.joblib
2025-11-18 07:59:40,039 INFO models Loaded metadata from C:\Users\goku\Documents\NFL_ML_Predictions\backend\models\metadata.json
2025-11-18 07:59:40,040 INFO root Model coherence validation passed
2025-11-18 07:59:40,040 INFO root Model loading completed: {'status': 'success', 'loaded': ['home_pipe', 'away_pipe', 'win_pipe', 'metadata', 'feature_columns']}
2025-11-18 07:59:40,041 INFO history No prediction_history.json found; starting with empty history.
2025-11-18 07:59:40,041 INFO api Application initialized: {'dataset': 'loaded', 'models': {'status': 'success', 'loaded': ['home_pipe', 'away_pipe', 'win_pipe', 'metadata', 'feature_columns']}, 'history': 'loaded 0 entries'}
2025-11-18 07:59:40,041 INFO api 🛑 Application shutdown complete
2025-11-18 07:59:42,654 INFO api Configuring CORS; restrict=False, allowed_origins=['http://localhost:3000', 'https://localhost:3000', 'https://nfl-ml-predictions.vercel.app', 'https://nfl-predict-frontend.vercel.app'], allow_origin_regex=https://.*/.vercel/.app$
2025-11-18 07:59:42,665 INFO api 🚀 Starting NFL Prediction API
2025-11-18 07:59:42,742 INFO root Dataset loaded successfully: 2748 rows, 186 columns
2025-11-18 07:59:42,790 INFO root ✓ Loaded home_pipe from home_model.joblib
2025-11-18 07:59:42,834 INFO root ✓ Loaded away_pipe from away_model.joblib
2025-11-18 07:59:42,839 INFO root ✓ Loaded win_pipe from win_clf_calibrated.joblib
2025-11-18 07:59:42,840 INFO models Loaded metadata from C:\Users\goku\Documents\NFL_ML_Predictions\backend\models\metadata.json
2025-11-18 07:59:42,840 INFO root Model coherence validation passed
2025-11-18 07:59:42,841 INFO root Model loading completed: {'status': 'success', 'loaded': ['home_pipe', 'away_pipe', 'win_pipe', 'metadata', 'feature_columns']}
2025-11-18 07:59:42,841 INFO history No prediction_history.json found; starting with empty history.
2025-11-18 07:59:42,841 INFO api Application initialized: {'dataset': 'loaded', 'models': {'status': 'success', 'loaded': ['home_pipe', 'away_pipe', 'win_pipe', 'metadata', 'feature_columns']}, 'history': 'loaded 0 entries'}
2025-11-18 07:59:44,101 INFO api 🛑 Application shutdown complete
2025-11-18 07:59:46,743 INFO api Configuring CORS; restrict=False, allowed_origins=['http://localhost:3000', 'https://localhost:3000', 'https://nfl-ml-predictions.vercel.app', 'https://nfl-predict-frontend.vercel.app'], allow_origin_regex=https://.*/.vercel/.app$
2025-11-18 07:59:46,755 INFO api 🚀 Starting NFL Prediction API
2025-11-18 07:59:46,833 INFO root Dataset loaded successfully: 2748 rows, 186 columns
2025-11-18 07:59:46,880 INFO root ✓ Loaded home_pipe from home_model.joblib
2025-11-18 07:59:46,930 INFO root ✓ Loaded away_pipe from away_model.joblib
2025-11-18 07:59:46,935 INFO root ✓ Loaded win_pipe from win_clf_calibrated.joblib
2025-11-18 07:59:46,936 INFO models Loaded metadata from C:\Users\goku\Documents\NFL_ML_Predictions\backend\models\metadata.json
2025-11-18 07:59:46,936 INFO root Model coherence validation passed
2025-11-18 07:59:46,937 INFO root Model loading completed: {'status': 'success', 'loaded': ['home_pipe', 'away_pipe', 'win_pipe', 'metadata', 'feature_columns']}
2025-11-18 07:59:46,937 INFO history No prediction_history.json found; starting with empty history.
2025-11-18 07:59:46,937 INFO api Application initialized: {'dataset': 'loaded', 'models': {'status': 'success', 'loaded': ['home_pipe', 'away_pipe', 'win_pipe', 'metadata', 'feature_columns']}, 'history': 'loaded 0 entries'}
2025-11-18 07:59:48,963 INFO api 🛑 Application shutdown complete
2025-11-18 07:59:51,629 INFO api Configuring CORS; restrict=False, allowed_origins=['http://localhost:3000', 'https://localhost:3000', 'https://nfl-ml-predictions.vercel.app', 'https://nfl-predict-frontend.vercel.app'], allow_origin_regex=https://.*/.vercel/.app$
2025-11-18 07:59:51,641 INFO api 🚀 Starting NFL Prediction API
2025-11-18 07:59:51,726 INFO root Dataset loaded successfully: 2748 rows, 186 columns
2025-11-18 07:59:51,776 INFO root ✓ Loaded home_pipe from home_model.joblib
2025-11-18 07:59:51,839 INFO root ✓ Loaded away_pipe from away_model.joblib
2025-11-18 07:59:51,844 INFO root ✓ Loaded win_pipe from win_clf_calibrated.joblib
2025-11-18 07:59:51,845 INFO models Loaded metadata from C:\Users\goku\Documents\NFL_ML_Predictions\backend\models\metadata.json
2025-11-18 07:59:51,845 INFO root Model coherence validation passed
2025-11-18 07:59:51,846 INFO root Model loading completed: {'status': 'success', 'loaded': ['home_pipe', 'away_pipe', 'win_pipe', 'metadata', 'feature_columns']}
2025-11-18 07:59:51,846 INFO history No prediction_history.json found; starting with empty history.
2025-11-18 07:59:51,846 INFO api Application initialized: {'dataset': 'loaded', 'models': {'status': 'success', 'loaded': ['home_pipe', 'away_pipe', 'win_pipe', 'metadata', 'feature_columns']}, 'history': 'loaded 0 entries'}
2025-11-18 07:59:53,337 INFO api 🛑 Application shutdown complete
2025-11-18 07:59:56,024 INFO api Configuring CORS; restrict=False, allowed_origins=['http://localhost:3000', 'https://localhost:3000', 'https://nfl-ml-predictions.vercel.app', 'https://nfl-predict-frontend.vercel.app'], allow_origin_regex=https://.*/.vercel/.app$
2025-11-18 07:59:56,037 INFO api 🚀 Starting NFL Prediction API
2025-11-18 07:59:56,120 INFO root Dataset loaded successfully: 2748 rows, 186 columns
2025-11-18 07:59:56,172 INFO root ✓ Loaded home_pipe from home_model.joblib
2025-11-18 07:59:56,241 INFO root ✓ Loaded away_pipe from away_model.joblib
2025-11-18 07:59:56,246 INFO root ✓ Loaded win_pipe from win_clf_calibrated.joblib
2025-11-18 07:59:56,247 INFO models Loaded metadata from C:\Users\goku\Documents\NFL_ML_Predictions\backend\models\metadata.json
2025-11-18 07:59:56,248 INFO root Model coherence validation passed
2025-11-18 07:59:56,248 INFO root Model loading completed: {'status': 'success', 'loaded': ['home_pipe', 'away_pipe', 'win_pipe', 'metadata', 'feature_columns']}
2025-11-18 07:59:56,248 INFO history No prediction_history.json found; starting with empty history.
2025-11-18 07:59:56,249 INFO api Application initialized: {'dataset': 'loaded', 'models': {'status': 'success', 'loaded': ['home_pipe', 'away_pipe', 'win_pipe', 'metadata', 'feature_columns']}, 'history': 'loaded 0 entries'}
2025-11-18 07:59:56,462 INFO api 🛑 Application shutdown complete
2025-11-18 07:59:59,288 INFO api Configuring CORS; restrict=False, allowed_origins=['http://localhost:3000', 'https://localhost:3000', 'https://nfl-ml-predictions.vercel.app', 'https://nfl-predict-frontend.vercel.app'], allow_origin_regex=https://.*/.vercel/.app$
2025-11-18 07:59:59,300 INFO api 🚀 Starting NFL Prediction API
2025-11-18 07:59:59,378 INFO root Dataset loaded successfully: 2748 rows, 186 columns
2025-11-18 07:59:59,426 INFO root ✓ Loaded home_pipe from home_model.joblib
2025-11-18 07:59:59,471 INFO root ✓ Loaded away_pipe from away_model.joblib
2025-11-18 07:59:59,477 INFO root ✓ Loaded win_pipe from win_clf_calibrated.joblib
2025-11-18 07:59:59,477 INFO models Loaded metadata from C:\Users\goku\Documents\NFL_ML_Predictions\backend\models\metadata.json
2025-11-18 07:59:59,478 INFO root Model coherence validation passed
2025-11-18 07:59:59,478 INFO root Model loading completed: {'status': 'success', 'loaded': ['home_pipe', 'away_pipe', 'win_pipe', 'metadata', 'feature_columns']}
2025-11-18 07:59:59,478 INFO history No prediction_history.json found; starting with empty history.
2025-11-18 07:59:59,479 INFO api Application initialized: {'dataset': 'loaded', 'models': {'status': 'success', 'loaded': ['home_pipe', 'away_pipe', 'win_pipe', 'metadata', 'feature_columns']}, 'history': 'loaded 0 entries'}
2025-11-18 07:59:59,479 INFO api 🛑 Application shutdown complete
2025-11-18 08:00:02,177 INFO api Configuring CORS; restrict=False, allowed_origins=['http://localhost:3000', 'https://localhost:3000', 'https://nfl-ml-predictions.vercel.app', 'https://nfl-predict-frontend.vercel.app'], allow_origin_regex=https://.*/.vercel/.app$
2025-11-18 08:00:02,188 INFO api 🚀 Starting NFL Prediction API
2025-11-18 08:00:02,265 INFO root Dataset loaded successfully: 2748 rows, 186 columns
2025-11-18 08:00:02,310 INFO root ✓ Loaded home_pipe from home_model.joblib
2025-11-18 08:00:02,353 INFO root ✓ Loaded away_pipe from away_model.joblib
2025-11-18 08:00:02,359 INFO root ✓ Loaded win_pipe from win_clf_calibrated.joblib
2025-11-18 08:00:02,360 INFO models Loaded metadata from C:\Users\goku\Documents\NFL_ML_Predictions\backend\models\metadata.json
2025-11-18 08:00:02,360 INFO root Model coherence validation passed
2025-11-18 08:00:02,361 INFO root Model loading completed: {'status': 'success', 'loaded': ['home_pipe', 'away_pipe', 'win_pipe', 'metadata', 'feature_columns']}
2025-11-18 08:00:02,361 INFO history No prediction_history.json found; starting with empty history.
2025-11-18 08:00:02,361 INFO api Application initialized: {'dataset': 'loaded', 'models': {'status': 'success', 'loaded': ['home_pipe', 'away_pipe', 'win_pipe', 'metadata', 'feature_columns']}, 'history': 'loaded 0 entries'}
2025-11-18 08:00:07,323 INFO api 🛑 Application shutdown complete
2025-11-18 08:00:10,090 INFO api Configuring CORS; restrict=False, allowed_origins=['http://localhost:3000', 'https://localhost:3000', 'https://nfl-ml-predictions.vercel.app', 'https://nfl-predict-frontend.vercel.app'], allow_origin_regex=https://.*/.vercel/.app$
2025-11-18 08:00:10,102 INFO api 🚀 Starting NFL Prediction API
2025-11-18 08:00:10,181 INFO root Dataset loaded successfully: 2748 rows, 186 columns
2025-11-18 08:00:10,228 INFO root ✓ Loaded home_pipe from home_model.joblib
2025-11-18 08:00:10,276 INFO root ✓ Loaded away_pipe from away_model.joblib
2025-11-18 08:00:10,282 INFO root ✓ Loaded win_pipe from win_clf_calibrated.joblib
2025-11-18 08:00:10,283 INFO models Loaded metadata from C:\Users\goku\Documents\NFL_ML_Predictions\backend\models\metadata.json
2025-11-18 08:00:10,283 INFO root Model coherence validation passed
2025-11-18 08:00:10,283 INFO root Model loading completed: {'status': 'success', 'loaded': ['home_pipe', 'away_pipe', 'win_pipe', 'metadata', 'feature_columns']}
2025-11-18 08:00:10,284 INFO history No prediction_history.json found; starting with empty history.
2025-11-18 08:00:10,284 INFO api Application initialized: {'dataset': 'loaded', 'models': {'status': 'success', 'loaded': ['home_pipe', 'away_pipe', 'win_pipe', 'metadata', 'feature_columns']}, 'history': 'loaded 0 entries'}
2025-11-18 08:00:10,285 INFO api 🛑 Application shutdown complete
2025-11-18 08:00:12,984 INFO api Configuring CORS; restrict=False, allowed_origins=['http://localhost:3000', 'https://localhost:3000', 'https://nfl-ml-predictions.vercel.app', 'https://nfl-predict-frontend.vercel.app'], allow_origin_regex=https://.*/.vercel/.app$
2025-11-18 08:00:12,998 INFO api 🚀 Starting NFL Prediction API
2025-11-18 08:00:13,081 INFO root Dataset loaded successfully: 2748 rows, 186 columns
2025-11-18 08:00:13,129 INFO root ✓ Loaded home_pipe from home_model.joblib
2025-11-18 08:00:13,176 INFO root ✓ Loaded away_pipe from away_model.joblib
2025-11-18 08:00:13,182 INFO root ✓ Loaded win_pipe from win_clf_calibrated.joblib
2025-11-18 08:00:13,182 INFO models Loaded metadata from C:\Users\goku\Documents\NFL_ML_Predictions\backend\models\metadata.json
2025-11-18 08:00:13,183 INFO root Model coherence validation passed
2025-11-18 08:00:13,183 INFO root Model loading completed: {'status': 'success', 'loaded': ['home_pipe', 'away_pipe', 'win_pipe', 'metadata', 'feature_columns']}
2025-11-18 08:00:13,184 INFO history No prediction_history.json found; starting with empty history.
2025-11-18 08:00:13,184 INFO api Application initialized: {'dataset': 'loaded', 'models': {'status': 'success', 'loaded': ['home_pipe', 'away_pipe', 'win_pipe', 'metadata', 'feature_columns']}, 'history': 'loaded 0 entries'}
2025-11-18 08:00:13,184 INFO api 🛑 Application shutdown complete
2025-11-18 08:00:15,853 INFO api Configuring CORS; restrict=False, allowed_origins=['http://localhost:3000', 'https://localhost:3000', 'https://nfl-ml-predictions.vercel.app', 'https://nfl-predict-frontend.vercel.app'], allow_origin_regex=https://.*/.vercel/.app$
2025-11-18 08:00:15,864 INFO api 🚀 Starting NFL Prediction API
2025-11-18 08:00:15,941 INFO root Dataset loaded successfully: 2748 rows, 186 columns
2025-11-18 08:00:15,989 INFO root ✓ Loaded home_pipe from home_model.joblib
2025-11-18 08:00:16,032 INFO root ✓ Loaded away_pipe from away_model.joblib
2025-11-18 08:00:16,037 INFO root ✓ Loaded win_pipe from win_clf_calibrated.joblib
2025-11-18 08:00:16,038 INFO models Loaded metadata from C:\Users\goku\Documents\NFL_ML_Predictions\backend\models\metadata.json
2025-11-18 08:00:16,038 INFO root Model coherence validation passed
2025-11-18 08:00:16,039 INFO root Model loading completed: {'status': 'success', 'loaded': ['home_pipe', 'away_pipe', 'win_pipe', 'metadata', 'feature_columns']}
2025-11-18 08:00:16,039 INFO history No prediction_history.json found; starting with empty history.
2025-11-18 08:00:16,039 INFO api Application initialized: {'dataset': 'loaded', 'models': {'status': 'success', 'loaded': ['home_pipe', 'away_pipe', 'win_pipe', 'metadata', 'feature_columns']}, 'history': 'loaded 0 entries'}
2025-11-18 08:00:20,791 INFO api 🛑 Application shutdown complete
2025-11-18 08:00:23,505 INFO api Configuring CORS; restrict=False, allowed_origins=['http://localhost:3000', 'https://localhost:3000', 'https://nfl-ml-predictions.vercel.app', 'https://nfl-predict-frontend.vercel.app'], allow_origin_regex=https://.*/.vercel/.app$
2025-11-18 08:00:23,517 INFO api 🚀 Starting NFL Prediction API
2025-11-18 08:00:23,597 INFO root Dataset loaded successfully: 2748 rows, 186 columns
2025-11-18 08:00:23,643 INFO root ✓ Loaded home_pipe from home_model.joblib
2025-11-18 08:00:23,690 INFO root ✓ Loaded away_pipe from away_model.joblib
2025-11-18 08:00:23,695 INFO root ✓ Loaded win_pipe from win_clf_calibrated.joblib
2025-11-18 08:00:23,696 INFO models Loaded metadata from C:\Users\goku\Documents\NFL_ML_Predictions\backend\models\metadata.json
2025-11-18 08:00:23,697 INFO root Model coherence validation passed
2025-11-18 08:00:23,697 INFO root Model loading completed: {'status': 'success', 'loaded': ['home_pipe', 'away_pipe', 'win_pipe', 'metadata', 'feature_columns']}
2025-11-18 08:00:23,698 INFO history No prediction_history.json found; starting with empty history.
2025-11-18 08:00:23,698 INFO api Application initialized: {'dataset': 'loaded', 'models': {'status': 'success', 'loaded': ['home_pipe', 'away_pipe', 'win_pipe', 'metadata', 'feature_columns']}, 'history': 'loaded 0 entries'}
2025-11-18 08:00:27,600 INFO api 🛑 Application shutdown complete
2025-11-18 08:00:30,432 INFO api Configuring CORS; restrict=False, allowed_origins=['http://localhost:3000', 'https://localhost:3000', 'https://nfl-ml-predictions.vercel.app', 'https://nfl-predict-frontend.vercel.app'], allow_origin_regex=https://.*/.vercel/.app$
2025-11-18 08:00:30,446 INFO api 🚀 Starting NFL Prediction API
2025-11-18 08:00:30,544 INFO root Dataset loaded successfully: 2748 rows, 186 columns
2025-11-18 08:00:30,620 INFO root ✓ Loaded home_pipe from home_model.joblib
2025-11-18 08:00:30,697 INFO root ✓ Loaded away_pipe from away_model.joblib
2025-11-18 08:00:30,703 INFO root ✓ Loaded win_pipe from win_clf_calibrated.joblib
2025-11-18 08:00:30,704 INFO models Loaded metadata from C:\Users\goku\Documents\NFL_ML_Predictions\backend\models\metadata.json
2025-11-18 08:00:30,704 INFO root Model coherence validation passed
2025-11-18 08:00:30,705 INFO root Model loading completed: {'status': 'success', 'loaded': ['home_pipe', 'away_pipe', 'win_pipe', 'metadata', 'feature_columns']}
2025-11-18 08:00:30,705 INFO history No prediction_history.json found; starting with empty history.
2025-11-18 08:00:30,705 INFO api Application initialized: {'dataset': 'loaded', 'models': {'status': 'success', 'loaded': ['home_pipe', 'away_pipe', 'win_pipe', 'metadata', 'feature_columns']}, 'history': 'loaded 0 entries'}
2025-11-18 08:00:30,706 INFO api 🛑 Application shutdown complete
2025-11-18 08:00:33,488 INFO api Configuring CORS; restrict=False, allowed_origins=['http://localhost:3000', 'https://localhost:3000', 'https://nfl-ml-predictions.vercel.app', 'https://nfl-predict-frontend.vercel.app'], allow_origin_regex=https://.*/.vercel/.app$
2025-11-18 08:00:33,500 INFO api 🚀 Starting NFL Prediction API
2025-11-18 08:00:33,579 INFO root Dataset loaded successfully: 2748 rows, 186 columns
2025-11-18 08:00:33,641 INFO root ✓ Loaded home_pipe from home_model.joblib
2025-11-18 08:00:33,684 INFO root ✓ Loaded away_pipe from away_model.joblib
2025-11-18 08:00:33,690 INFO root ✓ Loaded win_pipe from win_clf_calibrated.joblib
2025-11-18 08:00:33,691 INFO models Loaded metadata from C:\Users\goku\Documents\NFL_ML_Predictions\backend\models\metadata.json
2025-11-18 08:00:33,691 INFO root Model coherence validation passed
2025-11-18 08:00:33,692 INFO root Model loading completed: {'status': 'success', 'loaded': ['home_pipe', 'away_pipe', 'win_pipe', 'metadata', 'feature_columns']}
2025-11-18 08:00:33,692 INFO history No prediction_history.json found; starting with empty history.
2025-11-18 08:00:33,692 INFO api Application initialized: {'dataset': 'loaded', 'models': {'status': 'success', 'loaded': ['home_pipe', 'away_pipe', 'win_pipe', 'metadata', 'feature_columns']}, 'history': 'loaded 0 entries'}
2025-11-18 08:00:33,693 INFO api 🛑 Application shutdown complete
2025-11-18 08:00:36,839 INFO api Configuring CORS; restrict=False, allowed_origins=['http://localhost:3000', 'https://localhost:3000', 'https://nfl-ml-predictions.vercel.app', 'https://nfl-predict-frontend.vercel.app'], allow_origin_regex=https://.*/.vercel/.app$
2025-11-18 08:00:36,850 INFO api 🚀 Starting NFL Prediction API
2025-11-18 08:00:36,929 INFO root Dataset loaded successfully: 2748 rows, 186 columns
2025-11-18 08:00:36,977 INFO root ✓ Loaded home_pipe from home_model.joblib
2025-11-18 08:00:37,028 INFO root ✓ Loaded away_pipe from away_model.joblib
2025-11-18 08:00:37,034 INFO root ✓ Loaded win_pipe from win_clf_calibrated.joblib
2025-11-18 08:00:37,035 INFO models Loaded metadata from C:\Users\goku\Documents\NFL_ML_Predictions\backend\models\metadata.json
2025-11-18 08:00:37,035 INFO root Model coherence validation passed
2025-11-18 08:00:37,035 INFO root Model loading completed: {'status': 'success', 'loaded': ['home_pipe', 'away_pipe', 'win_pipe', 'metadata', 'feature_columns']}
2025-11-18 08:00:37,036 INFO history No prediction_history.json found; starting with empty history.
2025-11-18 08:00:37,036 INFO api Application initialized: {'dataset': 'loaded', 'models': {'status': 'success', 'loaded': ['home_pipe', 'away_pipe', 'win_pipe', 'metadata', 'feature_columns']}, 'history': 'loaded 0 entries'}
2025-11-18 08:00:43,994 INFO api 🛑 Application shutdown complete
2025-11-18 08:00:46,907 INFO api Configuring CORS; restrict=False, allowed_origins=['http://localhost:3000', 'https://localhost:3000', 'https://nfl-ml-predictions.vercel.app', 'https://nfl-predict-frontend.vercel.app'], allow_origin_regex=https://.*/.vercel/.app$
2025-11-18 08:00:46,923 INFO api 🚀 Starting NFL Prediction API
2025-11-18 08:00:47,006 INFO root Dataset loaded successfully: 2748 rows, 186 columns
2025-11-18 08:00:47,065 INFO root ✓ Loaded home_pipe from home_model.joblib
2025-11-18 08:00:47,121 INFO root ✓ Loaded away_pipe from away_model.joblib
2025-11-18 08:00:47,127 INFO root ✓ Loaded win_pipe from win_clf_calibrated.joblib
2025-11-18 08:00:47,128 INFO models Loaded metadata from C:\Users\goku\Documents\NFL_ML_Predictions\backend\models\metadata.json
2025-11-18 08:00:47,128 INFO root Model coherence validation passed
2025-11-18 08:00:47,128 INFO root Model loading completed: {'status': 'success', 'loaded': ['home_pipe', 'away_pipe', 'win_pipe', 'metadata', 'feature_columns']}
2025-11-18 08:00:47,129 INFO history No prediction_history.json found; starting with empty history.
2025-11-18 08:00:47,129 INFO api Application initialized: {'dataset': 'loaded', 'models': {'status': 'success', 'loaded': ['home_pipe', 'away_pipe', 'win_pipe', 'metadata', 'feature_columns']}, 'history': 'loaded 0 entries'}
2025-11-18 08:28:55,563 INFO api 🛑 Application shutdown complete
2025-11-18 08:28:58,446 INFO api Configuring CORS; restrict=True, allowed_origins=['http://localhost:3000', 'https://localhost:3000', 'https://nfl-ml-predictions.vercel.app', 'https://nfl-predict-frontend.vercel.app'], allow_origin_regex=https://.*/.vercel/.app$
2025-11-18 08:28:58,458 INFO api 🚀 Starting NFL Prediction API
2025-11-18 08:28:58,538 INFO root Dataset loaded successfully: 2748 rows, 186 columns
2025-11-18 08:28:58,588 INFO root ✓ Loaded home_pipe from home_model.joblib
2025-11-18 08:28:58,635 INFO root ✓ Loaded away_pipe from away_model.joblib
2025-11-18 08:28:58,641 INFO root ✓ Loaded win_pipe from win_clf_calibrated.joblib
2025-11-18 08:28:58,642 INFO models Loaded metadata from C:\Users\goku\Documents\NFL_ML_Predictions\backend\models\metadata.json
2025-11-18 08:28:58,642 INFO root Model coherence validation passed
2025-11-18 08:28:58,642 INFO root Model loading completed: {'status': 'success', 'loaded': ['home_pipe', 'away_pipe', 'win_pipe', 'metadata', 'feature_columns']}
2025-11-18 08:28:58,643 INFO history No prediction_history.json found; starting with empty history.
2025-11-18 08:28:58,643 INFO api Application initialized: {'dataset': 'loaded', 'models': {'status': 'success', 'loaded': ['home_pipe', 'away_pipe', 'win_pipe', 'metadata', 'feature_columns']}, 'history': 'loaded 0 entries'}
2025-11-18 08:29:01,079 INFO api 🛑 Application shutdown complete
2025-11-18 08:29:04,132 INFO api Configuring CORS; restrict=True, allowed_origins=['http://localhost:3000', 'https://localhost:3000', 'https://nfl-ml-predictions.vercel.app', 'https://nfl-predict-frontend.vercel.app'], allow_origin_regex=https://.*/.vercel/.app$
2025-11-18 08:29:04,151 INFO api 🚀 Starting NFL Prediction API
2025-11-18 08:29:04,276 INFO root Dataset loaded successfully: 2748 rows, 186 columns
2025-11-18 08:29:04,343 INFO root ✓ Loaded home_pipe from home_model.joblib
2025-11-18 08:29:04,400 INFO root ✓ Loaded away_pipe from away_model.joblib
2025-11-18 08:29:04,406 INFO root ✓ Loaded win_pipe from win_clf_calibrated.joblib
2025-11-18 08:29:04,407 INFO models Loaded metadata from C:\Users\goku\Documents\NFL_ML_Predictions\backend\models\metadata.json
2025-11-18 08:29:04,407 INFO root Model coherence validation passed
2025-11-18 08:29:04,408 INFO root Model loading completed: {'status': 'success', 'loaded': ['home_pipe', 'away_pipe', 'win_pipe', 'metadata', 'feature_columns']}
2025-11-18 08:29:04,408 INFO history No prediction_history.json found; starting with empty history.
2025-11-18 08:29:04,408 INFO api Application initialized: {'dataset': 'loaded', 'models': {'status': 'success', 'loaded': ['home_pipe', 'away_pipe', 'win_pipe', 'metadata', 'feature_columns']}, 'history': 'loaded 0 entries'}
2025-11-18 08:29:04,409 INFO api 🛑 Application shutdown complete
2025-11-18 08:29:07,323 INFO api Configuring CORS; restrict=True, allowed_origins=['http://localhost:3000', 'https://localhost:3000', 'https://nfl-ml-predictions.vercel.app', 'https://nfl-predict-frontend.vercel.app'], allow_origin_regex=https://.*/.vercel/.app$
2025-11-18 08:29:07,335 INFO api 🚀 Starting NFL Prediction API
2025-11-18 08:29:07,413 INFO root Dataset loaded successfully: 2748 rows, 186 columns
2025-11-18 08:29:07,465 INFO root ✓ Loaded home_pipe from home_model.joblib
2025-11-18 08:29:07,510 INFO root ✓ Loaded away_pipe from away_model.joblib
2025-11-18 08:29:07,516 INFO root ✓ Loaded win_pipe from win_clf_calibrated.joblib
2025-11-18 08:29:07,516 INFO models Loaded metadata from C:\Users\goku\Documents\NFL_ML_Predictions\backend\models\metadata.json
2025-11-18 08:29:07,517 INFO root Model coherence validation passed
2025-11-18 08:29:07,517 INFO root Model loading completed: {'status': 'success', 'loaded': ['home_pipe', 'away_pipe', 'win_pipe', 'metadata', 'feature_columns']}
2025-11-18 08:29:07,518 INFO history No prediction_history.json found; starting with empty history.
2025-11-18 08:29:07,518 INFO api Application initialized: {'dataset': 'loaded', 'models': {'status': 'success', 'loaded': ['home_pipe', 'away_pipe', 'win_pipe', 'metadata', 'feature_columns']}, 'history': 'loaded 0 entries'}
2025-11-18 08:29:07,519 INFO api 🛑 Application shutdown complete
2025-11-18 08:29:22,110 INFO api Configuring CORS; restrict=True, allowed_origins=['http://localhost:3000', 'https://localhost:3000', 'https://nfl-ml-predictions.vercel.app', 'https://nfl-predict-frontend.vercel.app'], allow_origin_regex=https://.*/.vercel/.app$
2025-11-18 08:29:22,122 INFO api 🚀 Starting NFL Prediction API
2025-11-18 08:29:22,212 INFO root Dataset loaded successfully: 2748 rows, 186 columns
2025-11-18 08:29:22,261 INFO root ✓ Loaded home_pipe from home_model.joblib
2025-11-18 08:29:22,307 INFO root ✓ Loaded away_pipe from away_model.joblib
2025-11-18 08:29:22,313 INFO root ✓ Loaded win_pipe from win_clf_calibrated.joblib
2025-11-18 08:29:22,314 INFO models Loaded metadata from C:\Users\goku\Documents\NFL_ML_Predictions\backend\models\metadata.json
2025-11-18 08:29:22,314 INFO root Model coherence validation passed
2025-11-18 08:29:22,314 INFO root Model loading completed: {'status': 'success', 'loaded': ['home_pipe', 'away_pipe', 'win_pipe', 'metadata', 'feature_columns']}
2025-11-18 08:29:22,315 INFO history No prediction_history.json found; starting with empty history.
2025-11-18 08:29:22,315 INFO api Application initialized: {'dataset': 'loaded', 'models': {'status': 'success', 'loaded': ['home_pipe', 'away_pipe', 'win_pipe', 'metadata', 'feature_columns']}, 'history': 'loaded 0 entries'}
2025-11-18 08:29:22,316 INFO api 🛑 Application shutdown complete
2025-11-18 08:29:25,113 INFO api Configuring CORS; restrict=True, allowed_origins=['http://localhost:3000', 'https://localhost:3000', 'https://nfl-ml-predictions.vercel.app', 'https://nfl-predict-frontend.vercel.app'], allow_origin_regex=https://.*/.vercel/.app$
2025-11-18 08:29:25,125 INFO api 🚀 Starting NFL Prediction API
2025-11-18 08:29:25,212 INFO root Dataset loaded successfully: 2748 rows, 186 columns
2025-11-18 08:29:25,270 INFO root ✓ Loaded home_pipe from home_model.joblib
2025-11-18 08:29:25,323 INFO root ✓ Loaded away_pipe from away_model.joblib
2025-11-18 08:29:25,331 INFO root ✓ Loaded win_pipe from win_clf_calibrated.joblib
2025-11-18 08:29:25,332 INFO models Loaded metadata from C:\Users\goku\Documents\NFL_ML_Predictions\backend\models\metadata.json
2025-11-18 08:29:25,332 INFO root Model coherence validation passed
2025-11-18 08:29:25,333 INFO root Model loading completed: {'status': 'success', 'loaded': ['home_pipe', 'away_pipe', 'win_pipe', 'metadata', 'feature_columns']}
2025-11-18 08:29:25,333 INFO history No prediction_history.json found; starting with empty history.
2025-11-18 08:29:25,333 INFO api Application initialized: {'dataset': 'loaded', 'models': {'status': 'success', 'loaded': ['home_pipe', 'away_pipe', 'win_pipe', 'metadata', 'feature_columns']}, 'history': 'loaded 0 entries'}
2025-11-18 08:29:25,334 INFO api 🛑 Application shutdown complete
2025-11-18 08:29:28,182 INFO api Configuring CORS; restrict=True, allowed_origins=['http://localhost:3000', 'https://localhost:3000', 'https://nfl-ml-predictions.vercel.app', 'https://nfl-predict-frontend.vercel.app'], allow_origin_regex=https://.*/.vercel/.app$
2025-11-18 08:29:28,193 INFO api 🚀 Starting NFL Prediction API
2025-11-18 08:29:28,271 INFO root Dataset loaded successfully: 2748 rows, 186 columns
2025-11-18 08:29:28,318 INFO root ✓ Loaded home_pipe from home_model.joblib
2025-11-18 08:29:28,375 INFO root ✓ Loaded away_pipe from away_model.joblib
2025-11-18 08:29:28,380 INFO root ✓ Loaded win_pipe from win_clf_calibrated.joblib
2025-11-18 08:29:28,381 INFO models Loaded metadata from C:\Users\goku\Documents\NFL_ML_Predictions\backend\models\metadata.json
2025-11-18 08:29:28,381 INFO root Model coherence validation passed
2025-11-18 08:29:28,382 INFO root Model loading completed: {'status': 'success', 'loaded': ['home_pipe', 'away_pipe', 'win_pipe', 'metadata', 'feature_columns']}
2025-11-18 08:29:28,382 INFO history No prediction_history.json found; starting with empty history.
2025-11-18 08:29:28,382 INFO api Application initialized: {'dataset': 'loaded', 'models': {'status': 'success', 'loaded': ['home_pipe', 'away_pipe', 'win_pipe', 'metadata', 'feature_columns']}, 'history': 'loaded 0 entries'}
2025-11-18 08:29:28,383 INFO api 🛑 Application shutdown complete
2025-11-18 08:29:31,197 INFO api Configuring CORS; restrict=True, allowed_origins=['http://localhost:3000', 'https://localhost:3000', 'https://nfl-ml-predictions.vercel.app', 'https://nfl-predict-frontend.vercel.app'], allow_origin_regex=https://.*/.vercel/.app$
2025-11-18 08:29:31,210 INFO api 🚀 Starting NFL Prediction API
2025-11-18 08:29:31,307 INFO root Dataset loaded successfully: 2748 rows, 186 columns
2025-11-18 08:29:31,360 INFO root ✓ Loaded home_pipe from home_model.joblib
2025-11-18 08:29:31,407 INFO root ✓ Loaded away_pipe from away_model.joblib
2025-11-18 08:29:31,413 INFO root ✓ Loaded win_pipe from win_clf_calibrated.joblib
2025-11-18 08:29:31,414 INFO models Loaded metadata from C:\Users\goku\Documents\NFL_ML_Predictions\backend\models\metadata.json
2025-11-18 08:29:31,415 INFO root Model coherence validation passed
2025-11-18 08:29:31,415 INFO root Model loading completed: {'status': 'success', 'loaded': ['home_pipe', 'away_pipe', 'win_pipe', 'metadata', 'feature_columns']}
2025-11-18 08:29:31,415 INFO history No prediction_history.json found; starting with empty history.
2025-11-18 08:29:31,416 INFO api Application initialized: {'dataset': 'loaded', 'models': {'status': 'success', 'loaded': ['home_pipe', 'away_pipe', 'win_pipe', 'metadata', 'feature_columns']}, 'history': 'loaded 0 entries'}
2025-11-18 08:29:31,416 INFO api 🛑 Application shutdown complete
2025-11-18 08:29:34,214 INFO api Configuring CORS; restrict=True, allowed_origins=['http://localhost:3000', 'https://localhost:3000', 'https://nfl-ml-predictions.vercel.app', 'https://nfl-predict-frontend.vercel.app'], allow_origin_regex=https://.*/.vercel/.app$
2025-11-18 08:29:34,225 INFO api 🚀 Starting NFL Prediction API
2025-11-18 08:29:34,306 INFO root Dataset loaded successfully: 2748 rows, 186 columns
2025-11-18 08:29:34,363 INFO root ✓ Loaded home_pipe from home_model.joblib
2025-11-18 08:29:34,409 INFO root ✓ Loaded away_pipe from away_model.joblib
2025-11-18 08:29:34,414 INFO root ✓ Loaded win_pipe from win_clf_calibrated.joblib
2025-11-18 08:29:34,415 INFO models Loaded metadata from C:\Users\goku\Documents\NFL_ML_Predictions\backend\models\metadata.json
2025-11-18 08:29:34,416 INFO root Model coherence validation passed
2025-11-18 08:29:34,416 INFO root Model loading completed: {'status': 'success', 'loaded': ['home_pipe', 'away_pipe', 'win_pipe', 'metadata', 'feature_columns']}
2025-11-18 08:29:34,416 INFO history No prediction_history.json found; starting with empty history.
2025-11-18 08:29:34,416 INFO api Application initialized: {'dataset': 'loaded', 'models': {'status': 'success', 'loaded': ['home_pipe', 'away_pipe', 'win_pipe', 'metadata', 'feature_columns']}, 'history': 'loaded 0 entries'}
2025-11-18 08:29:34,417 INFO api 🛑 Application shutdown complete
2025-11-18 08:29:37,112 INFO api Configuring CORS; restrict=True, allowed_origins=['http://localhost:3000', 'https://localhost:3000', 'https://nfl-ml-predictions.vercel.app', 'https://nfl-predict-frontend.vercel.app'], allow_origin_regex=https://.*/.vercel/.app$
2025-11-18 08:29:37,124 INFO api 🚀 Starting NFL Prediction API
2025-11-18 08:29:37,203 INFO root Dataset loaded successfully: 2748 rows, 186 columns
2025-11-18 08:29:37,252 INFO root ✓ Loaded home_pipe from home_model.joblib
2025-11-18 08:29:37,304 INFO root ✓ Loaded away_pipe from away_model.joblib
2025-11-18 08:29:37,310 INFO root ✓ Loaded win_pipe from win_clf_calibrated.joblib
2025-11-18 08:29:37,310 INFO models Loaded metadata from C:\Users\goku\Documents\NFL_ML_Predictions\backend\models\metadata.json
2025-11-18 08:29:37,311 INFO root Model coherence validation passed
2025-11-18 08:29:37,311 INFO root Model loading completed: {'status': 'success', 'loaded': ['home_pipe', 'away_pipe', 'win_pipe', 'metadata', 'feature_columns']}
2025-11-18 08:29:37,311 INFO history No prediction_history.json found; starting with empty history.
2025-11-18 08:29:37,312 INFO api Application initialized: {'dataset': 'loaded', 'models': {'status': 'success', 'loaded': ['home_pipe', 'away_pipe', 'win_pipe', 'metadata', 'feature_columns']}, 'history': 'loaded 0 entries'}
2025-11-18 08:29:37,312 INFO api 🛑 Application shutdown complete
2025-11-18 08:29:40,000 INFO api Configuring CORS; restrict=True, allowed_origins=['http://localhost:3000', 'https://localhost:3000', 'https://nfl-ml-predictions.vercel.app', 'https://nfl-predict-frontend.vercel.app'], allow_origin_regex=https://.*/.vercel/.app$
2025-11-18 08:29:40,012 INFO api 🚀 Starting NFL Prediction API
2025-11-18 08:29:40,089 INFO root Dataset loaded successfully: 2748 rows, 186 columns
2025-11-18 08:29:40,138 INFO root ✓ Loaded home_pipe from home_model.joblib
2025-11-18 08:29:40,183 INFO root ✓ Loaded away_pipe from away_model.joblib
2025-11-18 08:29:40,189 INFO root ✓ Loaded win_pipe from win_clf_calibrated.joblib
2025-11-18 08:29:40,189 INFO models Loaded metadata from C:\Users\goku\Documents\NFL_ML_Predictions\backend\models\metadata.json
2025-11-18 08:29:40,190 INFO root Model coherence validation passed
2025-11-18 08:29:40,190 INFO root Model loading completed: {'status': 'success', 'loaded': ['home_pipe', 'away_pipe', 'win_pipe', 'metadata', 'feature_columns']}
2025-11-18 08:29:40,191 INFO history No prediction_history.json found; starting with empty history.
2025-11-18 08:29:40,191 INFO api Application initialized: {'dataset': 'loaded', 'models': {'status': 'success', 'loaded': ['home_pipe', 'away_pipe', 'win_pipe', 'metadata', 'feature_columns']}, 'history': 'loaded 0 entries'}
2025-11-18 08:29:44,415 INFO api 🛑 Application shutdown complete
2025-11-18 08:29:47,178 INFO api Configuring CORS; restrict=True, allowed_origins=['http://localhost:3000', 'https://localhost:3000', 'https://nfl-ml-predictions.vercel.app', 'https://nfl-predict-frontend.vercel.app'], allow_origin_regex=https://.*/.vercel/.app$
2025-11-18 08:29:47,189 INFO api 🚀 Starting NFL Prediction API
2025-11-18 08:29:47,268 INFO root Dataset loaded successfully: 2748 rows, 186 columns
2025-11-18 08:29:47,323 INFO root ✓ Loaded home_pipe from home_model.joblib
2025-11-18 08:29:47,386 INFO root ✓ Loaded away_pipe from away_model.joblib
2025-11-18 08:29:47,392 INFO root ✓ Loaded win_pipe from win_clf_calibrated.joblib
2025-11-18 08:29:47,393 INFO models Loaded metadata from C:\Users\goku\Documents\NFL_ML_Predictions\backend\models\metadata.json
2025-11-18 08:29:47,394 INFO root Model coherence validation passed
2025-11-18 08:29:47,394 INFO root Model loading completed: {'status': 'success', 'loaded': ['home_pipe', 'away_pipe', 'win_pipe', 'metadata', 'feature_columns']}
2025-11-18 08:29:47,395 INFO history No prediction_history.json found; starting with empty history.
2025-11-18 08:29:47,395 INFO api Application initialized: {'dataset': 'loaded', 'models': {'status': 'success', 'loaded': ['home_pipe', 'away_pipe', 'win_pipe', 'metadata', 'feature_columns']}, 'history': 'loaded 0 entries'}
2025-11-18 08:30:57,681 INFO api 🛑 Application shutdown complete
2025-11-18 08:31:00,560 INFO api Configuring CORS; restrict=True, allowed_origins=['http://localhost:3000', 'https://localhost:3000', 'https://nfl-ml-predictions.vercel.app', 'https://nfl-predict-frontend.vercel.app'], allow_origin_regex=https://.*/.vercel/.app$
2025-11-18 08:31:00,571 INFO api 🚀 Starting NFL Prediction API
2025-11-18 08:31:00,651 INFO root Dataset loaded successfully: 2748 rows, 186 columns
2025-11-18 08:31:00,708 INFO root ✓ Loaded home_pipe from home_model.joblib
2025-11-18 08:31:00,757 INFO root ✓ Loaded away_pipe from away_model.joblib
2025-11-18 08:31:00,764 INFO root ✓ Loaded win_pipe from win_clf_calibrated.joblib
2025-11-18 08:31:00,765 INFO models Loaded metadata from C:\Users\goku\Documents\NFL_ML_Predictions\backend\models\metadata.json
2025-11-18 08:31:00,765 INFO root Model coherence validation passed
2025-11-18 08:31:00,765 INFO root Model loading completed: {'status': 'success', 'loaded': ['home_pipe', 'away_pipe', 'win_pipe', 'metadata', 'feature_columns']}
2025-11-18 08:31:00,766 INFO history No prediction_history.json found; starting with empty history.
2025-11-18 08:31:00,766 INFO api Application initialized: {'dataset': 'loaded', 'models': {'status': 'success', 'loaded': ['home_pipe', 'away_pipe', 'win_pipe', 'metadata', 'feature_columns']}, 'history': 'loaded 0 entries'}
2025-11-18 08:31:49,404 INFO api 🛑 Application shutdown complete
2025-11-18 08:31:51,050 INFO api Configuring CORS; restrict=True, allowed_origins=['https://nfl-ml-predictions.vercel.app', 'nfl-predict-christopher-jordons-projects.vercel.app', 'https://nfl-predict-git-main-christopher-jordons-projects.vercel.app', 'http://localhost:3000'], allow_origin_regex=https://.*/.vercel/.app$
2025-11-18 08:31:51,070 INFO api 🚀 Starting NFL Prediction API
2025-11-18 08:31:51,156 INFO root Dataset loaded successfully: 2748 rows, 186 columns
2025-11-18 08:31:52,560 INFO root ✓ Loaded home_pipe from home_model.joblib
2025-11-18 08:31:52,618 INFO root ✓ Loaded away_pipe from away_model.joblib
2025-11-18 08:31:52,623 INFO root ✓ Loaded win_pipe from win_clf_calibrated.joblib
2025-11-18 08:31:52,624 INFO models Loaded metadata from C:\Users\goku\Documents\NFL_ML_Predictions\backend\models\metadata.json
2025-11-18 08:31:52,625 INFO root Model coherence validation passed
2025-11-18 08:31:52,625 INFO root Model loading completed: {'status': 'success', 'loaded': ['home_pipe', 'away_pipe', 'win_pipe', 'metadata', 'feature_columns']}
2025-11-18 08:31:52,625 INFO history No prediction_history.json found; starting with empty history.
2025-11-18 08:31:52,626 INFO api Application initialized: {'dataset': 'loaded', 'models': {'status': 'success', 'loaded': ['home_pipe', 'away_pipe', 'win_pipe', 'metadata', 'feature_columns']}, 'history': 'loaded 0 entries'}
2025-11-18 08:37:26,402 INFO api 🛑 Application shutdown complete
2025-11-18 08:40:28,321 INFO api Configuring CORS; restrict=True, allowed_origins=['https://nfl-ml-predictions.vercel.app', 'nfl-predict-christopher-jordons-projects.vercel.app', 'https://nfl-predict-git-main-christopher-jordons-projects.vercel.app', 'http://localhost:3000'], allow_origin_regex=https://.*/.vercel/.app$
2025-11-18 08:40:28,332 INFO api 🚀 Starting NFL Prediction API
2025-11-18 08:40:28,411 INFO root Dataset loaded successfully: 2748 rows, 186 columns
2025-11-18 08:40:29,685 INFO root ✓ Loaded home_pipe from home_model.joblib
2025-11-18 08:40:29,730 INFO root ✓ Loaded away_pipe from away_model.joblib
2025-11-18 08:40:29,736 INFO root ✓ Loaded win_pipe from win_clf_calibrated.joblib
2025-11-18 08:40:29,736 INFO models Loaded metadata from C:\Users\goku\Documents\NFL_ML_Predictions\backend\models\metadata.json
2025-11-18 08:40:29,737 INFO root Model coherence validation passed
2025-11-18 08:40:29,737 INFO root Model loading completed: {'status': 'success', 'loaded': ['home_pipe', 'away_pipe', 'win_pipe', 'metadata', 'feature_columns']}
2025-11-18 08:40:29,737 INFO history No prediction_history.json found; starting with empty history.
2025-11-18 08:40:29,738 INFO api Application initialized: {'dataset': 'loaded', 'models': {'status': 'success', 'loaded': ['home_pipe', 'away_pipe', 'win_pipe', 'metadata', 'feature_columns']}, 'history': 'loaded 0 entries'}
2025-11-18 10:47:27,216 INFO api 🛑 Application shutdown complete
2025-11-18 10:47:38,054 INFO api Configuring CORS; restrict=True, allowed_origins=['https://nfl-ml-predictions.vercel.app', 'nfl-predict-christopher-jordons-projects.vercel.app', 'https://nfl-predict-git-main-christopher-jordons-projects.vercel.app', 'http://localhost:3000'], allow_origin_regex=https://.*/.vercel/.app$
2025-11-18 10:47:38,065 INFO api 🚀 Starting NFL Prediction API
2025-11-18 10:47:38,155 INFO root Dataset loaded successfully: 2748 rows, 186 columns
2025-11-18 10:47:45,571 INFO root ✓ Loaded home_pipe from home_model.joblib
2025-11-18 10:47:45,624 INFO root ✓ Loaded away_pipe from away_model.joblib
2025-11-18 10:47:45,640 INFO root ✓ Loaded win_pipe from win_clf_calibrated.joblib
2025-11-18 10:47:45,650 INFO models Loaded metadata from C:\Users\goku\Documents\NFL_ML_Predictions\backend\models\metadata.json
2025-11-18 10:47:45,650 INFO root Model coherence validation passed
2025-11-18 10:47:45,651 INFO root Model loading completed: {'status': 'success', 'loaded': ['home_pipe', 'away_pipe', 'win_pipe', 'metadata', 'feature_columns']}
2025-11-18 10:47:45,651 INFO history No prediction_history.json found; starting with empty history.
2025-11-18 10:47:45,651 INFO api Application initialized: {'dataset': 'loaded', 'models': {'status': 'success', 'loaded': ['home_pipe', 'away_pipe', 'win_pipe', 'metadata', 'feature_columns']}, 'history': 'loaded 0 entries'}
2025-11-18 11:07:04,913 INFO api 🛑 Application shutdown complete
2025-11-18 11:07:10,692 INFO api Configuring CORS; restrict=True, allowed_origins=['https://nfl-ml-predictions.vercel.app', 'nfl-predict-christopher-jordons-projects.vercel.app', 'https://nfl-predict-git-main-christopher-jordons-projects.vercel.app', 'http://localhost:3000'], allow_origin_regex=https://.*/.vercel/.app$
2025-11-18 11:07:10,703 INFO api 🚀 Starting NFL Prediction API
2025-11-18 11:07:10,793 INFO root Dataset loaded successfully: 2748 rows, 186 columns
2025-11-18 11:07:17,514 INFO root ✓ Loaded home_pipe from home_model.joblib
2025-11-18 11:07:17,566 INFO root ✓ Loaded away_pipe from away_model.joblib
2025-11-18 11:07:17,580 INFO root ✓ Loaded win_pipe from win_clf_calibrated.joblib
2025-11-18 11:07:17,582 INFO models Loaded metadata from C:\Users\goku\Documents\NFL_ML_Predictions\backend\models\metadata.json
2025-11-18 11:07:17,583 INFO root Model coherence validation passed
2025-11-18 11:07:17,583 INFO root Model loading completed: {'status': 'success', 'loaded': ['home_pipe', 'away_pipe', 'win_pipe', 'metadata', 'feature_columns']}
2025-11-18 11:07:17,584 INFO history No prediction_history.json found; starting with empty history.
2025-11-18 11:07:17,584 INFO api Application initialized: {'dataset': 'loaded', 'models': {'status': 'success', 'loaded': ['home_pipe', 'away_pipe', 'win_pipe', 'metadata', 'feature_columns']}, 'history': 'loaded 0 entries'}
2025-11-19 16:35:53,056 INFO api Configuring CORS; restrict=True, allowed_origins=['https://nfl-ml-predictions.vercel.app', 'nfl-predict-christopher-jordons-projects.vercel.app', 'https://nfl-predict-git-main-christopher-jordons-projects.vercel.app', 'http://localhost:3000'], allow_origin_regex=https://.*/.vercel/.app$
2025-11-19 16:35:53,068 INFO api 🚀 Starting NFL Prediction API
2025-11-19 16:35:53,168 INFO root Dataset loaded successfully: 2748 rows, 186 columns
2025-11-19 16:36:00,509 INFO root ✓ Loaded home_pipe from home_model.joblib
2025-11-19 16:36:00,565 INFO root ✓ Loaded away_pipe from away_model.joblib
2025-11-19 16:36:00,581 INFO root ✓ Loaded win_pipe from win_clf_calibrated.joblib
2025-11-19 16:36:00,593 INFO models Loaded metadata from C:\Users\goku\Documents\NFL_ML_Predictions\backend\models\metadata.json
2025-11-19 16:36:00,593 INFO root Model coherence validation passed
2025-11-19 16:36:00,593 INFO root Model loading completed: {'status': 'success', 'loaded': ['home_pipe', 'away_pipe', 'win_pipe', 'metadata', 'feature_columns']}
2025-11-19 16:36:00,594 INFO history No prediction_history.json found; starting with empty history.
2025-11-19 16:36:00,594 INFO api Application initialized: {'dataset': 'loaded', 'models': {'status': 'success', 'loaded': ['home_pipe', 'away_pipe', 'win_pipe', 'metadata', 'feature_columns']}, 'history': 'loaded 0 entries'}
2025-11-19 16:37:19,014 INFO api 🛑 Application shutdown complete
2025-11-19 16:37:20,583 INFO api Configuring CORS; restrict=True, allowed_origins=['https://nfl-ml-predictions.vercel.app', 'nfl-predict-christopher-jordons-projects.vercel.app', 'https://nfl-predict-git-main-christopher-jordons-projects.vercel.app', 'http://localhost:3000'], allow_origin_regex=https://.*/.vercel/.app$
2025-11-19 16:37:20,593 INFO api 🚀 Starting NFL Prediction API
2025-11-19 16:37:20,673 INFO root Dataset loaded successfully: 2748 rows, 186 columns
2025-11-19 16:37:22,154 INFO root ✓ Loaded home_pipe from home_model.joblib
2025-11-19 16:37:22,203 INFO root ✓ Loaded away_pipe from away_model.joblib
2025-11-19 16:37:22,208 INFO root ✓ Loaded win_pipe from win_clf_calibrated.joblib
2025-11-19 16:37:22,209 INFO models Loaded metadata from C:\Users\goku\Documents\NFL_ML_Predictions\backend\models\metadata.json
2025-11-19 16:37:22,209 INFO root Model coherence validation passed
2025-11-19 16:37:22,210 INFO root Model loading completed: {'status': 'success', 'loaded': ['home_pipe', 'away_pipe', 'win_pipe', 'metadata', 'feature_columns']}
2025-11-19 16:37:22,210 INFO history No prediction_history.json found; starting with empty history.
2025-11-19 16:37:22,210 INFO api Application initialized: {'dataset': 'loaded', 'models': {'status': 'success', 'loaded': ['home_pipe', 'away_pipe', 'win_pipe', 'metadata', 'feature_columns']}, 'history': 'loaded 0 entries'}
2025-11-19 16:39:11,525 INFO venv 2025-11-20 00:39:11.525107+00:00
2025-11-19 16:39:11,545 INFO api Schedule scope -> season=2025 week=12 via kickoff_date
2025-11-19 16:39:11,879 INFO venv 2025-11-20 00:39:11.879062+00:00
2025-11-19 16:39:11,887 INFO api Schedule scope -> season=2025 week=12 via kickoff_date
2025-11-19 16:39:12,639 INFO venv 2025-11-20 00:39:12.639775+00:00
2025-11-19 16:39:12,648 INFO api Schedule scope -> season=2025 week=12 via kickoff_date
2025-11-19 16:41:06,299 INFO venv 2025-11-20 00:41:06.299580+00:00
2025-11-19 16:41:06,311 INFO api Schedule scope -> season=2025 week=12 via kickoff_date
2025-11-19 16:41:06,671 INFO venv 2025-11-20 00:41:06.671792+00:00
2025-11-19 16:41:06,679 INFO api Schedule scope -> season=2025 week=12 via kickoff_date
2025-11-19 16:41:07,380 INFO venv 2025-11-20 00:41:07.380026+00:00
2025-11-19 16:41:07,387 INFO api Schedule scope -> season=2025 week=12 via kickoff_date
2025-11-19 16:57:15,735 INFO venv 2025-11-20 00:57:15.735756+00:00
2025-11-19 16:57:15,743 INFO api Schedule scope -> season=2025 week=12 via kickoff_date
2025-11-19 16:57:27,585 INFO api 🛑 Application shutdown complete
2025-11-19 16:57:29,063 INFO api Configuring CORS; restrict=True, allowed_origins=['https://nfl-ml-predictions.vercel.app', 'nfl-predict-christopher-jordons-projects.vercel.app', 'https://nfl-predict-git-main-christopher-jordons-projects.vercel.app', 'http://localhost:3000'], allow_origin_regex=https://.*/.vercel/.app$
2025-11-19 16:57:29,074 INFO api 🚀 Starting NFL Prediction API
2025-11-19 16:57:29,153 INFO root Dataset loaded successfully: 2748 rows, 186 columns
2025-11-19 16:57:30,550 INFO root ✓ Loaded home_pipe from home_model.joblib
2025-11-19 16:57:30,596 INFO root ✓ Loaded away_pipe from away_model.joblib
2025-11-19 16:57:30,601 INFO root ✓ Loaded win_pipe from win_clf_calibrated.joblib
2025-11-19 16:57:30,602 INFO models Loaded metadata from C:\Users\goku\Documents\NFL_ML_Predictions\backend\models\metadata.json
2025-11-19 16:57:30,602 INFO root Model coherence validation passed
2025-11-19 16:57:30,603 INFO root Model loading completed: {'status': 'success', 'loaded': ['home_pipe', 'away_pipe', 'win_pipe', 'metadata', 'feature_columns']}
2025-11-19 16:57:30,603 INFO history No prediction_history.json found; starting with empty history.
2025-11-19 16:57:30,603 INFO api Application initialized: {'dataset': 'loaded', 'models': {'status': 'success', 'loaded': ['home_pipe', 'away_pipe', 'win_pipe', 'metadata', 'feature_columns']}, 'history': 'loaded 0 entries'}
2025-11-19 16:57:33,656 INFO venv 2025-11-20 00:57:33.656360+00:00
2025-11-19 16:57:33,667 INFO api Schedule scope -> season=2025 week=12 via kickoff_date
2025-11-19 16:57:39,346 INFO api 🛑 Application shutdown complete
2025-11-19 16:57:40,809 INFO api Configuring CORS; restrict=True, allowed_origins=['https://nfl-ml-predictions.vercel.app', 'nfl-predict-christopher-jordons-projects.vercel.app', 'https://nfl-predict-git-main-christopher-jordons-projects.vercel.app', 'http://localhost:3000'], allow_origin_regex=https://.*/.vercel/.app$
2025-11-19 16:57:40,821 INFO api 🚀 Starting NFL Prediction API
2025-11-19 16:57:40,902 INFO root Dataset loaded successfully: 2748 rows, 186 columns
2025-11-19 16:57:42,234 INFO root ✓ Loaded home_pipe from home_model.joblib
2025-11-19 16:57:42,281 INFO root ✓ Loaded away_pipe from away_model.joblib
2025-11-19 16:57:42,287 INFO root ✓ Loaded win_pipe from win_clf_calibrated.joblib
2025-11-19 16:57:42,288 INFO models Loaded metadata from C:\Users\goku\Documents\NFL_ML_Predictions\backend\models\metadata.json
2025-11-19 16:57:42,288 INFO root Model coherence validation passed
2025-11-19 16:57:42,288 INFO root Model loading completed: {'status': 'success', 'loaded': ['home_pipe', 'away_pipe', 'win_pipe', 'metadata', 'feature_columns']}
2025-11-19 16:57:42,289 INFO history No prediction_history.json found; starting with empty history.
2025-11-19 16:57:42,289 INFO api Application initialized: {'dataset': 'loaded', 'models': {'status': 'success', 'loaded': ['home_pipe', 'away_pipe', 'win_pipe', 'metadata', 'feature_columns']}, 'history': 'loaded 0 entries'}
2025-11-19 16:57:44,648 INFO api 🛑 Application shutdown complete
2025-11-19 16:57:46,098 INFO api Configuring CORS; restrict=True, allowed_origins=['https://nfl-ml-predictions.vercel.app', 'nfl-predict-christopher-jordons-projects.vercel.app', 'https://nfl-predict-git-main-christopher-jordons-projects.vercel.app', 'http://localhost:3000'], allow_origin_regex=https://.*/.vercel/.app$
2025-11-19 16:57:46,109 INFO api 🚀 Starting NFL Prediction API
2025-11-19 16:57:46,188 INFO root Dataset loaded successfully: 2748 rows, 186 columns
2025-11-19 16:57:47,525 INFO root ✓ Loaded home_pipe from home_model.joblib
2025-11-19 16:57:47,571 INFO root ✓ Loaded away_pipe from away_model.joblib
2025-11-19 16:57:47,576 INFO root ✓ Loaded win_pipe from win_clf_calibrated.joblib
2025-11-19 16:57:47,577 INFO models Loaded metadata from C:\Users\goku\Documents\NFL_ML_Predictions\backend\models\metadata.json
2025-11-19 16:57:47,577 INFO root Model coherence validation passed
2025-11-19 16:57:47,578 INFO root Model loading completed: {'status': 'success', 'loaded': ['home_pipe', 'away_pipe', 'win_pipe', 'metadata', 'feature_columns']}
2025-11-19 16:57:47,578 INFO history No prediction_history.json found; starting with empty history.
2025-11-19 16:57:47,578 INFO api Application initialized: {'dataset': 'loaded', 'models': {'status': 'success', 'loaded': ['home_pipe', 'away_pipe', 'win_pipe', 'metadata', 'feature_columns']}, 'history': 'loaded 0 entries'}
2025-11-19 16:57:50,456 INFO venv 2025-11-20 00:57:50.456705+00:00
2025-11-19 16:57:50,467 INFO api Schedule scope -> season=2025 week=12 via kickoff_date
2025-11-19 16:57:56,264 INFO venv 2025-11-20 00:57:56.264945+00:00
2025-11-19 16:57:56,272 INFO api Schedule scope -> season=2025 week=12 via kickoff_date
2025-11-19 16:58:01,234 INFO venv 2025-11-20 00:58:01.234480+00:00
2025-11-19 16:58:01,252 INFO api Schedule scope -> season=2025 week=12 via kickoff_date
2025-11-19 16:58:06,197 INFO venv 2025-11-20 00:58:06.196995+00:00
2025-11-19 16:58:06,204 INFO api Schedule scope -> season=2025 week=12 via kickoff_date
2025-11-19 16:58:10,930 INFO venv 2025-11-20 00:58:10.930096+00:00
2025-11-19 16:58:10,937 INFO api Schedule scope -> season=2025 week=12 via kickoff_date
2025-11-19 16:58:13,463 INFO api 🛑 Application shutdown complete
2025-11-19 16:58:14,927 INFO api Configuring CORS; restrict=True, allowed_origins=['https://nfl-ml-predictions.vercel.app', 'nfl-predict-christopher-jordons-projects.vercel.app', 'https://nfl-predict-git-main-christopher-jordons-projects.vercel.app', 'http://localhost:3000'], allow_origin_regex=https://.*/.vercel/.app$
2025-11-19 16:58:14,938 INFO api 🚀 Starting NFL Prediction API
2025-11-19 16:58:15,016 INFO root Dataset loaded successfully: 2748 rows, 186 columns
2025-11-19 16:58:16,320 INFO root ✓ Loaded home_pipe from home_model.joblib
2025-11-19 16:58:16,366 INFO root ✓ Loaded away_pipe from away_model.joblib
2025-11-19 16:58:16,372 INFO root ✓ Loaded win_pipe from win_clf_calibrated.joblib
2025-11-19 16:58:16,372 INFO models Loaded metadata from C:\Users\goku\Documents\NFL_ML_Predictions\backend\models\metadata.json
2025-11-19 16:58:16,373 INFO root Model coherence validation passed
2025-11-19 16:58:16,373 INFO root Model loading completed: {'status': 'success', 'loaded': ['home_pipe', 'away_pipe', 'win_pipe', 'metadata', 'feature_columns']}
2025-11-19 16:58:16,374 INFO history No prediction_history.json found; starting with empty history.
2025-11-19 16:58:16,374 INFO api Application initialized: {'dataset': 'loaded', 'models': {'status': 'success', 'loaded': ['home_pipe', 'away_pipe', 'win_pipe', 'metadata', 'feature_columns']}, 'history': 'loaded 0 entries'}
2025-11-19 16:58:16,383 INFO venv 2025-11-20 00:58:16.383258+00:00
2025-11-19 16:58:16,393 INFO api Schedule scope -> season=2025 week=12 via kickoff_date
2025-11-19 16:58:21,116 INFO venv 2025-11-20 00:58:21.116490+00:00
2025-11-19 16:58:21,124 INFO api Schedule scope -> season=2025 week=12 via kickoff_date
2025-11-19 16:58:25,791 INFO venv 2025-11-20 00:58:25.791704+00:00
2025-11-19 16:58:25,799 INFO api Schedule scope -> season=2025 week=12 via kickoff_date
2025-11-19 16:59:56,476 INFO venv 2025-11-20 00:59:56.476268+00:00
2025-11-19 16:59:56,487 INFO api Schedule scope -> season=2025 week=12 via kickoff_date
2025-11-19 17:00:04,211 INFO venv 2025-11-20 01:00:04.211919+00:00
2025-11-19 17:00:04,223 INFO api Schedule scope -> season=2025 week=12 via kickoff_date
2025-11-19 17:00:39,548 INFO api 🛑 Application shutdown complete
2025-11-19 17:00:41,014 INFO api Configuring CORS; restrict=True, allowed_origins=['https://nfl-ml-predictions.vercel.app', 'nfl-predict-christopher-jordons-projects.vercel.app', 'https://nfl-predict-git-main-christopher-jordons-projects.vercel.app', 'http://localhost:3000'], allow_origin_regex=https://.*/.vercel/.app$
2025-11-19 17:00:41,025 INFO api 🚀 Starting NFL Prediction API
2025-11-19 17:00:41,107 INFO root Dataset loaded successfully: 2748 rows, 186 columns
2025-11-19 17:00:42,487 INFO root ✓ Loaded home_pipe from home_model.joblib
2025-11-19 17:00:42,534 INFO root ✓ Loaded away_pipe from away_model.joblib
2025-11-19 17:00:42,540 INFO root ✓ Loaded win_pipe from win_clf_calibrated.joblib
2025-11-19 17:00:42,541 INFO models Loaded metadata from C:\Users\goku\Documents\NFL_ML_Predictions\backend\models\metadata.json
2025-11-19 17:00:42,542 INFO root Model coherence validation passed
2025-11-19 17:00:42,542 INFO root Model loading completed: {'status': 'success', 'loaded': ['home_pipe', 'away_pipe', 'win_pipe', 'metadata', 'feature_columns']}
2025-11-19 17:00:42,542 INFO history No prediction_history.json found; starting with empty history.
2025-11-19 17:00:42,543 INFO api Application initialized: {'dataset': 'loaded', 'models': {'status': 'success', 'loaded': ['home_pipe', 'away_pipe', 'win_pipe', 'metadata', 'feature_columns']}, 'history': 'loaded 0 entries'}
2025-11-19 17:00:44,404 INFO api 🛑 Application shutdown complete
2025-11-19 17:00:45,834 INFO api Configuring CORS; restrict=True, allowed_origins=['https://nfl-ml-predictions.vercel.app', 'nfl-predict-christopher-jordons-projects.vercel.app', 'https://nfl-predict-git-main-christopher-jordons-projects.vercel.app', 'http://localhost:3000'], allow_origin_regex=https://.*/.vercel/.app$
2025-11-19 17:00:45,845 INFO api 🚀 Starting NFL Prediction API
2025-11-19 17:00:45,924 INFO root Dataset loaded successfully: 2748 rows, 186 columns
2025-11-19 17:00:47,217 INFO root ✓ Loaded home_pipe from home_model.joblib
2025-11-19 17:00:47,262 INFO root ✓ Loaded away_pipe from away_model.joblib
2025-11-19 17:00:47,267 INFO root ✓ Loaded win_pipe from win_clf_calibrated.joblib
2025-11-19 17:00:47,268 INFO models Loaded metadata from C:\Users\goku\Documents\NFL_ML_Predictions\backend\models\metadata.json
2025-11-19 17:00:47,268 INFO root Model coherence validation passed
2025-11-19 17:00:47,269 INFO root Model loading completed: {'status': 'success', 'loaded': ['home_pipe', 'away_pipe', 'win_pipe', 'metadata', 'feature_columns']}
2025-11-19 17:00:47,269 INFO history No prediction_history.json found; starting with empty history.
2025-11-19 17:00:47,269 INFO api Application initialized: {'dataset': 'loaded', 'models': {'status': 'success', 'loaded': ['home_pipe', 'away_pipe', 'win_pipe', 'metadata', 'feature_columns']}, 'history': 'loaded 0 entries'}
2025-11-19 17:00:49,732 INFO api 🛑 Application shutdown complete
2025-11-19 17:00:51,172 INFO api Configuring CORS; restrict=True, allowed_origins=['https://nfl-ml-predictions.vercel.app', 'nfl-predict-christopher-jordons-projects.vercel.app', 'https://nfl-predict-git-main-christopher-jordons-projects.vercel.app', 'http://localhost:3000'], allow_origin_regex=https://.*/.vercel/.app$
2025-11-19 17:00:51,182 INFO api 🚀 Starting NFL Prediction API
2025-11-19 17:00:51,261 INFO root Dataset loaded successfully: 2748 rows, 186 columns
2025-11-19 17:00:52,578 INFO root ✓ Loaded home_pipe from home_model.joblib
2025-11-19 17:00:52,623 INFO root ✓ Loaded away_pipe from away_model.joblib
2025-11-19 17:00:52,629 INFO root ✓ Loaded win_pipe from win_clf_calibrated.joblib
2025-11-19 17:00:52,629 INFO models Loaded metadata from C:\Users\goku\Documents\NFL_ML_Predictions\backend\models\metadata.json
2025-11-19 17:00:52,630 INFO root Model coherence validation passed
2025-11-19 17:00:52,630 INFO root Model loading completed: {'status': 'success', 'loaded': ['home_pipe', 'away_pipe', 'win_pipe', 'metadata', 'feature_columns']}
2025-11-19 17:00:52,630 INFO history No prediction_history.json found; starting with empty history.
2025-11-19 17:00:52,631 INFO api Application initialized: {'dataset': 'loaded', 'models': {'status': 'success', 'loaded': ['home_pipe', 'away_pipe', 'win_pipe', 'metadata', 'feature_columns']}, 'history': 'loaded 0 entries'}
2025-11-19 17:00:58,825 INFO api 🛑 Application shutdown complete
2025-11-19 17:01:00,283 INFO api Configuring CORS; restrict=True, allowed_origins=['https://nfl-ml-predictions.vercel.app', 'nfl-predict-christopher-jordons-projects.vercel.app', 'https://nfl-predict-git-main-christopher-jordons-projects.vercel.app', 'http://localhost:3000'], allow_origin_regex=https://.*/.vercel/.app$
2025-11-19 17:01:00,294 INFO api 🚀 Starting NFL Prediction API
2025-11-19 17:01:00,373 INFO root Dataset loaded successfully: 2748 rows, 186 columns
2025-11-19 17:01:01,742 INFO root ✓ Loaded home_pipe from home_model.joblib
2025-11-19 17:01:01,788 INFO root ✓ Loaded away_pipe from away_model.joblib
2025-11-19 17:01:01,793 INFO root ✓ Loaded win_pipe from win_clf_calibrated.joblib
2025-11-19 17:01:01,794 INFO models Loaded metadata from C:\Users\goku\Documents\NFL_ML_Predictions\backend\models\metadata.json
2025-11-19 17:01:01,795 INFO root Model coherence validation passed
2025-11-19 17:01:01,795 INFO root Model loading completed: {'status': 'success', 'loaded': ['home_pipe', 'away_pipe', 'win_pipe', 'metadata', 'feature_columns']}
2025-11-19 17:01:01,795 INFO history No prediction_history.json found; starting with empty history.
2025-11-19 17:01:01,796 INFO api Application initialized: {'dataset': 'loaded', 'models': {'status': 'success', 'loaded': ['home_pipe', 'away_pipe', 'win_pipe', 'metadata', 'feature_columns']}, 'history': 'loaded 0 entries'}
2025-11-19 17:01:01,797 INFO api 🛑 Application shutdown complete
2025-11-19 17:01:03,238 INFO api Configuring CORS; restrict=True, allowed_origins=['https://nfl-ml-predictions.vercel.app', 'nfl-predict-christopher-jordons-projects.vercel.app', 'https://nfl-predict-git-main-christopher-jordons-projects.vercel.app', 'http://localhost:3000'], allow_origin_regex=https://.*/.vercel/.app$
2025-11-19 17:01:03,250 INFO api 🚀 Starting NFL Prediction API
2025-11-19 17:01:03,328 INFO root Dataset loaded successfully: 2748 rows, 186 columns
2025-11-19 17:01:04,616 INFO root ✓ Loaded home_pipe from home_model.joblib
2025-11-19 17:01:04,662 INFO root ✓ Loaded away_pipe from away_model.joblib
2025-11-19 17:01:04,668 INFO root ✓ Loaded win_pipe from win_clf_calibrated.joblib
2025-11-19 17:01:04,669 INFO models Loaded metadata from C:\Users\goku\Documents\NFL_ML_Predictions\backend\models\metadata.json
2025-11-19 17:01:04,669 INFO root Model coherence validation passed
2025-11-19 17:01:04,669 INFO root Model loading completed: {'status': 'success', 'loaded': ['home_pipe', 'away_pipe', 'win_pipe', 'metadata', 'feature_columns']}
2025-11-19 17:01:04,670 INFO history No prediction_history.json found; starting with empty history.
2025-11-19 17:01:04,670 INFO api Application initialized: {'dataset': 'loaded', 'models': {'status': 'success', 'loaded': ['home_pipe', 'away_pipe', 'win_pipe', 'metadata', 'feature_columns']}, 'history': 'loaded 0 entries'}
2025-11-19 17:01:06,950 INFO api 🛑 Application shutdown complete
2025-11-19 17:01:08,403 INFO api Configuring CORS; restrict=True, allowed_origins=['https://nfl-ml-predictions.vercel.app', 'nfl-predict-christopher-jordons-projects.vercel.app', 'https://nfl-predict-git-main-christopher-jordons-projects.vercel.app', 'http://localhost:3000'], allow_origin_regex=https://.*/.vercel/.app$
2025-11-19 17:01:08,414 INFO api 🚀 Starting NFL Prediction API
2025-11-19 17:01:08,494 INFO root Dataset loaded successfully: 2748 rows, 186 columns
2025-11-19 17:01:09,779 INFO root ✓ Loaded home_pipe from home_model.joblib
2025-11-19 17:01:09,825 INFO root ✓ Loaded away_pipe from away_model.joblib
2025-11-19 17:01:09,830 INFO root ✓ Loaded win_pipe from win_clf_calibrated.joblib
2025-11-19 17:01:09,831 INFO models Loaded metadata from C:\Users\goku\Documents\NFL_ML_Predictions\backend\models\metadata.json
2025-11-19 17:01:09,832 INFO root Model coherence validation passed
2025-11-19 17:01:09,832 INFO root Model loading completed: {'status': 'success', 'loaded': ['home_pipe', 'away_pipe', 'win_pipe', 'metadata', 'feature_columns']}
2025-11-19 17:01:09,832 INFO history No prediction_history.json found; starting with empty history.
2025-11-19 17:01:09,832 INFO api Application initialized: {'dataset': 'loaded', 'models': {'status': 'success', 'loaded': ['home_pipe', 'away_pipe', 'win_pipe', 'metadata', 'feature_columns']}, 'history': 'loaded 0 entries'}
2025-11-19 17:01:11,248 INFO api 🛑 Application shutdown complete
2025-11-19 17:01:12,703 INFO api Configuring CORS; restrict=True, allowed_origins=['https://nfl-ml-predictions.vercel.app', 'nfl-predict-christopher-jordons-projects.vercel.app', 'https://nfl-predict-git-main-christopher-jordons-projects.vercel.app', 'http://localhost:3000'], allow_origin_regex=https://.*/.vercel/.app$
2025-11-19 17:01:12,714 INFO api 🚀 Starting NFL Prediction API
2025-11-19 17:01:12,792 INFO root Dataset loaded successfully: 2748 rows, 186 columns
2025-11-19 17:01:14,079 INFO root ✓ Loaded home_pipe from home_model.joblib
2025-11-19 17:01:14,133 INFO root ✓ Loaded away_pipe from away_model.joblib
2025-11-19 17:01:14,139 INFO root ✓ Loaded win_pipe from win_clf_calibrated.joblib
2025-11-19 17:01:14,139 INFO models Loaded metadata from C:\Users\goku\Documents\NFL_ML_Predictions\backend\models\metadata.json
2025-11-19 17:01:14,140 INFO root Model coherence validation passed
2025-11-19 17:01:14,140 INFO root Model loading completed: {'status': 'success', 'loaded': ['home_pipe', 'away_pipe', 'win_pipe', 'metadata', 'feature_columns']}
2025-11-19 17:01:14,141 INFO history No prediction_history.json found; starting with empty history.
2025-11-19 17:01:14,141 INFO api Application initialized: {'dataset': 'loaded', 'models': {'status': 'success', 'loaded': ['home_pipe', 'away_pipe', 'win_pipe', 'metadata', 'feature_columns']}, 'history': 'loaded 0 entries'}
2025-11-19 17:01:14,141 INFO api 🛑 Application shutdown complete
2025-11-19 17:01:15,640 INFO api Configuring CORS; restrict=True, allowed_origins=['https://nfl-ml-predictions.vercel.app', 'nfl-predict-christopher-jordons-projects.vercel.app', 'https://nfl-predict-git-main-christopher-jordons-projects.vercel.app', 'http://localhost:3000'], allow_origin_regex=https://.*/.vercel/.app$
2025-11-19 17:01:15,651 INFO api 🚀 Starting NFL Prediction API
2025-11-19 17:01:15,728 INFO root Dataset loaded successfully: 2748 rows, 186 columns
2025-11-19 17:01:17,038 INFO root ✓ Loaded home_pipe from home_model.joblib
2025-11-19 17:01:17,084 INFO root ✓ Loaded away_pipe from away_model.joblib
2025-11-19 17:01:17,089 INFO root ✓ Loaded win_pipe from win_clf_calibrated.joblib
2025-11-19 17:01:17,090 INFO models Loaded metadata from C:\Users\goku\Documents\NFL_ML_Predictions\backend\models\metadata.json
2025-11-19 17:01:17,090 INFO root Model coherence validation passed
2025-11-19 17:01:17,090 INFO root Model loading completed: {'status': 'success', 'loaded': ['home_pipe', 'away_pipe', 'win_pipe', 'metadata', 'feature_columns']}
2025-11-19 17:01:17,091 INFO history No prediction_history.json found; starting with empty history.
2025-11-19 17:01:17,091 INFO api Application initialized: {'dataset': 'loaded', 'models': {'status': 'success', 'loaded': ['home_pipe', 'away_pipe', 'win_pipe', 'metadata', 'feature_columns']}, 'history': 'loaded 0 entries'}
2025-11-19 17:01:17,092 INFO api 🛑 Application shutdown complete
2025-11-19 17:01:18,620 INFO api Configuring CORS; restrict=True, allowed_origins=['https://nfl-ml-predictions.vercel.app', 'nfl-predict-christopher-jordons-projects.vercel.app', 'https://nfl-predict-git-main-christopher-jordons-projects.vercel.app', 'http://localhost:3000'], allow_origin_regex=https://.*/.vercel/.app$
2025-11-19 17:01:18,631 INFO api 🚀 Starting NFL Prediction API
2025-11-19 17:01:18,711 INFO root Dataset loaded successfully: 2748 rows, 186 columns
2025-11-19 17:01:19,993 INFO root ✓ Loaded home_pipe from home_model.joblib
2025-11-19 17:01:20,038 INFO root ✓ Loaded away_pipe from away_model.joblib
2025-11-19 17:01:20,043 INFO root ✓ Loaded win_pipe from win_clf_calibrated.joblib
2025-11-19 17:01:20,044 INFO models Loaded metadata from C:\Users\goku\Documents\NFL_ML_Predictions\backend\models\metadata.json
2025-11-19 17:01:20,045 INFO root Model coherence validation passed
2025-11-19 17:01:20,045 INFO root Model loading completed: {'status': 'success', 'loaded': ['home_pipe', 'away_pipe', 'win_pipe', 'metadata', 'feature_columns']}
2025-11-19 17:01:20,045 INFO history No prediction_history.json found; starting with empty history.
2025-11-19 17:01:20,046 INFO api Application initialized: {'dataset': 'loaded', 'models': {'status': 'success', 'loaded': ['home_pipe', 'away_pipe', 'win_pipe', 'metadata', 'feature_columns']}, 'history': 'loaded 0 entries'}
2025-11-19 17:01:24,233 INFO venv 2025-11-20 01:01:24.233181+00:00
2025-11-19 17:01:24,241 INFO api Schedule scope -> season=2025 week=12 via kickoff_date
2025-11-19 17:01:36,352 INFO venv 2025-11-20 01:01:36.352913+00:00
2025-11-19 17:01:36,358 INFO api Schedule scope -> season=2025 week=12 via kickoff_date
2025-11-19 17:01:40,944 WARNING history Failed to record prediction history: 'PredictionHistoryEntry' object has no attribute 'pd'
2025-11-19 17:03:48,371 INFO api 🛑 Application shutdown complete
2025-11-19 17:03:50,306 INFO api Configuring CORS; restrict=True, allowed_origins=['https://nfl-ml-predictions.vercel.app', 'nfl-predict-christopher-jordons-projects.vercel.app', 'https://nfl-predict-git-main-christopher-jordons-projects.vercel.app', 'http://localhost:3000'], allow_origin_regex=https://.*/.vercel/.app$
2025-11-19 17:03:50,319 INFO api 🚀 Starting NFL Prediction API
2025-11-19 17:03:50,413 INFO root Dataset loaded successfully: 2748 rows, 186 columns
2025-11-19 17:03:52,203 INFO root ✓ Loaded home_pipe from home_model.joblib
2025-11-19 17:03:52,276 INFO root ✓ Loaded away_pipe from away_model.joblib
2025-11-19 17:03:52,285 INFO root ✓ Loaded win_pipe from win_clf_calibrated.joblib
2025-11-19 17:03:52,286 INFO models Loaded metadata from C:\Users\goku\Documents\NFL_ML_Predictions\backend\models\metadata.json
2025-11-19 17:03:52,287 INFO root Model coherence validation passed
2025-11-19 17:03:52,287 INFO root Model loading completed: {'status': 'success', 'loaded': ['home_pipe', 'away_pipe', 'win_pipe', 'metadata', 'feature_columns']}
2025-11-19 17:03:52,287 INFO history No prediction_history.json found; starting with empty history.
2025-11-19 17:03:52,288 INFO api Application initialized: {'dataset': 'loaded', 'models': {'status': 'success', 'loaded': ['home_pipe', 'away_pipe', 'win_pipe', 'metadata', 'feature_columns']}, 'history': 'loaded 0 entries'}
2025-11-19 17:13:49,054 INFO venv 2025-11-20 01:13:49.054062+00:00
2025-11-19 17:13:49,065 INFO api Schedule scope -> season=2025 week=12 via kickoff_date
2025-11-19 17:14:14,387 INFO venv 2025-11-20 01:14:14.387309+00:00
2025-11-19 17:14:14,392 INFO api Schedule scope -> season=2025 week=12 via kickoff_date
2025-11-19 17:14:17,096 WARNING history Failed to record prediction history: 'PredictionHistoryEntry' object has no attribute 'pd'
2025-11-19 17:14:18,599 WARNING history Failed to record prediction history: 'PredictionHistoryEntry' object has no attribute 'pd'
2025-11-19 17:14:20,790 WARNING history Failed to record prediction history: 'PredictionHistoryEntry' object has no attribute 'pd'
2025-11-19 17:14:25,738 INFO venv 2025-11-20 01:14:25.738959+00:00
2025-11-19 17:14:25,744 INFO api Schedule scope -> season=2025 week=12 via kickoff_date
2025-11-19 17:14:43,643 WARNING history Failed to record prediction history: 'PredictionHistoryEntry' object has no attribute 'pd'
2025-11-19 17:14:44,438 WARNING history Failed to record prediction history: 'PredictionHistoryEntry' object has no attribute 'pd'
2025-11-19 18:32:19,409 INFO api Configuring CORS; restrict=True, allowed_origins=['https://nfl-ml-predictions.vercel.app', 'nfl-predict-christopher-jordons-projects.vercel.app', 'https://nfl-predict-git-main-christopher-jordons-projects.vercel.app', 'http://localhost:3000'], allow_origin_regex=https://.*/.vercel/.app$
2025-11-19 18:32:19,420 INFO api 🚀 Starting NFL Prediction API
2025-11-19 18:32:19,499 INFO root Dataset loaded successfully: 2748 rows, 186 columns
2025-11-19 18:32:20,803 INFO root ✓ Loaded home_pipe from home_model.joblib
2025-11-19 18:32:20,851 INFO root ✓ Loaded away_pipe from away_model.joblib
2025-11-19 18:32:20,856 INFO root ✓ Loaded win_pipe from win_clf_calibrated.joblib
2025-11-19 18:32:20,857 INFO models Loaded metadata from C:\Users\goku\Documents\NFL_ML_Predictions\backend\models\metadata.json
2025-11-19 18:32:20,858 INFO root Model coherence validation passed
2025-11-19 18:32:20,858 INFO root Model loading completed: {'status': 'success', 'loaded': ['home_pipe', 'away_pipe', 'win_pipe', 'metadata', 'feature_columns']}
2025-11-19 18:32:20,858 INFO history No prediction_history.json found; starting with empty history.
2025-11-19 18:32:20,859 INFO api Application initialized: {'dataset': 'loaded', 'models': {'status': 'success', 'loaded': ['home_pipe', 'away_pipe', 'win_pipe', 'metadata', 'feature_columns']}, 'history': 'loaded 0 entries'}
2025-11-19 18:32:48,175 INFO venv 2025-11-20 02:32:48.175094+00:00
2025-11-19 18:32:48,186 INFO api Schedule scope -> season=2025 week=12 via kickoff_date
2025-11-19 18:32:54,057 INFO venv 2025-11-20 02:32:54.057745+00:00
2025-11-19 18:32:54,062 INFO api Schedule scope -> season=2025 week=12 via kickoff_date
2025-11-19 21:37:23,721 INFO venv 2025-11-20 05:37:23.721056+00:00
2025-11-19 21:37:23,742 INFO api Schedule scope -> season=2025 week=12 via kickoff_date
2025-11-19 21:37:57,313 INFO venv 2025-11-20 05:37:57.313750+00:00
2025-11-19 21:37:57,319 INFO api Schedule scope -> season=2025 week=12 via kickoff_date
2025-11-19 23:59:27,808 INFO api 🛑 Application shutdown complete
2025-11-20 00:52:13,619 INFO api Configuring CORS; restrict=True, allowed_origins=['https://nfl-ml-predictions.vercel.app', 'nfl-predict-christopher-jordons-projects.vercel.app', 'https://nfl-predict-git-main-christopher-jordons-projects.vercel.app', 'http://localhost:3000'], allow_origin_regex=https://.*/.vercel/.app$
2025-11-20 00:52:13,624 INFO api 🚀 Starting NFL Prediction API
2025-11-20 00:52:13,703 INFO root Dataset loaded successfully: 2748 rows, 186 columns
2025-11-20 00:52:15,002 INFO root ✓ Loaded home_pipe from home_model.joblib
2025-11-20 00:52:15,050 INFO root ✓ Loaded away_pipe from away_model.joblib
2025-11-20 00:52:15,055 INFO root ✓ Loaded win_pipe from win_clf_calibrated.joblib
2025-11-20 00:52:15,056 INFO models Loaded metadata from C:\Users\goku\Documents\NFL_ML_Predictions\backend\models\metadata.json
2025-11-20 00:52:15,056 INFO root Model coherence validation passed
2025-11-20 00:52:15,057 INFO root Model loading completed: {'status': 'success', 'loaded': ['home_pipe', 'away_pipe', 'win_pipe', 'metadata', 'feature_columns']}
2025-11-20 00:52:15,057 INFO history No prediction_history.json found; starting with empty history.
2025-11-20 00:52:15,057 INFO api Application initialized: {'dataset': 'loaded', 'models': {'status': 'success', 'loaded': ['home_pipe', 'away_pipe', 'win_pipe', 'metadata', 'feature_columns']}, 'history': 'loaded 0 entries'}
2025-11-20 00:52:37,800 INFO api 🛑 Application shutdown complete
2025-11-20 00:53:21,935 INFO api Configuring CORS; restrict=True, allowed_origins=['https://nfl-ml-predictions.vercel.app', 'nfl-predict-christopher-jordons-projects.vercel.app', 'https://nfl-predict-git-main-christopher-jordons-projects.vercel.app', 'http://localhost:3000'], allow_origin_regex=https://.*/.vercel/.app$
2025-11-20 00:53:21,940 INFO api 🚀 Starting NFL Prediction API
2025-11-20 00:53:22,018 INFO root Dataset loaded successfully: 2748 rows, 186 columns
2025-11-20 00:53:23,299 INFO root ✓ Loaded home_pipe from home_model.joblib
2025-11-20 00:53:23,348 INFO root ✓ Loaded away_pipe from away_model.joblib
2025-11-20 00:53:23,354 INFO root ✓ Loaded win_pipe from win_clf_calibrated.joblib
2025-11-20 00:53:23,355 INFO models Loaded metadata from C:\Users\goku\Documents\NFL_ML_Predictions\backend\models\metadata.json
2025-11-20 00:53:23,355 INFO root Model coherence validation passed
2025-11-20 00:53:23,355 INFO root Model loading completed: {'status': 'success', 'loaded': ['home_pipe', 'away_pipe', 'win_pipe', 'metadata', 'feature_columns']}
2025-11-20 00:53:23,356 INFO history No prediction_history.json found; starting with empty history.
2025-11-20 00:53:23,356 INFO api Application initialized: {'dataset': 'loaded', 'models': {'status': 'success', 'loaded': ['home_pipe', 'away_pipe', 'win_pipe', 'metadata', 'feature_columns']}, 'history': 'loaded 0 entries'}
2025-11-20 00:53:36,050 INFO api 🛑 Application shutdown complete
2025-11-20 01:38:36,962 INFO api Configuring CORS; restrict=True, allowed_origins=['https://nfl-ml-predictions.vercel.app', 'nfl-predict-christopher-jordons-projects.vercel.app', 'https://nfl-predict-git-main-christopher-jordons-projects.vercel.app', 'http://localhost:3000'], allow_origin_regex=https://.*/.vercel/.app$
2025-11-20 01:38:36,967 INFO api 🚀 Starting NFL Prediction API
2025-11-20 01:38:37,045 INFO root Dataset loaded successfully: 2748 rows, 186 columns
2025-11-20 01:38:38,373 INFO root ✓ Loaded home_pipe from home_model.joblib
2025-11-20 01:38:38,421 INFO root ✓ Loaded away_pipe from away_model.joblib
2025-11-20 01:38:38,426 INFO root ✓ Loaded win_pipe from win_clf_calibrated.joblib
2025-11-20 01:38:38,427 INFO models Loaded metadata from C:\Users\goku\Documents\NFL_ML_Predictions\backend\models\metadata.json
2025-11-20 01:38:38,428 INFO root Model coherence validation passed
2025-11-20 01:38:38,428 INFO root Model loading completed: {'status': 'success', 'loaded': ['home_pipe', 'away_pipe', 'win_pipe', 'metadata', 'feature_columns']}
2025-11-20 01:38:38,428 INFO history No prediction_history.json found; starting with empty history.
2025-11-20 01:38:38,428 INFO api Application initialized: {'dataset': 'loaded', 'models': {'status': 'success', 'loaded': ['home_pipe', 'away_pipe', 'win_pipe', 'metadata', 'feature_columns']}, 'history': 'loaded 0 entries'}
2025-11-20 01:38:48,644 INFO api 🛑 Application shutdown complete
2025-11-20 01:38:50,791 INFO api Configuring CORS; restrict=True, allowed_origins=['https://nfl-ml-predictions.vercel.app', 'nfl-predict-christopher-jordons-projects.vercel.app', 'https://nfl-predict-git-main-christopher-jordons-projects.vercel.app', 'http://localhost:3000'], allow_origin_regex=https://.*/.vercel/.app$
2025-11-20 01:38:50,796 INFO api 🚀 Starting NFL Prediction API
2025-11-20 01:38:50,874 INFO root Dataset loaded successfully: 2748 rows, 186 columns
2025-11-20 01:38:52,153 INFO root ✓ Loaded home_pipe from home_model.joblib
2025-11-20 01:38:52,202 INFO root ✓ Loaded away_pipe from away_model.joblib
2025-11-20 01:38:52,208 INFO root ✓ Loaded win_pipe from win_clf_calibrated.joblib
2025-11-20 01:38:52,209 INFO models Loaded metadata from C:\Users\goku\Documents\NFL_ML_Predictions\backend\models\metadata.json
2025-11-20 01:38:52,209 INFO root Model coherence validation passed
2025-11-20 01:38:52,209 INFO root Model loading completed: {'status': 'success', 'loaded': ['home_pipe', 'away_pipe', 'win_pipe', 'metadata', 'feature_columns']}
2025-11-20 01:38:52,210 INFO history No prediction_history.json found; starting with empty history.
2025-11-20 01:38:52,210 INFO api Application initialized: {'dataset': 'loaded', 'models': {'status': 'success', 'loaded': ['home_pipe', 'away_pipe', 'win_pipe', 'metadata', 'feature_columns']}, 'history': 'loaded 0 entries'}
2025-11-20 01:42:32,581 INFO api 🛑 Application shutdown complete
2025-11-20 01:42:34,771 INFO api Configuring CORS; restrict=True, allowed_origins=['https://nfl-ml-predictions.vercel.app', 'nfl-predict-christopher-jordons-projects.vercel.app', 'https://nfl-predict-git-main-christopher-jordons-projects.vercel.app', 'http://localhost:3000'], allow_origin_regex=https://.*/.vercel/.app$
2025-11-20 01:42:34,776 INFO api 🚀 Starting NFL Prediction API
2025-11-20 01:42:34,855 INFO root Dataset loaded successfully: 2748 rows, 186 columns
2025-11-20 01:42:36,200 INFO root ✓ Loaded home_pipe from home_model.joblib
2025-11-20 01:42:36,249 INFO root ✓ Loaded away_pipe from away_model.joblib
2025-11-20 01:42:36,255 INFO root ✓ Loaded win_pipe from win_clf_calibrated.joblib
2025-11-20 01:42:36,255 INFO models Loaded metadata from C:\Users\goku\Documents\NFL_ML_Predictions\backend\models\metadata.json
2025-11-20 01:42:36,256 INFO root Model coherence validation passed
2025-11-20 01:42:36,256 INFO root Model loading completed: {'status': 'success', 'loaded': ['home_pipe', 'away_pipe', 'win_pipe', 'metadata', 'feature_columns']}
2025-11-20 01:42:36,257 INFO history No prediction_history.json found; starting with empty history.
2025-11-20 01:42:36,257 INFO api Application initialized: {'dataset': 'loaded', 'models': {'status': 'success', 'loaded': ['home_pipe', 'away_pipe', 'win_pipe', 'metadata', 'feature_columns']}, 'history': 'loaded 0 entries'}
2025-11-20 01:43:34,950 INFO api 🛑 Application shutdown complete
2025-11-20 01:43:37,166 INFO api Configuring CORS; restrict=True, allowed_origins=['https://nfl-ml-predictions.vercel.app', 'nfl-predict-christopher-jordons-projects.vercel.app', 'https://nfl-predict-git-main-christopher-jordons-projects.vercel.app', 'http://localhost:3000'], allow_origin_regex=https://.*/.vercel/.app$
2025-11-20 01:43:37,171 INFO api 🚀 Starting NFL Prediction API
2025-11-20 01:43:37,250 INFO root Dataset loaded successfully: 2748 rows, 186 columns
2025-11-20 01:43:38,571 INFO root ✓ Loaded home_pipe from home_model.joblib
2025-11-20 01:43:38,618 INFO root ✓ Loaded away_pipe from away_model.joblib
2025-11-20 01:43:38,624 INFO root ✓ Loaded win_pipe from win_clf_calibrated.joblib
2025-11-20 01:43:38,624 INFO models Loaded metadata from C:\Users\goku\Documents\NFL_ML_Predictions\backend\models\metadata.json
2025-11-20 01:43:38,625 INFO root Model coherence validation passed
2025-11-20 01:43:38,625 INFO root Model loading completed: {'status': 'success', 'loaded': ['home_pipe', 'away_pipe', 'win_pipe', 'metadata', 'feature_columns']}
2025-11-20 01:43:38,625 INFO history No prediction_history.json found; starting with empty history.
2025-11-20 01:43:38,626 INFO api Application initialized: {'dataset': 'loaded', 'models': {'status': 'success', 'loaded': ['home_pipe', 'away_pipe', 'win_pipe', 'metadata', 'feature_columns']}, 'history': 'loaded 0 entries'}
2025-11-20 01:44:20,425 INFO api 🛑 Application shutdown complete
2025-11-20 01:44:22,532 INFO api Configuring CORS; restrict=True, allowed_origins=['https://nfl-ml-predictions.vercel.app', 'nfl-predict-christopher-jordons-projects.vercel.app', 'https://nfl-predict-git-main-christopher-jordons-projects.vercel.app', 'http://localhost:3000'], allow_origin_regex=https://.*/.vercel/.app$
2025-11-20 01:44:22,537 INFO api 🚀 Starting NFL Prediction API
2025-11-20 01:44:22,615 INFO root Dataset loaded successfully: 2748 rows, 186 columns
2025-11-20 01:44:23,914 INFO root ✓ Loaded home_pipe from home_model.joblib
2025-11-20 01:44:23,962 INFO root ✓ Loaded away_pipe from away_model.joblib
2025-11-20 01:44:23,967 INFO root ✓ Loaded win_pipe from win_clf_calibrated.joblib
2025-11-20 01:44:23,968 INFO models Loaded metadata from C:\Users\goku\Documents\NFL_ML_Predictions\backend\models\metadata.json
2025-11-20 01:44:23,969 INFO root Model coherence validation passed
2025-11-20 01:44:23,969 INFO root Model loading completed: {'status': 'success', 'loaded': ['home_pipe', 'away_pipe', 'win_pipe', 'metadata', 'feature_columns']}
2025-11-20 01:44:23,969 INFO history No prediction_history.json found; starting with empty history.
2025-11-20 01:44:23,969 INFO api Application initialized: {'dataset': 'loaded', 'models': {'status': 'success', 'loaded': ['home_pipe', 'away_pipe', 'win_pipe', 'metadata', 'feature_columns']}, 'history': 'loaded 0 entries'}
2025-11-20 01:44:50,868 INFO api 🛑 Application shutdown complete
2025-11-20 01:44:53,052 INFO api Configuring CORS; restrict=True, allowed_origins=['https://nfl-ml-predictions.vercel.app', 'nfl-predict-christopher-jordons-projects.vercel.app', 'https://nfl-predict-git-main-christopher-jordons-projects.vercel.app', 'http://localhost:3000'], allow_origin_regex=https://.*/.vercel/.app$
2025-11-20 01:44:53,058 INFO api 🚀 Starting NFL Prediction API
2025-11-20 01:44:53,138 INFO root Dataset loaded successfully: 2748 rows, 186 columns
2025-11-20 01:44:54,477 INFO root ✓ Loaded home_pipe from home_model.joblib
2025-11-20 01:44:54,525 INFO root ✓ Loaded away_pipe from away_model.joblib
2025-11-20 01:44:54,532 INFO root ✓ Loaded win_pipe from win_clf_calibrated.joblib
2025-11-20 01:44:54,533 INFO models Loaded metadata from C:\Users\goku\Documents\NFL_ML_Predictions\backend\models\metadata.json
2025-11-20 01:44:54,533 INFO root Model coherence validation passed
2025-11-20 01:44:54,533 INFO root Model loading completed: {'status': 'success', 'loaded': ['home_pipe', 'away_pipe', 'win_pipe', 'metadata', 'feature_columns']}
2025-11-20 01:44:54,534 INFO history No prediction_history.json found; starting with empty history.
2025-11-20 01:44:54,534 INFO api Application initialized: {'dataset': 'loaded', 'models': {'status': 'success', 'loaded': ['home_pipe', 'away_pipe', 'win_pipe', 'metadata', 'feature_columns']}, 'history': 'loaded 0 entries'}
2025-11-20 01:46:55,742 INFO api 🛑 Application shutdown complete
2025-11-20 01:47:00,413 INFO api Configuring CORS; restrict=True, allowed_origins=['https://nfl-ml-predictions.vercel.app', 'nfl-predict-christopher-jordons-projects.vercel.app', 'https://nfl-predict-git-main-christopher-jordons-projects.vercel.app', 'http://localhost:3000'], allow_origin_regex=https://.*/.vercel/.app$
2025-11-20 01:47:00,427 INFO api 🚀 Starting NFL Prediction API
2025-11-20 01:47:00,528 INFO root Dataset loaded successfully: 2748 rows, 186 columns
2025-11-20 01:47:02,446 INFO root ✓ Loaded home_pipe from home_model.joblib
2025-11-20 01:47:02,507 INFO root ✓ Loaded away_pipe from away_model.joblib
2025-11-20 01:47:02,516 INFO root ✓ Loaded win_pipe from win_clf_calibrated.joblib
2025-11-20 01:47:02,517 INFO models Loaded metadata from C:\Users\goku\Documents\NFL_ML_Predictions\backend\models\metadata.json
2025-11-20 01:47:02,518 INFO root Model coherence validation passed
2025-11-20 01:47:02,518 INFO root Model loading completed: {'status': 'success', 'loaded': ['home_pipe', 'away_pipe', 'win_pipe', 'metadata', 'feature_columns']}
2025-11-20 01:47:02,519 INFO history No prediction_history.json found; starting with empty history.
2025-11-20 01:47:02,519 INFO api Application initialized: {'dataset': 'loaded', 'models': {'status': 'success', 'loaded': ['home_pipe', 'away_pipe', 'win_pipe', 'metadata', 'feature_columns']}, 'history': 'loaded 0 entries'}
2025-11-20 01:47:02,520 INFO api 🛑 Application shutdown complete
2025-11-20 01:47:04,571 INFO api Configuring CORS; restrict=True, allowed_origins=['https://nfl-ml-predictions.vercel.app', 'nfl-predict-christopher-jordons-projects.vercel.app', 'https://nfl-predict-git-main-christopher-jordons-projects.vercel.app', 'http://localhost:3000'], allow_origin_regex=https://.*/.vercel/.app$
2025-11-20 01:47:04,587 INFO api 🚀 Starting NFL Prediction API
2025-11-20 01:47:04,699 INFO root Dataset loaded successfully: 2748 rows, 186 columns
2025-11-20 01:47:06,254 INFO root ✓ Loaded home_pipe from home_model.joblib
2025-11-20 01:47:06,341 INFO root ✓ Loaded away_pipe from away_model.joblib
2025-11-20 01:47:06,349 INFO root ✓ Loaded win_pipe from win_clf_calibrated.joblib
2025-11-20 01:47:06,350 INFO models Loaded metadata from C:\Users\goku\Documents\NFL_ML_Predictions\backend\models\metadata.json
2025-11-20 01:47:06,351 INFO root Model coherence validation passed
2025-11-20 01:47:06,351 INFO root Model loading completed: {'status': 'success', 'loaded': ['home_pipe', 'away_pipe', 'win_pipe', 'metadata', 'feature_columns']}
2025-11-20 01:47:06,352 INFO history No prediction_history.json found; starting with empty history.
2025-11-20 01:47:06,352 INFO api Application initialized: {'dataset': 'loaded', 'models': {'status': 'success', 'loaded': ['home_pipe', 'away_pipe', 'win_pipe', 'metadata', 'feature_columns']}, 'history': 'loaded 0 entries'}
2025-11-20 01:47:06,353 INFO api 🛑 Application shutdown complete
2025-11-20 01:47:08,309 INFO api Configuring CORS; restrict=True, allowed_origins=['https://nfl-ml-predictions.vercel.app', 'nfl-predict-christopher-jordons-projects.vercel.app', 'https://nfl-predict-git-main-christopher-jordons-projects.vercel.app', 'http://localhost:3000'], allow_origin_regex=https://.*/.vercel/.app$
2025-11-20 01:47:08,320 INFO api 🚀 Starting NFL Prediction API
2025-11-20 01:47:08,405 INFO root Dataset loaded successfully: 2748 rows, 186 columns
2025-11-20 01:47:09,794 INFO root ✓ Loaded home_pipe from home_model.joblib
2025-11-20 01:47:09,853 INFO root ✓ Loaded away_pipe from away_model.joblib
2025-11-20 01:47:09,859 INFO root ✓ Loaded win_pipe from win_clf_calibrated.joblib
2025-11-20 01:47:09,860 INFO models Loaded metadata from C:\Users\goku\Documents\NFL_ML_Predictions\backend\models\metadata.json
2025-11-20 01:47:09,860 INFO root Model coherence validation passed
2025-11-20 01:47:09,860 INFO root Model loading completed: {'status': 'success', 'loaded': ['home_pipe', 'away_pipe', 'win_pipe', 'metadata', 'feature_columns']}
2025-11-20 01:47:09,861 INFO history No prediction_history.json found; starting with empty history.
2025-11-20 01:47:09,861 INFO api Application initialized: {'dataset': 'loaded', 'models': {'status': 'success', 'loaded': ['home_pipe', 'away_pipe', 'win_pipe', 'metadata', 'feature_columns']}, 'history': 'loaded 0 entries'}
2025-11-20 01:48:17,366 INFO api Configuring CORS; restrict=True, allowed_origins=['https://nfl-ml-predictions.vercel.app', 'nfl-predict-christopher-jordons-projects.vercel.app', 'https://nfl-predict-git-main-christopher-jordons-projects.vercel.app', 'http://localhost:3000'], allow_origin_regex=https://.*/.vercel/.app$
2025-11-20 01:48:17,392 DEBUG asyncio Using proactor: IocpProactor
2025-11-20 01:48:17,394 INFO api 🚀 Starting NFL Prediction API
2025-11-20 01:48:17,473 INFO root Dataset loaded successfully: 2748 rows, 186 columns
2025-11-20 01:48:18,756 INFO root ✓ Loaded home_pipe from home_model.joblib
2025-11-20 01:48:18,803 INFO root ✓ Loaded away_pipe from away_model.joblib
2025-11-20 01:48:18,809 INFO root ✓ Loaded win_pipe from win_clf_calibrated.joblib
2025-11-20 01:48:18,810 INFO models Loaded metadata from C:\Users\goku\Documents\NFL_ML_Predictions\backend\models\metadata.json
2025-11-20 01:48:18,810 INFO root Model coherence validation passed
2025-11-20 01:48:18,810 INFO root Model loading completed: {'status': 'success', 'loaded': ['home_pipe', 'away_pipe', 'win_pipe', 'metadata', 'feature_columns']}
2025-11-20 01:48:18,811 INFO history No prediction_history.json found; starting with empty history.
2025-11-20 01:48:18,811 INFO api Application initialized: {'dataset': 'loaded', 'models': {'status': 'success', 'loaded': ['home_pipe', 'away_pipe', 'win_pipe', 'metadata', 'feature_columns']}, 'history': 'loaded 0 entries'}
2025-11-20 01:48:18,816 INFO httpx HTTP Request: GET http://testserver/health "HTTP/1.1 200 OK"
2025-11-20 01:48:18,816 INFO api 🛑 Application shutdown complete
2025-11-20 01:48:18,822 DEBUG asyncio Using proactor: IocpProactor
2025-11-20 01:48:18,823 INFO api 🚀 Starting NFL Prediction API
2025-11-20 01:48:18,825 INFO api Application already initialized; skipping startup initialization
2025-11-20 01:48:18,827 INFO api 🛑 Application shutdown complete
2025-11-20 01:48:19,785 DEBUG asyncio Using proactor: IocpProactor
2025-11-20 01:48:19,787 INFO api 🚀 Starting NFL Prediction API
2025-11-20 01:48:19,789 INFO api Application already initialized; skipping startup initialization
2025-11-20 01:48:19,791 INFO api 🛑 Application shutdown complete
2025-11-20 01:48:20,248 DEBUG asyncio Using proactor: IocpProactor
2025-11-20 01:48:20,250 INFO api 🚀 Starting NFL Prediction API
2025-11-20 01:48:20,251 INFO api Application already initialized; skipping startup initialization
2025-11-20 01:48:20,252 INFO httpx HTTP Request: GET http://testserver/debug "HTTP/1.1 200 OK"
2025-11-20 01:48:20,253 INFO api 🛑 Application shutdown complete
2025-11-20 01:49:11,888 INFO api Configuring CORS; restrict=True, allowed_origins=['https://nfl-ml-predictions.vercel.app', 'nfl-predict-christopher-jordons-projects.vercel.app', 'https://nfl-predict-git-main-christopher-jordons-projects.vercel.app', 'http://localhost:3000'], allow_origin_regex=https://.*/.vercel/.app$
2025-11-20 01:49:11,914 DEBUG asyncio Using proactor: IocpProactor
2025-11-20 01:49:11,916 INFO api 🚀 Starting NFL Prediction API
2025-11-20 01:49:11,996 INFO root Dataset loaded successfully: 2748 rows, 186 columns
2025-11-20 01:49:13,248 INFO root ✓ Loaded home_pipe from home_model.joblib
2025-11-20 01:49:13,294 INFO root ✓ Loaded away_pipe from away_model.joblib
2025-11-20 01:49:13,299 INFO root ✓ Loaded win_pipe from win_clf_calibrated.joblib
2025-11-20 01:49:13,300 INFO models Loaded metadata from C:\Users\goku\Documents\NFL_ML_Predictions\backend\models\metadata.json
2025-11-20 01:49:13,300 INFO root Model coherence validation passed
2025-11-20 01:49:13,300 INFO root Model loading completed: {'status': 'success', 'loaded': ['home_pipe', 'away_pipe', 'win_pipe', 'metadata', 'feature_columns']}
2025-11-20 01:49:13,301 INFO history No prediction_history.json found; starting with empty history.
2025-11-20 01:49:13,301 INFO api Application initialized: {'dataset': 'loaded', 'models': {'status': 'success', 'loaded': ['home_pipe', 'away_pipe', 'win_pipe', 'metadata', 'feature_columns']}, 'history': 'loaded 0 entries'}
2025-11-20 01:49:13,305 INFO httpx HTTP Request: GET http://testserver/health "HTTP/1.1 200 OK"
2025-11-20 01:49:13,306 INFO api 🛑 Application shutdown complete
2025-11-20 01:49:13,311 DEBUG asyncio Using proactor: IocpProactor
2025-11-20 01:49:13,312 INFO api 🚀 Starting NFL Prediction API
2025-11-20 01:49:13,314 INFO api Application already initialized; skipping startup initialization
2025-11-20 01:49:13,316 INFO api 🛑 Application shutdown complete
2025-11-20 01:49:14,156 DEBUG asyncio Using proactor: IocpProactor
2025-11-20 01:49:14,158 INFO api 🚀 Starting NFL Prediction API
2025-11-20 01:49:14,159 INFO api Application already initialized; skipping startup initialization
2025-11-20 01:49:14,161 INFO api 🛑 Application shutdown complete
2025-11-20 01:49:14,466 DEBUG asyncio Using proactor: IocpProactor
2025-11-20 01:49:14,468 INFO api 🚀 Starting NFL Prediction API
2025-11-20 01:49:14,469 INFO api Application already initialized; skipping startup initialization
2025-11-20 01:49:14,471 INFO httpx HTTP Request: GET http://testserver/debug "HTTP/1.1 200 OK"
2025-11-20 01:49:14,471 INFO api 🛑 Application shutdown complete
2025-11-20 01:51:15,382 INFO api 🛑 Application shutdown complete
2025-11-20 01:51:17,127 INFO api Configuring CORS; restrict=True, allowed_origins=['https://nfl-ml-predictions.vercel.app', 'nfl-predict-christopher-jordons-projects.vercel.app', 'https://nfl-predict-git-main-christopher-jordons-projects.vercel.app', 'http://localhost:3000'], allow_origin_regex=https://.*/.vercel/.app$
2025-11-20 01:51:17,139 INFO api 🚀 Starting NFL Prediction API
2025-11-20 01:51:17,236 INFO root Dataset loaded successfully: 2748 rows, 186 columns
2025-11-20 01:51:18,654 INFO root ✓ Loaded home_pipe from home_model.joblib
2025-11-20 01:51:18,705 INFO root ✓ Loaded away_pipe from away_model.joblib
2025-11-20 01:51:18,711 INFO root ✓ Loaded win_pipe from win_clf_calibrated.joblib
2025-11-20 01:51:18,712 INFO models Loaded metadata from C:\Users\goku\Documents\NFL_ML_Predictions\backend\models\metadata.json
2025-11-20 01:51:18,712 INFO root Model coherence validation passed
2025-11-20 01:51:18,713 INFO root Model loading completed: {'status': 'success', 'loaded': ['home_pipe', 'away_pipe', 'win_pipe', 'metadata', 'feature_columns']}
2025-11-20 01:51:18,713 INFO history No prediction_history.json found; starting with empty history.
2025-11-20 01:51:18,713 INFO api Application initialized: {'dataset': 'loaded', 'models': {'status': 'success', 'loaded': ['home_pipe', 'away_pipe', 'win_pipe', 'metadata', 'feature_columns']}, 'history': 'loaded 0 entries'}
2025-11-20 01:51:23,384 INFO api 🛑 Application shutdown complete
2025-11-20 01:51:25,088 INFO api Configuring CORS; restrict=True, allowed_origins=['https://nfl-ml-predictions.vercel.app', 'nfl-predict-christopher-jordons-projects.vercel.app', 'https://nfl-predict-git-main-christopher-jordons-projects.vercel.app', 'http://localhost:3000'], allow_origin_regex=https://.*/.vercel/.app$
2025-11-20 01:51:25,100 INFO api 🚀 Starting NFL Prediction API
2025-11-20 01:51:25,182 INFO root Dataset loaded successfully: 2748 rows, 186 columns
2025-11-20 01:51:26,493 INFO root ✓ Loaded home_pipe from home_model.joblib
2025-11-20 01:51:26,541 INFO root ✓ Loaded away_pipe from away_model.joblib
2025-11-20 01:51:26,547 INFO root ✓ Loaded win_pipe from win_clf_calibrated.joblib
2025-11-20 01:51:26,548 INFO models Loaded metadata from C:\Users\goku\Documents\NFL_ML_Predictions\backend\models\metadata.json
2025-11-20 01:51:26,548 INFO root Model coherence validation passed
2025-11-20 01:51:26,548 INFO root Model loading completed: {'status': 'success', 'loaded': ['home_pipe', 'away_pipe', 'win_pipe', 'metadata', 'feature_columns']}
2025-11-20 01:51:26,549 INFO history No prediction_history.json found; starting with empty history.
2025-11-20 01:51:26,549 INFO api Application initialized: {'dataset': 'loaded', 'models': {'status': 'success', 'loaded': ['home_pipe', 'away_pipe', 'win_pipe', 'metadata', 'feature_columns']}, 'history': 'loaded 0 entries'}
2025-11-20 01:52:00,235 INFO api 🛑 Application shutdown complete
2025-11-20 01:52:01,938 INFO api Configuring CORS; restrict=True, allowed_origins=['https://nfl-ml-predictions.vercel.app', 'nfl-predict-christopher-jordons-projects.vercel.app', 'https://nfl-predict-git-main-christopher-jordons-projects.vercel.app', 'http://localhost:3000'], allow_origin_regex=https://.*/.vercel/.app$
2025-11-20 01:52:01,949 INFO api 🚀 Starting NFL Prediction API
2025-11-20 01:52:02,030 INFO root Dataset loaded successfully: 2748 rows, 186 columns
2025-11-20 01:52:03,367 INFO root ✓ Loaded home_pipe from home_model.joblib
2025-11-20 01:52:03,415 INFO root ✓ Loaded away_pipe from away_model.joblib
2025-11-20 01:52:03,421 INFO root ✓ Loaded win_pipe from win_clf_calibrated.joblib
2025-11-20 01:52:03,422 INFO models Loaded metadata from C:\Users\goku\Documents\NFL_ML_Predictions\backend\models\metadata.json
2025-11-20 01:52:03,422 INFO root Model coherence validation passed
2025-11-20 01:52:03,422 INFO root Model loading completed: {'status': 'success', 'loaded': ['home_pipe', 'away_pipe', 'win_pipe', 'metadata', 'feature_columns']}
2025-11-20 01:52:03,423 INFO history No prediction_history.json found; starting with empty history.
2025-11-20 01:52:03,423 INFO api Application initialized: {'dataset': 'loaded', 'models': {'status': 'success', 'loaded': ['home_pipe', 'away_pipe', 'win_pipe', 'metadata', 'feature_columns']}, 'history': 'loaded 0 entries'}
2025-11-20 01:56:03,291 INFO api 🛑 Application shutdown complete
2025-11-20 02:04:47,412 INFO api Configuring CORS; restrict=True, allowed_origins=['https://nfl-ml-predictions.vercel.app', 'nfl-predict-christopher-jordons-projects.vercel.app', 'https://nfl-predict-git-main-christopher-jordons-projects.vercel.app', 'http://localhost:3000'], allow_origin_regex=https://.*/.vercel/.app$
2025-11-20 02:04:47,423 INFO api 🚀 Starting NFL Prediction API
2025-11-20 02:04:47,508 INFO root Dataset loaded successfully: 2748 rows, 186 columns
2025-11-20 02:04:48,889 INFO root ✓ Loaded home_pipe from home_model.joblib
2025-11-20 02:04:48,938 INFO root ✓ Loaded away_pipe from away_model.joblib
2025-11-20 02:04:48,944 INFO root ✓ Loaded win_pipe from win_clf_calibrated.joblib
2025-11-20 02:04:48,945 INFO models Loaded metadata from C:\Users\goku\Documents\NFL_ML_Predictions\backend\models\metadata.json
2025-11-20 02:04:48,945 INFO root Model coherence validation passed
2025-11-20 02:04:48,945 INFO root Model loading completed: {'status': 'success', 'loaded': ['home_pipe', 'away_pipe', 'win_pipe', 'metadata', 'feature_columns']}
2025-11-20 02:04:48,946 INFO history No prediction_history.json found; starting with empty history.
2025-11-20 02:04:48,946 INFO api Application initialized: {'dataset': 'loaded', 'models': {'status': 'success', 'loaded': ['home_pipe', 'away_pipe', 'win_pipe', 'metadata', 'feature_columns']}, 'history': 'loaded 0 entries'}
2025-11-20 02:05:17,559 INFO api 🛑 Application shutdown complete
2025-11-20 02:05:19,314 INFO api Configuring CORS; restrict=True, allowed_origins=['https://nfl-ml-predictions.vercel.app', 'nfl-predict-christopher-jordons-projects.vercel.app', 'https://nfl-predict-git-main-christopher-jordons-projects.vercel.app', 'http://localhost:3000'], allow_origin_regex=https://.*/.vercel/.app$
2025-11-20 02:05:19,325 INFO api 🚀 Starting NFL Prediction API
2025-11-20 02:05:19,415 INFO root Dataset loaded successfully: 2748 rows, 186 columns
2025-11-20 02:05:20,839 INFO root ✓ Loaded home_pipe from home_model.joblib
2025-11-20 02:05:20,901 INFO root ✓ Loaded away_pipe from away_model.joblib
2025-11-20 02:05:20,908 INFO root ✓ Loaded win_pipe from win_clf_calibrated.joblib
2025-11-20 02:05:20,910 INFO models Loaded metadata from C:\Users\goku\Documents\NFL_ML_Predictions\backend\models\metadata.json
2025-11-20 02:05:20,910 INFO root Model coherence validation passed
2025-11-20 02:05:20,910 INFO root Model loading completed: {'status': 'success', 'loaded': ['home_pipe', 'away_pipe', 'win_pipe', 'metadata', 'feature_columns']}
2025-11-20 02:05:20,911 INFO history No prediction_history.json found; starting with empty history.
2025-11-20 02:05:20,911 INFO api Application initialized: {'dataset': 'loaded', 'models': {'status': 'success', 'loaded': ['home_pipe', 'away_pipe', 'win_pipe', 'metadata', 'feature_columns']}, 'history': 'loaded 0 entries'}
2025-11-20 02:05:22,656 INFO api 🛑 Application shutdown complete
2025-11-20 02:05:24,405 INFO api Configuring CORS; restrict=True, allowed_origins=['https://nfl-ml-predictions.vercel.app', 'nfl-predict-christopher-jordons-projects.vercel.app', 'https://nfl-predict-git-main-christopher-jordons-projects.vercel.app', 'http://localhost:3000'], allow_origin_regex=https://.*/.vercel/.app$
2025-11-20 02:05:24,416 INFO api 🚀 Starting NFL Prediction API
2025-11-20 02:05:24,501 INFO root Dataset loaded successfully: 2748 rows, 186 columns
2025-11-20 02:05:25,880 INFO root ✓ Loaded home_pipe from home_model.joblib
2025-11-20 02:05:25,932 INFO root ✓ Loaded away_pipe from away_model.joblib
2025-11-20 02:05:25,937 INFO root ✓ Loaded win_pipe from win_clf_calibrated.joblib
2025-11-20 02:05:25,938 INFO models Loaded metadata from C:\Users\goku\Documents\NFL_ML_Predictions\backend\models\metadata.json
2025-11-20 02:05:25,939 INFO root Model coherence validation passed
2025-11-20 02:05:25,939 INFO root Model loading completed: {'status': 'success', 'loaded': ['home_pipe', 'away_pipe', 'win_pipe', 'metadata', 'feature_columns']}
2025-11-20 02:05:25,939 INFO history No prediction_history.json found; starting with empty history.
2025-11-20 02:05:25,940 INFO api Application initialized: {'dataset': 'loaded', 'models': {'status': 'success', 'loaded': ['home_pipe', 'away_pipe', 'win_pipe', 'metadata', 'feature_columns']}, 'history': 'loaded 0 entries'}
2025-11-20 02:06:18,489 INFO api 🛑 Application shutdown complete
2025-11-20 02:06:20,297 INFO api Configuring CORS; restrict=True, allowed_origins=['https://nfl-ml-predictions.vercel.app', 'nfl-predict-christopher-jordons-projects.vercel.app', 'https://nfl-predict-git-main-christopher-jordons-projects.vercel.app', 'http://localhost:3000'], allow_origin_regex=https://.*/.vercel/.app$
2025-11-20 02:06:20,310 INFO api 🚀 Starting NFL Prediction API
2025-11-20 02:06:20,411 INFO root Dataset loaded successfully: 2748 rows, 186 columns
2025-11-20 02:06:21,795 INFO root ✓ Loaded home_pipe from home_model.joblib
2025-11-20 02:06:21,843 INFO root ✓ Loaded away_pipe from away_model.joblib
2025-11-20 02:06:21,849 INFO root ✓ Loaded win_pipe from win_clf_calibrated.joblib
2025-11-20 02:06:21,850 INFO models Loaded metadata from C:\Users\goku\Documents\NFL_ML_Predictions\backend\models\metadata.json
2025-11-20 02:06:21,850 INFO root Model coherence validation passed
2025-11-20 02:06:21,851 INFO root Model loading completed: {'status': 'success', 'loaded': ['home_pipe', 'away_pipe', 'win_pipe', 'metadata', 'feature_columns']}
2025-11-20 02:06:21,851 INFO history No prediction_history.json found; starting with empty history.
2025-11-20 02:06:21,851 INFO api Application initialized: {'dataset': 'loaded', 'models': {'status': 'success', 'loaded': ['home_pipe', 'away_pipe', 'win_pipe', 'metadata', 'feature_columns']}, 'history': 'loaded 0 entries'}
2025-11-20 02:06:21,852 INFO api 🛑 Application shutdown complete
2025-11-20 02:06:23,594 INFO api Configuring CORS; restrict=True, allowed_origins=['https://nfl-ml-predictions.vercel.app', 'nfl-predict-christopher-jordons-projects.vercel.app', 'https://nfl-predict-git-main-christopher-jordons-projects.vercel.app', 'http://localhost:3000'], allow_origin_regex=https://.*/.vercel/.app$
2025-11-20 02:06:23,605 INFO api 🚀 Starting NFL Prediction API
2025-11-20 02:06:23,687 INFO root Dataset loaded successfully: 2748 rows, 186 columns
2025-11-20 02:06:24,972 INFO root ✓ Loaded home_pipe from home_model.joblib
2025-11-20 02:06:25,019 INFO root ✓ Loaded away_pipe from away_model.joblib
2025-11-20 02:06:25,025 INFO root ✓ Loaded win_pipe from win_clf_calibrated.joblib
2025-11-20 02:06:25,026 INFO models Loaded metadata from C:\Users\goku\Documents\NFL_ML_Predictions\backend\models\metadata.json
2025-11-20 02:06:25,026 INFO root Model coherence validation passed
2025-11-20 02:06:25,026 INFO root Model loading completed: {'status': 'success', 'loaded': ['home_pipe', 'away_pipe', 'win_pipe', 'metadata', 'feature_columns']}
2025-11-20 02:06:25,027 INFO history No prediction_history.json found; starting with empty history.
2025-11-20 02:06:25,027 INFO api Application initialized: {'dataset': 'loaded', 'models': {'status': 'success', 'loaded': ['home_pipe', 'away_pipe', 'win_pipe', 'metadata', 'feature_columns']}, 'history': 'loaded 0 entries'}
2025-11-20 02:06:29,581 INFO api 🛑 Application shutdown complete
2025-11-20 02:06:31,308 INFO api Configuring CORS; restrict=True, allowed_origins=['https://nfl-ml-predictions.vercel.app', 'nfl-predict-christopher-jordons-projects.vercel.app', 'https://nfl-predict-git-main-christopher-jordons-projects.vercel.app', 'http://localhost:3000'], allow_origin_regex=https://.*/.vercel/.app$
2025-11-20 02:06:31,319 INFO api 🚀 Starting NFL Prediction API
2025-11-20 02:06:31,418 INFO root Dataset loaded successfully: 2748 rows, 186 columns
2025-11-20 02:06:32,784 INFO root ✓ Loaded home_pipe from home_model.joblib
2025-11-20 02:06:32,841 INFO root ✓ Loaded away_pipe from away_model.joblib
2025-11-20 02:06:32,847 INFO root ✓ Loaded win_pipe from win_clf_calibrated.joblib
2025-11-20 02:06:32,848 INFO models Loaded metadata from C:\Users\goku\Documents\NFL_ML_Predictions\backend\models\metadata.json
2025-11-20 02:06:32,848 INFO root Model coherence validation passed
2025-11-20 02:06:32,848 INFO root Model loading completed: {'status': 'success', 'loaded': ['home_pipe', 'away_pipe', 'win_pipe', 'metadata', 'feature_columns']}
2025-11-20 02:06:32,849 INFO history No prediction_history.json found; starting with empty history.
2025-11-20 02:06:32,849 INFO api Application initialized: {'dataset': 'loaded', 'models': {'status': 'success', 'loaded': ['home_pipe', 'away_pipe', 'win_pipe', 'metadata', 'feature_columns']}, 'history': 'loaded 0 entries'}
2025-11-20 02:06:36,590 INFO api 🛑 Application shutdown complete
2025-11-20 02:06:38,349 INFO api Configuring CORS; restrict=True, allowed_origins=['https://nfl-ml-predictions.vercel.app', 'nfl-predict-christopher-jordons-projects.vercel.app', 'https://nfl-predict-git-main-christopher-jordons-projects.vercel.app', 'http://localhost:3000'], allow_origin_regex=https://.*/.vercel/.app$
2025-11-20 02:06:38,361 INFO api 🚀 Starting NFL Prediction API
2025-11-20 02:06:38,453 INFO root Dataset loaded successfully: 2748 rows, 186 columns
2025-11-20 02:06:39,889 INFO root ✓ Loaded home_pipe from home_model.joblib
2025-11-20 02:06:39,936 INFO root ✓ Loaded away_pipe from away_model.joblib
2025-11-20 02:06:39,942 INFO root ✓ Loaded win_pipe from win_clf_calibrated.joblib
2025-11-20 02:06:39,943 INFO models Loaded metadata from C:\Users\goku\Documents\NFL_ML_Predictions\backend\models\metadata.json
2025-11-20 02:06:39,943 INFO root Model coherence validation passed
2025-11-20 02:06:39,944 INFO root Model loading completed: {'status': 'success', 'loaded': ['home_pipe', 'away_pipe', 'win_pipe', 'metadata', 'feature_columns']}
2025-11-20 02:06:39,944 INFO history No prediction_history.json found; starting with empty history.
2025-11-20 02:06:39,944 INFO api Application initialized: {'dataset': 'loaded', 'models': {'status': 'success', 'loaded': ['home_pipe', 'away_pipe', 'win_pipe', 'metadata', 'feature_columns']}, 'history': 'loaded 0 entries'}
2025-11-20 02:07:08,580 INFO api 🛑 Application shutdown complete
2025-11-20 02:07:10,344 INFO api Configuring CORS; restrict=True, allowed_origins=['https://nfl-ml-predictions.vercel.app', 'nfl-predict-christopher-jordons-projects.vercel.app', 'https://nfl-predict-git-main-christopher-jordons-projects.vercel.app', 'http://localhost:3000'], allow_origin_regex=https://.*/.vercel/.app$
2025-11-20 02:07:10,356 INFO api 🚀 Starting NFL Prediction API
2025-11-20 02:07:10,455 INFO root Dataset loaded successfully: 2748 rows, 186 columns
2025-11-20 02:07:11,813 INFO root ✓ Loaded home_pipe from home_model.joblib
2025-11-20 02:07:11,862 INFO root ✓ Loaded away_pipe from away_model.joblib
2025-11-20 02:07:11,869 INFO root ✓ Loaded win_pipe from win_clf_calibrated.joblib
2025-11-20 02:07:11,870 INFO models Loaded metadata from C:\Users\goku\Documents\NFL_ML_Predictions\backend\models\metadata.json
2025-11-20 02:07:11,871 INFO root Model coherence validation passed
2025-11-20 02:07:11,871 INFO root Model loading completed: {'status': 'success', 'loaded': ['home_pipe', 'away_pipe', 'win_pipe', 'metadata', 'feature_columns']}
2025-11-20 02:07:11,872 INFO history No prediction_history.json found; starting with empty history.
2025-11-20 02:07:11,872 INFO api Application initialized: {'dataset': 'loaded', 'models': {'status': 'success', 'loaded': ['home_pipe', 'away_pipe', 'win_pipe', 'metadata', 'feature_columns']}, 'history': 'loaded 0 entries'}
2025-11-20 02:18:05,068 INFO api 🛑 Application shutdown complete
2025-11-20 02:18:06,872 INFO api Configuring CORS; restrict=True, allowed_origins=['https://nfl-ml-predictions.vercel.app', 'nfl-predict-christopher-jordons-projects.vercel.app', 'https://nfl-predict-git-main-christopher-jordons-projects.vercel.app', 'http://localhost:3000'], allow_origin_regex=https://.*/.vercel/.app$
2025-11-20 02:18:06,883 INFO api 🚀 Starting NFL Prediction API
2025-11-20 02:18:06,984 INFO root Dataset loaded successfully: 2748 rows, 186 columns
2025-11-20 02:18:08,431 INFO root ✓ Loaded home_pipe from home_model.joblib
2025-11-20 02:18:08,493 INFO root ✓ Loaded away_pipe from away_model.joblib
2025-11-20 02:18:08,499 INFO root ✓ Loaded win_pipe from win_clf_calibrated.joblib
2025-11-20 02:18:08,500 INFO models Loaded metadata from C:\Users\goku\Documents\NFL_ML_Predictions\backend\models\metadata.json
2025-11-20 02:18:08,500 INFO root Model coherence validation passed
2025-11-20 02:18:08,500 INFO root Model loading completed: {'status': 'success', 'loaded': ['home_pipe', 'away_pipe', 'win_pipe', 'metadata', 'feature_columns']}
2025-11-20 02:18:08,501 INFO history No prediction_history.json found; starting with empty history.
2025-11-20 02:18:08,501 INFO api Application initialized: {'dataset': 'loaded', 'models': {'status': 'success', 'loaded': ['home_pipe', 'away_pipe', 'win_pipe', 'metadata', 'feature_columns']}, 'history': 'loaded 0 entries'}
2025-11-20 02:18:09,375 INFO api 🛑 Application shutdown complete
2025-11-20 02:18:11,134 INFO api Configuring CORS; restrict=True, allowed_origins=['https://nfl-ml-predictions.vercel.app', 'nfl-predict-christopher-jordons-projects.vercel.app', 'https://nfl-predict-git-main-christopher-jordons-projects.vercel.app', 'http://localhost:3000'], allow_origin_regex=https://.*/.vercel/.app$
2025-11-20 02:18:11,145 INFO api 🚀 Starting NFL Prediction API
2025-11-20 02:18:11,228 INFO root Dataset loaded successfully: 2748 rows, 186 columns
2025-11-20 02:18:12,690 INFO root ✓ Loaded home_pipe from home_model.joblib
2025-11-20 02:18:12,738 INFO root ✓ Loaded away_pipe from away_model.joblib
2025-11-20 02:18:12,744 INFO root ✓ Loaded win_pipe from win_clf_calibrated.joblib
2025-11-20 02:18:12,745 INFO models Loaded metadata from C:\Users\goku\Documents\NFL_ML_Predictions\backend\models\metadata.json
2025-11-20 02:18:12,745 INFO root Model coherence validation passed
2025-11-20 02:18:12,746 INFO root Model loading completed: {'status': 'success', 'loaded': ['home_pipe', 'away_pipe', 'win_pipe', 'metadata', 'feature_columns']}
2025-11-20 02:18:12,746 INFO history No prediction_history.json found; starting with empty history.
2025-11-20 02:18:12,746 INFO api Application initialized: {'dataset': 'loaded', 'models': {'status': 'success', 'loaded': ['home_pipe', 'away_pipe', 'win_pipe', 'metadata', 'feature_columns']}, 'history': 'loaded 0 entries'}
2025-11-20 02:27:11,846 INFO api 🛑 Application shutdown complete
2025-11-20 02:27:13,676 INFO api Configuring CORS; restrict=True, allowed_origins=['https://nfl-ml-predictions.vercel.app', 'nfl-predict-christopher-jordons-projects.vercel.app', 'https://nfl-predict-git-main-christopher-jordons-projects.vercel.app', 'http://localhost:3000'], allow_origin_regex=https://.*/.vercel/.app$
2025-11-20 02:27:13,688 INFO api 🚀 Starting NFL Prediction API
2025-11-20 02:27:13,775 INFO root Dataset loaded successfully: 2748 rows, 186 columns
2025-11-20 02:27:15,164 INFO root ✓ Loaded home_pipe from home_model.joblib
2025-11-20 02:27:15,212 INFO root ✓ Loaded away_pipe from away_model.joblib
2025-11-20 02:27:15,218 INFO root ✓ Loaded win_pipe from win_clf_calibrated.joblib
2025-11-20 02:27:15,218 INFO models Loaded metadata from C:\Users\goku\Documents\NFL_ML_Predictions\backend\models\metadata.json
2025-11-20 02:27:15,219 INFO root Model coherence validation passed
2025-11-20 02:27:15,219 INFO root Model loading completed: {'status': 'success', 'loaded': ['home_pipe', 'away_pipe', 'win_pipe', 'metadata', 'feature_columns']}
2025-11-20 02:27:15,220 INFO history No prediction_history.json found; starting with empty history.
2025-11-20 02:27:15,220 INFO api Application initialized: {'dataset': 'loaded', 'models': {'status': 'success', 'loaded': ['home_pipe', 'away_pipe', 'win_pipe', 'metadata', 'feature_columns']}, 'history': 'loaded 0 entries'}
2025-11-20 02:27:15,221 INFO api 🛑 Application shutdown complete
2025-11-20 02:27:16,947 INFO api Configuring CORS; restrict=True, allowed_origins=['https://nfl-ml-predictions.vercel.app', 'nfl-predict-christopher-jordons-projects.vercel.app', 'https://nfl-predict-git-main-christopher-jordons-projects.vercel.app', 'http://localhost:3000'], allow_origin_regex=https://.*/.vercel/.app$
2025-11-20 02:27:16,958 INFO api 🚀 Starting NFL Prediction API
2025-11-20 02:27:17,036 INFO root Dataset loaded successfully: 2748 rows, 186 columns
2025-11-20 02:27:18,326 INFO root ✓ Loaded home_pipe from home_model.joblib
2025-11-20 02:27:18,373 INFO root ✓ Loaded away_pipe from away_model.joblib
2025-11-20 02:27:18,381 INFO root ✓ Loaded win_pipe from win_clf_calibrated.joblib
2025-11-20 02:27:18,381 INFO models Loaded metadata from C:\Users\goku\Documents\NFL_ML_Predictions\backend\models\metadata.json
2025-11-20 02:27:18,382 INFO root Model coherence validation passed
2025-11-20 02:27:18,382 INFO root Model loading completed: {'status': 'success', 'loaded': ['home_pipe', 'away_pipe', 'win_pipe', 'metadata', 'feature_columns']}
2025-11-20 02:27:18,382 INFO history No prediction_history.json found; starting with empty history.
2025-11-20 02:27:18,383 INFO api Application initialized: {'dataset': 'loaded', 'models': {'status': 'success', 'loaded': ['home_pipe', 'away_pipe', 'win_pipe', 'metadata', 'feature_columns']}, 'history': 'loaded 0 entries'}
2025-11-20 02:35:07,151 INFO api 🛑 Application shutdown complete
2025-11-20 02:35:08,945 INFO api Configuring CORS; restrict=True, allowed_origins=['https://nfl-ml-predictions.vercel.app', 'nfl-predict-christopher-jordons-projects.vercel.app', 'https://nfl-predict-git-main-christopher-jordons-projects.vercel.app', 'http://localhost:3000'], allow_origin_regex=https://.*/.vercel/.app$
2025-11-20 02:35:08,956 INFO api 🚀 Starting NFL Prediction API
2025-11-20 02:35:09,035 INFO root Dataset loaded successfully: 2748 rows, 186 columns
2025-11-20 02:35:10,416 INFO root ✓ Loaded home_pipe from home_model.joblib
2025-11-20 02:35:10,465 INFO root ✓ Loaded away_pipe from away_model.joblib
2025-11-20 02:35:10,470 INFO root ✓ Loaded win_pipe from win_clf_calibrated.joblib
2025-11-20 02:35:10,471 INFO models Loaded metadata from C:\Users\goku\Documents\NFL_ML_Predictions\backend\models\metadata.json
2025-11-20 02:35:10,472 INFO root Model coherence validation passed
2025-11-20 02:35:10,472 INFO root Model loading completed: {'status': 'success', 'loaded': ['home_pipe', 'away_pipe', 'win_pipe', 'metadata', 'feature_columns']}
2025-11-20 02:35:10,473 INFO history No prediction_history.json found; starting with empty history.
2025-11-20 02:35:10,473 INFO api Application initialized: {'dataset': 'loaded', 'models': {'status': 'success', 'loaded': ['home_pipe', 'away_pipe', 'win_pipe', 'metadata', 'feature_columns']}, 'history': 'loaded 0 entries'}
2025-11-20 02:38:06,530 INFO api 🛑 Application shutdown complete
2025-11-20 02:38:08,321 INFO api Configuring CORS; restrict=True, allowed_origins=['https://nfl-ml-predictions.vercel.app', 'nfl-predict-christopher-jordons-projects.vercel.app', 'https://nfl-predict-git-main-christopher-jordons-projects.vercel.app', 'http://localhost:3000'], allow_origin_regex=https://.*/.vercel/.app$
2025-11-20 02:38:08,332 INFO api 🚀 Starting NFL Prediction API
2025-11-20 02:38:08,414 INFO root Dataset loaded successfully: 2748 rows, 186 columns
2025-11-20 02:38:09,764 INFO root ✓ Loaded home_pipe from home_model.joblib
2025-11-20 02:38:09,811 INFO root ✓ Loaded away_pipe from away_model.joblib
2025-11-20 02:38:09,817 INFO root ✓ Loaded win_pipe from win_clf_calibrated.joblib
2025-11-20 02:38:09,818 INFO models Loaded metadata from C:\Users\goku\Documents\NFL_ML_Predictions\backend\models\metadata.json
2025-11-20 02:38:09,818 INFO root Model coherence validation passed
2025-11-20 02:38:09,819 INFO root Model loading completed: {'status': 'success', 'loaded': ['home_pipe', 'away_pipe', 'win_pipe', 'metadata', 'feature_columns']}
2025-11-20 02:38:09,819 INFO history No prediction_history.json found; starting with empty history.
2025-11-20 02:38:09,819 INFO api Application initialized: {'dataset': 'loaded', 'models': {'status': 'success', 'loaded': ['home_pipe', 'away_pipe', 'win_pipe', 'metadata', 'feature_columns']}, 'history': 'loaded 0 entries'}
2025-11-20 02:39:13,822 INFO api 🛑 Application shutdown complete
2025-11-20 02:39:15,566 INFO api Configuring CORS; restrict=True, allowed_origins=['https://nfl-ml-predictions.vercel.app', 'nfl-predict-christopher-jordons-projects.vercel.app', 'https://nfl-predict-git-main-christopher-jordons-projects.vercel.app', 'http://localhost:3000'], allow_origin_regex=https://.*/.vercel/.app$
2025-11-20 02:39:15,577 INFO api 🚀 Starting NFL Prediction API
2025-11-20 02:39:15,664 INFO root Dataset loaded successfully: 2748 rows, 186 columns
2025-11-20 02:39:17,038 INFO root ✓ Loaded home_pipe from home_model.joblib
2025-11-20 02:39:17,088 INFO root ✓ Loaded away_pipe from away_model.joblib
2025-11-20 02:39:17,094 INFO root ✓ Loaded win_pipe from win_clf_calibrated.joblib
2025-11-20 02:39:17,095 INFO models Loaded metadata from C:\Users\goku\Documents\NFL_ML_Predictions\backend\models\metadata.json
2025-11-20 02:39:17,095 INFO root Model coherence validation passed
2025-11-20 02:39:17,096 INFO root Model loading completed: {'status': 'success', 'loaded': ['home_pipe', 'away_pipe', 'win_pipe', 'metadata', 'feature_columns']}
2025-11-20 02:39:17,096 INFO history No prediction_history.json found; starting with empty history.
2025-11-20 02:39:17,097 INFO api Application initialized: {'dataset': 'loaded', 'models': {'status': 'success', 'loaded': ['home_pipe', 'away_pipe', 'win_pipe', 'metadata', 'feature_columns']}, 'history': 'loaded 0 entries'}
2025-11-20 02:40:03,124 INFO api 🛑 Application shutdown complete
2025-11-20 02:40:04,886 INFO api Configuring CORS; restrict=True, allowed_origins=['https://nfl-ml-predictions.vercel.app', 'nfl-predict-christopher-jordons-projects.vercel.app', 'https://nfl-predict-git-main-christopher-jordons-projects.vercel.app', 'http://localhost:3000'], allow_origin_regex=https://.*/.vercel/.app$
2025-11-20 02:40:04,897 INFO api 🚀 Starting NFL Prediction API
2025-11-20 02:40:04,976 INFO root Dataset loaded successfully: 2748 rows, 186 columns
2025-11-20 02:40:06,277 INFO root ✓ Loaded home_pipe from home_model.joblib
2025-11-20 02:40:06,325 INFO root ✓ Loaded away_pipe from away_model.joblib
2025-11-20 02:40:06,331 INFO root ✓ Loaded win_pipe from win_clf_calibrated.joblib
2025-11-20 02:40:06,332 INFO models Loaded metadata from C:\Users\goku\Documents\NFL_ML_Predictions\backend\models\metadata.json
2025-11-20 02:40:06,332 INFO root Model coherence validation passed
2025-11-20 02:40:06,332 INFO root Model loading completed: {'status': 'success', 'loaded': ['home_pipe', 'away_pipe', 'win_pipe', 'metadata', 'feature_columns']}
2025-11-20 02:40:06,333 INFO history No prediction_history.json found; starting with empty history.
2025-11-20 02:40:06,333 INFO api Application initialized: {'dataset': 'loaded', 'models': {'status': 'success', 'loaded': ['home_pipe', 'away_pipe', 'win_pipe', 'metadata', 'feature_columns']}, 'history': 'loaded 0 entries'}
2025-11-20 02:40:13,857 INFO api 🛑 Application shutdown complete
2025-11-20 02:40:15,581 INFO api Configuring CORS; restrict=True, allowed_origins=['https://nfl-ml-predictions.vercel.app', 'nfl-predict-christopher-jordons-projects.vercel.app', 'https://nfl-predict-git-main-christopher-jordons-projects.vercel.app', 'http://localhost:3000'], allow_origin_regex=https://.*/.vercel/.app$
2025-11-20 02:40:15,592 INFO api 🚀 Starting NFL Prediction API
2025-11-20 02:40:15,673 INFO root Dataset loaded successfully: 2748 rows, 186 columns
2025-11-20 02:40:17,006 INFO root ✓ Loaded home_pipe from home_model.joblib
2025-11-20 02:40:17,052 INFO root ✓ Loaded away_pipe from away_model.joblib
2025-11-20 02:40:17,058 INFO root ✓ Loaded win_pipe from win_clf_calibrated.joblib
2025-11-20 02:40:17,059 INFO models Loaded metadata from C:\Users\goku\Documents\NFL_ML_Predictions\backend\models\metadata.json
2025-11-20 02:40:17,059 INFO root Model coherence validation passed
2025-11-20 02:40:17,060 INFO root Model loading completed: {'status': 'success', 'loaded': ['home_pipe', 'away_pipe', 'win_pipe', 'metadata', 'feature_columns']}
2025-11-20 02:40:17,060 INFO history No prediction_history.json found; starting with empty history.
2025-11-20 02:40:17,060 INFO api Application initialized: {'dataset': 'loaded', 'models': {'status': 'success', 'loaded': ['home_pipe', 'away_pipe', 'win_pipe', 'metadata', 'feature_columns']}, 'history': 'loaded 0 entries'}
2025-11-20 02:56:36,703 INFO api 🛑 Application shutdown complete
2025-11-20 02:56:38,547 [INFO] api - Starting up NFL prediction API
2025-11-20 02:56:38,641 [ERROR] startup - Dataset load failed
Traceback (most recent call last):
  File "C:\Users\goku\Documents\NFL_ML_Predictions\backend\main.py", line 611, in initialize
    status["dataset"] = self.data_manager.load_dataset()
                        ~~~~~~~~~~~~~~~~~~~~~~~~~~~~~~^^
  File "C:\Users\goku\Documents\NFL_ML_Predictions\backend\main.py", line 216, in load_dataset
    df = self._validate_and_clean_dataset(df)
  File "C:\Users\goku\Documents\NFL_ML_Predictions\backend\main.py", line 245, in _validate_and_clean_dataset
    raise ValueError(f"Dataset missing required columns: {missing}")
ValueError: Dataset missing required columns: ['home_team_code', 'away_team_code']
2025-11-20 02:56:40,101 [ERROR] models - Failed to load models
Traceback (most recent call last):
  File "C:\Users\goku\Documents\NFL_ML_Predictions\backend\main.py", line 302, in load_models
    self.preprocess = _load_joblib("preprocessing_pipeline.joblib")
                      ~~~~~~~~~~~~^^^^^^^^^^^^^^^^^^^^^^^^^^^^^^^^^
  File "C:\Users\goku\Documents\NFL_ML_Predictions\backend\main.py", line 294, in _load_joblib
    raise FileNotFoundError(f"Model artifact not found: {path}")
FileNotFoundError: Model artifact not found: C:\Users\goku\Documents\NFL_ML_Predictions\backend\models\preprocessing_pipeline.joblib
2025-11-20 02:56:40,104 [INFO] api - Startup status: {'dataset': {'status': 'error', 'reason': "Dataset missing required columns: ['home_team_code', 'away_team_code']"}, 'models': {'status': 'error', 'reason': 'Model artifact not found: C:\\Users\\goku\\Documents\\NFL_ML_Predictions\\backend\\models\\preprocessing_pipeline.joblib'}}
2025-11-20 02:57:22,957 [INFO] api - Starting up NFL prediction API
2025-11-20 02:57:23,029 [ERROR] startup - Dataset load failed
Traceback (most recent call last):
  File "C:\Users\goku\Documents\NFL_ML_Predictions\backend\main.py", line 611, in initialize
    status["dataset"] = self.data_manager.load_dataset()
                        ~~~~~~~~~~~~~~~~~~~~~~~~~~~~~~^^
  File "C:\Users\goku\Documents\NFL_ML_Predictions\backend\main.py", line 216, in load_dataset
    df = self._validate_and_clean_dataset(df)
  File "C:\Users\goku\Documents\NFL_ML_Predictions\backend\main.py", line 245, in _validate_and_clean_dataset
    raise ValueError(f"Dataset missing required columns: {missing}")
ValueError: Dataset missing required columns: ['home_team_code', 'away_team_code']
2025-11-20 02:57:24,313 [ERROR] models - Failed to load models
Traceback (most recent call last):
  File "C:\Users\goku\Documents\NFL_ML_Predictions\backend\main.py", line 302, in load_models
    self.preprocess = _load_joblib("preprocessing_pipeline.joblib")
                      ~~~~~~~~~~~~^^^^^^^^^^^^^^^^^^^^^^^^^^^^^^^^^
  File "C:\Users\goku\Documents\NFL_ML_Predictions\backend\main.py", line 294, in _load_joblib
    raise FileNotFoundError(f"Model artifact not found: {path}")
FileNotFoundError: Model artifact not found: C:\Users\goku\Documents\NFL_ML_Predictions\backend\models\preprocessing_pipeline.joblib
2025-11-20 02:57:24,315 [INFO] api - Startup status: {'dataset': {'status': 'error', 'reason': "Dataset missing required columns: ['home_team_code', 'away_team_code']"}, 'models': {'status': 'error', 'reason': 'Model artifact not found: C:\\Users\\goku\\Documents\\NFL_ML_Predictions\\backend\\models\\preprocessing_pipeline.joblib'}}
2025-11-20 02:58:31,791 [INFO] api - Shutting down NFL prediction API
2025-11-20 02:58:33,599 [INFO] api - Starting up NFL prediction API
2025-11-20 02:58:33,690 [ERROR] startup - Dataset load failed
Traceback (most recent call last):
  File "C:\Users\goku\Documents\NFL_ML_Predictions\backend\main.py", line 611, in initialize
    status["dataset"] = self.data_manager.load_dataset()
                        ~~~~~~~~~~~~~~~~~~~~~~~~~~~~~~^^
  File "C:\Users\goku\Documents\NFL_ML_Predictions\backend\main.py", line 216, in load_dataset
    df = self._validate_and_clean_dataset(df)
  File "C:\Users\goku\Documents\NFL_ML_Predictions\backend\main.py", line 245, in _validate_and_clean_dataset
    raise ValueError(f"Dataset missing required columns: {missing}")
ValueError: Dataset missing required columns: ['home_abbr', 'away_team_code']
2025-11-20 02:58:35,104 [ERROR] models - Failed to load models
Traceback (most recent call last):
  File "C:\Users\goku\Documents\NFL_ML_Predictions\backend\main.py", line 302, in load_models
    self.preprocess = _load_joblib("preprocessing_pipeline.joblib")
                      ~~~~~~~~~~~~^^^^^^^^^^^^^^^^^^^^^^^^^^^^^^^^^
  File "C:\Users\goku\Documents\NFL_ML_Predictions\backend\main.py", line 294, in _load_joblib
    raise FileNotFoundError(f"Model artifact not found: {path}")
FileNotFoundError: Model artifact not found: C:\Users\goku\Documents\NFL_ML_Predictions\backend\models\preprocessing_pipeline.joblib
2025-11-20 02:58:35,106 [INFO] api - Startup status: {'dataset': {'status': 'error', 'reason': "Dataset missing required columns: ['home_abbr', 'away_team_code']"}, 'models': {'status': 'error', 'reason': 'Model artifact not found: C:\\Users\\goku\\Documents\\NFL_ML_Predictions\\backend\\models\\preprocessing_pipeline.joblib'}}
2025-11-20 02:58:38,649 [INFO] api - Shutting down NFL prediction API
2025-11-20 02:58:40,454 [INFO] api - Starting up NFL prediction API
2025-11-20 02:58:40,542 [ERROR] startup - Dataset load failed
Traceback (most recent call last):
  File "C:\Users\goku\Documents\NFL_ML_Predictions\backend\main.py", line 611, in initialize
    status["dataset"] = self.data_manager.load_dataset()
                        ~~~~~~~~~~~~~~~~~~~~~~~~~~~~~~^^
  File "C:\Users\goku\Documents\NFL_ML_Predictions\backend\main.py", line 216, in load_dataset
    df = self._validate_and_clean_dataset(df)
  File "C:\Users\goku\Documents\NFL_ML_Predictions\backend\main.py", line 245, in _validate_and_clean_dataset
    raise ValueError(f"Dataset missing required columns: {missing}")
ValueError: Dataset missing required columns: ['home_abbr', 'away_abbr']
2025-11-20 02:58:41,913 [ERROR] models - Failed to load models
Traceback (most recent call last):
  File "C:\Users\goku\Documents\NFL_ML_Predictions\backend\main.py", line 302, in load_models
    self.preprocess = _load_joblib("preprocessing_pipeline.joblib")
                      ~~~~~~~~~~~~^^^^^^^^^^^^^^^^^^^^^^^^^^^^^^^^^
  File "C:\Users\goku\Documents\NFL_ML_Predictions\backend\main.py", line 294, in _load_joblib
    raise FileNotFoundError(f"Model artifact not found: {path}")
FileNotFoundError: Model artifact not found: C:\Users\goku\Documents\NFL_ML_Predictions\backend\models\preprocessing_pipeline.joblib
2025-11-20 02:58:41,915 [INFO] api - Startup status: {'dataset': {'status': 'error', 'reason': "Dataset missing required columns: ['home_abbr', 'away_abbr']"}, 'models': {'status': 'error', 'reason': 'Model artifact not found: C:\\Users\\goku\\Documents\\NFL_ML_Predictions\\backend\\models\\preprocessing_pipeline.joblib'}}
2025-11-20 02:58:53,647 [INFO] api - Shutting down NFL prediction API
2025-11-20 02:58:55,398 [INFO] api - Starting up NFL prediction API
2025-11-20 02:58:55,482 [ERROR] startup - Dataset load failed
Traceback (most recent call last):
  File "C:\Users\goku\Documents\NFL_ML_Predictions\backend\.venv\Lib\site-packages\pandas\core\indexes\base.py", line 3812, in get_loc
    return self._engine.get_loc(casted_key)
           ~~~~~~~~~~~~~~~~~~~~^^^^^^^^^^^^
  File "pandas/_libs/index.pyx", line 167, in pandas._libs.index.IndexEngine.get_loc
  File "pandas/_libs/index.pyx", line 196, in pandas._libs.index.IndexEngine.get_loc
  File "pandas/_libs/hashtable_class_helper.pxi", line 7088, in pandas._libs.hashtable.PyObjectHashTable.get_item
  File "pandas/_libs/hashtable_class_helper.pxi", line 7096, in pandas._libs.hashtable.PyObjectHashTable.get_item
KeyError: 'home_team_code'

The above exception was the direct cause of the following exception:

Traceback (most recent call last):
  File "C:\Users\goku\Documents\NFL_ML_Predictions\backend\main.py", line 610, in initialize
    status["dataset"] = self.data_manager.load_dataset()
                        ~~~~~~~~~~~~~~~~~~~~~~~~~~~~~~^^
  File "C:\Users\goku\Documents\NFL_ML_Predictions\backend\main.py", line 216, in load_dataset
    df = self._validate_and_clean_dataset(df)
  File "C:\Users\goku\Documents\NFL_ML_Predictions\backend\main.py", line 253, in _validate_and_clean_dataset
    df["home_team_code"] = df["home_team_code"].astype(str).str.upper()
                           ~~^^^^^^^^^^^^^^^^^^
  File "C:\Users\goku\Documents\NFL_ML_Predictions\backend\.venv\Lib\site-packages\pandas\core\frame.py", line 4113, in __getitem__
    indexer = self.columns.get_loc(key)
  File "C:\Users\goku\Documents\NFL_ML_Predictions\backend\.venv\Lib\site-packages\pandas\core\indexes\base.py", line 3819, in get_loc
    raise KeyError(key) from err
KeyError: 'home_team_code'
2025-11-20 02:58:56,916 [ERROR] models - Failed to load models
Traceback (most recent call last):
  File "C:\Users\goku\Documents\NFL_ML_Predictions\backend\main.py", line 301, in load_models
    self.preprocess = _load_joblib("preprocessing_pipeline.joblib")
                      ~~~~~~~~~~~~^^^^^^^^^^^^^^^^^^^^^^^^^^^^^^^^^
  File "C:\Users\goku\Documents\NFL_ML_Predictions\backend\main.py", line 293, in _load_joblib
    raise FileNotFoundError(f"Model artifact not found: {path}")
FileNotFoundError: Model artifact not found: C:\Users\goku\Documents\NFL_ML_Predictions\backend\models\preprocessing_pipeline.joblib
2025-11-20 02:58:56,918 [INFO] api - Startup status: {'dataset': {'status': 'error', 'reason': "'home_team_code'"}, 'models': {'status': 'error', 'reason': 'Model artifact not found: C:\\Users\\goku\\Documents\\NFL_ML_Predictions\\backend\\models\\preprocessing_pipeline.joblib'}}
2025-11-20 02:59:00,783 [INFO] api - Shutting down NFL prediction API
2025-11-20 02:59:07,031 [INFO] api - Starting up NFL prediction API
2025-11-20 02:59:07,125 [ERROR] startup - Dataset load failed
Traceback (most recent call last):
  File "C:\Users\goku\Documents\NFL_ML_Predictions\backend\.venv\Lib\site-packages\pandas\core\indexes\base.py", line 3812, in get_loc
    return self._engine.get_loc(casted_key)
           ~~~~~~~~~~~~~~~~~~~~^^^^^^^^^^^^
  File "pandas/_libs/index.pyx", line 167, in pandas._libs.index.IndexEngine.get_loc
  File "pandas/_libs/index.pyx", line 196, in pandas._libs.index.IndexEngine.get_loc
  File "pandas/_libs/hashtable_class_helper.pxi", line 7088, in pandas._libs.hashtable.PyObjectHashTable.get_item
  File "pandas/_libs/hashtable_class_helper.pxi", line 7096, in pandas._libs.hashtable.PyObjectHashTable.get_item
KeyError: 'home_team_code'

The above exception was the direct cause of the following exception:

Traceback (most recent call last):
  File "C:\Users\goku\Documents\NFL_ML_Predictions\backend\main.py", line 610, in initialize
    status["dataset"] = self.data_manager.load_dataset()
                        ~~~~~~~~~~~~~~~~~~~~~~~~~~~~~~^^
  File "C:\Users\goku\Documents\NFL_ML_Predictions\backend\main.py", line 216, in load_dataset
    df = self._validate_and_clean_dataset(df)
  File "C:\Users\goku\Documents\NFL_ML_Predictions\backend\main.py", line 253, in _validate_and_clean_dataset
    df["home_team_code"] = df["home_team_code"].astype(str).str.upper()
                           ~~^^^^^^^^^^^^^^^^^^
  File "C:\Users\goku\Documents\NFL_ML_Predictions\backend\.venv\Lib\site-packages\pandas\core\frame.py", line 4113, in __getitem__
    indexer = self.columns.get_loc(key)
  File "C:\Users\goku\Documents\NFL_ML_Predictions\backend\.venv\Lib\site-packages\pandas\core\indexes\base.py", line 3819, in get_loc
    raise KeyError(key) from err
KeyError: 'home_team_code'
2025-11-20 02:59:08,579 [ERROR] models - Failed to load models
Traceback (most recent call last):
  File "C:\Users\goku\Documents\NFL_ML_Predictions\backend\main.py", line 301, in load_models
  File "C:\Users\goku\Documents\NFL_ML_Predictions\backend\main.py", line 293, in _load_joblib
    return joblib.load(path)
        ^^^^^^^^^^^^^^^^^^^^
FileNotFoundError: Model artifact not found: C:\Users\goku\Documents\NFL_ML_Predictions\backend\models\preprocessing_pipeline.joblib
2025-11-20 02:59:08,582 [INFO] api - Startup status: {'dataset': {'status': 'error', 'reason': "'home_team_code'"}, 'models': {'status': 'error', 'reason': 'Model artifact not found: C:\\Users\\goku\\Documents\\NFL_ML_Predictions\\backend\\models\\preprocessing_pipeline.joblib'}}
2025-11-20 02:59:08,582 [INFO] api - Shutting down NFL prediction API
2025-11-20 02:59:10,388 [INFO] api - Starting up NFL prediction API
2025-11-20 02:59:10,470 [ERROR] startup - Dataset load failed
Traceback (most recent call last):
  File "C:\Users\goku\Documents\NFL_ML_Predictions\backend\.venv\Lib\site-packages\pandas\core\indexes\base.py", line 3812, in get_loc
    return self._engine.get_loc(casted_key)
           ~~~~~~~~~~~~~~~~~~~~^^^^^^^^^^^^
  File "pandas/_libs/index.pyx", line 167, in pandas._libs.index.IndexEngine.get_loc
  File "pandas/_libs/index.pyx", line 196, in pandas._libs.index.IndexEngine.get_loc
  File "pandas/_libs/hashtable_class_helper.pxi", line 7088, in pandas._libs.hashtable.PyObjectHashTable.get_item
  File "pandas/_libs/hashtable_class_helper.pxi", line 7096, in pandas._libs.hashtable.PyObjectHashTable.get_item
KeyError: 'home_team_code'

The above exception was the direct cause of the following exception:

Traceback (most recent call last):
  File "C:\Users\goku\Documents\NFL_ML_Predictions\backend\main.py", line 609, in initialize
    status["dataset"] = self.data_manager.load_dataset()
                        ~~~~~~~~~~~~~~~~~~~~~~~~~~~~~~^^
  File "C:\Users\goku\Documents\NFL_ML_Predictions\backend\main.py", line 216, in load_dataset
    df = self._validate_and_clean_dataset(df)
  File "C:\Users\goku\Documents\NFL_ML_Predictions\backend\main.py", line 252, in _validate_and_clean_dataset
    df["home_team_code"] = df["home_team_code"].astype(str).str.upper()
                           ~~^^^^^^^^^^^^^^^^^^
  File "C:\Users\goku\Documents\NFL_ML_Predictions\backend\.venv\Lib\site-packages\pandas\core\frame.py", line 4113, in __getitem__
    indexer = self.columns.get_loc(key)
  File "C:\Users\goku\Documents\NFL_ML_Predictions\backend\.venv\Lib\site-packages\pandas\core\indexes\base.py", line 3819, in get_loc
    raise KeyError(key) from err
KeyError: 'home_team_code'
2025-11-20 02:59:11,804 [ERROR] models - Failed to load models
Traceback (most recent call last):
  File "C:\Users\goku\Documents\NFL_ML_Predictions\backend\main.py", line 300, in load_models
    self.preprocess = _load_joblib("preprocessing_pipeline.joblib")
                      ~~~~~~~~~~~~^^^^^^^^^^^^^^^^^^^^^^^^^^^^^^^^^
  File "C:\Users\goku\Documents\NFL_ML_Predictions\backend\main.py", line 292, in _load_joblib
    raise FileNotFoundError(f"Model artifact not found: {path}")
FileNotFoundError: Model artifact not found: C:\Users\goku\Documents\NFL_ML_Predictions\backend\models\preprocessing_pipeline.joblib
2025-11-20 02:59:11,806 [INFO] api - Startup status: {'dataset': {'status': 'error', 'reason': "'home_team_code'"}, 'models': {'status': 'error', 'reason': 'Model artifact not found: C:\\Users\\goku\\Documents\\NFL_ML_Predictions\\backend\\models\\preprocessing_pipeline.joblib'}}
2025-11-20 02:59:11,806 [INFO] api - Shutting down NFL prediction API
2025-11-20 02:59:13,507 [INFO] api - Starting up NFL prediction API
2025-11-20 02:59:13,585 [ERROR] startup - Dataset load failed
Traceback (most recent call last):
  File "C:\Users\goku\Documents\NFL_ML_Predictions\backend\.venv\Lib\site-packages\pandas\core\indexes\base.py", line 3812, in get_loc
    return self._engine.get_loc(casted_key)
           ~~~~~~~~~~~~~~~~~~~~^^^^^^^^^^^^
  File "pandas/_libs/index.pyx", line 167, in pandas._libs.index.IndexEngine.get_loc
  File "pandas/_libs/index.pyx", line 196, in pandas._libs.index.IndexEngine.get_loc
  File "pandas/_libs/hashtable_class_helper.pxi", line 7088, in pandas._libs.hashtable.PyObjectHashTable.get_item
  File "pandas/_libs/hashtable_class_helper.pxi", line 7096, in pandas._libs.hashtable.PyObjectHashTable.get_item
KeyError: 'home_team_code'

The above exception was the direct cause of the following exception:

Traceback (most recent call last):
  File "C:\Users\goku\Documents\NFL_ML_Predictions\backend\main.py", line 609, in initialize
    status["dataset"] = self.data_manager.load_dataset()
                        ~~~~~~~~~~~~~~~~~~~~~~~~~~~~~~^^
  File "C:\Users\goku\Documents\NFL_ML_Predictions\backend\main.py", line 216, in load_dataset
    df = self._validate_and_clean_dataset(df)
  File "C:\Users\goku\Documents\NFL_ML_Predictions\backend\main.py", line 252, in _validate_and_clean_dataset
    df["home_team_code"] = df["home_team_code"].astype(str).str.upper()
                           ~~^^^^^^^^^^^^^^^^^^
  File "C:\Users\goku\Documents\NFL_ML_Predictions\backend\.venv\Lib\site-packages\pandas\core\frame.py", line 4113, in __getitem__
    indexer = self.columns.get_loc(key)
  File "C:\Users\goku\Documents\NFL_ML_Predictions\backend\.venv\Lib\site-packages\pandas\core\indexes\base.py", line 3819, in get_loc
    raise KeyError(key) from err
KeyError: 'home_team_code'
2025-11-20 02:59:14,876 [ERROR] models - Failed to load models
Traceback (most recent call last):
  File "C:\Users\goku\Documents\NFL_ML_Predictions\backend\main.py", line 300, in load_models
    self.preprocess = _load_joblib("preprocessing_pipeline.joblib")
                      ~~~~~~~~~~~~^^^^^^^^^^^^^^^^^^^^^^^^^^^^^^^^^
  File "C:\Users\goku\Documents\NFL_ML_Predictions\backend\main.py", line 292, in _load_joblib
    raise FileNotFoundError(f"Model artifact not found: {path}")
FileNotFoundError: Model artifact not found: C:\Users\goku\Documents\NFL_ML_Predictions\backend\models\preprocessing_pipeline.joblib
2025-11-20 02:59:14,878 [INFO] api - Startup status: {'dataset': {'status': 'error', 'reason': "'home_team_code'"}, 'models': {'status': 'error', 'reason': 'Model artifact not found: C:\\Users\\goku\\Documents\\NFL_ML_Predictions\\backend\\models\\preprocessing_pipeline.joblib'}}
2025-11-20 03:00:28,051 [INFO] api - Shutting down NFL prediction API
2025-11-20 03:00:31,554 [INFO] api - Starting up NFL prediction API
2025-11-20 03:00:31,637 [ERROR] startup - Dataset load failed
Traceback (most recent call last):
  File "C:\Users\goku\Documents\NFL_ML_Predictions\backend\.venv\Lib\site-packages\pandas\core\indexes\base.py", line 3812, in get_loc
    return self._engine.get_loc(casted_key)
           ~~~~~~~~~~~~~~~~~~~~^^^^^^^^^^^^
  File "pandas/_libs/index.pyx", line 167, in pandas._libs.index.IndexEngine.get_loc
  File "pandas/_libs/index.pyx", line 196, in pandas._libs.index.IndexEngine.get_loc
  File "pandas/_libs/hashtable_class_helper.pxi", line 7088, in pandas._libs.hashtable.PyObjectHashTable.get_item
  File "pandas/_libs/hashtable_class_helper.pxi", line 7096, in pandas._libs.hashtable.PyObjectHashTable.get_item
KeyError: 'home_team_code'

The above exception was the direct cause of the following exception:

Traceback (most recent call last):
  File "C:\Users\goku\Documents\NFL_ML_Predictions\backend\main.py", line 609, in initialize
    status["dataset"] = self.data_manager.load_dataset()
                        ~~~~~~~~~~~~~~~~~~~~~~~~~~~~~~^^
  File "C:\Users\goku\Documents\NFL_ML_Predictions\backend\main.py", line 216, in load_dataset
    df = self._validate_and_clean_dataset(df)
  File "C:\Users\goku\Documents\NFL_ML_Predictions\backend\main.py", line 252, in _validate_and_clean_dataset
    df["home_team_code"] = df["home_team_code"].astype(str).str.upper()
                           ~~^^^^^^^^^^^^^^^^^^
  File "C:\Users\goku\Documents\NFL_ML_Predictions\backend\.venv\Lib\site-packages\pandas\core\frame.py", line 4113, in __getitem__
    indexer = self.columns.get_loc(key)
  File "C:\Users\goku\Documents\NFL_ML_Predictions\backend\.venv\Lib\site-packages\pandas\core\indexes\base.py", line 3819, in get_loc
    raise KeyError(key) from err
KeyError: 'home_team_code'
2025-11-20 03:00:31,648 [ERROR] models - Failed to load models
Traceback (most recent call last):
  File "C:\Users\goku\Documents\NFL_ML_Predictions\backend\main.py", line 297, in load_models
    self.home_pipe = _load_joblib("home_model.joblib")
                     ~~~~~~~~~~~~^^^^^^^^^^^^^^^^^^^^^
  File "C:\Users\goku\Documents\NFL_ML_Predictions\backend\main.py", line 290, in _load_joblib
    path = models_dir / models
                        ^^^^^^
NameError: name 'models' is not defined
2025-11-20 03:00:31,650 [INFO] api - Startup status: {'dataset': {'status': 'error', 'reason': "'home_team_code'"}, 'models': {'status': 'error', 'reason': "name 'models' is not defined"}}
2025-11-20 03:00:48,591 [INFO] api - Shutting down NFL prediction API
2025-11-20 03:00:52,496 [INFO] api - Starting up NFL prediction API
2025-11-20 03:00:52,593 [ERROR] startup - Dataset load failed
Traceback (most recent call last):
  File "C:\Users\goku\Documents\NFL_ML_Predictions\backend\.venv\Lib\site-packages\pandas\core\indexes\base.py", line 3812, in get_loc
    return self._engine.get_loc(casted_key)
           ~~~~~~~~~~~~~~~~~~~~^^^^^^^^^^^^
  File "pandas/_libs/index.pyx", line 167, in pandas._libs.index.IndexEngine.get_loc
  File "pandas/_libs/index.pyx", line 196, in pandas._libs.index.IndexEngine.get_loc
  File "pandas/_libs/hashtable_class_helper.pxi", line 7088, in pandas._libs.hashtable.PyObjectHashTable.get_item
  File "pandas/_libs/hashtable_class_helper.pxi", line 7096, in pandas._libs.hashtable.PyObjectHashTable.get_item
KeyError: 'home_team_code'

The above exception was the direct cause of the following exception:

Traceback (most recent call last):
  File "C:\Users\goku\Documents\NFL_ML_Predictions\backend\main.py", line 609, in initialize
    status["dataset"] = self.data_manager.load_dataset()
                        ~~~~~~~~~~~~~~~~~~~~~~~~~~~~~~^^
  File "C:\Users\goku\Documents\NFL_ML_Predictions\backend\main.py", line 216, in load_dataset
    df = self._validate_and_clean_dataset(df)
  File "C:\Users\goku\Documents\NFL_ML_Predictions\backend\main.py", line 252, in _validate_and_clean_dataset
    df["home_team_code"] = df["home_team_code"].astype(str).str.upper()
                           ~~^^^^^^^^^^^^^^^^^^
  File "C:\Users\goku\Documents\NFL_ML_Predictions\backend\.venv\Lib\site-packages\pandas\core\frame.py", line 4113, in __getitem__
    indexer = self.columns.get_loc(key)
  File "C:\Users\goku\Documents\NFL_ML_Predictions\backend\.venv\Lib\site-packages\pandas\core\indexes\base.py", line 3819, in get_loc
    raise KeyError(key) from err
KeyError: 'home_team_code'
2025-11-20 03:00:52,604 [ERROR] models - Failed to load models
Traceback (most recent call last):
  File "C:\Users\goku\Documents\NFL_ML_Predictions\backend\main.py", line 297, in load_models
    self.home_pipe = _load_joblib("home_model.joblib")
                     ~~~~~~~~~~~~^^^^^^^^^^^^^^^^^^^^^
  File "C:\Users\goku\Documents\NFL_ML_Predictions\backend\main.py", line 290, in _load_joblib
    path = models_dir / models ?
                        ^^^^^^
NameError: name 'models' is not defined
2025-11-20 03:00:52,606 [INFO] api - Startup status: {'dataset': {'status': 'error', 'reason': "'home_team_code'"}, 'models': {'status': 'error', 'reason': "name 'models' is not defined"}}
2025-11-20 03:00:52,607 [INFO] api - Shutting down NFL prediction API
2025-11-20 03:00:54,330 [INFO] api - Starting up NFL prediction API
2025-11-20 03:00:54,411 [ERROR] startup - Dataset load failed
Traceback (most recent call last):
  File "C:\Users\goku\Documents\NFL_ML_Predictions\backend\.venv\Lib\site-packages\pandas\core\indexes\base.py", line 3812, in get_loc
    return self._engine.get_loc(casted_key)
           ~~~~~~~~~~~~~~~~~~~~^^^^^^^^^^^^
  File "pandas/_libs/index.pyx", line 167, in pandas._libs.index.IndexEngine.get_loc
  File "pandas/_libs/index.pyx", line 196, in pandas._libs.index.IndexEngine.get_loc
  File "pandas/_libs/hashtable_class_helper.pxi", line 7088, in pandas._libs.hashtable.PyObjectHashTable.get_item
  File "pandas/_libs/hashtable_class_helper.pxi", line 7096, in pandas._libs.hashtable.PyObjectHashTable.get_item
KeyError: 'home_team_code'

The above exception was the direct cause of the following exception:

Traceback (most recent call last):
  File "C:\Users\goku\Documents\NFL_ML_Predictions\backend\main.py", line 609, in initialize
    status["dataset"] = self.data_manager.load_dataset()
                        ~~~~~~~~~~~~~~~~~~~~~~~~~~~~~~^^
  File "C:\Users\goku\Documents\NFL_ML_Predictions\backend\main.py", line 216, in load_dataset
    df = self._validate_and_clean_dataset(df)
  File "C:\Users\goku\Documents\NFL_ML_Predictions\backend\main.py", line 252, in _validate_and_clean_dataset
    df["home_team_code"] = df["home_team_code"].astype(str).str.upper()
                           ~~^^^^^^^^^^^^^^^^^^
  File "C:\Users\goku\Documents\NFL_ML_Predictions\backend\.venv\Lib\site-packages\pandas\core\frame.py", line 4113, in __getitem__
    indexer = self.columns.get_loc(key)
  File "C:\Users\goku\Documents\NFL_ML_Predictions\backend\.venv\Lib\site-packages\pandas\core\indexes\base.py", line 3819, in get_loc
    raise KeyError(key) from err
KeyError: 'home_team_code'
2025-11-20 03:00:54,423 [ERROR] models - Failed to load models
Traceback (most recent call last):
  File "C:\Users\goku\Documents\NFL_ML_Predictions\backend\main.py", line 297, in load_models
    self.home_pipe = _load_joblib("home_model.joblib")
                     ~~~~~~~~~~~~^^^^^^^^^^^^^^^^^^^^^
  File "C:\Users\goku\Documents\NFL_ML_Predictions\backend\main.py", line 290, in _load_joblib
    path = models_dir / models
                        ^^^^^^
NameError: name 'models' is not defined
2025-11-20 03:00:54,425 [INFO] api - Startup status: {'dataset': {'status': 'error', 'reason': "'home_team_code'"}, 'models': {'status': 'error', 'reason': "name 'models' is not defined"}}
2025-11-20 03:00:54,426 [INFO] api - Shutting down NFL prediction API
2025-11-20 03:00:56,224 [INFO] api - Starting up NFL prediction API
2025-11-20 03:00:56,301 [ERROR] startup - Dataset load failed
Traceback (most recent call last):
  File "C:\Users\goku\Documents\NFL_ML_Predictions\backend\.venv\Lib\site-packages\pandas\core\indexes\base.py", line 3812, in get_loc
    return self._engine.get_loc(casted_key)
           ~~~~~~~~~~~~~~~~~~~~^^^^^^^^^^^^
  File "pandas/_libs/index.pyx", line 167, in pandas._libs.index.IndexEngine.get_loc
  File "pandas/_libs/index.pyx", line 196, in pandas._libs.index.IndexEngine.get_loc
  File "pandas/_libs/hashtable_class_helper.pxi", line 7088, in pandas._libs.hashtable.PyObjectHashTable.get_item
  File "pandas/_libs/hashtable_class_helper.pxi", line 7096, in pandas._libs.hashtable.PyObjectHashTable.get_item
KeyError: 'home_team_code'

The above exception was the direct cause of the following exception:

Traceback (most recent call last):
  File "C:\Users\goku\Documents\NFL_ML_Predictions\backend\main.py", line 609, in initialize
    status["dataset"] = self.data_manager.load_dataset()
                        ~~~~~~~~~~~~~~~~~~~~~~~~~~~~~~^^
  File "C:\Users\goku\Documents\NFL_ML_Predictions\backend\main.py", line 216, in load_dataset
    df = self._validate_and_clean_dataset(df)
  File "C:\Users\goku\Documents\NFL_ML_Predictions\backend\main.py", line 252, in _validate_and_clean_dataset
    df["home_team_code"] = df["home_team_code"].astype(str).str.upper()
                           ~~^^^^^^^^^^^^^^^^^^
  File "C:\Users\goku\Documents\NFL_ML_Predictions\backend\.venv\Lib\site-packages\pandas\core\frame.py", line 4113, in __getitem__
    indexer = self.columns.get_loc(key)
  File "C:\Users\goku\Documents\NFL_ML_Predictions\backend\.venv\Lib\site-packages\pandas\core\indexes\base.py", line 3819, in get_loc
    raise KeyError(key) from err
KeyError: 'home_team_code'
2025-11-20 03:00:56,312 [ERROR] models - Failed to load models
Traceback (most recent call last):
  File "C:\Users\goku\Documents\NFL_ML_Predictions\backend\main.py", line 297, in load_models
    self.home_pipe = _load_joblib("home_model.joblib")
                     ~~~~~~~~~~~~^^^^^^^^^^^^^^^^^^^^^
  File "C:\Users\goku\Documents\NFL_ML_Predictions\backend\main.py", line 290, in _load_joblib
    path = models_dir / models /
                        ^^^^^^
NameError: name 'models' is not defined
2025-11-20 03:00:56,314 [INFO] api - Startup status: {'dataset': {'status': 'error', 'reason': "'home_team_code'"}, 'models': {'status': 'error', 'reason': "name 'models' is not defined"}}
2025-11-20 03:00:56,314 [INFO] api - Shutting down NFL prediction API
2025-11-20 03:01:05,524 [INFO] api - Starting up NFL prediction API
2025-11-20 03:01:05,618 [ERROR] startup - Dataset load failed
Traceback (most recent call last):
  File "C:\Users\goku\Documents\NFL_ML_Predictions\backend\.venv\Lib\site-packages\pandas\core\indexes\base.py", line 3812, in get_loc
    return self._engine.get_loc(casted_key)
           ~~~~~~~~~~~~~~~~~~~~^^^^^^^^^^^^
  File "pandas/_libs/index.pyx", line 167, in pandas._libs.index.IndexEngine.get_loc
  File "pandas/_libs/index.pyx", line 196, in pandas._libs.index.IndexEngine.get_loc
  File "pandas/_libs/hashtable_class_helper.pxi", line 7088, in pandas._libs.hashtable.PyObjectHashTable.get_item
  File "pandas/_libs/hashtable_class_helper.pxi", line 7096, in pandas._libs.hashtable.PyObjectHashTable.get_item
KeyError: 'home_team_code'

The above exception was the direct cause of the following exception:

Traceback (most recent call last):
  File "C:\Users\goku\Documents\NFL_ML_Predictions\backend\main.py", line 609, in initialize
    status["dataset"] = self.data_manager.load_dataset()
                        ~~~~~~~~~~~~~~~~~~~~~~~~~~~~~~^^
  File "C:\Users\goku\Documents\NFL_ML_Predictions\backend\main.py", line 216, in load_dataset
    df = self._validate_and_clean_dataset(df)
  File "C:\Users\goku\Documents\NFL_ML_Predictions\backend\main.py", line 252, in _validate_and_clean_dataset
    df["home_team_code"] = df["home_team_code"].astype(str).str.upper()
                           ~~^^^^^^^^^^^^^^^^^^
  File "C:\Users\goku\Documents\NFL_ML_Predictions\backend\.venv\Lib\site-packages\pandas\core\frame.py", line 4113, in __getitem__
    indexer = self.columns.get_loc(key)
  File "C:\Users\goku\Documents\NFL_ML_Predictions\backend\.venv\Lib\site-packages\pandas\core\indexes\base.py", line 3819, in get_loc
    raise KeyError(key) from err
KeyError: 'home_team_code'
2025-11-20 03:01:05,630 [ERROR] models - Failed to load models
Traceback (most recent call last):
  File "C:\Users\goku\Documents\NFL_ML_Predictions\backend\main.py", line 297, in load_models
    self.home_pipe = _load_joblib("home_model.joblib")
                     ~~~~~~~~~~~~^^^^^^^^^^^^^^^^^^^^^
  File "C:\Users\goku\Documents\NFL_ML_Predictions\backend\main.py", line 290, in _load_joblib
    path = models_dir / models / ""
                        ^^^^^^
NameError: name 'models' is not defined
2025-11-20 03:01:05,631 [INFO] api - Startup status: {'dataset': {'status': 'error', 'reason': "'home_team_code'"}, 'models': {'status': 'error', 'reason': "name 'models' is not defined"}}
2025-11-20 03:01:06,743 [INFO] api - Shutting down NFL prediction API
2025-11-20 03:01:08,437 [INFO] api - Starting up NFL prediction API
2025-11-20 03:01:08,513 [ERROR] startup - Dataset load failed
Traceback (most recent call last):
  File "C:\Users\goku\Documents\NFL_ML_Predictions\backend\.venv\Lib\site-packages\pandas\core\indexes\base.py", line 3812, in get_loc
    return self._engine.get_loc(casted_key)
           ~~~~~~~~~~~~~~~~~~~~^^^^^^^^^^^^
  File "pandas/_libs/index.pyx", line 167, in pandas._libs.index.IndexEngine.get_loc
  File "pandas/_libs/index.pyx", line 196, in pandas._libs.index.IndexEngine.get_loc
  File "pandas/_libs/hashtable_class_helper.pxi", line 7088, in pandas._libs.hashtable.PyObjectHashTable.get_item
  File "pandas/_libs/hashtable_class_helper.pxi", line 7096, in pandas._libs.hashtable.PyObjectHashTable.get_item
KeyError: 'home_team_code'

The above exception was the direct cause of the following exception:

Traceback (most recent call last):
  File "C:\Users\goku\Documents\NFL_ML_Predictions\backend\main.py", line 609, in initialize
    status["dataset"] = self.data_manager.load_dataset()
                        ~~~~~~~~~~~~~~~~~~~~~~~~~~~~~~^^
  File "C:\Users\goku\Documents\NFL_ML_Predictions\backend\main.py", line 216, in load_dataset
    df = self._validate_and_clean_dataset(df)
  File "C:\Users\goku\Documents\NFL_ML_Predictions\backend\main.py", line 252, in _validate_and_clean_dataset
    df["home_team_code"] = df["home_team_code"].astype(str).str.upper()
                           ~~^^^^^^^^^^^^^^^^^^
  File "C:\Users\goku\Documents\NFL_ML_Predictions\backend\.venv\Lib\site-packages\pandas\core\frame.py", line 4113, in __getitem__
    indexer = self.columns.get_loc(key)
  File "C:\Users\goku\Documents\NFL_ML_Predictions\backend\.venv\Lib\site-packages\pandas\core\indexes\base.py", line 3819, in get_loc
    raise KeyError(key) from err
KeyError: 'home_team_code'
2025-11-20 03:01:08,526 [ERROR] models - Failed to load models
Traceback (most recent call last):
  File "C:\Users\goku\Documents\NFL_ML_Predictions\backend\main.py", line 297, in load_models
    self.home_pipe = _load_joblib("home_model.joblib")
                     ~~~~~~~~~~~~^^^^^^^^^^^^^^^^^^^^^
  File "C:\Users\goku\Documents\NFL_ML_Predictions\backend\main.py", line 290, in _load_joblib
    path = models_dir / models / "home"
                        ^^^^^^
NameError: name 'models' is not defined
2025-11-20 03:01:08,528 [INFO] api - Startup status: {'dataset': {'status': 'error', 'reason': "'home_team_code'"}, 'models': {'status': 'error', 'reason': "name 'models' is not defined"}}
2025-11-20 03:01:09,553 [INFO] api - Shutting down NFL prediction API
2025-11-20 03:01:11,406 [INFO] api - Starting up NFL prediction API
2025-11-20 03:01:11,496 [ERROR] startup - Dataset load failed
Traceback (most recent call last):
  File "C:\Users\goku\Documents\NFL_ML_Predictions\backend\.venv\Lib\site-packages\pandas\core\indexes\base.py", line 3812, in get_loc
    return self._engine.get_loc(casted_key)
           ~~~~~~~~~~~~~~~~~~~~^^^^^^^^^^^^
  File "pandas/_libs/index.pyx", line 167, in pandas._libs.index.IndexEngine.get_loc
  File "pandas/_libs/index.pyx", line 196, in pandas._libs.index.IndexEngine.get_loc
  File "pandas/_libs/hashtable_class_helper.pxi", line 7088, in pandas._libs.hashtable.PyObjectHashTable.get_item
  File "pandas/_libs/hashtable_class_helper.pxi", line 7096, in pandas._libs.hashtable.PyObjectHashTable.get_item
KeyError: 'home_team_code'

The above exception was the direct cause of the following exception:

Traceback (most recent call last):
  File "C:\Users\goku\Documents\NFL_ML_Predictions\backend\main.py", line 609, in initialize
    status["dataset"] = self.data_manager.load_dataset()
                        ~~~~~~~~~~~~~~~~~~~~~~~~~~~~~~^^
  File "C:\Users\goku\Documents\NFL_ML_Predictions\backend\main.py", line 216, in load_dataset
    df = self._validate_and_clean_dataset(df)
  File "C:\Users\goku\Documents\NFL_ML_Predictions\backend\main.py", line 252, in _validate_and_clean_dataset
    df["home_team_code"] = df["home_team_code"].astype(str).str.upper()
                           ~~^^^^^^^^^^^^^^^^^^
  File "C:\Users\goku\Documents\NFL_ML_Predictions\backend\.venv\Lib\site-packages\pandas\core\frame.py", line 4113, in __getitem__
    indexer = self.columns.get_loc(key)
  File "C:\Users\goku\Documents\NFL_ML_Predictions\backend\.venv\Lib\site-packages\pandas\core\indexes\base.py", line 3819, in get_loc
    raise KeyError(key) from err
KeyError: 'home_team_code'
2025-11-20 03:01:11,508 [ERROR] models - Failed to load models
Traceback (most recent call last):
  File "C:\Users\goku\Documents\NFL_ML_Predictions\backend\main.py", line 297, in load_models
    self.home_pipe = _load_joblib("home_model.joblib")
                     ~~~~~~~~~~~~^^^^^^^^^^^^^^^^^^^^^
  File "C:\Users\goku\Documents\NFL_ML_Predictions\backend\main.py", line 290, in _load_joblib
    path = models_dir / models / "home_mode"
                        ^^^^^^
NameError: name 'models' is not defined
2025-11-20 03:01:11,509 [INFO] api - Startup status: {'dataset': {'status': 'error', 'reason': "'home_team_code'"}, 'models': {'status': 'error', 'reason': "name 'models' is not defined"}}
2025-11-20 03:01:11,510 [INFO] api - Shutting down NFL prediction API
2025-11-20 03:01:13,259 [INFO] api - Starting up NFL prediction API
2025-11-20 03:01:13,342 [ERROR] startup - Dataset load failed
Traceback (most recent call last):
  File "C:\Users\goku\Documents\NFL_ML_Predictions\backend\.venv\Lib\site-packages\pandas\core\indexes\base.py", line 3812, in get_loc
    return self._engine.get_loc(casted_key)
           ~~~~~~~~~~~~~~~~~~~~^^^^^^^^^^^^
  File "pandas/_libs/index.pyx", line 167, in pandas._libs.index.IndexEngine.get_loc
  File "pandas/_libs/index.pyx", line 196, in pandas._libs.index.IndexEngine.get_loc
  File "pandas/_libs/hashtable_class_helper.pxi", line 7088, in pandas._libs.hashtable.PyObjectHashTable.get_item
  File "pandas/_libs/hashtable_class_helper.pxi", line 7096, in pandas._libs.hashtable.PyObjectHashTable.get_item
KeyError: 'home_team_code'

The above exception was the direct cause of the following exception:

Traceback (most recent call last):
  File "C:\Users\goku\Documents\NFL_ML_Predictions\backend\main.py", line 609, in initialize
    status["dataset"] = self.data_manager.load_dataset()
                        ~~~~~~~~~~~~~~~~~~~~~~~~~~~~~~^^
  File "C:\Users\goku\Documents\NFL_ML_Predictions\backend\main.py", line 216, in load_dataset
    df = self._validate_and_clean_dataset(df)
  File "C:\Users\goku\Documents\NFL_ML_Predictions\backend\main.py", line 252, in _validate_and_clean_dataset
    df["home_team_code"] = df["home_team_code"].astype(str).str.upper()
                           ~~^^^^^^^^^^^^^^^^^^
  File "C:\Users\goku\Documents\NFL_ML_Predictions\backend\.venv\Lib\site-packages\pandas\core\frame.py", line 4113, in __getitem__
    indexer = self.columns.get_loc(key)
  File "C:\Users\goku\Documents\NFL_ML_Predictions\backend\.venv\Lib\site-packages\pandas\core\indexes\base.py", line 3819, in get_loc
    raise KeyError(key) from err
KeyError: 'home_team_code'
2025-11-20 03:01:13,354 [ERROR] models - Failed to load models
Traceback (most recent call last):
  File "C:\Users\goku\Documents\NFL_ML_Predictions\backend\main.py", line 297, in load_models
    self.home_pipe = _load_joblib("home_model.joblib")
                     ~~~~~~~~~~~~^^^^^^^^^^^^^^^^^^^^^
  File "C:\Users\goku\Documents\NFL_ML_Predictions\backend\main.py", line 290, in _load_joblib
    path = models_dir / models / "home_mode"
                        ^^^^^^
NameError: name 'models' is not defined
2025-11-20 03:01:13,356 [INFO] api - Startup status: {'dataset': {'status': 'error', 'reason': "'home_team_code'"}, 'models': {'status': 'error', 'reason': "name 'models' is not defined"}}
2025-11-20 03:01:14,144 [INFO] api - Shutting down NFL prediction API
2025-11-20 03:01:15,899 [INFO] api - Starting up NFL prediction API
2025-11-20 03:01:16,000 [ERROR] startup - Dataset load failed
Traceback (most recent call last):
  File "C:\Users\goku\Documents\NFL_ML_Predictions\backend\.venv\Lib\site-packages\pandas\core\indexes\base.py", line 3812, in get_loc
    return self._engine.get_loc(casted_key)
           ~~~~~~~~~~~~~~~~~~~~^^^^^^^^^^^^
  File "pandas/_libs/index.pyx", line 167, in pandas._libs.index.IndexEngine.get_loc
  File "pandas/_libs/index.pyx", line 196, in pandas._libs.index.IndexEngine.get_loc
  File "pandas/_libs/hashtable_class_helper.pxi", line 7088, in pandas._libs.hashtable.PyObjectHashTable.get_item
  File "pandas/_libs/hashtable_class_helper.pxi", line 7096, in pandas._libs.hashtable.PyObjectHashTable.get_item
KeyError: 'home_team_code'

The above exception was the direct cause of the following exception:

Traceback (most recent call last):
  File "C:\Users\goku\Documents\NFL_ML_Predictions\backend\main.py", line 609, in initialize
    status["dataset"] = self.data_manager.load_dataset()
                        ~~~~~~~~~~~~~~~~~~~~~~~~~~~~~~^^
  File "C:\Users\goku\Documents\NFL_ML_Predictions\backend\main.py", line 216, in load_dataset
    df = self._validate_and_clean_dataset(df)
  File "C:\Users\goku\Documents\NFL_ML_Predictions\backend\main.py", line 252, in _validate_and_clean_dataset
    df["home_team_code"] = df["home_team_code"].astype(str).str.upper()
                           ~~^^^^^^^^^^^^^^^^^^
  File "C:\Users\goku\Documents\NFL_ML_Predictions\backend\.venv\Lib\site-packages\pandas\core\frame.py", line 4113, in __getitem__
    indexer = self.columns.get_loc(key)
  File "C:\Users\goku\Documents\NFL_ML_Predictions\backend\.venv\Lib\site-packages\pandas\core\indexes\base.py", line 3819, in get_loc
    raise KeyError(key) from err
KeyError: 'home_team_code'
2025-11-20 03:01:16,012 [ERROR] models - Failed to load models
Traceback (most recent call last):
  File "C:\Users\goku\Documents\NFL_ML_Predictions\backend\main.py", line 297, in load_models
    self.home_pipe = _load_joblib("home_model.joblib")
                     ~~~~~~~~~~~~^^^^^^^^^^^^^^^^^^^^^
  File "C:\Users\goku\Documents\NFL_ML_Predictions\backend\main.py", line 290, in _load_joblib
    path = models_dir / models / "home_model"
                        ^^^^^^
NameError: name 'models' is not defined
2025-11-20 03:01:16,014 [INFO] api - Startup status: {'dataset': {'status': 'error', 'reason': "'home_team_code'"}, 'models': {'status': 'error', 'reason': "name 'models' is not defined"}}
2025-11-20 03:01:20,063 [INFO] api - Shutting down NFL prediction API
2025-11-20 03:01:21,706 [INFO] api - Starting up NFL prediction API
2025-11-20 03:01:21,788 [ERROR] startup - Dataset load failed
Traceback (most recent call last):
  File "C:\Users\goku\Documents\NFL_ML_Predictions\backend\.venv\Lib\site-packages\pandas\core\indexes\base.py", line 3812, in get_loc
    return self._engine.get_loc(casted_key)
           ~~~~~~~~~~~~~~~~~~~~^^^^^^^^^^^^
  File "pandas/_libs/index.pyx", line 167, in pandas._libs.index.IndexEngine.get_loc
  File "pandas/_libs/index.pyx", line 196, in pandas._libs.index.IndexEngine.get_loc
  File "pandas/_libs/hashtable_class_helper.pxi", line 7088, in pandas._libs.hashtable.PyObjectHashTable.get_item
  File "pandas/_libs/hashtable_class_helper.pxi", line 7096, in pandas._libs.hashtable.PyObjectHashTable.get_item
KeyError: 'home_team_code'

The above exception was the direct cause of the following exception:

Traceback (most recent call last):
  File "C:\Users\goku\Documents\NFL_ML_Predictions\backend\main.py", line 609, in initialize
    status["dataset"] = self.data_manager.load_dataset()
                        ~~~~~~~~~~~~~~~~~~~~~~~~~~~~~~^^
  File "C:\Users\goku\Documents\NFL_ML_Predictions\backend\main.py", line 216, in load_dataset
    df = self._validate_and_clean_dataset(df)
  File "C:\Users\goku\Documents\NFL_ML_Predictions\backend\main.py", line 252, in _validate_and_clean_dataset
    df["home_team_code"] = df["home_team_code"].astype(str).str.upper()
                           ~~^^^^^^^^^^^^^^^^^^
  File "C:\Users\goku\Documents\NFL_ML_Predictions\backend\.venv\Lib\site-packages\pandas\core\frame.py", line 4113, in __getitem__
    indexer = self.columns.get_loc(key)
  File "C:\Users\goku\Documents\NFL_ML_Predictions\backend\.venv\Lib\site-packages\pandas\core\indexes\base.py", line 3819, in get_loc
    raise KeyError(key) from err
KeyError: 'home_team_code'
2025-11-20 03:01:21,802 [ERROR] models - Failed to load models
Traceback (most recent call last):
  File "C:\Users\goku\Documents\NFL_ML_Predictions\backend\main.py", line 297, in load_models
    self.home_pipe = _load_joblib("home_model.joblib")
                     ~~~~~~~~~~~~^^^^^^^^^^^^^^^^^^^^^
  File "C:\Users\goku\Documents\NFL_ML_Predictions\backend\main.py", line 290, in _load_joblib
    path = models_dir / models / "home_model.joblib"
                        ^^^^^^
NameError: name 'models' is not defined
2025-11-20 03:01:21,804 [INFO] api - Startup status: {'dataset': {'status': 'error', 'reason': "'home_team_code'"}, 'models': {'status': 'error', 'reason': "name 'models' is not defined"}}
2025-11-20 03:01:27,347 [INFO] api - Shutting down NFL prediction API
2025-11-20 03:01:29,006 [INFO] api - Starting up NFL prediction API
2025-11-20 03:01:29,089 [ERROR] startup - Dataset load failed
Traceback (most recent call last):
  File "C:\Users\goku\Documents\NFL_ML_Predictions\backend\.venv\Lib\site-packages\pandas\core\indexes\base.py", line 3812, in get_loc
    return self._engine.get_loc(casted_key)
           ~~~~~~~~~~~~~~~~~~~~^^^^^^^^^^^^
  File "pandas/_libs/index.pyx", line 167, in pandas._libs.index.IndexEngine.get_loc
  File "pandas/_libs/index.pyx", line 196, in pandas._libs.index.IndexEngine.get_loc
  File "pandas/_libs/hashtable_class_helper.pxi", line 7088, in pandas._libs.hashtable.PyObjectHashTable.get_item
  File "pandas/_libs/hashtable_class_helper.pxi", line 7096, in pandas._libs.hashtable.PyObjectHashTable.get_item
KeyError: 'home_team_code'

The above exception was the direct cause of the following exception:

Traceback (most recent call last):
  File "C:\Users\goku\Documents\NFL_ML_Predictions\backend\main.py", line 609, in initialize
    status["dataset"] = self.data_manager.load_dataset()
                        ~~~~~~~~~~~~~~~~~~~~~~~~~~~~~~^^
  File "C:\Users\goku\Documents\NFL_ML_Predictions\backend\main.py", line 216, in load_dataset
    df = self._validate_and_clean_dataset(df)
  File "C:\Users\goku\Documents\NFL_ML_Predictions\backend\main.py", line 252, in _validate_and_clean_dataset
    df["home_team_code"] = df["home_team_code"].astype(str).str.upper()
                           ~~^^^^^^^^^^^^^^^^^^
  File "C:\Users\goku\Documents\NFL_ML_Predictions\backend\.venv\Lib\site-packages\pandas\core\frame.py", line 4113, in __getitem__
    indexer = self.columns.get_loc(key)
  File "C:\Users\goku\Documents\NFL_ML_Predictions\backend\.venv\Lib\site-packages\pandas\core\indexes\base.py", line 3819, in get_loc
    raise KeyError(key) from err
KeyError: 'home_team_code'
2025-11-20 03:01:29,101 [ERROR] models - Failed to load models
Traceback (most recent call last):
  File "C:\Users\goku\Documents\NFL_ML_Predictions\backend\main.py", line 297, in load_models
    self.home_pipe = _load_joblib("home_model.joblib")
                     ~~~~~~~~~~~~^^^^^^^^^^^^^^^^^^^^^
  File "C:\Users\goku\Documents\NFL_ML_Predictions\backend\main.py", line 292, in _load_joblib
    raise FileNotFoundError(f"Model artifact not found: {path}")
FileNotFoundError: Model artifact not found: C:\Users\goku\Documents\NFL_ML_Predictions\backend\models\models\home_model.joblib
2025-11-20 03:01:29,102 [INFO] api - Startup status: {'dataset': {'status': 'error', 'reason': "'home_team_code'"}, 'models': {'status': 'error', 'reason': 'Model artifact not found: C:\\Users\\goku\\Documents\\NFL_ML_Predictions\\backend\\models\\models\\home_model.joblib'}}
2025-11-20 03:01:30,017 [INFO] api - Shutting down NFL prediction API
2025-11-20 03:01:31,687 [INFO] api - Starting up NFL prediction API
2025-11-20 03:01:31,763 [ERROR] startup - Dataset load failed
Traceback (most recent call last):
  File "C:\Users\goku\Documents\NFL_ML_Predictions\backend\.venv\Lib\site-packages\pandas\core\indexes\base.py", line 3812, in get_loc
    return self._engine.get_loc(casted_key)
           ~~~~~~~~~~~~~~~~~~~~^^^^^^^^^^^^
  File "pandas/_libs/index.pyx", line 167, in pandas._libs.index.IndexEngine.get_loc
  File "pandas/_libs/index.pyx", line 196, in pandas._libs.index.IndexEngine.get_loc
  File "pandas/_libs/hashtable_class_helper.pxi", line 7088, in pandas._libs.hashtable.PyObjectHashTable.get_item
  File "pandas/_libs/hashtable_class_helper.pxi", line 7096, in pandas._libs.hashtable.PyObjectHashTable.get_item
KeyError: 'home_team_code'

The above exception was the direct cause of the following exception:

Traceback (most recent call last):
  File "C:\Users\goku\Documents\NFL_ML_Predictions\backend\main.py", line 609, in initialize
    status["dataset"] = self.data_manager.load_dataset()
                        ~~~~~~~~~~~~~~~~~~~~~~~~~~~~~~^^
  File "C:\Users\goku\Documents\NFL_ML_Predictions\backend\main.py", line 216, in load_dataset
    df = self._validate_and_clean_dataset(df)
  File "C:\Users\goku\Documents\NFL_ML_Predictions\backend\main.py", line 252, in _validate_and_clean_dataset
    df["home_team_code"] = df["home_team_code"].astype(str).str.upper()
                           ~~^^^^^^^^^^^^^^^^^^
  File "C:\Users\goku\Documents\NFL_ML_Predictions\backend\.venv\Lib\site-packages\pandas\core\frame.py", line 4113, in __getitem__
    indexer = self.columns.get_loc(key)
  File "C:\Users\goku\Documents\NFL_ML_Predictions\backend\.venv\Lib\site-packages\pandas\core\indexes\base.py", line 3819, in get_loc
    raise KeyError(key) from err
KeyError: 'home_team_code'
2025-11-20 03:01:31,774 [ERROR] models - Failed to load models
Traceback (most recent call last):
  File "C:\Users\goku\Documents\NFL_ML_Predictions\backend\main.py", line 297, in load_models
    self.home_pipe = _load_joblib("home_model.joblib")
                     ~~~~~~~~~~~~^^^^^^^^^^^^^^^^^^^^^
  File "C:\Users\goku\Documents\NFL_ML_Predictions\backend\main.py", line 292, in _load_joblib
    raise FileNotFoundError(f"Model artifact not found: {path}")
FileNotFoundError: Model artifact not found: C:\Users\goku\Documents\NFL_ML_Predictions\backend\models\models\home_model.joblib
2025-11-20 03:01:31,775 [INFO] api - Startup status: {'dataset': {'status': 'error', 'reason': "'home_team_code'"}, 'models': {'status': 'error', 'reason': 'Model artifact not found: C:\\Users\\goku\\Documents\\NFL_ML_Predictions\\backend\\models\\models\\home_model.joblib'}}
2025-11-20 03:02:33,929 [INFO] api - Shutting down NFL prediction API
2025-11-20 03:02:35,640 [INFO] api - Starting up NFL prediction API
2025-11-20 03:02:35,726 [ERROR] startup - Dataset load failed
Traceback (most recent call last):
  File "C:\Users\goku\Documents\NFL_ML_Predictions\backend\.venv\Lib\site-packages\pandas\core\indexes\base.py", line 3812, in get_loc
    return self._engine.get_loc(casted_key)
           ~~~~~~~~~~~~~~~~~~~~^^^^^^^^^^^^
  File "pandas/_libs/index.pyx", line 167, in pandas._libs.index.IndexEngine.get_loc
  File "pandas/_libs/index.pyx", line 196, in pandas._libs.index.IndexEngine.get_loc
  File "pandas/_libs/hashtable_class_helper.pxi", line 7088, in pandas._libs.hashtable.PyObjectHashTable.get_item
  File "pandas/_libs/hashtable_class_helper.pxi", line 7096, in pandas._libs.hashtable.PyObjectHashTable.get_item
KeyError: 'home_team_code'

The above exception was the direct cause of the following exception:

Traceback (most recent call last):
  File "C:\Users\goku\Documents\NFL_ML_Predictions\backend\main.py", line 609, in initialize
    status["dataset"] = self.data_manager.load_dataset()
                        ~~~~~~~~~~~~~~~~~~~~~~~~~~~~~~^^
  File "C:\Users\goku\Documents\NFL_ML_Predictions\backend\main.py", line 216, in load_dataset
    df = self._validate_and_clean_dataset(df)
  File "C:\Users\goku\Documents\NFL_ML_Predictions\backend\main.py", line 252, in _validate_and_clean_dataset
    df["home_team_code"] = df["home_team_code"].astype(str).str.upper()
                           ~~^^^^^^^^^^^^^^^^^^
  File "C:\Users\goku\Documents\NFL_ML_Predictions\backend\.venv\Lib\site-packages\pandas\core\frame.py", line 4113, in __getitem__
    indexer = self.columns.get_loc(key)
  File "C:\Users\goku\Documents\NFL_ML_Predictions\backend\.venv\Lib\site-packages\pandas\core\indexes\base.py", line 3819, in get_loc
    raise KeyError(key) from err
KeyError: 'home_team_code'
2025-11-20 03:02:35,738 [ERROR] models - Failed to load models
Traceback (most recent call last):
  File "C:\Users\goku\Documents\NFL_ML_Predictions\backend\main.py", line 297, in load_models
    self.home_pipe = _load_joblib("home_model.joblib")
                     ~~~~~~~~~~~~^^^^^^^^^^^^^^^^^^^^^
TypeError: ModelManager.load_models.<locals>._load_joblib() takes 0 positional arguments but 1 was given
2025-11-20 03:02:35,740 [INFO] api - Startup status: {'dataset': {'status': 'error', 'reason': "'home_team_code'"}, 'models': {'status': 'error', 'reason': 'ModelManager.load_models.<locals>._load_joblib() takes 0 positional arguments but 1 was given'}}
2025-11-20 03:03:08,119 [INFO] api - Shutting down NFL prediction API
2025-11-20 03:03:09,929 [INFO] api - Starting up NFL prediction API
2025-11-20 03:03:10,026 [ERROR] startup - Dataset load failed
Traceback (most recent call last):
  File "C:\Users\goku\Documents\NFL_ML_Predictions\backend\.venv\Lib\site-packages\pandas\core\indexes\base.py", line 3812, in get_loc
    return self._engine.get_loc(casted_key)
           ~~~~~~~~~~~~~~~~~~~~^^^^^^^^^^^^
  File "pandas/_libs/index.pyx", line 167, in pandas._libs.index.IndexEngine.get_loc
  File "pandas/_libs/index.pyx", line 196, in pandas._libs.index.IndexEngine.get_loc
  File "pandas/_libs/hashtable_class_helper.pxi", line 7088, in pandas._libs.hashtable.PyObjectHashTable.get_item
  File "pandas/_libs/hashtable_class_helper.pxi", line 7096, in pandas._libs.hashtable.PyObjectHashTable.get_item
KeyError: 'home_team_code'

The above exception was the direct cause of the following exception:

Traceback (most recent call last):
  File "C:\Users\goku\Documents\NFL_ML_Predictions\backend\main.py", line 605, in initialize
    status["dataset"] = self.data_manager.load_dataset()
                        ~~~~~~~~~~~~~~~~~~~~~~~~~~~~~~^^
  File "C:\Users\goku\Documents\NFL_ML_Predictions\backend\main.py", line 216, in load_dataset
    df = self._validate_and_clean_dataset(df)
  File "C:\Users\goku\Documents\NFL_ML_Predictions\backend\main.py", line 252, in _validate_and_clean_dataset
    df["home_team_code"] = df["home_team_code"].astype(str).str.upper()
                           ~~^^^^^^^^^^^^^^^^^^
  File "C:\Users\goku\Documents\NFL_ML_Predictions\backend\.venv\Lib\site-packages\pandas\core\frame.py", line 4113, in __getitem__
    indexer = self.columns.get_loc(key)
  File "C:\Users\goku\Documents\NFL_ML_Predictions\backend\.venv\Lib\site-packages\pandas\core\indexes\base.py", line 3819, in get_loc
    raise KeyError(key) from err
KeyError: 'home_team_code'
2025-11-20 03:03:10,039 [ERROR] models - Failed to load models
Traceback (most recent call last):
  File "C:\Users\goku\Documents\NFL_ML_Predictions\backend\main.py", line 293, in load_models
    self.home_pipe = _load_joblib("home_model.joblib")
                     ^^^^^^^^^^^^
NameError: name '_load_joblib' is not defined
2025-11-20 03:03:10,041 [INFO] api - Startup status: {'dataset': {'status': 'error', 'reason': "'home_team_code'"}, 'models': {'status': 'error', 'reason': "name '_load_joblib' is not defined"}}
2025-11-20 03:03:11,051 [INFO] api - Shutting down NFL prediction API
2025-11-20 03:03:12,709 [INFO] api - Starting up NFL prediction API
2025-11-20 03:03:12,786 [ERROR] startup - Dataset load failed
Traceback (most recent call last):
  File "C:\Users\goku\Documents\NFL_ML_Predictions\backend\.venv\Lib\site-packages\pandas\core\indexes\base.py", line 3812, in get_loc
    return self._engine.get_loc(casted_key)
           ~~~~~~~~~~~~~~~~~~~~^^^^^^^^^^^^
  File "pandas/_libs/index.pyx", line 167, in pandas._libs.index.IndexEngine.get_loc
  File "pandas/_libs/index.pyx", line 196, in pandas._libs.index.IndexEngine.get_loc
  File "pandas/_libs/hashtable_class_helper.pxi", line 7088, in pandas._libs.hashtable.PyObjectHashTable.get_item
  File "pandas/_libs/hashtable_class_helper.pxi", line 7096, in pandas._libs.hashtable.PyObjectHashTable.get_item
KeyError: 'home_team_code'

The above exception was the direct cause of the following exception:

Traceback (most recent call last):
  File "C:\Users\goku\Documents\NFL_ML_Predictions\backend\main.py", line 604, in initialize
    status["dataset"] = self.data_manager.load_dataset()
                        ~~~~~~~~~~~~~~~~~~~~~~~~~~~~~~^^
  File "C:\Users\goku\Documents\NFL_ML_Predictions\backend\main.py", line 216, in load_dataset
    df = self._validate_and_clean_dataset(df)
  File "C:\Users\goku\Documents\NFL_ML_Predictions\backend\main.py", line 252, in _validate_and_clean_dataset
    df["home_team_code"] = df["home_team_code"].astype(str).str.upper()
                           ~~^^^^^^^^^^^^^^^^^^
  File "C:\Users\goku\Documents\NFL_ML_Predictions\backend\.venv\Lib\site-packages\pandas\core\frame.py", line 4113, in __getitem__
    indexer = self.columns.get_loc(key)
  File "C:\Users\goku\Documents\NFL_ML_Predictions\backend\.venv\Lib\site-packages\pandas\core\indexes\base.py", line 3819, in get_loc
    raise KeyError(key) from err
KeyError: 'home_team_code'
2025-11-20 03:03:12,797 [ERROR] models - Failed to load models
Traceback (most recent call last):
  File "C:\Users\goku\Documents\NFL_ML_Predictions\backend\main.py", line 292, in load_models
    self.home_pipe = _load_joblib("home_model.joblib")
                     ^^^^^^^^^^^^
NameError: name '_load_joblib' is not defined
2025-11-20 03:03:12,798 [INFO] api - Startup status: {'dataset': {'status': 'error', 'reason': "'home_team_code'"}, 'models': {'status': 'error', 'reason': "name '_load_joblib' is not defined"}}
2025-11-20 03:03:18,336 [INFO] api - Shutting down NFL prediction API
2025-11-20 03:03:20,188 [INFO] api - Starting up NFL prediction API
2025-11-20 03:03:20,276 [ERROR] startup - Dataset load failed
Traceback (most recent call last):
  File "C:\Users\goku\Documents\NFL_ML_Predictions\backend\.venv\Lib\site-packages\pandas\core\indexes\base.py", line 3812, in get_loc
    return self._engine.get_loc(casted_key)
           ~~~~~~~~~~~~~~~~~~~~^^^^^^^^^^^^
  File "pandas/_libs/index.pyx", line 167, in pandas._libs.index.IndexEngine.get_loc
  File "pandas/_libs/index.pyx", line 196, in pandas._libs.index.IndexEngine.get_loc
  File "pandas/_libs/hashtable_class_helper.pxi", line 7088, in pandas._libs.hashtable.PyObjectHashTable.get_item
  File "pandas/_libs/hashtable_class_helper.pxi", line 7096, in pandas._libs.hashtable.PyObjectHashTable.get_item
KeyError: 'home_team_code'

The above exception was the direct cause of the following exception:

Traceback (most recent call last):
  File "C:\Users\goku\Documents\NFL_ML_Predictions\backend\main.py", line 604, in initialize
    status["dataset"] = self.data_manager.load_dataset()
                        ~~~~~~~~~~~~~~~~~~~~~~~~~~~~~~^^
  File "C:\Users\goku\Documents\NFL_ML_Predictions\backend\main.py", line 216, in load_dataset
    df = self._validate_and_clean_dataset(df)
  File "C:\Users\goku\Documents\NFL_ML_Predictions\backend\main.py", line 252, in _validate_and_clean_dataset
    df["home_team_code"] = df["home_team_code"].astype(str).str.upper()
                           ~~^^^^^^^^^^^^^^^^^^
  File "C:\Users\goku\Documents\NFL_ML_Predictions\backend\.venv\Lib\site-packages\pandas\core\frame.py", line 4113, in __getitem__
    indexer = self.columns.get_loc(key)
  File "C:\Users\goku\Documents\NFL_ML_Predictions\backend\.venv\Lib\site-packages\pandas\core\indexes\base.py", line 3819, in get_loc
    raise KeyError(key) from err
KeyError: 'home_team_code'
2025-11-20 03:03:20,288 [ERROR] models - Failed to load models
Traceback (most recent call last):
  File "C:\Users\goku\Documents\NFL_ML_Predictions\backend\main.py", line 292, in load_models
    self.home_pipe = _load_joblib("home_model.joblib")
                     ^^^^^^^^^^^^
NameError: name '_load_joblib' is not defined
2025-11-20 03:03:20,289 [INFO] api - Startup status: {'dataset': {'status': 'error', 'reason': "'home_team_code'"}, 'models': {'status': 'error', 'reason': "name '_load_joblib' is not defined"}}
2025-11-20 03:03:20,290 [INFO] api - Shutting down NFL prediction API
2025-11-20 03:03:27,351 [INFO] api - Starting up NFL prediction API
2025-11-20 03:03:27,428 [ERROR] startup - Dataset load failed
Traceback (most recent call last):
  File "C:\Users\goku\Documents\NFL_ML_Predictions\backend\.venv\Lib\site-packages\pandas\core\indexes\base.py", line 3812, in get_loc
    return self._engine.get_loc(casted_key)
           ~~~~~~~~~~~~~~~~~~~~^^^^^^^^^^^^
  File "pandas/_libs/index.pyx", line 167, in pandas._libs.index.IndexEngine.get_loc
  File "pandas/_libs/index.pyx", line 196, in pandas._libs.index.IndexEngine.get_loc
  File "pandas/_libs/hashtable_class_helper.pxi", line 7088, in pandas._libs.hashtable.PyObjectHashTable.get_item
  File "pandas/_libs/hashtable_class_helper.pxi", line 7096, in pandas._libs.hashtable.PyObjectHashTable.get_item
KeyError: 'home_team_code'

The above exception was the direct cause of the following exception:

Traceback (most recent call last):
  File "C:\Users\goku\Documents\NFL_ML_Predictions\backend\main.py", line 608, in initialize
    status["dataset"] = self.data_manager.load_dataset()
                        ~~~~~~~~~~~~~~~~~~~~~~~~~~~~~~^^
  File "C:\Users\goku\Documents\NFL_ML_Predictions\backend\main.py", line 216, in load_dataset
    df = self._validate_and_clean_dataset(df)
  File "C:\Users\goku\Documents\NFL_ML_Predictions\backend\main.py", line 252, in _validate_and_clean_dataset
    df["home_team_code"] = df["home_team_code"].astype(str).str.upper()
                           ~~^^^^^^^^^^^^^^^^^^
  File "C:\Users\goku\Documents\NFL_ML_Predictions\backend\.venv\Lib\site-packages\pandas\core\frame.py", line 4113, in __getitem__
    indexer = self.columns.get_loc(key)
  File "C:\Users\goku\Documents\NFL_ML_Predictions\backend\.venv\Lib\site-packages\pandas\core\indexes\base.py", line 3819, in get_loc
    raise KeyError(key) from err
KeyError: 'home_team_code'
2025-11-20 03:03:27,439 [ERROR] models - Failed to load models
Traceback (most recent call last):
  File "C:\Users\goku\Documents\NFL_ML_Predictions\backend\main.py", line 296, in load_models
    self.home_pipe = _load_joblib("home_model.joblib")
                     ~~~~~~~~~~~~^^^^^^^^^^^^^^^^^^^^^
  File "C:\Users\goku\Documents\NFL_ML_Predictions\backend\main.py", line 291, in _load_joblib
    raise FileNotFoundError(f"Model artifact not found: {path}")
FileNotFoundError: Model artifact not found: C:\Users\goku\Documents\NFL_ML_Predictions\backend\models\models\home_model.joblib
2025-11-20 03:03:27,441 [INFO] api - Startup status: {'dataset': {'status': 'error', 'reason': "'home_team_code'"}, 'models': {'status': 'error', 'reason': 'Model artifact not found: C:\\Users\\goku\\Documents\\NFL_ML_Predictions\\backend\\models\\models\\home_model.joblib'}}
2025-11-20 03:03:43,055 [INFO] api - Shutting down NFL prediction API
2025-11-20 03:04:20,138 [INFO] api - Starting up NFL prediction API
2025-11-20 03:04:20,214 [ERROR] startup - Dataset load failed
Traceback (most recent call last):
  File "C:\Users\goku\Documents\NFL_ML_Predictions\backend\.venv\Lib\site-packages\pandas\core\indexes\base.py", line 3812, in get_loc
    return self._engine.get_loc(casted_key)
           ~~~~~~~~~~~~~~~~~~~~^^^^^^^^^^^^
  File "pandas/_libs/index.pyx", line 167, in pandas._libs.index.IndexEngine.get_loc
  File "pandas/_libs/index.pyx", line 196, in pandas._libs.index.IndexEngine.get_loc
  File "pandas/_libs/hashtable_class_helper.pxi", line 7088, in pandas._libs.hashtable.PyObjectHashTable.get_item
  File "pandas/_libs/hashtable_class_helper.pxi", line 7096, in pandas._libs.hashtable.PyObjectHashTable.get_item
KeyError: 'home_team_code'

The above exception was the direct cause of the following exception:

Traceback (most recent call last):
  File "C:\Users\goku\Documents\NFL_ML_Predictions\backend\main.py", line 608, in initialize
    status["dataset"] = self.data_manager.load_dataset()
                        ~~~~~~~~~~~~~~~~~~~~~~~~~~~~~~^^
  File "C:\Users\goku\Documents\NFL_ML_Predictions\backend\main.py", line 216, in load_dataset
    df = self._validate_and_clean_dataset(df)
  File "C:\Users\goku\Documents\NFL_ML_Predictions\backend\main.py", line 252, in _validate_and_clean_dataset
    df["home_team_code"] = df["home_team_code"].astype(str).str.upper()
                           ~~^^^^^^^^^^^^^^^^^^
  File "C:\Users\goku\Documents\NFL_ML_Predictions\backend\.venv\Lib\site-packages\pandas\core\frame.py", line 4113, in __getitem__
    indexer = self.columns.get_loc(key)
  File "C:\Users\goku\Documents\NFL_ML_Predictions\backend\.venv\Lib\site-packages\pandas\core\indexes\base.py", line 3819, in get_loc
    raise KeyError(key) from err
KeyError: 'home_team_code'
2025-11-20 03:04:20,224 [ERROR] models - Failed to load models
Traceback (most recent call last):
  File "C:\Users\goku\Documents\NFL_ML_Predictions\backend\main.py", line 296, in load_models
    self.home_pipe = _load_joblib("home_model.joblib")
                     ~~~~~~~~~~~~^^^^^^^^^^^^^^^^^^^^^
  File "C:\Users\goku\Documents\NFL_ML_Predictions\backend\main.py", line 291, in _load_joblib
    raise FileNotFoundError(f"Model artifact not found: {path}")
FileNotFoundError: Model artifact not found: C:\Users\goku\Documents\NFL_ML_Predictions\backend\models\models\home_model.joblib
2025-11-20 03:04:20,226 [INFO] api - Startup status: {'dataset': {'status': 'error', 'reason': "'home_team_code'"}, 'models': {'status': 'error', 'reason': 'Model artifact not found: C:\\Users\\goku\\Documents\\NFL_ML_Predictions\\backend\\models\\models\\home_model.joblib'}}
2025-11-20 03:05:43,754 [INFO] api - Shutting down NFL prediction API
2025-11-20 03:06:37,893 [INFO] api - Starting up NFL prediction API
2025-11-20 03:06:37,894 [ERROR] startup - Dataset load failed
Traceback (most recent call last):
  File "C:\Users\goku\Documents\NFL_ML_Predictions\backend\main.py", line 608, in initialize
    status["dataset"] = pd.read_csv("./data/game_features.csv").shape
                        ~~~~~~~~~~~^^^^^^^^^^^^^^^^^^^^^^^^^^^^
  File "C:\Users\goku\Documents\NFL_ML_Predictions\backend\.venv\Lib\site-packages\pandas\io\parsers\readers.py", line 1026, in read_csv
    return _read(filepath_or_buffer, kwds)
  File "C:\Users\goku\Documents\NFL_ML_Predictions\backend\.venv\Lib\site-packages\pandas\io\parsers\readers.py", line 620, in _read
    parser = TextFileReader(filepath_or_buffer, **kwds)
  File "C:\Users\goku\Documents\NFL_ML_Predictions\backend\.venv\Lib\site-packages\pandas\io\parsers\readers.py", line 1620, in __init__
    self._engine = self._make_engine(f, self.engine)
                   ~~~~~~~~~~~~~~~~~^^^^^^^^^^^^^^^^
  File "C:\Users\goku\Documents\NFL_ML_Predictions\backend\.venv\Lib\site-packages\pandas\io\parsers\readers.py", line 1880, in _make_engine
    self.handles = get_handle(
                   ~~~~~~~~~~^
        f,
        ^^
    ...<6 lines>...
        storage_options=self.options.get("storage_options", None),
        ^^^^^^^^^^^^^^^^^^^^^^^^^^^^^^^^^^^^^^^^^^^^^^^^^^^^^^^^^^
    )
    ^
  File "C:\Users\goku\Documents\NFL_ML_Predictions\backend\.venv\Lib\site-packages\pandas\io\common.py", line 873, in get_handle
    handle = open(
        handle,
    ...<3 lines>...
        newline="",
    )
FileNotFoundError: [Errno 2] No such file or directory: './data/game_features.csv'
2025-11-20 03:06:37,901 [ERROR] models - Failed to load models
Traceback (most recent call last):
  File "C:\Users\goku\Documents\NFL_ML_Predictions\backend\main.py", line 296, in load_models
    self.home_pipe = _load_joblib("home_model.joblib")
                     ~~~~~~~~~~~~^^^^^^^^^^^^^^^^^^^^^
  File "C:\Users\goku\Documents\NFL_ML_Predictions\backend\main.py", line 291, in _load_joblib
    raise FileNotFoundError(f"Model artifact not found: {path}")
FileNotFoundError: Model artifact not found: C:\Users\goku\Documents\NFL_ML_Predictions\backend\models\models\home_model.joblib
2025-11-20 03:06:37,903 [INFO] api - Startup status: {'dataset': {'status': 'error', 'reason': "[Errno 2] No such file or directory: './data/game_features.csv'"}, 'models': {'status': 'error', 'reason': 'Model artifact not found: C:\\Users\\goku\\Documents\\NFL_ML_Predictions\\backend\\models\\models\\home_model.joblib'}}
2025-11-20 03:06:49,220 [INFO] api - Shutting down NFL prediction API
2025-11-20 03:06:50,969 [INFO] api - Starting up NFL prediction API
2025-11-20 03:06:50,971 [ERROR] startup - Dataset load failed
Traceback (most recent call last):
  File "C:\Users\goku\Documents\NFL_ML_Predictions\backend\main.py", line 608, in initialize
    status["dataset"] = pd.read_csv("./data/game_features.csv")
                        ~~~~~~~~~~~^^^^^^^^^^^^^^^^^^^^^^^^^^^^
  File "C:\Users\goku\Documents\NFL_ML_Predictions\backend\.venv\Lib\site-packages\pandas\io\parsers\readers.py", line 1026, in read_csv
    return _read(filepath_or_buffer, kwds)
  File "C:\Users\goku\Documents\NFL_ML_Predictions\backend\.venv\Lib\site-packages\pandas\io\parsers\readers.py", line 620, in _read
    parser = TextFileReader(filepath_or_buffer, **kwds)
  File "C:\Users\goku\Documents\NFL_ML_Predictions\backend\.venv\Lib\site-packages\pandas\io\parsers\readers.py", line 1620, in __init__
    self._engine = self._make_engine(f, self.engine)
                   ~~~~~~~~~~~~~~~~~^^^^^^^^^^^^^^^^
  File "C:\Users\goku\Documents\NFL_ML_Predictions\backend\.venv\Lib\site-packages\pandas\io\parsers\readers.py", line 1880, in _make_engine
    self.handles = get_handle(
                   ~~~~~~~~~~^
        f,
        ^^
    ...<6 lines>...
        storage_options=self.options.get("storage_options", None),
        ^^^^^^^^^^^^^^^^^^^^^^^^^^^^^^^^^^^^^^^^^^^^^^^^^^^^^^^^^^
    )
    ^
  File "C:\Users\goku\Documents\NFL_ML_Predictions\backend\.venv\Lib\site-packages\pandas\io\common.py", line 873, in get_handle
    handle = open(
        handle,
    ...<3 lines>...
        newline="",
    )
FileNotFoundError: [Errno 2] No such file or directory: './data/game_features.csv'
2025-11-20 03:06:50,978 [ERROR] models - Failed to load models
Traceback (most recent call last):
  File "C:\Users\goku\Documents\NFL_ML_Predictions\backend\main.py", line 296, in load_models
    self.home_pipe = _load_joblib("home_model.joblib")
                     ~~~~~~~~~~~~^^^^^^^^^^^^^^^^^^^^^
  File "C:\Users\goku\Documents\NFL_ML_Predictions\backend\main.py", line 291, in _load_joblib
    raise FileNotFoundError(f"Model artifact not found: {path}")
FileNotFoundError: Model artifact not found: C:\Users\goku\Documents\NFL_ML_Predictions\backend\models\models\home_model.joblib
2025-11-20 03:06:50,979 [INFO] api - Startup status: {'dataset': {'status': 'error', 'reason': "[Errno 2] No such file or directory: './data/game_features.csv'"}, 'models': {'status': 'error', 'reason': 'Model artifact not found: C:\\Users\\goku\\Documents\\NFL_ML_Predictions\\backend\\models\\models\\home_model.joblib'}}
2025-11-20 03:07:31,478 [INFO] api - Shutting down NFL prediction API
2025-11-20 03:07:33,114 [INFO] api - Starting up NFL prediction API
2025-11-20 03:07:33,116 [ERROR] startup - Dataset load failed
Traceback (most recent call last):
  File "C:\Users\goku\Documents\NFL_ML_Predictions\backend\main.py", line 608, in initialize
    status["dataset"] = pd.read_csv(".//data/game_features.csv")
                        ~~~~~~~~~~~^^^^^^^^^^^^^^^^^^^^^^^^^^^^^
  File "C:\Users\goku\Documents\NFL_ML_Predictions\backend\.venv\Lib\site-packages\pandas\io\parsers\readers.py", line 1026, in read_csv
    return _read(filepath_or_buffer, kwds)
  File "C:\Users\goku\Documents\NFL_ML_Predictions\backend\.venv\Lib\site-packages\pandas\io\parsers\readers.py", line 620, in _read
    parser = TextFileReader(filepath_or_buffer, **kwds)
  File "C:\Users\goku\Documents\NFL_ML_Predictions\backend\.venv\Lib\site-packages\pandas\io\parsers\readers.py", line 1620, in __init__
    self._engine = self._make_engine(f, self.engine)
                   ~~~~~~~~~~~~~~~~~^^^^^^^^^^^^^^^^
  File "C:\Users\goku\Documents\NFL_ML_Predictions\backend\.venv\Lib\site-packages\pandas\io\parsers\readers.py", line 1880, in _make_engine
    self.handles = get_handle(
                   ~~~~~~~~~~^
        f,
        ^^
    ...<6 lines>...
        storage_options=self.options.get("storage_options", None),
        ^^^^^^^^^^^^^^^^^^^^^^^^^^^^^^^^^^^^^^^^^^^^^^^^^^^^^^^^^^
    )
    ^
  File "C:\Users\goku\Documents\NFL_ML_Predictions\backend\.venv\Lib\site-packages\pandas\io\common.py", line 873, in get_handle
    handle = open(
        handle,
    ...<3 lines>...
        newline="",
    )
FileNotFoundError: [Errno 2] No such file or directory: './/data/game_features.csv'
2025-11-20 03:07:33,123 [ERROR] models - Failed to load models
Traceback (most recent call last):
  File "C:\Users\goku\Documents\NFL_ML_Predictions\backend\main.py", line 296, in load_models
    self.home_pipe = _load_joblib("home_model.joblib")
                     ~~~~~~~~~~~~^^^^^^^^^^^^^^^^^^^^^
  File "C:\Users\goku\Documents\NFL_ML_Predictions\backend\main.py", line 291, in _load_joblib
    raise FileNotFoundError(f"Model artifact not found: {path}")
FileNotFoundError: Model artifact not found: C:\Users\goku\Documents\NFL_ML_Predictions\backend\models\models\home_model.joblib
2025-11-20 03:07:33,124 [INFO] api - Startup status: {'dataset': {'status': 'error', 'reason': "[Errno 2] No such file or directory: './/data/game_features.csv'"}, 'models': {'status': 'error', 'reason': 'Model artifact not found: C:\\Users\\goku\\Documents\\NFL_ML_Predictions\\backend\\models\\models\\home_model.joblib'}}
2025-11-20 03:07:34,772 [INFO] api - Shutting down NFL prediction API
2025-11-20 03:07:36,486 [INFO] api - Starting up NFL prediction API
2025-11-20 03:07:36,488 [ERROR] startup - Dataset load failed
Traceback (most recent call last):
  File "C:\Users\goku\Documents\NFL_ML_Predictions\backend\main.py", line 608, in initialize
    status["dataset"] = pd.read_csv("./backend/data/game_features.csv")
                        ^^^^^^^^^^^^^^^^^^^^^^^^^^^^^^^^^^^^^^^^^^^^
  File "C:\Users\goku\Documents\NFL_ML_Predictions\backend\.venv\Lib\site-packages\pandas\io\parsers\readers.py", line 1026, in read_csv
    return _read(filepath_or_buffer, kwds)
  File "C:\Users\goku\Documents\NFL_ML_Predictions\backend\.venv\Lib\site-packages\pandas\io\parsers\readers.py", line 620, in _read
    parser = TextFileReader(filepath_or_buffer, **kwds)
  File "C:\Users\goku\Documents\NFL_ML_Predictions\backend\.venv\Lib\site-packages\pandas\io\parsers\readers.py", line 1620, in __init__
    self._engine = self._make_engine(f, self.engine)
                   ~~~~~~~~~~~~~~~~~^^^^^^^^^^^^^^^^
  File "C:\Users\goku\Documents\NFL_ML_Predictions\backend\.venv\Lib\site-packages\pandas\io\parsers\readers.py", line 1880, in _make_engine
    self.handles = get_handle(
                   ~~~~~~~~~~^
        f,
        ^^
    ...<6 lines>...
        storage_options=self.options.get("storage_options", None),
        ^^^^^^^^^^^^^^^^^^^^^^^^^^^^^^^^^^^^^^^^^^^^^^^^^^^^^^^^^^
    )
    ^
  File "C:\Users\goku\Documents\NFL_ML_Predictions\backend\.venv\Lib\site-packages\pandas\io\common.py", line 873, in get_handle
    handle = open(
        handle,
    ...<3 lines>...
        newline="",
    )
FileNotFoundError: [Errno 2] No such file or directory: './back/data/game_features.csv'
2025-11-20 03:07:36,511 [ERROR] models - Failed to load models
Traceback (most recent call last):
  File "C:\Users\goku\Documents\NFL_ML_Predictions\backend\main.py", line 296, in load_models
    self.home_pipe = _load_joblib("home_model.joblib")
                     ~~~~~~~~~~~~^^^^^^^^^^^^^^^^^^^^^
  File "C:\Users\goku\Documents\NFL_ML_Predictions\backend\main.py", line 291, in _load_joblib
    raise FileNotFoundError(f"Model artifact not found: {path}")
FileNotFoundError: Model artifact not found: C:\Users\goku\Documents\NFL_ML_Predictions\backend\models\models\home_model.joblib
2025-11-20 03:07:36,512 [INFO] api - Startup status: {'dataset': {'status': 'error', 'reason': "[Errno 2] No such file or directory: './back/data/game_features.csv'"}, 'models': {'status': 'error', 'reason': 'Model artifact not found: C:\\Users\\goku\\Documents\\NFL_ML_Predictions\\backend\\models\\models\\home_model.joblib'}}
2025-11-20 03:07:36,513 [INFO] api - Shutting down NFL prediction API
2025-11-20 03:07:38,194 [INFO] api - Starting up NFL prediction API
2025-11-20 03:07:38,267 [ERROR] models - Failed to load models
Traceback (most recent call last):
  File "C:\Users\goku\Documents\NFL_ML_Predictions\backend\main.py", line 296, in load_models
    self.home_pipe = _load_joblib("home_model.joblib")
                     ~~~~~~~~~~~~^^^^^^^^^^^^^^^^^^^^^
  File "C:\Users\goku\Documents\NFL_ML_Predictions\backend\main.py", line 291, in _load_joblib
    raise FileNotFoundError(f"Model artifact not found: {path}")
FileNotFoundError: Model artifact not found: C:\Users\goku\Documents\NFL_ML_Predictions\backend\models\models\home_model.joblib
2025-11-20 03:07:38,270 [INFO] api - Startup status: {'dataset':       season  week          game_id home_game_date home_team away_team  home_points_for  ...  away_team_PHI  away_team_PIT away_team_SEA  away_team_SF  away_team_TB  away_team_TEN  away_team_WAS
0       2016     1  2016_01_BUF_BAL     2016-09-11       BAL       BUF             13.0  ...          False          False         False         False         False          False          False
1       2016     1  2016_01_CAR_DEN     2016-09-08       DEN       CAR             21.0  ...          False          False         False         False         False          False          False
2       2016     1  2016_01_CHI_HOU     2016-09-11       HOU       CHI             23.0  ...          False          False         False         False         False          False          False
3       2016     1  2016_01_CIN_NYJ     2016-09-11       NYJ       CIN             22.0  ...          False          False         False         False         False          False          False
4       2016     1  2016_01_CLE_PHI     2016-09-11       PHI       CLE             29.0  ...          False          False         False         False         False          False          False
...      ...   ...              ...            ...       ...       ...              ...  ...            ...            ...           ...           ...           ...            ...            ...
2743    2025    18   2025_18_NO_ATL     2026-01-04       ATL        NO              NaN  ...          False          False         False         False         False          False          False
2744    2025    18  2025_18_NYJ_BUF     2026-01-04       BUF       NYJ              NaN  ...          False          False         False         False         False          False          False
2745    2025    18   2025_18_SEA_SF     2026-01-04        SF       SEA              NaN  ...          False          False          True         False         False          False          False
2746    2025    18  2025_18_TEN_JAX     2026-01-04       JAX       TEN              NaN  ...          False          False         False         False         False           True          False
2747    2025    18  2025_18_WAS_PHI     2026-01-04       PHI       WAS              NaN  ...          False          False         False         False         False          False           True

[2748 rows x 186 columns], 'models': {'status': 'error', 'reason': 'Model artifact not found: C:\\Users\\goku\\Documents\\NFL_ML_Predictions\\backend\\models\\models\\home_model.joblib'}}
2025-11-20 03:08:35,444 [INFO] api - Shutting down NFL prediction API
2025-11-20 03:08:37,262 [INFO] api - Starting up NFL prediction API
2025-11-20 03:08:37,339 [ERROR] startup - Model load failed
Traceback (most recent call last):
  File "C:\Users\goku\Documents\NFL_ML_Predictions\backend\main.py", line 614, in initialize
    status["models"] = self.model_manager.()
                       ^^^^^^^^^^^^^^^^^^^^
TypeError: 'ModelManager' object is not callable
2025-11-20 03:08:37,341 [INFO] api - Startup status: {'dataset':       season  week          game_id home_game_date home_team away_team  home_points_for  ...  away_team_PHI  away_team_PIT away_team_SEA  away_team_SF  away_team_TB  away_team_TEN  away_team_WAS
0       2016     1  2016_01_BUF_BAL     2016-09-11       BAL       BUF             13.0  ...          False          False         False         False         False          False          False
1       2016     1  2016_01_CAR_DEN     2016-09-08       DEN       CAR             21.0  ...          False          False         False         False         False          False          False
2       2016     1  2016_01_CHI_HOU     2016-09-11       HOU       CHI             23.0  ...          False          False         False         False         False          False          False
3       2016     1  2016_01_CIN_NYJ     2016-09-11       NYJ       CIN             22.0  ...          False          False         False         False         False          False          False
4       2016     1  2016_01_CLE_PHI     2016-09-11       PHI       CLE             29.0  ...          False          False         False         False         False          False          False
...      ...   ...              ...            ...       ...       ...              ...  ...            ...            ...           ...           ...           ...            ...            ...
2743    2025    18   2025_18_NO_ATL     2026-01-04       ATL        NO              NaN  ...          False          False         False         False         False          False          False
2744    2025    18  2025_18_NYJ_BUF     2026-01-04       BUF       NYJ              NaN  ...          False          False         False         False         False          False          False
2745    2025    18   2025_18_SEA_SF     2026-01-04        SF       SEA              NaN  ...          False          False          True         False         False          False          False
2746    2025    18  2025_18_TEN_JAX     2026-01-04       JAX       TEN              NaN  ...          False          False         False         False         False           True          False
2747    2025    18  2025_18_WAS_PHI     2026-01-04       PHI       WAS              NaN  ...          False          False         False         False         False          False           True

[2748 rows x 186 columns], 'models': {'status': 'error', 'reason': "'ModelManager' object is not callable"}}
2025-11-20 03:08:37,642 [INFO] api - Shutting down NFL prediction API
2025-11-20 03:08:55,955 [INFO] api - Starting up NFL prediction API
2025-11-20 03:08:56,055 [ERROR] models - Failed to load models
Traceback (most recent call last):
  File "C:\Users\goku\Documents\NFL_ML_Predictions\backend\main.py", line 296, in load_models
    self.home_pipe = _load_joblib("home_model.joblib")
                     ~~~~~~~~~~~~^^^^^^^^^^^^^^^^^^^^^
  File "C:\Users\goku\Documents\NFL_ML_Predictions\backend\main.py", line 291, in _load_joblib
    raise FileNotFoundError(f"Model artifact not found: {path}")
FileNotFoundError: Model artifact not found: C:\Users\goku\Documents\NFL_ML_Predictions\backend\models\models\home_model.joblib
2025-11-20 03:08:56,058 [INFO] api - Startup status: {'dataset':       season  week          game_id home_game_date home_team away_team  home_points_for  ...  away_team_PHI  away_team_PIT away_team_SEA  away_team_SF  away_team_TB  away_team_TEN  away_team_WAS
0       2016     1  2016_01_BUF_BAL     2016-09-11       BAL       BUF             13.0  ...          False          False         False         False         False          False          False
1       2016     1  2016_01_CAR_DEN     2016-09-08       DEN       CAR             21.0  ...          False          False         False         False         False          False          False
2       2016     1  2016_01_CHI_HOU     2016-09-11       HOU       CHI             23.0  ...          False          False         False         False         False          False          False
3       2016     1  2016_01_CIN_NYJ     2016-09-11       NYJ       CIN             22.0  ...          False          False         False         False         False          False          False
4       2016     1  2016_01_CLE_PHI     2016-09-11       PHI       CLE             29.0  ...          False          False         False         False         False          False          False
...      ...   ...              ...            ...       ...       ...              ...  ...            ...            ...           ...           ...           ...            ...            ...
2743    2025    18   2025_18_NO_ATL     2026-01-04       ATL        NO              NaN  ...          False          False         False         False         False          False          False
2744    2025    18  2025_18_NYJ_BUF     2026-01-04       BUF       NYJ              NaN  ...          False          False         False         False         False          False          False
2745    2025    18   2025_18_SEA_SF     2026-01-04        SF       SEA              NaN  ...          False          False          True         False         False          False          False
2746    2025    18  2025_18_TEN_JAX     2026-01-04       JAX       TEN              NaN  ...          False          False         False         False         False           True          False
2747    2025    18  2025_18_WAS_PHI     2026-01-04       PHI       WAS              NaN  ...          False          False         False         False         False          False           True

[2748 rows x 186 columns], 'models': {'status': 'error', 'reason': 'Model artifact not found: C:\\Users\\goku\\Documents\\NFL_ML_Predictions\\backend\\models\\models\\home_model.joblib'}}
2025-11-20 03:09:01,620 [INFO] api - Shutting down NFL prediction API
2025-11-20 03:09:04,283 [INFO] api - Starting up NFL prediction API
2025-11-20 03:09:04,408 [ERROR] startup - Model load failed
Traceback (most recent call last):
  File "C:\Users\goku\Documents\NFL_ML_Predictions\backend\main.py", line 614, in initialize
    status["models"] = self.model_manager.h
                       ^^^^^^^^^^^^^^^^^^^^
AttributeError: 'ModelManager' object has no attribute 'h'
2025-11-20 03:09:04,411 [INFO] api - Startup status: {'dataset':       season  week          game_id home_game_date home_team away_team  home_points_for  ...  away_team_PHI  away_team_PIT away_team_SEA  away_team_SF  away_team_TB  away_team_TEN  away_team_WAS
0       2016     1  2016_01_BUF_BAL     2016-09-11       BAL       BUF             13.0  ...          False          False         False         False         False          False          False
1       2016     1  2016_01_CAR_DEN     2016-09-08       DEN       CAR             21.0  ...          False          False         False         False         False          False          False
2       2016     1  2016_01_CHI_HOU     2016-09-11       HOU       CHI             23.0  ...          False          False         False         False         False          False          False
3       2016     1  2016_01_CIN_NYJ     2016-09-11       NYJ       CIN             22.0  ...          False          False         False         False         False          False          False
4       2016     1  2016_01_CLE_PHI     2016-09-11       PHI       CLE             29.0  ...          False          False         False         False         False          False          False
...      ...   ...              ...            ...       ...       ...              ...  ...            ...            ...           ...           ...           ...            ...            ...
2743    2025    18   2025_18_NO_ATL     2026-01-04       ATL        NO              NaN  ...          False          False         False         False         False          False          False
2744    2025    18  2025_18_NYJ_BUF     2026-01-04       BUF       NYJ              NaN  ...          False          False         False         False         False          False          False
2745    2025    18   2025_18_SEA_SF     2026-01-04        SF       SEA              NaN  ...          False          False          True         False         False          False          False
2746    2025    18  2025_18_TEN_JAX     2026-01-04       JAX       TEN              NaN  ...          False          False         False         False         False           True          False
2747    2025    18  2025_18_WAS_PHI     2026-01-04       PHI       WAS              NaN  ...          False          False         False         False         False          False           True

[2748 rows x 186 columns], 'models': {'status': 'error', 'reason': "'ModelManager' object has no attribute 'h'"}}
2025-11-20 03:09:04,804 [INFO] api - Shutting down NFL prediction API
2025-11-20 03:09:06,496 [INFO] api - Starting up NFL prediction API
2025-11-20 03:09:06,567 [INFO] api - Startup status: {'dataset':       season  week          game_id home_game_date home_team away_team  home_points_for  ...  away_team_PHI  away_team_PIT away_team_SEA  away_team_SF  away_team_TB  away_team_TEN  away_team_WAS
0       2016     1  2016_01_BUF_BAL     2016-09-11       BAL       BUF             13.0  ...          False          False         False         False         False          False          False
1       2016     1  2016_01_CAR_DEN     2016-09-08       DEN       CAR             21.0  ...          False          False         False         False         False          False          False
2       2016     1  2016_01_CHI_HOU     2016-09-11       HOU       CHI             23.0  ...          False          False         False         False         False          False          False
3       2016     1  2016_01_CIN_NYJ     2016-09-11       NYJ       CIN             22.0  ...          False          False         False         False         False          False          False
4       2016     1  2016_01_CLE_PHI     2016-09-11       PHI       CLE             29.0  ...          False          False         False         False         False          False          False
...      ...   ...              ...            ...       ...       ...              ...  ...            ...            ...           ...           ...           ...            ...            ...
2743    2025    18   2025_18_NO_ATL     2026-01-04       ATL        NO              NaN  ...          False          False         False         False         False          False          False
2744    2025    18  2025_18_NYJ_BUF     2026-01-04       BUF       NYJ              NaN  ...          False          False         False         False         False          False          False
2745    2025    18   2025_18_SEA_SF     2026-01-04        SF       SEA              NaN  ...          False          False          True         False         False          False          False
2746    2025    18  2025_18_TEN_JAX     2026-01-04       JAX       TEN              NaN  ...          False          False         False         False         False           True          False
2747    2025    18  2025_18_WAS_PHI     2026-01-04       PHI       WAS              NaN  ...          False          False         False         False         False          False           True

[2748 rows x 186 columns], 'models': None}
2025-11-20 03:09:14,919 [INFO] api - Shutting down NFL prediction API
2025-11-20 03:09:22,992 [INFO] api - Starting up NFL prediction API
2025-11-20 03:09:23,067 [INFO] api - Startup status: {'dataset':       season  week          game_id home_game_date home_team away_team  home_points_for  ...  away_team_PHI  away_team_PIT away_team_SEA  away_team_SF  away_team_TB  away_team_TEN  away_team_WAS
0       2016     1  2016_01_BUF_BAL     2016-09-11       BAL       BUF             13.0  ...          False          False         False         False         False          False          False
1       2016     1  2016_01_CAR_DEN     2016-09-08       DEN       CAR             21.0  ...          False          False         False         False         False          False          False
2       2016     1  2016_01_CHI_HOU     2016-09-11       HOU       CHI             23.0  ...          False          False         False         False         False          False          False
3       2016     1  2016_01_CIN_NYJ     2016-09-11       NYJ       CIN             22.0  ...          False          False         False         False         False          False          False
4       2016     1  2016_01_CLE_PHI     2016-09-11       PHI       CLE             29.0  ...          False          False         False         False         False          False          False
...      ...   ...              ...            ...       ...       ...              ...  ...            ...            ...           ...           ...           ...            ...            ...
2743    2025    18   2025_18_NO_ATL     2026-01-04       ATL        NO              NaN  ...          False          False         False         False         False          False          False
2744    2025    18  2025_18_NYJ_BUF     2026-01-04       BUF       NYJ              NaN  ...          False          False         False         False         False          False          False
2745    2025    18   2025_18_SEA_SF     2026-01-04        SF       SEA              NaN  ...          False          False          True         False         False          False          False
2746    2025    18  2025_18_TEN_JAX     2026-01-04       JAX       TEN              NaN  ...          False          False         False         False         False           True          False
2747    2025    18  2025_18_WAS_PHI     2026-01-04       PHI       WAS              NaN  ...          False          False         False         False         False          False           True

[2748 rows x 186 columns], 'models': False}
2025-11-20 03:09:23,431 [INFO] api - Shutting down NFL prediction API
2025-11-20 03:09:25,114 [INFO] api - Starting up NFL prediction API
2025-11-20 03:09:25,198 [INFO] api - Startup status: {'dataset':       season  week          game_id home_game_date home_team away_team  home_points_for  ...  away_team_PHI  away_team_PIT away_team_SEA  away_team_SF  away_team_TB  away_team_TEN  away_team_WAS
0       2016     1  2016_01_BUF_BAL     2016-09-11       BAL       BUF             13.0  ...          False          False         False         False         False          False          False
1       2016     1  2016_01_CAR_DEN     2016-09-08       DEN       CAR             21.0  ...          False          False         False         False         False          False          False
2       2016     1  2016_01_CHI_HOU     2016-09-11       HOU       CHI             23.0  ...          False          False         False         False         False          False          False
3       2016     1  2016_01_CIN_NYJ     2016-09-11       NYJ       CIN             22.0  ...          False          False         False         False         False          False          False
4       2016     1  2016_01_CLE_PHI     2016-09-11       PHI       CLE             29.0  ...          False          False         False         False         False          False          False
...      ...   ...              ...            ...       ...       ...              ...  ...            ...            ...           ...           ...           ...            ...            ...
2743    2025    18   2025_18_NO_ATL     2026-01-04       ATL        NO              NaN  ...          False          False         False         False         False          False          False
2744    2025    18  2025_18_NYJ_BUF     2026-01-04       BUF       NYJ              NaN  ...          False          False         False         False         False          False          False
2745    2025    18   2025_18_SEA_SF     2026-01-04        SF       SEA              NaN  ...          False          False          True         False         False          False          False
2746    2025    18  2025_18_TEN_JAX     2026-01-04       JAX       TEN              NaN  ...          False          False         False         False         False           True          False
2747    2025    18  2025_18_WAS_PHI     2026-01-04       PHI       WAS              NaN  ...          False          False         False         False         False          False           True

[2748 rows x 186 columns], 'models': False}
2025-11-20 03:10:57,765 [INFO] api - Shutting down NFL prediction API
2025-11-20 03:10:59,405 [INFO] api - Starting up NFL prediction API
2025-11-20 03:10:59,481 [INFO] api - Startup status: {'dataset':       season  week          game_id home_game_date home_team away_team  home_points_for  ...  away_team_PHI  away_team_PIT away_team_SEA  away_team_SF  away_team_TB  away_team_TEN  away_team_WAS
0       2016     1  2016_01_BUF_BAL     2016-09-11       BAL       BUF             13.0  ...          False          False         False         False         False          False          False
1       2016     1  2016_01_CAR_DEN     2016-09-08       DEN       CAR             21.0  ...          False          False         False         False         False          False          False
2       2016     1  2016_01_CHI_HOU     2016-09-11       HOU       CHI             23.0  ...          False          False         False         False         False          False          False
3       2016     1  2016_01_CIN_NYJ     2016-09-11       NYJ       CIN             22.0  ...          False          False         False         False         False          False          False
4       2016     1  2016_01_CLE_PHI     2016-09-11       PHI       CLE             29.0  ...          False          False         False         False         False          False          False
...      ...   ...              ...            ...       ...       ...              ...  ...            ...            ...           ...           ...           ...            ...            ...
2743    2025    18   2025_18_NO_ATL     2026-01-04       ATL        NO              NaN  ...          False          False         False         False         False          False          False
2744    2025    18  2025_18_NYJ_BUF     2026-01-04       BUF       NYJ              NaN  ...          False          False         False         False         False          False          False
2745    2025    18   2025_18_SEA_SF     2026-01-04        SF       SEA              NaN  ...          False          False          True         False         False          False          False
2746    2025    18  2025_18_TEN_JAX     2026-01-04       JAX       TEN              NaN  ...          False          False         False         False         False           True          False
2747    2025    18  2025_18_WAS_PHI     2026-01-04       PHI       WAS              NaN  ...          False          False         False         False         False          False           True

[2748 rows x 186 columns], 'models': False}
2025-11-20 03:11:02,648 [INFO] api - Shutting down NFL prediction API
2025-11-20 03:11:04,302 [INFO] api - Starting up NFL prediction API
2025-11-20 03:11:04,383 [ERROR] startup - Dataset load failed
Traceback (most recent call last):
  File "C:\Users\goku\Documents\NFL_ML_Predictions\backend\.venv\Lib\site-packages\pandas\core\indexes\base.py", line 3812, in get_loc
    return self._engine.get_loc(casted_key)
           ~~~~~~~~~~~~~~~~~~~~^^^^^^^^^^^^
  File "pandas/_libs/index.pyx", line 167, in pandas._libs.index.IndexEngine.get_loc
  File "pandas/_libs/index.pyx", line 196, in pandas._libs.index.IndexEngine.get_loc
  File "pandas/_libs/hashtable_class_helper.pxi", line 7088, in pandas._libs.hashtable.PyObjectHashTable.get_item
  File "pandas/_libs/hashtable_class_helper.pxi", line 7096, in pandas._libs.hashtable.PyObjectHashTable.get_item
KeyError: 'home_team_code'

The above exception was the direct cause of the following exception:

Traceback (most recent call last):
  File "C:\Users\goku\Documents\NFL_ML_Predictions\backend\main.py", line 608, in initialize
    self.data_manager.load_dataset()
    ~~~~~~~~~~~~~~~~~~~~~~~~~~~~~~^^
  File "C:\Users\goku\Documents\NFL_ML_Predictions\backend\main.py", line 216, in load_dataset
    df = self._validate_and_clean_dataset(df)
  File "C:\Users\goku\Documents\NFL_ML_Predictions\backend\main.py", line 252, in _validate_and_clean_dataset
    df["home_team_code"] = df["home_team_code"].astype(str).str.upper()
                           ~~^^^^^^^^^^^^^^^^^^
  File "C:\Users\goku\Documents\NFL_ML_Predictions\backend\.venv\Lib\site-packages\pandas\core\frame.py", line 4113, in __getitem__
    indexer = self.columns.get_loc(key)
  File "C:\Users\goku\Documents\NFL_ML_Predictions\backend\.venv\Lib\site-packages\pandas\core\indexes\base.py", line 3819, in get_loc
    raise KeyError(key) from err
KeyError: 'home_team_code'
2025-11-20 03:11:04,394 [INFO] api - Startup status: {'dataset': {'status': 'error', 'reason': "'home_team_code'"}, 'models': False}
2025-11-20 03:12:02,679 [INFO] api - Shutting down NFL prediction API
2025-11-20 03:12:05,548 [INFO] api - Starting up NFL prediction API
2025-11-20 03:12:05,708 [ERROR] startup - Dataset load failed
Traceback (most recent call last):
  File "C:\Users\goku\Documents\NFL_ML_Predictions\backend\.venv\Lib\site-packages\pandas\core\indexes\base.py", line 3812, in get_loc
    return self._engine.get_loc(casted_key)
           ~~~~~~~~~~~~~~~~~~~~^^^^^^^^^^^^
  File "pandas/_libs/index.pyx", line 167, in pandas._libs.index.IndexEngine.get_loc
  File "pandas/_libs/index.pyx", line 196, in pandas._libs.index.IndexEngine.get_loc
  File "pandas/_libs/hashtable_class_helper.pxi", line 7088, in pandas._libs.hashtable.PyObjectHashTable.get_item
  File "pandas/_libs/hashtable_class_helper.pxi", line 7096, in pandas._libs.hashtable.PyObjectHashTable.get_item
KeyError: 'home_team_'

The above exception was the direct cause of the following exception:

Traceback (most recent call last):
  File "C:\Users\goku\Documents\NFL_ML_Predictions\backend\main.py", line 608, in initialize
    self.data_manager.load_dataset()
    ~~~~~~~~~~~~~~~~~~~~~~~~~~~~~~^^
  File "C:\Users\goku\Documents\NFL_ML_Predictions\backend\main.py", line 216, in load_dataset
    df = self._validate_and_clean_dataset(df)
  File "C:\Users\goku\Documents\NFL_ML_Predictions\backend\main.py", line 252, in _validate_and_clean_dataset
    df["home_"] = df["home_"].astype(str).str.upper()
                       ^^^^^^^^^^^^^^^^
  File "C:\Users\goku\Documents\NFL_ML_Predictions\backend\.venv\Lib\site-packages\pandas\core\frame.py", line 4113, in __getitem__
    indexer = self.columns.get_loc(key)
  File "C:\Users\goku\Documents\NFL_ML_Predictions\backend\.venv\Lib\site-packages\pandas\core\indexes\base.py", line 3819, in get_loc
    raise KeyError(key) from err
KeyError: 'home_team_'
2025-11-20 03:12:05,726 [INFO] api - Startup status: {'dataset': {'status': 'error', 'reason': "'home_team_'"}, 'models': False}
2025-11-20 03:12:05,727 [INFO] api - Shutting down NFL prediction API
2025-11-20 03:12:08,449 [INFO] api - Starting up NFL prediction API
2025-11-20 03:12:08,585 [ERROR] startup - Dataset load failed
Traceback (most recent call last):
  File "C:\Users\goku\Documents\NFL_ML_Predictions\backend\.venv\Lib\site-packages\pandas\core\indexes\base.py", line 3812, in get_loc
    return self._engine.get_loc(casted_key)
           ~~~~~~~~~~~~~~~~~~~~^^^^^^^^^^^^
  File "pandas/_libs/index.pyx", line 167, in pandas._libs.index.IndexEngine.get_loc
  File "pandas/_libs/index.pyx", line 196, in pandas._libs.index.IndexEngine.get_loc
  File "pandas/_libs/hashtable_class_helper.pxi", line 7088, in pandas._libs.hashtable.PyObjectHashTable.get_item
  File "pandas/_libs/hashtable_class_helper.pxi", line 7096, in pandas._libs.hashtable.PyObjectHashTable.get_item
KeyError: 'home_'

The above exception was the direct cause of the following exception:

Traceback (most recent call last):
  File "C:\Users\goku\Documents\NFL_ML_Predictions\backend\main.py", line 608, in initialize
    self.data_manager.load_dataset()
    ~~~~~~~~~~~~~~~~~~~~~~~~~~~~~~^^
  File "C:\Users\goku\Documents\NFL_ML_Predictions\backend\main.py", line 216, in load_dataset
    df = self._validate_and_clean_dataset(df)
  File "C:\Users\goku\Documents\NFL_ML_Predictions\backend\main.py", line 252, in _validate_and_clean_dataset
    df["home_abbr"] = df["home_abbr"].astype(str).str.upper()
                  ^^^^^^^^^^^
  File "C:\Users\goku\Documents\NFL_ML_Predictions\backend\.venv\Lib\site-packages\pandas\core\frame.py", line 4113, in __getitem__
    indexer = self.columns.get_loc(key)
  File "C:\Users\goku\Documents\NFL_ML_Predictions\backend\.venv\Lib\site-packages\pandas\core\indexes\base.py", line 3819, in get_loc
    raise KeyError(key) from err
KeyError: 'home_'
2025-11-20 03:12:08,603 [INFO] api - Startup status: {'dataset': {'status': 'error', 'reason': "'home_'"}, 'models': False}
2025-11-20 03:12:08,605 [INFO] api - Shutting down NFL prediction API
2025-11-20 03:12:11,252 [INFO] api - Starting up NFL prediction API
2025-11-20 03:12:11,379 [ERROR] startup - Dataset load failed
Traceback (most recent call last):
  File "C:\Users\goku\Documents\NFL_ML_Predictions\backend\.venv\Lib\site-packages\pandas\core\indexes\base.py", line 3812, in get_loc
    return self._engine.get_loc(casted_key)
           ~~~~~~~~~~~~~~~~~~~~^^^^^^^^^^^^
  File "pandas/_libs/index.pyx", line 167, in pandas._libs.index.IndexEngine.get_loc
  File "pandas/_libs/index.pyx", line 196, in pandas._libs.index.IndexEngine.get_loc
  File "pandas/_libs/hashtable_class_helper.pxi", line 7088, in pandas._libs.hashtable.PyObjectHashTable.get_item
  File "pandas/_libs/hashtable_class_helper.pxi", line 7096, in pandas._libs.hashtable.PyObjectHashTable.get_item
KeyError: 'home_abbr'

The above exception was the direct cause of the following exception:

Traceback (most recent call last):
  File "C:\Users\goku\Documents\NFL_ML_Predictions\backend\main.py", line 608, in initialize
    self.data_manager.load_dataset()
    ~~~~~~~~~~~~~~~~~~~~~~~~~~~~~~^^
  File "C:\Users\goku\Documents\NFL_ML_Predictions\backend\main.py", line 216, in load_dataset
    df = self._validate_and_clean_dataset(df)
  File "C:\Users\goku\Documents\NFL_ML_Predictions\backend\main.py", line 252, in _validate_and_clean_dataset
    df["home_abbr"] = df["home_abbr"].astype(str).str.upper()
                      ~~^^^^^^^^^^^^^
  File "C:\Users\goku\Documents\NFL_ML_Predictions\backend\.venv\Lib\site-packages\pandas\core\frame.py", line 4113, in __getitem__
    indexer = self.columns.get_loc(key)
  File "C:\Users\goku\Documents\NFL_ML_Predictions\backend\.venv\Lib\site-packages\pandas\core\indexes\base.py", line 3819, in get_loc
    raise KeyError(key) from err
KeyError: 'home_abbr'
2025-11-20 03:12:11,403 [INFO] api - Startup status: {'dataset': {'status': 'error', 'reason': "'home_abbr'"}, 'models': False}
2025-11-20 03:12:14,515 [INFO] api - Shutting down NFL prediction API
2025-11-20 03:12:16,789 [INFO] api - Starting up NFL prediction API
2025-11-20 03:12:16,917 [ERROR] startup - Dataset load failed
Traceback (most recent call last):
  File "C:\Users\goku\Documents\NFL_ML_Predictions\backend\.venv\Lib\site-packages\pandas\core\indexes\base.py", line 3812, in get_loc
    return self._engine.get_loc(casted_key)
           ~~~~~~~~~~~~~~~~~~~~^^^^^^^^^^^^
  File "pandas/_libs/index.pyx", line 167, in pandas._libs.index.IndexEngine.get_loc
  File "pandas/_libs/index.pyx", line 196, in pandas._libs.index.IndexEngine.get_loc
  File "pandas/_libs/hashtable_class_helper.pxi", line 7088, in pandas._libs.hashtable.PyObjectHashTable.get_item
  File "pandas/_libs/hashtable_class_helper.pxi", line 7096, in pandas._libs.hashtable.PyObjectHashTable.get_item
KeyError: 'home_abbr'

The above exception was the direct cause of the following exception:

Traceback (most recent call last):
  File "C:\Users\goku\Documents\NFL_ML_Predictions\backend\main.py", line 608, in initialize
    self.data_manager.load_dataset()
    ~~~~~~~~~~~~~~~~~~~~~~~~~~~~~~^^
  File "C:\Users\goku\Documents\NFL_ML_Predictions\backend\main.py", line 216, in load_dataset
    df = self._validate_and_clean_dataset(df)
  File "C:\Users\goku\Documents\NFL_ML_Predictions\backend\main.py", line 252, in _validate_and_clean_dataset
    df["home_abbr"] = df["home_abbr"].astype(str).str.upper()
                      ~~^^^^^^^^^^^^^
  File "C:\Users\goku\Documents\NFL_ML_Predictions\backend\.venv\Lib\site-packages\pandas\core\frame.py", line 4113, in __getitem__
    indexer = self.columns.get_loc(key)
  File "C:\Users\goku\Documents\NFL_ML_Predictions\backend\.venv\Lib\site-packages\pandas\core\indexes\base.py", line 3819, in get_loc
    raise KeyError(key) from err
KeyError: 'home_abbr'
2025-11-20 03:12:16,933 [INFO] api - Startup status: {'dataset': {'status': 'error', 'reason': "'home_abbr'"}, 'models': False}
2025-11-20 03:14:09,338 [INFO] api - Shutting down NFL prediction API
2025-11-20 03:14:10,989 [INFO] api - Starting up NFL prediction API
2025-11-20 03:14:11,068 [ERROR] startup - Dataset load failed
Traceback (most recent call last):
  File "C:\Users\goku\Documents\NFL_ML_Predictions\backend\.venv\Lib\site-packages\pandas\core\indexes\base.py", line 3812, in get_loc
    return self._engine.get_loc(casted_key)
           ~~~~~~~~~~~~~~~~~~~~^^^^^^^^^^^^
  File "pandas/_libs/index.pyx", line 167, in pandas._libs.index.IndexEngine.get_loc
  File "pandas/_libs/index.pyx", line 196, in pandas._libs.index.IndexEngine.get_loc
  File "pandas/_libs/hashtable_class_helper.pxi", line 7088, in pandas._libs.hashtable.PyObjectHashTable.get_item
  File "pandas/_libs/hashtable_class_helper.pxi", line 7096, in pandas._libs.hashtable.PyObjectHashTable.get_item
KeyError: 'home_abbr'

The above exception was the direct cause of the following exception:

Traceback (most recent call last):
  File "C:\Users\goku\Documents\NFL_ML_Predictions\backend\main.py", line 608, in initialize
    self.data_manager.load_dataset()
    ~~~~~~~~~~~~~~~~~~~~~~~~~~~~~~^^
  File "C:\Users\goku\Documents\NFL_ML_Predictions\backend\main.py", line 216, in load_dataset
    df = self._validate_and_clean_dataset(df)
  File "C:\Users\goku\Documents\NFL_ML_Predictions\backend\main.py", line 252, in _validate_and_clean_dataset
    df["home_abbr"] = df["home_abbr"].astype(str).str.upper()
                      ~~^^^^^^^^^^^^^
  File "C:\Users\goku\Documents\NFL_ML_Predictions\backend\.venv\Lib\site-packages\pandas\core\frame.py", line 4113, in __getitem__
    indexer = self.columns.get_loc(key)
  File "C:\Users\goku\Documents\NFL_ML_Predictions\backend\.venv\Lib\site-packages\pandas\core\indexes\base.py", line 3819, in get_loc
    raise KeyError(key) from err
KeyError: 'home_abbr'
2025-11-20 03:14:11,080 [INFO] api - Startup status: {'dataset': {'status': 'error', 'reason': "'home_abbr'"}, 'models': False}
2025-11-20 03:14:11,866 [INFO] api - Shutting down NFL prediction API
2025-11-20 03:14:13,554 [INFO] api - Starting up NFL prediction API
2025-11-20 03:14:13,635 [ERROR] startup - Dataset load failed
Traceback (most recent call last):
  File "C:\Users\goku\Documents\NFL_ML_Predictions\backend\.venv\Lib\site-packages\pandas\core\indexes\base.py", line 3812, in get_loc
    return self._engine.get_loc(casted_key)
           ~~~~~~~~~~~~~~~~~~~~^^^^^^^^^^^^
  File "pandas/_libs/index.pyx", line 167, in pandas._libs.index.IndexEngine.get_loc
  File "pandas/_libs/index.pyx", line 196, in pandas._libs.index.IndexEngine.get_loc
  File "pandas/_libs/hashtable_class_helper.pxi", line 7088, in pandas._libs.hashtable.PyObjectHashTable.get_item
  File "pandas/_libs/hashtable_class_helper.pxi", line 7096, in pandas._libs.hashtable.PyObjectHashTable.get_item
KeyError: 'home_abbr'

The above exception was the direct cause of the following exception:

Traceback (most recent call last):
  File "C:\Users\goku\Documents\NFL_ML_Predictions\backend\main.py", line 608, in initialize
    self.data_manager.load_dataset()
    ~~~~~~~~~~~~~~~~~~~~~~~~~~~~~~^^
  File "C:\Users\goku\Documents\NFL_ML_Predictions\backend\main.py", line 216, in load_dataset
    df = self._validate_and_clean_dataset(df)
  File "C:\Users\goku\Documents\NFL_ML_Predictions\backend\main.py", line 252, in _validate_and_clean_dataset
    df["home_abbr"] = df["home_abbr"].astype(str).str.upper()
                      ~~^^^^^^^^^^^^^
  File "C:\Users\goku\Documents\NFL_ML_Predictions\backend\.venv\Lib\site-packages\pandas\core\frame.py", line 4113, in __getitem__
    indexer = self.columns.get_loc(key)
  File "C:\Users\goku\Documents\NFL_ML_Predictions\backend\.venv\Lib\site-packages\pandas\core\indexes\base.py", line 3819, in get_loc
    raise KeyError(key) from err
KeyError: 'home_abbr'
2025-11-20 03:14:13,646 [INFO] api - Startup status: {'dataset': {'status': 'error', 'reason': "'home_abbr'"}, 'models': False}
2025-11-20 03:14:20,336 [INFO] api - Shutting down NFL prediction API
2025-11-20 03:14:21,960 [INFO] api - Starting up NFL prediction API
2025-11-20 03:14:22,039 [INFO] data - Loaded dataset from C:\Users\goku\Documents\NFL_ML_Predictions\backend\data\game_features.csv with 2748 rows and 186 columns
2025-11-20 03:14:22,039 [INFO] api - Startup status: {'dataset': {'status': 'ok'}, 'models': False}
2025-11-20 03:14:47,517 [INFO] api - Shutting down NFL prediction API
2025-11-20 03:14:49,196 [INFO] api - Starting up NFL prediction API
2025-11-20 03:14:49,298 [INFO] data - Loaded dataset from C:\Users\goku\Documents\NFL_ML_Predictions\backend\data\game_features.csv with 2748 rows and 186 columns
2025-11-20 03:14:49,299 [INFO] api - Startup status: {'dataset': {'status': 'ok'}, 'models': False}
2025-11-20 03:14:54,601 [INFO] api - Shutting down NFL prediction API
2025-11-20 03:14:56,280 [INFO] api - Starting up NFL prediction API
2025-11-20 03:14:56,361 [INFO] data - Loaded dataset from C:\Users\goku\Documents\NFL_ML_Predictions\backend\data\game_features.csv with 2748 rows and 186 columns
2025-11-20 03:14:56,361 [INFO] api - Startup status: {'dataset': {'status': 'ok'}, 'models': False}
2025-11-20 03:14:56,362 [INFO] api - Shutting down NFL prediction API
2025-11-20 03:14:58,056 [INFO] api - Starting up NFL prediction API
2025-11-20 03:14:58,146 [INFO] data - Loaded dataset from C:\Users\goku\Documents\NFL_ML_Predictions\backend\data\game_features.csv with 2748 rows and 186 columns
2025-11-20 03:14:58,147 [INFO] api - Startup status: {'dataset': {'status': 'ok'}, 'models': False}
2025-11-20 03:17:31,047 [INFO] api - Shutting down NFL prediction API
2025-11-20 03:17:32,724 [INFO] api - Starting up NFL prediction API
2025-11-20 03:17:32,815 [INFO] data - Loaded dataset from C:\Users\goku\Documents\NFL_ML_Predictions\backend\data\game_features.csv with 2748 rows and 186 columns
2025-11-20 03:17:32,815 [INFO] api - Startup status: {'dataset': {'status': 'ok'}, 'models': False}
2025-11-20 03:17:39,810 [INFO] api - Shutting down NFL prediction API
2025-11-20 03:17:41,411 [INFO] api - Starting up NFL prediction API
2025-11-20 03:17:41,486 [INFO] data - Loaded dataset from C:\Users\goku\Documents\NFL_ML_Predictions\backend\data\game_features.csv with 2748 rows and 186 columns
2025-11-20 03:17:41,487 [DEBUG] models - Loading model artifact from C:\Users\goku\Documents\NFL_ML_Predictions\backend\models\home_model.joblib
2025-11-20 03:17:42,874 [DEBUG] models - Loading model artifact from C:\Users\goku\Documents\NFL_ML_Predictions\backend\models\away_model.joblib
2025-11-20 03:17:42,921 [DEBUG] models - Loading model artifact from C:\Users\goku\Documents\NFL_ML_Predictions\backend\models\win_clf_calibrated.joblib
2025-11-20 03:17:42,926 [DEBUG] models - Loading model artifact from C:\Users\goku\Documents\NFL_ML_Predictions\backend\models\preprocessor.joblib
2025-11-20 03:17:42,927 [INFO] models - Loaded models from C:\Users\goku\Documents\NFL_ML_Predictions\backend\models
2025-11-20 03:17:42,928 [INFO] api - Startup status: {'dataset': {'status': 'ok'}, 'models': {'status': 'ok', 'models_dir': 'C:\\Users\\goku\\Documents\\NFL_ML_Predictions\\backend\\models'}}
2025-11-20 03:17:47,149 [INFO] api - Shutting down NFL prediction API
2025-11-20 03:17:48,852 [INFO] api - Starting up NFL prediction API
2025-11-20 03:17:48,927 [INFO] data - Loaded dataset from C:\Users\goku\Documents\NFL_ML_Predictions\backend\data\game_features.csv with 2748 rows and 186 columns
2025-11-20 03:17:48,927 [DEBUG] models - Loading model artifact from C:\Users\goku\Documents\NFL_ML_Predictions\backend\models\home_model.joblib
2025-11-20 03:17:50,270 [DEBUG] models - Loading model artifact from C:\Users\goku\Documents\NFL_ML_Predictions\backend\models\away_model.joblib
2025-11-20 03:17:50,320 [DEBUG] models - Loading model artifact from C:\Users\goku\Documents\NFL_ML_Predictions\backend\models\win_clf_calibrated.joblib
2025-11-20 03:17:50,325 [DEBUG] models - Loading model artifact from C:\Users\goku\Documents\NFL_ML_Predictions\backend\models\preprocessor.joblib
2025-11-20 03:17:50,327 [INFO] models - Loaded models from C:\Users\goku\Documents\NFL_ML_Predictions\backend\models
2025-11-20 03:17:50,327 [INFO] api - Startup status: {'dataset': {'status': 'ok'}, 'models': {'status': 'ok', 'models_dir': 'C:\\Users\\goku\\Documents\\NFL_ML_Predictions\\backend\\models'}}
2025-11-20 03:25:07,785 [INFO] api - Shutting down NFL prediction API
2025-11-20 03:25:09,559 [INFO] api - Starting up NFL prediction API
2025-11-20 03:25:09,649 [INFO] data - Loaded dataset from C:\Users\goku\Documents\NFL_ML_Predictions\backend\data\game_features.csv with 2748 rows and 186 columns
2025-11-20 03:25:09,650 [DEBUG] models - Loading model artifact from C:\Users\goku\Documents\NFL_ML_Predictions\backend\models\home_model.joblib
2025-11-20 03:25:11,089 [DEBUG] models - Loading model artifact from C:\Users\goku\Documents\NFL_ML_Predictions\backend\models\away_model.joblib
2025-11-20 03:25:11,136 [DEBUG] models - Loading model artifact from C:\Users\goku\Documents\NFL_ML_Predictions\backend\models\win_clf_calibrated.joblib
2025-11-20 03:25:11,142 [DEBUG] models - Loading model artifact from C:\Users\goku\Documents\NFL_ML_Predictions\backend\models\preprocessor.joblib
2025-11-20 03:25:11,143 [INFO] models - Loaded models from C:\Users\goku\Documents\NFL_ML_Predictions\backend\models
2025-11-20 03:25:11,144 [INFO] api - Startup status: {'dataset': {'status': 'ok'}, 'models': {'status': 'ok', 'models_dir': 'C:\\Users\\goku\\Documents\\NFL_ML_Predictions\\backend\\models'}}
2025-11-20 03:25:14,604 [INFO] api - Shutting down NFL prediction API
2025-11-20 03:25:16,307 [INFO] api - Starting up NFL prediction API
2025-11-20 03:25:16,379 [INFO] data - Loaded dataset from C:\Users\goku\Documents\NFL_ML_Predictions\backend\data\game_features.csv with 2748 rows and 186 columns
2025-11-20 03:25:16,380 [DEBUG] models - Loading model artifact from C:\Users\goku\Documents\NFL_ML_Predictions\backend\models\home_model.joblib
2025-11-20 03:25:17,734 [DEBUG] models - Loading model artifact from C:\Users\goku\Documents\NFL_ML_Predictions\backend\models\away_model.joblib
2025-11-20 03:25:17,780 [DEBUG] models - Loading model artifact from C:\Users\goku\Documents\NFL_ML_Predictions\backend\models\win_clf_calibrated.joblib
2025-11-20 03:25:17,785 [DEBUG] models - Loading model artifact from C:\Users\goku\Documents\NFL_ML_Predictions\backend\models\preprocessor.joblib
2025-11-20 03:25:17,786 [INFO] models - Loaded models from C:\Users\goku\Documents\NFL_ML_Predictions\backend\models
2025-11-20 03:25:17,787 [INFO] api - Startup status: {'dataset': {'status': 'ok'}, 'models': {'status': 'ok', 'models_dir': 'C:\\Users\\goku\\Documents\\NFL_ML_Predictions\\backend\\models'}}
2025-11-20 03:26:44,669 [INFO] api - Shutting down NFL prediction API
2025-11-20 03:26:46,448 [INFO] api - Starting up NFL prediction API
2025-11-20 03:26:46,568 [INFO] data - Loaded dataset from C:\Users\goku\Documents\NFL_ML_Predictions\backend\data\game_features.csv with 2748 rows and 186 columns
2025-11-20 03:26:46,568 [DEBUG] models - Loading model artifact from C:\Users\goku\Documents\NFL_ML_Predictions\backend\models\home_model.joblib
2025-11-20 03:26:47,972 [DEBUG] models - Loading model artifact from C:\Users\goku\Documents\NFL_ML_Predictions\backend\models\away_model.joblib
2025-11-20 03:26:48,018 [DEBUG] models - Loading model artifact from C:\Users\goku\Documents\NFL_ML_Predictions\backend\models\win_clf_calibrated.joblib
2025-11-20 03:26:48,023 [DEBUG] models - Loading model artifact from C:\Users\goku\Documents\NFL_ML_Predictions\backend\models\preprocessor.joblib
2025-11-20 03:26:48,024 [INFO] models - Loaded models from C:\Users\goku\Documents\NFL_ML_Predictions\backend\models
2025-11-20 03:26:48,024 [INFO] api - Startup status: {'dataset': {'status': 'ok'}, 'models': {'status': 'ok', 'models_dir': 'C:\\Users\\goku\\Documents\\NFL_ML_Predictions\\backend\\models'}}
2025-11-20 03:28:37,404 [INFO] api - Shutting down NFL prediction API
2025-11-20 03:28:39,127 [INFO] api - Starting up NFL prediction API
2025-11-20 03:28:39,213 [INFO] data - Loaded dataset from C:\Users\goku\Documents\NFL_ML_Predictions\backend\data\game_features.csv with 2748 rows and 186 columns
2025-11-20 03:28:39,214 [DEBUG] models - Loading model artifact from C:\Users\goku\Documents\NFL_ML_Predictions\backend\models\home_model.joblib
2025-11-20 03:28:40,734 [DEBUG] models - Loading model artifact from C:\Users\goku\Documents\NFL_ML_Predictions\backend\models\away_model.joblib
2025-11-20 03:28:40,791 [DEBUG] models - Loading model artifact from C:\Users\goku\Documents\NFL_ML_Predictions\backend\models\win_clf_calibrated.joblib
2025-11-20 03:28:40,797 [DEBUG] models - Loading model artifact from C:\Users\goku\Documents\NFL_ML_Predictions\backend\models\preprocessor.joblib
2025-11-20 03:28:40,798 [INFO] models - Loaded models from C:\Users\goku\Documents\NFL_ML_Predictions\backend\models
2025-11-20 03:28:40,799 [INFO] api - Startup status: {'dataset': {'status': 'ok'}, 'models': {'status': 'ok', 'models_dir': 'C:\\Users\\goku\\Documents\\NFL_ML_Predictions\\backend\\models'}}
2025-11-20 04:13:41,884 [INFO] api - Shutting down NFL prediction API
2025-11-20 04:13:44,255 INFO api Configuring CORS; restrict=True, allowed_origins=['https://nfl-ml-predictions.vercel.app', 'nfl-predict-christopher-jordons-projects.vercel.app', 'https://nfl-predict-git-main-christopher-jordons-projects.vercel.app', 'http://localhost:3000'], allow_origin_regex=https://.*/.vercel/.app$
2025-11-20 04:13:44,266 INFO api 🚀 Starting NFL Prediction API
2025-11-20 04:13:44,343 INFO root Dataset loaded successfully: 2748 rows, 186 columns
2025-11-20 04:13:45,655 INFO root ✓ Loaded home_pipe from home_model.joblib
2025-11-20 04:13:45,702 INFO root ✓ Loaded away_pipe from away_model.joblib
2025-11-20 04:13:45,708 INFO root ✓ Loaded win_pipe from win_clf_calibrated.joblib
2025-11-20 04:13:45,708 INFO models Loaded metadata from C:\Users\goku\Documents\NFL_ML_Predictions\backend\models\metadata.json
2025-11-20 04:13:45,709 INFO root Model coherence validation passed
2025-11-20 04:13:45,709 INFO root Model loading completed: {'status': 'success', 'loaded': ['home_pipe', 'away_pipe', 'win_pipe', 'metadata', 'feature_columns']}
2025-11-20 04:13:45,710 INFO history No prediction_history.json found; starting with empty history.
2025-11-20 04:13:45,710 INFO api Application initialized: {'dataset': 'loaded', 'models': {'status': 'success', 'loaded': ['home_pipe', 'away_pipe', 'win_pipe', 'metadata', 'feature_columns']}, 'history': 'loaded 0 entries'}
2025-11-20 04:14:49,354 DEBUG api Using schedule path: C:\Users\goku\Documents\NFL_ML_Predictions\backend\Nfl_schedule_2025.csv
2025-11-20 04:14:49,411 INFO venv 2025-11-20 12:14:49.411696+00:00
2025-11-20 04:14:49,794 DEBUG api Using schedule path: C:\Users\goku\Documents\NFL_ML_Predictions\backend\Nfl_schedule_2025.csv
2025-11-20 04:14:49,841 INFO venv 2025-11-20 12:14:49.841256+00:00
2025-11-20 04:14:50,495 DEBUG api Using schedule path: C:\Users\goku\Documents\NFL_ML_Predictions\backend\Nfl_schedule_2025.csv
2025-11-20 04:14:50,570 INFO venv 2025-11-20 12:14:50.570873+00:00
2025-11-20 04:15:22,037 DEBUG api Using schedule path: C:\Users\goku\Documents\NFL_ML_Predictions\backend\Nfl_schedule_2025.csv
2025-11-20 04:15:22,102 INFO venv 2025-11-20 12:15:22.102691+00:00
2025-11-20 04:15:22,444 DEBUG api Using schedule path: C:\Users\goku\Documents\NFL_ML_Predictions\backend\Nfl_schedule_2025.csv
2025-11-20 04:15:22,491 INFO venv 2025-11-20 12:15:22.491021+00:00
2025-11-20 04:15:23,195 DEBUG api Using schedule path: C:\Users\goku\Documents\NFL_ML_Predictions\backend\Nfl_schedule_2025.csv
2025-11-20 04:15:23,240 INFO venv 2025-11-20 12:15:23.240878+00:00
2025-11-20 04:19:05,605 DEBUG api Using schedule path: C:\Users\goku\Documents\NFL_ML_Predictions\backend\Nfl_schedule_2025.csv
2025-11-20 04:19:05,666 INFO venv 2025-11-20 12:19:05.666084+00:00
2025-11-20 04:19:05,808 DEBUG api Using schedule path: C:\Users\goku\Documents\NFL_ML_Predictions\backend\Nfl_schedule_2025.csv
2025-11-20 04:19:05,870 INFO venv 2025-11-20 12:19:05.870544+00:00
2025-11-20 04:19:06,600 DEBUG api Using schedule path: C:\Users\goku\Documents\NFL_ML_Predictions\backend\Nfl_schedule_2025.csv
2025-11-20 04:19:06,645 INFO venv 2025-11-20 12:19:06.645918+00:00
2025-11-20 04:19:07,623 DEBUG api Using schedule path: C:\Users\goku\Documents\NFL_ML_Predictions\backend\Nfl_schedule_2025.csv
2025-11-20 04:19:07,682 INFO venv 2025-11-20 12:19:07.681977+00:00
2025-11-20 04:19:07,865 DEBUG api Using schedule path: C:\Users\goku\Documents\NFL_ML_Predictions\backend\Nfl_schedule_2025.csv
2025-11-20 04:19:07,926 INFO venv 2025-11-20 12:19:07.926274+00:00
2025-11-20 04:19:08,601 DEBUG api Using schedule path: C:\Users\goku\Documents\NFL_ML_Predictions\backend\Nfl_schedule_2025.csv
2025-11-20 04:19:08,645 INFO venv 2025-11-20 12:19:08.645281+00:00
2025-11-20 04:19:09,600 DEBUG api Using schedule path: C:\Users\goku\Documents\NFL_ML_Predictions\backend\Nfl_schedule_2025.csv
2025-11-20 04:19:09,646 INFO venv 2025-11-20 12:19:09.646449+00:00
2025-11-20 04:19:10,603 DEBUG api Using schedule path: C:\Users\goku\Documents\NFL_ML_Predictions\backend\Nfl_schedule_2025.csv
2025-11-20 04:19:10,665 INFO venv 2025-11-20 12:19:10.665290+00:00
2025-11-20 04:19:10,734 DEBUG api Using schedule path: C:\Users\goku\Documents\NFL_ML_Predictions\backend\Nfl_schedule_2025.csv
2025-11-20 04:19:10,793 INFO venv 2025-11-20 12:19:10.793916+00:00
2025-11-20 04:19:11,611 DEBUG api Using schedule path: C:\Users\goku\Documents\NFL_ML_Predictions\backend\Nfl_schedule_2025.csv
2025-11-20 04:19:11,657 INFO venv 2025-11-20 12:19:11.657184+00:00
2025-11-20 04:19:12,600 DEBUG api Using schedule path: C:\Users\goku\Documents\NFL_ML_Predictions\backend\Nfl_schedule_2025.csv
2025-11-20 04:19:12,646 INFO venv 2025-11-20 12:19:12.646418+00:00
2025-11-20 04:19:19,613 DEBUG api Using schedule path: C:\Users\goku\Documents\NFL_ML_Predictions\backend\Nfl_schedule_2025.csv
2025-11-20 04:19:19,682 INFO venv 2025-11-20 12:19:19.682771+00:00
2025-11-20 04:19:19,754 DEBUG api Using schedule path: C:\Users\goku\Documents\NFL_ML_Predictions\backend\Nfl_schedule_2025.csv
2025-11-20 04:19:19,841 INFO venv 2025-11-20 12:19:19.840988+00:00
2025-11-20 04:19:20,599 DEBUG api Using schedule path: C:\Users\goku\Documents\NFL_ML_Predictions\backend\Nfl_schedule_2025.csv
2025-11-20 04:19:20,649 INFO venv 2025-11-20 12:19:20.649816+00:00
2025-11-20 04:19:21,608 DEBUG api Using schedule path: C:\Users\goku\Documents\NFL_ML_Predictions\backend\Nfl_schedule_2025.csv
2025-11-20 04:19:21,665 INFO venv 2025-11-20 12:19:21.665907+00:00
2025-11-20 04:19:21,763 DEBUG api Using schedule path: C:\Users\goku\Documents\NFL_ML_Predictions\backend\Nfl_schedule_2025.csv
2025-11-20 04:19:21,824 INFO venv 2025-11-20 12:19:21.824195+00:00
2025-11-20 04:19:22,611 DEBUG api Using schedule path: C:\Users\goku\Documents\NFL_ML_Predictions\backend\Nfl_schedule_2025.csv
2025-11-20 04:19:22,657 INFO venv 2025-11-20 12:19:22.657166+00:00
2025-11-20 04:19:23,605 DEBUG api Using schedule path: C:\Users\goku\Documents\NFL_ML_Predictions\backend\Nfl_schedule_2025.csv
2025-11-20 04:19:23,671 INFO venv 2025-11-20 12:19:23.671072+00:00
2025-11-20 04:19:23,759 DEBUG api Using schedule path: C:\Users\goku\Documents\NFL_ML_Predictions\backend\Nfl_schedule_2025.csv
2025-11-20 04:19:23,827 INFO venv 2025-11-20 12:19:23.827525+00:00
2025-11-20 04:19:24,607 DEBUG api Using schedule path: C:\Users\goku\Documents\NFL_ML_Predictions\backend\Nfl_schedule_2025.csv
2025-11-20 04:19:24,668 INFO venv 2025-11-20 12:19:24.668669+00:00
2025-11-20 04:19:24,752 DEBUG api Using schedule path: C:\Users\goku\Documents\NFL_ML_Predictions\backend\Nfl_schedule_2025.csv
2025-11-20 04:19:24,814 INFO venv 2025-11-20 12:19:24.814185+00:00
2025-11-20 04:19:25,612 DEBUG api Using schedule path: C:\Users\goku\Documents\NFL_ML_Predictions\backend\Nfl_schedule_2025.csv
2025-11-20 04:19:25,657 INFO venv 2025-11-20 12:19:25.657066+00:00
2025-11-20 04:19:26,614 DEBUG api Using schedule path: C:\Users\goku\Documents\NFL_ML_Predictions\backend\Nfl_schedule_2025.csv
2025-11-20 04:19:26,660 INFO venv 2025-11-20 12:19:26.660643+00:00
2025-11-20 04:19:34,604 DEBUG api Using schedule path: C:\Users\goku\Documents\NFL_ML_Predictions\backend\Nfl_schedule_2025.csv
2025-11-20 04:19:34,657 INFO venv 2025-11-20 12:19:34.656969+00:00
2025-11-20 04:19:34,751 DEBUG api Using schedule path: C:\Users\goku\Documents\NFL_ML_Predictions\backend\Nfl_schedule_2025.csv
2025-11-20 04:19:34,809 INFO venv 2025-11-20 12:19:34.809755+00:00
2025-11-20 04:19:35,612 DEBUG api Using schedule path: C:\Users\goku\Documents\NFL_ML_Predictions\backend\Nfl_schedule_2025.csv
2025-11-20 04:19:35,662 INFO venv 2025-11-20 12:19:35.662005+00:00
2025-11-20 04:19:36,614 DEBUG api Using schedule path: C:\Users\goku\Documents\NFL_ML_Predictions\backend\Nfl_schedule_2025.csv
2025-11-20 04:19:36,659 INFO venv 2025-11-20 12:19:36.659485+00:00
2025-11-20 04:19:51,608 DEBUG api Using schedule path: C:\Users\goku\Documents\NFL_ML_Predictions\backend\Nfl_schedule_2025.csv
2025-11-20 04:19:51,675 INFO venv 2025-11-20 12:19:51.675053+00:00
2025-11-20 04:19:51,743 DEBUG api Using schedule path: C:\Users\goku\Documents\NFL_ML_Predictions\backend\Nfl_schedule_2025.csv
2025-11-20 04:19:51,811 INFO venv 2025-11-20 12:19:51.811311+00:00
2025-11-20 04:19:52,608 DEBUG api Using schedule path: C:\Users\goku\Documents\NFL_ML_Predictions\backend\Nfl_schedule_2025.csv
2025-11-20 04:19:52,655 INFO venv 2025-11-20 12:19:52.655528+00:00
2025-11-20 04:19:53,606 DEBUG api Using schedule path: C:\Users\goku\Documents\NFL_ML_Predictions\backend\Nfl_schedule_2025.csv
2025-11-20 04:19:53,655 INFO venv 2025-11-20 12:19:53.655140+00:00
2025-11-20 04:19:56,757 DEBUG api Using schedule path: C:\Users\goku\Documents\NFL_ML_Predictions\backend\Nfl_schedule_2025.csv
2025-11-20 04:19:56,823 INFO venv 2025-11-20 12:19:56.823486+00:00
2025-11-20 04:19:57,173 DEBUG api Using schedule path: C:\Users\goku\Documents\NFL_ML_Predictions\backend\Nfl_schedule_2025.csv
2025-11-20 04:19:57,225 INFO venv 2025-11-20 12:19:57.225748+00:00
2025-11-20 04:19:57,974 DEBUG api Using schedule path: C:\Users\goku\Documents\NFL_ML_Predictions\backend\Nfl_schedule_2025.csv
2025-11-20 04:19:58,018 INFO venv 2025-11-20 12:19:58.018831+00:00
2025-11-20 04:22:30,812 DEBUG api Using schedule path: C:\Users\goku\Documents\NFL_ML_Predictions\backend\Nfl_schedule_2025.csv
2025-11-20 04:22:30,875 INFO venv 2025-11-20 12:22:30.875519+00:00
2025-11-20 04:22:31,608 DEBUG api Using schedule path: C:\Users\goku\Documents\NFL_ML_Predictions\backend\Nfl_schedule_2025.csv
2025-11-20 04:22:31,653 INFO venv 2025-11-20 12:22:31.653787+00:00
2025-11-20 04:22:32,602 DEBUG api Using schedule path: C:\Users\goku\Documents\NFL_ML_Predictions\backend\Nfl_schedule_2025.csv
2025-11-20 04:22:32,648 INFO venv 2025-11-20 12:22:32.648226+00:00
2025-11-20 04:24:57,820 INFO api 🛑 Application shutdown complete
2025-11-20 10:50:42,597 INFO api Configuring CORS; restrict=True, allowed_origins=['https://nfl-ml-predictions.vercel.app', 'nfl-predict-christopher-jordons-projects.vercel.app', 'https://nfl-predict-git-main-christopher-jordons-projects.vercel.app', 'http://localhost:3000'], allow_origin_regex=https://.*/.vercel/.app$
2025-11-20 10:50:42,613 INFO api 🚀 Starting NFL Prediction API
2025-11-20 10:50:42,716 INFO root Dataset loaded successfully: 2748 rows, 186 columns
2025-11-20 10:50:50,062 INFO root ✓ Loaded home_pipe from home_model.joblib
2025-11-20 10:50:50,120 INFO root ✓ Loaded away_pipe from away_model.joblib
2025-11-20 10:50:50,137 INFO root ✓ Loaded win_pipe from win_clf_calibrated.joblib
2025-11-20 10:50:50,147 INFO models Loaded metadata from C:\Users\goku\Documents\NFL_ML_Predictions\backend\models\metadata.json
2025-11-20 10:50:50,148 INFO root Model coherence validation passed
2025-11-20 10:50:50,148 INFO root Model loading completed: {'status': 'success', 'loaded': ['home_pipe', 'away_pipe', 'win_pipe', 'metadata', 'feature_columns']}
2025-11-20 10:50:50,148 INFO history No prediction_history.json found; starting with empty history.
2025-11-20 10:50:50,149 INFO api Application initialized: {'dataset': 'loaded', 'models': {'status': 'success', 'loaded': ['home_pipe', 'away_pipe', 'win_pipe', 'metadata', 'feature_columns']}, 'history': 'loaded 0 entries'}
2025-11-20 10:51:36,889 INFO api 🛑 Application shutdown complete
2025-11-20 10:51:38,902 INFO api Configuring CORS; restrict=True, allowed_origins=['https://nfl-ml-predictions.vercel.app', 'nfl-predict-christopher-jordons-projects.vercel.app', 'https://nfl-predict-git-main-christopher-jordons-projects.vercel.app', 'http://localhost:3000'], allow_origin_regex=https://.*/.vercel/.app$
2025-11-20 10:51:38,926 INFO api 🚀 Starting NFL Prediction API
2025-11-20 10:51:39,034 INFO root Dataset loaded successfully: 2748 rows, 186 columns
2025-11-20 10:51:40,670 INFO root ✓ Loaded home_pipe from home_model.joblib
2025-11-20 10:51:40,720 INFO root ✓ Loaded away_pipe from away_model.joblib
2025-11-20 10:51:40,726 INFO root ✓ Loaded win_pipe from win_clf_calibrated.joblib
2025-11-20 10:51:40,727 INFO models Loaded metadata from C:\Users\goku\Documents\NFL_ML_Predictions\backend\models\metadata.json
2025-11-20 10:51:40,727 INFO root Model coherence validation passed
2025-11-20 10:51:40,727 INFO root Model loading completed: {'status': 'success', 'loaded': ['home_pipe', 'away_pipe', 'win_pipe', 'metadata', 'feature_columns']}
2025-11-20 10:51:40,728 INFO history No prediction_history.json found; starting with empty history.
2025-11-20 10:51:40,728 INFO api Application initialized: {'dataset': 'loaded', 'models': {'status': 'success', 'loaded': ['home_pipe', 'away_pipe', 'win_pipe', 'metadata', 'feature_columns']}, 'history': 'loaded 0 entries'}
2025-11-20 10:53:12,982 INFO api 🛑 Application shutdown complete
2025-11-20 10:53:14,913 INFO api Configuring CORS; restrict=True, allowed_origins=['https://nfl-ml-predictions.vercel.app', 'nfl-predict-christopher-jordons-projects.vercel.app', 'https://nfl-predict-git-main-christopher-jordons-projects.vercel.app', 'http://localhost:3000'], allow_origin_regex=https://.*/.vercel/.app$
2025-11-20 10:53:14,926 INFO api 🚀 Starting NFL Prediction API
2025-11-20 10:53:15,011 INFO root Dataset loaded successfully: 2748 rows, 186 columns
2025-11-20 10:53:16,552 INFO root ✓ Loaded home_pipe from home_model.joblib
2025-11-20 10:53:16,602 INFO root ✓ Loaded away_pipe from away_model.joblib
2025-11-20 10:53:16,608 INFO root ✓ Loaded win_pipe from win_clf_calibrated.joblib
2025-11-20 10:53:16,609 INFO models Loaded metadata from C:\Users\goku\Documents\NFL_ML_Predictions\backend\models\metadata.json
2025-11-20 10:53:16,609 INFO root Model coherence validation passed
2025-11-20 10:53:16,610 INFO root Model loading completed: {'status': 'success', 'loaded': ['home_pipe', 'away_pipe', 'win_pipe', 'metadata', 'feature_columns']}
2025-11-20 10:53:16,610 INFO history No prediction_history.json found; starting with empty history.
2025-11-20 10:53:16,610 INFO api Application initialized: {'dataset': 'loaded', 'models': {'status': 'success', 'loaded': ['home_pipe', 'away_pipe', 'win_pipe', 'metadata', 'feature_columns']}, 'history': 'loaded 0 entries'}
2025-11-20 10:54:00,172 INFO api 🛑 Application shutdown complete
2025-11-20 10:54:02,084 INFO api Configuring CORS; restrict=True, allowed_origins=['https://nfl-ml-predictions.vercel.app', 'nfl-predict-christopher-jordons-projects.vercel.app', 'https://nfl-predict-git-main-christopher-jordons-projects.vercel.app', 'http://localhost:3000'], allow_origin_regex=https://.*/.vercel/.app$
2025-11-20 10:54:02,096 INFO api 🚀 Starting NFL Prediction API
2025-11-20 10:54:02,181 INFO root Dataset loaded successfully: 2748 rows, 186 columns
2025-11-20 10:54:03,737 INFO root ✓ Loaded home_pipe from home_model.joblib
2025-11-20 10:54:03,788 INFO root ✓ Loaded away_pipe from away_model.joblib
2025-11-20 10:54:03,794 INFO root ✓ Loaded win_pipe from win_clf_calibrated.joblib
2025-11-20 10:54:03,795 INFO models Loaded metadata from C:\Users\goku\Documents\NFL_ML_Predictions\backend\models\metadata.json
2025-11-20 10:54:03,795 INFO root Model coherence validation passed
2025-11-20 10:54:03,796 INFO root Model loading completed: {'status': 'success', 'loaded': ['home_pipe', 'away_pipe', 'win_pipe', 'metadata', 'feature_columns']}
2025-11-20 10:54:03,796 INFO history No prediction_history.json found; starting with empty history.
2025-11-20 10:54:03,796 INFO api Application initialized: {'dataset': 'loaded', 'models': {'status': 'success', 'loaded': ['home_pipe', 'away_pipe', 'win_pipe', 'metadata', 'feature_columns']}, 'history': 'loaded 0 entries'}
2025-11-20 10:54:03,798 INFO api 🛑 Application shutdown complete
2025-11-20 10:54:05,797 INFO api Configuring CORS; restrict=True, allowed_origins=['https://nfl-ml-predictions.vercel.app', 'nfl-predict-christopher-jordons-projects.vercel.app', 'https://nfl-predict-git-main-christopher-jordons-projects.vercel.app', 'http://localhost:3000'], allow_origin_regex=https://.*/.vercel/.app$
2025-11-20 10:54:05,809 INFO api 🚀 Starting NFL Prediction API
2025-11-20 10:54:05,892 INFO root Dataset loaded successfully: 2748 rows, 186 columns
2025-11-20 10:54:07,355 INFO root ✓ Loaded home_pipe from home_model.joblib
2025-11-20 10:54:07,405 INFO root ✓ Loaded away_pipe from away_model.joblib
2025-11-20 10:54:07,411 INFO root ✓ Loaded win_pipe from win_clf_calibrated.joblib
2025-11-20 10:54:07,412 INFO models Loaded metadata from C:\Users\goku\Documents\NFL_ML_Predictions\backend\models\metadata.json
2025-11-20 10:54:07,412 INFO root Model coherence validation passed
2025-11-20 10:54:07,412 INFO root Model loading completed: {'status': 'success', 'loaded': ['home_pipe', 'away_pipe', 'win_pipe', 'metadata', 'feature_columns']}
2025-11-20 10:54:07,413 INFO history No prediction_history.json found; starting with empty history.
2025-11-20 10:54:07,413 INFO api Application initialized: {'dataset': 'loaded', 'models': {'status': 'success', 'loaded': ['home_pipe', 'away_pipe', 'win_pipe', 'metadata', 'feature_columns']}, 'history': 'loaded 0 entries'}
2025-11-20 10:54:07,414 INFO api 🛑 Application shutdown complete
2025-11-20 10:54:09,288 INFO api Configuring CORS; restrict=True, allowed_origins=['https://nfl-ml-predictions.vercel.app', 'nfl-predict-christopher-jordons-projects.vercel.app', 'https://nfl-predict-git-main-christopher-jordons-projects.vercel.app', 'http://localhost:3000'], allow_origin_regex=https://.*/.vercel/.app$
2025-11-20 10:54:09,299 INFO api 🚀 Starting NFL Prediction API
2025-11-20 10:54:09,393 INFO root Dataset loaded successfully: 2748 rows, 186 columns
2025-11-20 10:54:10,794 INFO root ✓ Loaded home_pipe from home_model.joblib
2025-11-20 10:54:10,843 INFO root ✓ Loaded away_pipe from away_model.joblib
2025-11-20 10:54:10,849 INFO root ✓ Loaded win_pipe from win_clf_calibrated.joblib
2025-11-20 10:54:10,850 INFO models Loaded metadata from C:\Users\goku\Documents\NFL_ML_Predictions\backend\models\metadata.json
2025-11-20 10:54:10,851 INFO root Model coherence validation passed
2025-11-20 10:54:10,851 INFO root Model loading completed: {'status': 'success', 'loaded': ['home_pipe', 'away_pipe', 'win_pipe', 'metadata', 'feature_columns']}
2025-11-20 10:54:10,851 INFO history No prediction_history.json found; starting with empty history.
2025-11-20 10:54:10,852 INFO api Application initialized: {'dataset': 'loaded', 'models': {'status': 'success', 'loaded': ['home_pipe', 'away_pipe', 'win_pipe', 'metadata', 'feature_columns']}, 'history': 'loaded 0 entries'}
2025-11-20 10:54:12,331 INFO api 🛑 Application shutdown complete
2025-11-20 10:54:14,289 INFO api Configuring CORS; restrict=True, allowed_origins=['https://nfl-ml-predictions.vercel.app', 'nfl-predict-christopher-jordons-projects.vercel.app', 'https://nfl-predict-git-main-christopher-jordons-projects.vercel.app', 'http://localhost:3000'], allow_origin_regex=https://.*/.vercel/.app$
2025-11-20 10:54:14,300 INFO api 🚀 Starting NFL Prediction API
2025-11-20 10:54:14,380 INFO root Dataset loaded successfully: 2748 rows, 186 columns
2025-11-20 10:54:15,852 INFO root ✓ Loaded home_pipe from home_model.joblib
2025-11-20 10:54:15,903 INFO root ✓ Loaded away_pipe from away_model.joblib
2025-11-20 10:54:15,909 INFO root ✓ Loaded win_pipe from win_clf_calibrated.joblib
2025-11-20 10:54:15,910 INFO models Loaded metadata from C:\Users\goku\Documents\NFL_ML_Predictions\backend\models\metadata.json
2025-11-20 10:54:15,910 INFO root Model coherence validation passed
2025-11-20 10:54:15,911 INFO root Model loading completed: {'status': 'success', 'loaded': ['home_pipe', 'away_pipe', 'win_pipe', 'metadata', 'feature_columns']}
2025-11-20 10:54:15,911 INFO history No prediction_history.json found; starting with empty history.
2025-11-20 10:54:15,911 INFO api Application initialized: {'dataset': 'loaded', 'models': {'status': 'success', 'loaded': ['home_pipe', 'away_pipe', 'win_pipe', 'metadata', 'feature_columns']}, 'history': 'loaded 0 entries'}
2025-11-20 10:54:15,912 INFO api 🛑 Application shutdown complete
2025-11-20 10:54:19,499 INFO api Configuring CORS; restrict=True, allowed_origins=['https://nfl-ml-predictions.vercel.app', 'nfl-predict-christopher-jordons-projects.vercel.app', 'https://nfl-predict-git-main-christopher-jordons-projects.vercel.app', 'http://localhost:3000'], allow_origin_regex=https://.*/.vercel/.app$
2025-11-20 10:54:19,510 INFO api 🚀 Starting NFL Prediction API
2025-11-20 10:54:19,593 INFO root Dataset loaded successfully: 2748 rows, 186 columns
2025-11-20 10:54:21,077 INFO root ✓ Loaded home_pipe from home_model.joblib
2025-11-20 10:54:21,126 INFO root ✓ Loaded away_pipe from away_model.joblib
2025-11-20 10:54:21,132 INFO root ✓ Loaded win_pipe from win_clf_calibrated.joblib
2025-11-20 10:54:21,133 INFO models Loaded metadata from C:\Users\goku\Documents\NFL_ML_Predictions\backend\models\metadata.json
2025-11-20 10:54:21,133 INFO root Model coherence validation passed
2025-11-20 10:54:21,134 INFO root Model loading completed: {'status': 'success', 'loaded': ['home_pipe', 'away_pipe', 'win_pipe', 'metadata', 'feature_columns']}
2025-11-20 10:54:21,134 INFO history No prediction_history.json found; starting with empty history.
2025-11-20 10:54:21,134 INFO api Application initialized: {'dataset': 'loaded', 'models': {'status': 'success', 'loaded': ['home_pipe', 'away_pipe', 'win_pipe', 'metadata', 'feature_columns']}, 'history': 'loaded 0 entries'}
2025-11-20 10:54:27,378 INFO api 🛑 Application shutdown complete
2025-11-20 10:54:31,822 INFO api Configuring CORS; restrict=True, allowed_origins=['https://nfl-ml-predictions.vercel.app', 'nfl-predict-christopher-jordons-projects.vercel.app', 'https://nfl-predict-git-main-christopher-jordons-projects.vercel.app', 'http://localhost:3000'], allow_origin_regex=https://.*/.vercel/.app$
2025-11-20 10:54:31,834 INFO api 🚀 Starting NFL Prediction API
2025-11-20 10:54:31,935 INFO root Dataset loaded successfully: 2748 rows, 186 columns
2025-11-20 10:54:33,505 INFO root ✓ Loaded home_pipe from home_model.joblib
2025-11-20 10:54:33,562 INFO root ✓ Loaded away_pipe from away_model.joblib
2025-11-20 10:54:33,570 INFO root ✓ Loaded win_pipe from win_clf_calibrated.joblib
2025-11-20 10:54:33,571 INFO models Loaded metadata from C:\Users\goku\Documents\NFL_ML_Predictions\backend\models\metadata.json
2025-11-20 10:54:33,572 INFO root Model coherence validation passed
2025-11-20 10:54:33,572 INFO root Model loading completed: {'status': 'success', 'loaded': ['home_pipe', 'away_pipe', 'win_pipe', 'metadata', 'feature_columns']}
2025-11-20 10:54:33,573 INFO history No prediction_history.json found; starting with empty history.
2025-11-20 10:54:33,573 INFO api Application initialized: {'dataset': 'loaded', 'models': {'status': 'success', 'loaded': ['home_pipe', 'away_pipe', 'win_pipe', 'metadata', 'feature_columns']}, 'history': 'loaded 0 entries'}
2025-11-20 10:54:33,574 INFO api 🛑 Application shutdown complete
2025-11-20 10:54:35,867 INFO api Configuring CORS; restrict=True, allowed_origins=['https://nfl-ml-predictions.vercel.app', 'nfl-predict-christopher-jordons-projects.vercel.app', 'https://nfl-predict-git-main-christopher-jordons-projects.vercel.app', 'http://localhost:3000'], allow_origin_regex=https://.*/.vercel/.app$
2025-11-20 10:54:35,882 INFO api 🚀 Starting NFL Prediction API
2025-11-20 10:54:35,970 INFO root Dataset loaded successfully: 2748 rows, 186 columns
2025-11-20 10:54:37,519 INFO root ✓ Loaded home_pipe from home_model.joblib
2025-11-20 10:54:37,592 INFO root ✓ Loaded away_pipe from away_model.joblib
2025-11-20 10:54:37,602 INFO root ✓ Loaded win_pipe from win_clf_calibrated.joblib
2025-11-20 10:54:37,603 INFO models Loaded metadata from C:\Users\goku\Documents\NFL_ML_Predictions\backend\models\metadata.json
2025-11-20 10:54:37,604 INFO root Model coherence validation passed
2025-11-20 10:54:37,604 INFO root Model loading completed: {'status': 'success', 'loaded': ['home_pipe', 'away_pipe', 'win_pipe', 'metadata', 'feature_columns']}
2025-11-20 10:54:37,604 INFO history No prediction_history.json found; starting with empty history.
2025-11-20 10:54:37,605 INFO api Application initialized: {'dataset': 'loaded', 'models': {'status': 'success', 'loaded': ['home_pipe', 'away_pipe', 'win_pipe', 'metadata', 'feature_columns']}, 'history': 'loaded 0 entries'}
2025-11-20 10:54:37,606 INFO api 🛑 Application shutdown complete
2025-11-20 10:54:41,853 INFO api Configuring CORS; restrict=True, allowed_origins=['https://nfl-ml-predictions.vercel.app', 'nfl-predict-christopher-jordons-projects.vercel.app', 'https://nfl-predict-git-main-christopher-jordons-projects.vercel.app', 'http://localhost:3000'], allow_origin_regex=https://.*/.vercel/.app$
2025-11-20 10:54:41,864 INFO api 🚀 Starting NFL Prediction API
2025-11-20 10:54:41,948 INFO root Dataset loaded successfully: 2748 rows, 186 columns
2025-11-20 10:54:43,420 INFO root ✓ Loaded home_pipe from home_model.joblib
2025-11-20 10:54:43,470 INFO root ✓ Loaded away_pipe from away_model.joblib
2025-11-20 10:54:43,477 INFO root ✓ Loaded win_pipe from win_clf_calibrated.joblib
2025-11-20 10:54:43,477 INFO models Loaded metadata from C:\Users\goku\Documents\NFL_ML_Predictions\backend\models\metadata.json
2025-11-20 10:54:43,478 INFO root Model coherence validation passed
2025-11-20 10:54:43,478 INFO root Model loading completed: {'status': 'success', 'loaded': ['home_pipe', 'away_pipe', 'win_pipe', 'metadata', 'feature_columns']}
2025-11-20 10:54:43,479 INFO history No prediction_history.json found; starting with empty history.
2025-11-20 10:54:43,479 INFO api Application initialized: {'dataset': 'loaded', 'models': {'status': 'success', 'loaded': ['home_pipe', 'away_pipe', 'win_pipe', 'metadata', 'feature_columns']}, 'history': 'loaded 0 entries'}
2025-11-20 10:55:37,157 INFO api 🛑 Application shutdown complete
2025-11-20 10:55:39,251 INFO api Configuring CORS; restrict=True, allowed_origins=['https://nfl-ml-predictions.vercel.app', 'nfl-predict-christopher-jordons-projects.vercel.app', 'https://nfl-predict-git-main-christopher-jordons-projects.vercel.app', 'http://localhost:3000'], allow_origin_regex=https://.*/.vercel/.app$
2025-11-20 10:55:39,263 INFO api 🚀 Starting NFL Prediction API
2025-11-20 10:55:39,347 INFO root Dataset loaded successfully: 2748 rows, 186 columns
2025-11-20 10:55:40,932 INFO root ✓ Loaded home_pipe from home_model.joblib
2025-11-20 10:55:40,994 INFO root ✓ Loaded away_pipe from away_model.joblib
2025-11-20 10:55:41,000 INFO root ✓ Loaded win_pipe from win_clf_calibrated.joblib
2025-11-20 10:55:41,001 INFO models Loaded metadata from C:\Users\goku\Documents\NFL_ML_Predictions\backend\models\metadata.json
2025-11-20 10:55:41,002 INFO root Model coherence validation passed
2025-11-20 10:55:41,002 INFO root Model loading completed: {'status': 'success', 'loaded': ['home_pipe', 'away_pipe', 'win_pipe', 'metadata', 'feature_columns']}
2025-11-20 10:55:41,002 INFO history No prediction_history.json found; starting with empty history.
2025-11-20 10:55:41,003 INFO api Application initialized: {'dataset': 'loaded', 'models': {'status': 'success', 'loaded': ['home_pipe', 'away_pipe', 'win_pipe', 'metadata', 'feature_columns']}, 'history': 'loaded 0 entries'}
2025-11-20 10:55:41,004 INFO api 🛑 Application shutdown complete
2025-11-20 10:55:43,063 INFO api Configuring CORS; restrict=True, allowed_origins=['https://nfl-ml-predictions.vercel.app', 'nfl-predict-christopher-jordons-projects.vercel.app', 'https://nfl-predict-git-main-christopher-jordons-projects.vercel.app', 'http://localhost:3000'], allow_origin_regex=https://.*/.vercel/.app$
2025-11-20 10:55:43,074 INFO api 🚀 Starting NFL Prediction API
2025-11-20 10:55:43,156 INFO root Dataset loaded successfully: 2748 rows, 186 columns
2025-11-20 10:55:44,658 INFO root ✓ Loaded home_pipe from home_model.joblib
2025-11-20 10:55:44,707 INFO root ✓ Loaded away_pipe from away_model.joblib
2025-11-20 10:55:44,713 INFO root ✓ Loaded win_pipe from win_clf_calibrated.joblib
2025-11-20 10:55:44,714 INFO models Loaded metadata from C:\Users\goku\Documents\NFL_ML_Predictions\backend\models\metadata.json
2025-11-20 10:55:44,714 INFO root Model coherence validation passed
2025-11-20 10:55:44,714 INFO root Model loading completed: {'status': 'success', 'loaded': ['home_pipe', 'away_pipe', 'win_pipe', 'metadata', 'feature_columns']}
2025-11-20 10:55:44,715 INFO history No prediction_history.json found; starting with empty history.
2025-11-20 10:55:44,715 INFO api Application initialized: {'dataset': 'loaded', 'models': {'status': 'success', 'loaded': ['home_pipe', 'away_pipe', 'win_pipe', 'metadata', 'feature_columns']}, 'history': 'loaded 0 entries'}
2025-11-20 10:55:44,716 INFO api 🛑 Application shutdown complete
2025-11-20 10:55:46,622 INFO api Configuring CORS; restrict=True, allowed_origins=['https://nfl-ml-predictions.vercel.app', 'nfl-predict-christopher-jordons-projects.vercel.app', 'https://nfl-predict-git-main-christopher-jordons-projects.vercel.app', 'http://localhost:3000'], allow_origin_regex=https://.*/.vercel/.app$
2025-11-20 10:55:46,635 INFO api 🚀 Starting NFL Prediction API
2025-11-20 10:55:46,716 INFO root Dataset loaded successfully: 2748 rows, 186 columns
2025-11-20 10:55:48,233 INFO root ✓ Loaded home_pipe from home_model.joblib
2025-11-20 10:55:48,283 INFO root ✓ Loaded away_pipe from away_model.joblib
2025-11-20 10:55:48,289 INFO root ✓ Loaded win_pipe from win_clf_calibrated.joblib
2025-11-20 10:55:48,290 INFO models Loaded metadata from C:\Users\goku\Documents\NFL_ML_Predictions\backend\models\metadata.json
2025-11-20 10:55:48,291 INFO root Model coherence validation passed
2025-11-20 10:55:48,291 INFO root Model loading completed: {'status': 'success', 'loaded': ['home_pipe', 'away_pipe', 'win_pipe', 'metadata', 'feature_columns']}
2025-11-20 10:55:48,291 INFO history No prediction_history.json found; starting with empty history.
2025-11-20 10:55:48,292 INFO api Application initialized: {'dataset': 'loaded', 'models': {'status': 'success', 'loaded': ['home_pipe', 'away_pipe', 'win_pipe', 'metadata', 'feature_columns']}, 'history': 'loaded 0 entries'}
2025-11-20 10:55:50,242 INFO api 🛑 Application shutdown complete
2025-11-20 10:55:52,267 INFO api Configuring CORS; restrict=True, allowed_origins=['https://nfl-ml-predictions.vercel.app', 'nfl-predict-christopher-jordons-projects.vercel.app', 'https://nfl-predict-git-main-christopher-jordons-projects.vercel.app', 'http://localhost:3000'], allow_origin_regex=https://.*/.vercel/.app$
2025-11-20 10:55:52,279 INFO api 🚀 Starting NFL Prediction API
2025-11-20 10:55:52,377 INFO root Dataset loaded successfully: 2748 rows, 186 columns
2025-11-20 10:55:53,917 INFO root ✓ Loaded home_pipe from home_model.joblib
2025-11-20 10:55:53,974 INFO root ✓ Loaded away_pipe from away_model.joblib
2025-11-20 10:55:53,980 INFO root ✓ Loaded win_pipe from win_clf_calibrated.joblib
2025-11-20 10:55:53,981 INFO models Loaded metadata from C:\Users\goku\Documents\NFL_ML_Predictions\backend\models\metadata.json
2025-11-20 10:55:53,982 INFO root Model coherence validation passed
2025-11-20 10:55:53,982 INFO root Model loading completed: {'status': 'success', 'loaded': ['home_pipe', 'away_pipe', 'win_pipe', 'metadata', 'feature_columns']}
2025-11-20 10:55:53,982 INFO history No prediction_history.json found; starting with empty history.
2025-11-20 10:55:53,983 INFO api Application initialized: {'dataset': 'loaded', 'models': {'status': 'success', 'loaded': ['home_pipe', 'away_pipe', 'win_pipe', 'metadata', 'feature_columns']}, 'history': 'loaded 0 entries'}
2025-11-20 10:55:53,984 INFO api 🛑 Application shutdown complete
2025-11-20 10:55:56,439 INFO api Configuring CORS; restrict=True, allowed_origins=['https://nfl-ml-predictions.vercel.app', 'nfl-predict-christopher-jordons-projects.vercel.app', 'https://nfl-predict-git-main-christopher-jordons-projects.vercel.app', 'http://localhost:3000'], allow_origin_regex=https://.*/.vercel/.app$
2025-11-20 10:55:56,450 INFO api 🚀 Starting NFL Prediction API
2025-11-20 10:55:56,532 INFO root Dataset loaded successfully: 2748 rows, 186 columns
2025-11-20 10:55:57,983 INFO root ✓ Loaded home_pipe from home_model.joblib
2025-11-20 10:55:58,031 INFO root ✓ Loaded away_pipe from away_model.joblib
2025-11-20 10:55:58,037 INFO root ✓ Loaded win_pipe from win_clf_calibrated.joblib
2025-11-20 10:55:58,037 INFO models Loaded metadata from C:\Users\goku\Documents\NFL_ML_Predictions\backend\models\metadata.json
2025-11-20 10:55:58,038 INFO root Model coherence validation passed
2025-11-20 10:55:58,038 INFO root Model loading completed: {'status': 'success', 'loaded': ['home_pipe', 'away_pipe', 'win_pipe', 'metadata', 'feature_columns']}
2025-11-20 10:55:58,039 INFO history No prediction_history.json found; starting with empty history.
2025-11-20 10:55:58,039 INFO api Application initialized: {'dataset': 'loaded', 'models': {'status': 'success', 'loaded': ['home_pipe', 'away_pipe', 'win_pipe', 'metadata', 'feature_columns']}, 'history': 'loaded 0 entries'}
2025-11-20 10:56:09,421 INFO api 🛑 Application shutdown complete
2025-11-20 10:56:11,435 INFO api Configuring CORS; restrict=True, allowed_origins=['https://nfl-ml-predictions.vercel.app', 'nfl-predict-christopher-jordons-projects.vercel.app', 'https://nfl-predict-git-main-christopher-jordons-projects.vercel.app', 'http://localhost:3000'], allow_origin_regex=https://.*/.vercel/.app$
2025-11-20 10:56:11,447 INFO api 🚀 Starting NFL Prediction API
2025-11-20 10:56:11,534 INFO root Dataset loaded successfully: 2748 rows, 186 columns
2025-11-20 10:56:13,153 INFO root ✓ Loaded home_pipe from home_model.joblib
2025-11-20 10:56:13,206 INFO root ✓ Loaded away_pipe from away_model.joblib
2025-11-20 10:56:13,213 INFO root ✓ Loaded win_pipe from win_clf_calibrated.joblib
2025-11-20 10:56:13,214 INFO models Loaded metadata from C:\Users\goku\Documents\NFL_ML_Predictions\backend\models\metadata.json
2025-11-20 10:56:13,214 INFO root Model coherence validation passed
2025-11-20 10:56:13,214 INFO root Model loading completed: {'status': 'success', 'loaded': ['home_pipe', 'away_pipe', 'win_pipe', 'metadata', 'feature_columns']}
2025-11-20 10:56:13,215 INFO history No prediction_history.json found; starting with empty history.
2025-11-20 10:56:13,215 INFO api Application initialized: {'dataset': 'loaded', 'models': {'status': 'success', 'loaded': ['home_pipe', 'away_pipe', 'win_pipe', 'metadata', 'feature_columns']}, 'history': 'loaded 0 entries'}
2025-11-20 10:56:13,217 INFO api 🛑 Application shutdown complete
2025-11-20 10:56:15,288 INFO api Configuring CORS; restrict=True, allowed_origins=['https://nfl-ml-predictions.vercel.app', 'nfl-predict-christopher-jordons-projects.vercel.app', 'https://nfl-predict-git-main-christopher-jordons-projects.vercel.app', 'http://localhost:3000'], allow_origin_regex=https://.*/.vercel/.app$
2025-11-20 10:56:15,300 INFO api 🚀 Starting NFL Prediction API
2025-11-20 10:56:15,381 INFO root Dataset loaded successfully: 2748 rows, 186 columns
2025-11-20 10:56:16,879 INFO root ✓ Loaded home_pipe from home_model.joblib
2025-11-20 10:56:16,929 INFO root ✓ Loaded away_pipe from away_model.joblib
2025-11-20 10:56:16,935 INFO root ✓ Loaded win_pipe from win_clf_calibrated.joblib
2025-11-20 10:56:16,936 INFO models Loaded metadata from C:\Users\goku\Documents\NFL_ML_Predictions\backend\models\metadata.json
2025-11-20 10:56:16,937 INFO root Model coherence validation passed
2025-11-20 10:56:16,937 INFO root Model loading completed: {'status': 'success', 'loaded': ['home_pipe', 'away_pipe', 'win_pipe', 'metadata', 'feature_columns']}
2025-11-20 10:56:16,937 INFO history No prediction_history.json found; starting with empty history.
2025-11-20 10:56:16,938 INFO api Application initialized: {'dataset': 'loaded', 'models': {'status': 'success', 'loaded': ['home_pipe', 'away_pipe', 'win_pipe', 'metadata', 'feature_columns']}, 'history': 'loaded 0 entries'}
2025-11-20 10:56:16,938 INFO api 🛑 Application shutdown complete
2025-11-20 10:56:18,879 INFO api Configuring CORS; restrict=True, allowed_origins=['https://nfl-ml-predictions.vercel.app', 'nfl-predict-christopher-jordons-projects.vercel.app', 'https://nfl-predict-git-main-christopher-jordons-projects.vercel.app', 'http://localhost:3000'], allow_origin_regex=https://.*/.vercel/.app$
2025-11-20 10:56:18,890 INFO api 🚀 Starting NFL Prediction API
2025-11-20 10:56:18,974 INFO root Dataset loaded successfully: 2748 rows, 186 columns
2025-11-20 10:56:20,418 INFO root ✓ Loaded home_pipe from home_model.joblib
2025-11-20 10:56:20,467 INFO root ✓ Loaded away_pipe from away_model.joblib
2025-11-20 10:56:20,474 INFO root ✓ Loaded win_pipe from win_clf_calibrated.joblib
2025-11-20 10:56:20,475 INFO models Loaded metadata from C:\Users\goku\Documents\NFL_ML_Predictions\backend\models\metadata.json
2025-11-20 10:56:20,475 INFO root Model coherence validation passed
2025-11-20 10:56:20,475 INFO root Model loading completed: {'status': 'success', 'loaded': ['home_pipe', 'away_pipe', 'win_pipe', 'metadata', 'feature_columns']}
2025-11-20 10:56:20,476 INFO history No prediction_history.json found; starting with empty history.
2025-11-20 10:56:20,476 INFO api Application initialized: {'dataset': 'loaded', 'models': {'status': 'success', 'loaded': ['home_pipe', 'away_pipe', 'win_pipe', 'metadata', 'feature_columns']}, 'history': 'loaded 0 entries'}
2025-11-20 10:56:21,140 INFO api 🛑 Application shutdown complete
2025-11-20 10:56:23,096 INFO api Configuring CORS; restrict=True, allowed_origins=['https://nfl-ml-predictions.vercel.app', 'nfl-predict-christopher-jordons-projects.vercel.app', 'https://nfl-predict-git-main-christopher-jordons-projects.vercel.app', 'http://localhost:3000'], allow_origin_regex=https://.*/.vercel/.app$
2025-11-20 10:56:23,113 INFO api 🚀 Starting NFL Prediction API
2025-11-20 10:56:23,197 INFO root Dataset loaded successfully: 2748 rows, 186 columns
2025-11-20 10:56:24,757 INFO root ✓ Loaded home_pipe from home_model.joblib
2025-11-20 10:56:24,808 INFO root ✓ Loaded away_pipe from away_model.joblib
2025-11-20 10:56:24,814 INFO root ✓ Loaded win_pipe from win_clf_calibrated.joblib
2025-11-20 10:56:24,814 INFO models Loaded metadata from C:\Users\goku\Documents\NFL_ML_Predictions\backend\models\metadata.json
2025-11-20 10:56:24,815 INFO root Model coherence validation passed
2025-11-20 10:56:24,815 INFO root Model loading completed: {'status': 'success', 'loaded': ['home_pipe', 'away_pipe', 'win_pipe', 'metadata', 'feature_columns']}
2025-11-20 10:56:24,816 INFO history No prediction_history.json found; starting with empty history.
2025-11-20 10:56:24,816 INFO api Application initialized: {'dataset': 'loaded', 'models': {'status': 'success', 'loaded': ['home_pipe', 'away_pipe', 'win_pipe', 'metadata', 'feature_columns']}, 'history': 'loaded 0 entries'}
2025-11-20 10:56:24,817 INFO api 🛑 Application shutdown complete
2025-11-20 10:56:26,749 INFO api Configuring CORS; restrict=True, allowed_origins=['https://nfl-ml-predictions.vercel.app', 'nfl-predict-christopher-jordons-projects.vercel.app', 'https://nfl-predict-git-main-christopher-jordons-projects.vercel.app', 'http://localhost:3000'], allow_origin_regex=https://.*/.vercel/.app$
2025-11-20 10:56:26,760 INFO api 🚀 Starting NFL Prediction API
2025-11-20 10:56:26,846 INFO root Dataset loaded successfully: 2748 rows, 186 columns
2025-11-20 10:56:28,261 INFO root ✓ Loaded home_pipe from home_model.joblib
2025-11-20 10:56:28,310 INFO root ✓ Loaded away_pipe from away_model.joblib
2025-11-20 10:56:28,316 INFO root ✓ Loaded win_pipe from win_clf_calibrated.joblib
2025-11-20 10:56:28,317 INFO models Loaded metadata from C:\Users\goku\Documents\NFL_ML_Predictions\backend\models\metadata.json
2025-11-20 10:56:28,317 INFO root Model coherence validation passed
2025-11-20 10:56:28,317 INFO root Model loading completed: {'status': 'success', 'loaded': ['home_pipe', 'away_pipe', 'win_pipe', 'metadata', 'feature_columns']}
2025-11-20 10:56:28,318 INFO history No prediction_history.json found; starting with empty history.
2025-11-20 10:56:28,318 INFO api Application initialized: {'dataset': 'loaded', 'models': {'status': 'success', 'loaded': ['home_pipe', 'away_pipe', 'win_pipe', 'metadata', 'feature_columns']}, 'history': 'loaded 0 entries'}
2025-11-20 10:56:54,835 INFO api 🛑 Application shutdown complete
2025-11-20 10:56:57,060 INFO api Configuring CORS; restrict=True, allowed_origins=['https://nfl-ml-predictions.vercel.app', 'nfl-predict-christopher-jordons-projects.vercel.app', 'https://nfl-predict-git-main-christopher-jordons-projects.vercel.app', 'http://localhost:3000'], allow_origin_regex=https://.*/.vercel/.app$
2025-11-20 10:56:57,072 INFO api 🚀 Starting NFL Prediction API
2025-11-20 10:56:57,154 INFO root Dataset loaded successfully: 2748 rows, 186 columns
2025-11-20 10:56:58,709 INFO root ✓ Loaded home_pipe from home_model.joblib
2025-11-20 10:56:58,764 INFO root ✓ Loaded away_pipe from away_model.joblib
2025-11-20 10:56:58,771 INFO root ✓ Loaded win_pipe from win_clf_calibrated.joblib
2025-11-20 10:56:58,771 INFO models Loaded metadata from C:\Users\goku\Documents\NFL_ML_Predictions\backend\models\metadata.json
2025-11-20 10:56:58,772 INFO root Model coherence validation passed
2025-11-20 10:56:58,772 INFO root Model loading completed: {'status': 'success', 'loaded': ['home_pipe', 'away_pipe', 'win_pipe', 'metadata', 'feature_columns']}
2025-11-20 10:56:58,773 INFO history No prediction_history.json found; starting with empty history.
2025-11-20 10:56:58,773 INFO api Application initialized: {'dataset': 'loaded', 'models': {'status': 'success', 'loaded': ['home_pipe', 'away_pipe', 'win_pipe', 'metadata', 'feature_columns']}, 'history': 'loaded 0 entries'}
2025-11-20 10:56:58,774 INFO api 🛑 Application shutdown complete
2025-11-20 10:57:00,705 INFO api Configuring CORS; restrict=True, allowed_origins=['https://nfl-ml-predictions.vercel.app', 'nfl-predict-christopher-jordons-projects.vercel.app', 'https://nfl-predict-git-main-christopher-jordons-projects.vercel.app', 'http://localhost:3000'], allow_origin_regex=https://.*/.vercel/.app$
2025-11-20 10:57:00,716 INFO api 🚀 Starting NFL Prediction API
2025-11-20 10:57:00,796 INFO root Dataset loaded successfully: 2748 rows, 186 columns
2025-11-20 10:57:02,218 INFO root ✓ Loaded home_pipe from home_model.joblib
2025-11-20 10:57:02,267 INFO root ✓ Loaded away_pipe from away_model.joblib
2025-11-20 10:57:02,273 INFO root ✓ Loaded win_pipe from win_clf_calibrated.joblib
2025-11-20 10:57:02,274 INFO models Loaded metadata from C:\Users\goku\Documents\NFL_ML_Predictions\backend\models\metadata.json
2025-11-20 10:57:02,274 INFO root Model coherence validation passed
2025-11-20 10:57:02,274 INFO root Model loading completed: {'status': 'success', 'loaded': ['home_pipe', 'away_pipe', 'win_pipe', 'metadata', 'feature_columns']}
2025-11-20 10:57:02,275 INFO history No prediction_history.json found; starting with empty history.
2025-11-20 10:57:02,275 INFO api Application initialized: {'dataset': 'loaded', 'models': {'status': 'success', 'loaded': ['home_pipe', 'away_pipe', 'win_pipe', 'metadata', 'feature_columns']}, 'history': 'loaded 0 entries'}
2025-11-20 10:58:20,911 INFO api 🛑 Application shutdown complete
2025-11-20 10:58:22,912 INFO api Configuring CORS; restrict=True, allowed_origins=['https://nfl-ml-predictions.vercel.app', 'nfl-predict-christopher-jordons-projects.vercel.app', 'https://nfl-predict-git-main-christopher-jordons-projects.vercel.app', 'http://localhost:3000'], allow_origin_regex=https://.*/.vercel/.app$
2025-11-20 10:58:22,923 INFO api 🚀 Starting NFL Prediction API
2025-11-20 10:58:23,014 INFO root Dataset loaded successfully: 2748 rows, 186 columns
2025-11-20 10:58:24,549 INFO root ✓ Loaded home_pipe from home_model.joblib
2025-11-20 10:58:24,599 INFO root ✓ Loaded away_pipe from away_model.joblib
2025-11-20 10:58:24,605 INFO root ✓ Loaded win_pipe from win_clf_calibrated.joblib
2025-11-20 10:58:24,606 INFO models Loaded metadata from C:\Users\goku\Documents\NFL_ML_Predictions\backend\models\metadata.json
2025-11-20 10:58:24,606 INFO root Model coherence validation passed
2025-11-20 10:58:24,606 INFO root Model loading completed: {'status': 'success', 'loaded': ['home_pipe', 'away_pipe', 'win_pipe', 'metadata', 'feature_columns']}
2025-11-20 10:58:24,607 INFO history No prediction_history.json found; starting with empty history.
2025-11-20 10:58:24,607 INFO api Application initialized: {'dataset': 'loaded', 'models': {'status': 'success', 'loaded': ['home_pipe', 'away_pipe', 'win_pipe', 'metadata', 'feature_columns']}, 'history': 'loaded 0 entries'}
2025-11-20 10:58:37,208 INFO api 🛑 Application shutdown complete
2025-11-20 10:58:39,257 INFO api Configuring CORS; restrict=True, allowed_origins=['https://nfl-ml-predictions.vercel.app', 'nfl-predict-christopher-jordons-projects.vercel.app', 'https://nfl-predict-git-main-christopher-jordons-projects.vercel.app', 'http://localhost:3000'], allow_origin_regex=https://.*/.vercel/.app$
2025-11-20 10:58:39,271 INFO api 🚀 Starting NFL Prediction API
2025-11-20 10:58:39,352 INFO root Dataset loaded successfully: 2748 rows, 186 columns
2025-11-20 10:58:40,860 INFO root ✓ Loaded home_pipe from home_model.joblib
2025-11-20 10:58:40,912 INFO root ✓ Loaded away_pipe from away_model.joblib
2025-11-20 10:58:40,918 INFO root ✓ Loaded win_pipe from win_clf_calibrated.joblib
2025-11-20 10:58:40,919 INFO models Loaded metadata from C:\Users\goku\Documents\NFL_ML_Predictions\backend\models\metadata.json
2025-11-20 10:58:40,919 INFO root Model coherence validation passed
2025-11-20 10:58:40,919 INFO root Model loading completed: {'status': 'success', 'loaded': ['home_pipe', 'away_pipe', 'win_pipe', 'metadata', 'feature_columns']}
2025-11-20 10:58:40,920 INFO history No prediction_history.json found; starting with empty history.
2025-11-20 10:58:40,920 INFO api Application initialized: {'dataset': 'loaded', 'models': {'status': 'success', 'loaded': ['home_pipe', 'away_pipe', 'win_pipe', 'metadata', 'feature_columns']}, 'history': 'loaded 0 entries'}
2025-11-20 10:58:40,921 INFO api 🛑 Application shutdown complete
2025-11-20 10:58:42,897 INFO api Configuring CORS; restrict=True, allowed_origins=['https://nfl-ml-predictions.vercel.app', 'nfl-predict-christopher-jordons-projects.vercel.app', 'https://nfl-predict-git-main-christopher-jordons-projects.vercel.app', 'http://localhost:3000'], allow_origin_regex=https://.*/.vercel/.app$
2025-11-20 10:58:42,909 INFO api 🚀 Starting NFL Prediction API
2025-11-20 10:58:42,993 INFO root Dataset loaded successfully: 2748 rows, 186 columns
2025-11-20 10:58:44,528 INFO root ✓ Loaded home_pipe from home_model.joblib
2025-11-20 10:58:44,581 INFO root ✓ Loaded away_pipe from away_model.joblib
2025-11-20 10:58:44,587 INFO root ✓ Loaded win_pipe from win_clf_calibrated.joblib
2025-11-20 10:58:44,588 INFO models Loaded metadata from C:\Users\goku\Documents\NFL_ML_Predictions\backend\models\metadata.json
2025-11-20 10:58:44,589 INFO root Model coherence validation passed
2025-11-20 10:58:44,589 INFO root Model loading completed: {'status': 'success', 'loaded': ['home_pipe', 'away_pipe', 'win_pipe', 'metadata', 'feature_columns']}
2025-11-20 10:58:44,589 INFO history No prediction_history.json found; starting with empty history.
2025-11-20 10:58:44,590 INFO api Application initialized: {'dataset': 'loaded', 'models': {'status': 'success', 'loaded': ['home_pipe', 'away_pipe', 'win_pipe', 'metadata', 'feature_columns']}, 'history': 'loaded 0 entries'}
2025-11-20 10:58:44,590 INFO api 🛑 Application shutdown complete
2025-11-20 10:58:50,325 INFO api Configuring CORS; restrict=True, allowed_origins=['https://nfl-ml-predictions.vercel.app', 'nfl-predict-christopher-jordons-projects.vercel.app', 'https://nfl-predict-git-main-christopher-jordons-projects.vercel.app', 'http://localhost:3000'], allow_origin_regex=https://.*/.vercel/.app$
2025-11-20 10:58:50,336 INFO api 🚀 Starting NFL Prediction API
2025-11-20 10:58:50,422 INFO root Dataset loaded successfully: 2748 rows, 186 columns
2025-11-20 10:58:51,916 INFO root ✓ Loaded home_pipe from home_model.joblib
2025-11-20 10:58:51,969 INFO root ✓ Loaded away_pipe from away_model.joblib
2025-11-20 10:58:51,975 INFO root ✓ Loaded win_pipe from win_clf_calibrated.joblib
2025-11-20 10:58:51,975 INFO models Loaded metadata from C:\Users\goku\Documents\NFL_ML_Predictions\backend\models\metadata.json
2025-11-20 10:58:51,976 INFO root Model coherence validation passed
2025-11-20 10:58:51,976 INFO root Model loading completed: {'status': 'success', 'loaded': ['home_pipe', 'away_pipe', 'win_pipe', 'metadata', 'feature_columns']}
2025-11-20 10:58:51,977 INFO history No prediction_history.json found; starting with empty history.
2025-11-20 10:58:51,977 INFO api Application initialized: {'dataset': 'loaded', 'models': {'status': 'success', 'loaded': ['home_pipe', 'away_pipe', 'win_pipe', 'metadata', 'feature_columns']}, 'history': 'loaded 0 entries'}
2025-11-20 10:58:52,413 INFO api 🛑 Application shutdown complete
2025-11-20 10:58:54,406 INFO api Configuring CORS; restrict=True, allowed_origins=['https://nfl-ml-predictions.vercel.app', 'nfl-predict-christopher-jordons-projects.vercel.app', 'https://nfl-predict-git-main-christopher-jordons-projects.vercel.app', 'http://localhost:3000'], allow_origin_regex=https://.*/.vercel/.app$
2025-11-20 10:58:54,419 INFO api 🚀 Starting NFL Prediction API
2025-11-20 10:58:54,510 INFO root Dataset loaded successfully: 2748 rows, 186 columns
2025-11-20 10:58:56,006 INFO root ✓ Loaded home_pipe from home_model.joblib
2025-11-20 10:58:56,057 INFO root ✓ Loaded away_pipe from away_model.joblib
2025-11-20 10:58:56,064 INFO root ✓ Loaded win_pipe from win_clf_calibrated.joblib
2025-11-20 10:58:56,065 INFO models Loaded metadata from C:\Users\goku\Documents\NFL_ML_Predictions\backend\models\metadata.json
2025-11-20 10:58:56,065 INFO root Model coherence validation passed
2025-11-20 10:58:56,066 INFO root Model loading completed: {'status': 'success', 'loaded': ['home_pipe', 'away_pipe', 'win_pipe', 'metadata', 'feature_columns']}
2025-11-20 10:58:56,066 INFO history No prediction_history.json found; starting with empty history.
2025-11-20 10:58:56,066 INFO api Application initialized: {'dataset': 'loaded', 'models': {'status': 'success', 'loaded': ['home_pipe', 'away_pipe', 'win_pipe', 'metadata', 'feature_columns']}, 'history': 'loaded 0 entries'}
2025-11-20 10:58:56,068 INFO api 🛑 Application shutdown complete
2025-11-20 10:58:58,055 INFO api Configuring CORS; restrict=True, allowed_origins=['https://nfl-ml-predictions.vercel.app', 'nfl-predict-christopher-jordons-projects.vercel.app', 'https://nfl-predict-git-main-christopher-jordons-projects.vercel.app', 'http://localhost:3000'], allow_origin_regex=https://.*/.vercel/.app$
2025-11-20 10:58:58,067 INFO api 🚀 Starting NFL Prediction API
2025-11-20 10:58:58,151 INFO root Dataset loaded successfully: 2748 rows, 186 columns
2025-11-20 10:58:59,610 INFO root ✓ Loaded home_pipe from home_model.joblib
2025-11-20 10:58:59,661 INFO root ✓ Loaded away_pipe from away_model.joblib
2025-11-20 10:58:59,667 INFO root ✓ Loaded win_pipe from win_clf_calibrated.joblib
2025-11-20 10:58:59,668 INFO models Loaded metadata from C:\Users\goku\Documents\NFL_ML_Predictions\backend\models\metadata.json
2025-11-20 10:58:59,668 INFO root Model coherence validation passed
2025-11-20 10:58:59,668 INFO root Model loading completed: {'status': 'success', 'loaded': ['home_pipe', 'away_pipe', 'win_pipe', 'metadata', 'feature_columns']}
2025-11-20 10:58:59,669 INFO history No prediction_history.json found; starting with empty history.
2025-11-20 10:58:59,669 INFO api Application initialized: {'dataset': 'loaded', 'models': {'status': 'success', 'loaded': ['home_pipe', 'away_pipe', 'win_pipe', 'metadata', 'feature_columns']}, 'history': 'loaded 0 entries'}
2025-11-20 10:59:10,215 INFO api 🛑 Application shutdown complete
2025-11-20 10:59:12,670 INFO api Configuring CORS; restrict=True, allowed_origins=['https://nfl-ml-predictions.vercel.app', 'nfl-predict-christopher-jordons-projects.vercel.app', 'https://nfl-predict-git-main-christopher-jordons-projects.vercel.app', 'http://localhost:3000'], allow_origin_regex=https://.*/.vercel/.app$
2025-11-20 10:59:12,684 INFO api 🚀 Starting NFL Prediction API
2025-11-20 10:59:12,773 INFO root Dataset loaded successfully: 2748 rows, 186 columns
2025-11-20 10:59:14,293 INFO root ✓ Loaded home_pipe from home_model.joblib
2025-11-20 10:59:14,352 INFO root ✓ Loaded away_pipe from away_model.joblib
2025-11-20 10:59:14,362 INFO root ✓ Loaded win_pipe from win_clf_calibrated.joblib
2025-11-20 10:59:14,363 INFO models Loaded metadata from C:\Users\goku\Documents\NFL_ML_Predictions\backend\models\metadata.json
2025-11-20 10:59:14,364 INFO root Model coherence validation passed
2025-11-20 10:59:14,364 INFO root Model loading completed: {'status': 'success', 'loaded': ['home_pipe', 'away_pipe', 'win_pipe', 'metadata', 'feature_columns']}
2025-11-20 10:59:14,365 INFO history No prediction_history.json found; starting with empty history.
2025-11-20 10:59:14,365 INFO api Application initialized: {'dataset': 'loaded', 'models': {'status': 'success', 'loaded': ['home_pipe', 'away_pipe', 'win_pipe', 'metadata', 'feature_columns']}, 'history': 'loaded 0 entries'}
2025-11-20 10:59:15,001 INFO api 🛑 Application shutdown complete
2025-11-20 10:59:16,964 INFO api Configuring CORS; restrict=True, allowed_origins=['https://nfl-ml-predictions.vercel.app', 'nfl-predict-christopher-jordons-projects.vercel.app', 'https://nfl-predict-git-main-christopher-jordons-projects.vercel.app', 'http://localhost:3000'], allow_origin_regex=https://.*/.vercel/.app$
2025-11-20 10:59:16,975 INFO api 🚀 Starting NFL Prediction API
2025-11-20 10:59:17,058 INFO root Dataset loaded successfully: 2748 rows, 186 columns
2025-11-20 10:59:18,554 INFO root ✓ Loaded home_pipe from home_model.joblib
2025-11-20 10:59:18,603 INFO root ✓ Loaded away_pipe from away_model.joblib
2025-11-20 10:59:18,609 INFO root ✓ Loaded win_pipe from win_clf_calibrated.joblib
2025-11-20 10:59:18,609 INFO models Loaded metadata from C:\Users\goku\Documents\NFL_ML_Predictions\backend\models\metadata.json
2025-11-20 10:59:18,610 INFO root Model coherence validation passed
2025-11-20 10:59:18,610 INFO root Model loading completed: {'status': 'success', 'loaded': ['home_pipe', 'away_pipe', 'win_pipe', 'metadata', 'feature_columns']}
2025-11-20 10:59:18,610 INFO history No prediction_history.json found; starting with empty history.
2025-11-20 10:59:18,611 INFO api Application initialized: {'dataset': 'loaded', 'models': {'status': 'success', 'loaded': ['home_pipe', 'away_pipe', 'win_pipe', 'metadata', 'feature_columns']}, 'history': 'loaded 0 entries'}
2025-11-20 11:03:55,763 INFO api 🛑 Application shutdown complete
2025-11-20 11:03:58,350 INFO api Configuring CORS; restrict=True, allowed_origins=['https://nfl-ml-predictions.vercel.app', 'nfl-predict-christopher-jordons-projects.vercel.app', 'https://nfl-predict-git-main-christopher-jordons-projects.vercel.app', 'http://localhost:3000'], allow_origin_regex=https://.*/.vercel/.app$
2025-11-20 11:03:58,355 INFO api 🚀 Starting NFL Prediction API
2025-11-20 11:03:58,432 INFO root Dataset loaded successfully: 2748 rows, 186 columns
2025-11-20 11:03:59,815 INFO root ✓ Loaded home_pipe from home_model.joblib
2025-11-20 11:03:59,861 INFO root ✓ Loaded away_pipe from away_model.joblib
2025-11-20 11:03:59,866 INFO root ✓ Loaded win_pipe from win_clf_calibrated.joblib
2025-11-20 11:03:59,867 INFO models Loaded metadata from C:\Users\goku\Documents\NFL_ML_Predictions\backend\models\metadata.json
2025-11-20 11:03:59,867 INFO root Model coherence validation passed
2025-11-20 11:03:59,868 INFO root Model loading completed: {'status': 'success', 'loaded': ['home_pipe', 'away_pipe', 'win_pipe', 'metadata', 'feature_columns']}
2025-11-20 11:03:59,868 INFO history No prediction_history.json found; starting with empty history.
2025-11-20 11:03:59,868 INFO api Application initialized: {'dataset': 'loaded', 'models': {'status': 'success', 'loaded': ['home_pipe', 'away_pipe', 'win_pipe', 'metadata', 'feature_columns']}, 'history': 'loaded 0 entries'}
2025-11-20 11:03:59,869 INFO api 🛑 Application shutdown complete
2025-11-20 11:04:02,115 INFO api Configuring CORS; restrict=True, allowed_origins=['https://nfl-ml-predictions.vercel.app', 'nfl-predict-christopher-jordons-projects.vercel.app', 'https://nfl-predict-git-main-christopher-jordons-projects.vercel.app', 'http://localhost:3000'], allow_origin_regex=https://.*/.vercel/.app$
2025-11-20 11:04:02,121 INFO api 🚀 Starting NFL Prediction API
2025-11-20 11:04:02,197 INFO root Dataset loaded successfully: 2748 rows, 186 columns
2025-11-20 11:04:03,626 INFO root ✓ Loaded home_pipe from home_model.joblib
2025-11-20 11:04:03,672 INFO root ✓ Loaded away_pipe from away_model.joblib
2025-11-20 11:04:03,678 INFO root ✓ Loaded win_pipe from win_clf_calibrated.joblib
2025-11-20 11:04:03,678 INFO models Loaded metadata from C:\Users\goku\Documents\NFL_ML_Predictions\backend\models\metadata.json
2025-11-20 11:04:03,679 INFO root Model coherence validation passed
2025-11-20 11:04:03,679 INFO root Model loading completed: {'status': 'success', 'loaded': ['home_pipe', 'away_pipe', 'win_pipe', 'metadata', 'feature_columns']}
2025-11-20 11:04:03,680 INFO history No prediction_history.json found; starting with empty history.
2025-11-20 11:04:03,680 INFO api Application initialized: {'dataset': 'loaded', 'models': {'status': 'success', 'loaded': ['home_pipe', 'away_pipe', 'win_pipe', 'metadata', 'feature_columns']}, 'history': 'loaded 0 entries'}
2025-11-20 11:04:03,680 INFO api 🛑 Application shutdown complete
2025-11-20 11:04:05,977 INFO api Configuring CORS; restrict=True, allowed_origins=['https://nfl-ml-predictions.vercel.app', 'nfl-predict-christopher-jordons-projects.vercel.app', 'https://nfl-predict-git-main-christopher-jordons-projects.vercel.app', 'http://localhost:3000'], allow_origin_regex=https://.*/.vercel/.app$
2025-11-20 11:04:05,982 INFO api 🚀 Starting NFL Prediction API
2025-11-20 11:04:06,060 INFO root Dataset loaded successfully: 2748 rows, 186 columns
2025-11-20 11:04:07,544 INFO root ✓ Loaded home_pipe from home_model.joblib
2025-11-20 11:04:07,598 INFO root ✓ Loaded away_pipe from away_model.joblib
2025-11-20 11:04:07,608 INFO root ✓ Loaded win_pipe from win_clf_calibrated.joblib
2025-11-20 11:04:07,609 INFO models Loaded metadata from C:\Users\goku\Documents\NFL_ML_Predictions\backend\models\metadata.json
2025-11-20 11:04:07,610 INFO root Model coherence validation passed
2025-11-20 11:04:07,610 INFO root Model loading completed: {'status': 'success', 'loaded': ['home_pipe', 'away_pipe', 'win_pipe', 'metadata', 'feature_columns']}
2025-11-20 11:04:07,611 INFO history No prediction_history.json found; starting with empty history.
2025-11-20 11:04:07,611 INFO api Application initialized: {'dataset': 'loaded', 'models': {'status': 'success', 'loaded': ['home_pipe', 'away_pipe', 'win_pipe', 'metadata', 'feature_columns']}, 'history': 'loaded 0 entries'}
2025-11-20 11:12:26,003 INFO api 🛑 Application shutdown complete
2025-11-20 11:12:29,999 INFO api Configuring CORS; restrict=True, allowed_origins=['https://nfl-ml-predictions.vercel.app', 'nfl-predict-christopher-jordons-projects.vercel.app', 'https://nfl-predict-git-main-christopher-jordons-projects.vercel.app', 'http://localhost:3000'], allow_origin_regex=https://.*/.vercel/.app$
2025-11-20 11:12:30,012 INFO api 🚀 Starting NFL Prediction API
2025-11-20 11:12:30,141 INFO root Dataset loaded successfully: 2748 rows, 186 columns
2025-11-20 11:12:32,528 INFO root ✓ Loaded home_pipe from home_model.joblib
2025-11-20 11:12:32,627 INFO root ✓ Loaded away_pipe from away_model.joblib
2025-11-20 11:12:32,639 INFO root ✓ Loaded win_pipe from win_clf_calibrated.joblib
2025-11-20 11:12:32,640 INFO models Loaded metadata from C:\Users\goku\Documents\NFL_ML_Predictions\backend\models\metadata.json
2025-11-20 11:12:32,641 INFO root Model coherence validation passed
2025-11-20 11:12:32,641 INFO root Model loading completed: {'status': 'success', 'loaded': ['home_pipe', 'away_pipe', 'win_pipe', 'metadata', 'feature_columns']}
2025-11-20 11:12:32,642 INFO history No prediction_history.json found; starting with empty history.
2025-11-20 11:12:32,642 INFO api Application initialized: {'dataset': 'loaded', 'models': {'status': 'success', 'loaded': ['home_pipe', 'away_pipe', 'win_pipe', 'metadata', 'feature_columns']}, 'history': 'loaded 0 entries'}
2025-11-20 11:14:16,054 INFO api 🛑 Application shutdown complete
2025-11-20 11:14:18,772 INFO api Configuring CORS; restrict=True, allowed_origins=['https://nfl-ml-predictions.vercel.app', 'nfl-predict-christopher-jordons-projects.vercel.app', 'https://nfl-predict-git-main-christopher-jordons-projects.vercel.app', 'http://localhost:3000'], allow_origin_regex=https://.*/.vercel/.app$
2025-11-20 11:14:18,780 INFO api 🚀 Starting NFL Prediction API
2025-11-20 11:14:18,872 INFO root Dataset loaded successfully: 2748 rows, 186 columns
2025-11-20 11:14:20,759 INFO root ✓ Loaded home_pipe from home_model.joblib
2025-11-20 11:14:20,878 INFO root ✓ Loaded away_pipe from away_model.joblib
2025-11-20 11:14:20,891 INFO root ✓ Loaded win_pipe from win_clf_calibrated.joblib
2025-11-20 11:14:20,892 INFO models Loaded metadata from C:\Users\goku\Documents\NFL_ML_Predictions\backend\models\metadata.json
2025-11-20 11:14:20,893 INFO root Model coherence validation passed
2025-11-20 11:14:20,894 INFO root Model loading completed: {'status': 'success', 'loaded': ['home_pipe', 'away_pipe', 'win_pipe', 'metadata', 'feature_columns']}
2025-11-20 11:14:20,895 INFO history No prediction_history.json found; starting with empty history.
2025-11-20 11:14:20,896 INFO api Application initialized: {'dataset': 'loaded', 'models': {'status': 'success', 'loaded': ['home_pipe', 'away_pipe', 'win_pipe', 'metadata', 'feature_columns']}, 'history': 'loaded 0 entries'}
2025-11-20 11:14:20,897 INFO api 🛑 Application shutdown complete
2025-11-20 11:14:24,468 INFO api Configuring CORS; restrict=True, allowed_origins=['https://nfl-ml-predictions.vercel.app', 'nfl-predict-christopher-jordons-projects.vercel.app', 'https://nfl-predict-git-main-christopher-jordons-projects.vercel.app', 'http://localhost:3000'], allow_origin_regex=https://.*/.vercel/.app$
2025-11-20 11:14:24,477 INFO api 🚀 Starting NFL Prediction API
2025-11-20 11:14:24,594 INFO root Dataset loaded successfully: 2748 rows, 186 columns
2025-11-20 11:14:26,647 INFO root ✓ Loaded home_pipe from home_model.joblib
2025-11-20 11:14:26,729 INFO root ✓ Loaded away_pipe from away_model.joblib
2025-11-20 11:14:26,736 INFO root ✓ Loaded win_pipe from win_clf_calibrated.joblib
2025-11-20 11:14:26,737 INFO models Loaded metadata from C:\Users\goku\Documents\NFL_ML_Predictions\backend\models\metadata.json
2025-11-20 11:14:26,738 INFO root Model coherence validation passed
2025-11-20 11:14:26,738 INFO root Model loading completed: {'status': 'success', 'loaded': ['home_pipe', 'away_pipe', 'win_pipe', 'metadata', 'feature_columns']}
2025-11-20 11:14:26,739 INFO history No prediction_history.json found; starting with empty history.
2025-11-20 11:14:26,739 INFO api Application initialized: {'dataset': 'loaded', 'models': {'status': 'success', 'loaded': ['home_pipe', 'away_pipe', 'win_pipe', 'metadata', 'feature_columns']}, 'history': 'loaded 0 entries'}
2025-11-20 11:14:26,740 INFO api 🛑 Application shutdown complete
2025-11-20 11:14:30,126 INFO api Configuring CORS; restrict=True, allowed_origins=['https://nfl-ml-predictions.vercel.app', 'nfl-predict-christopher-jordons-projects.vercel.app', 'https://nfl-predict-git-main-christopher-jordons-projects.vercel.app', 'http://localhost:3000'], allow_origin_regex=https://.*/.vercel/.app$
2025-11-20 11:14:30,132 INFO api 🚀 Starting NFL Prediction API
2025-11-20 11:14:30,230 INFO root Dataset loaded successfully: 2748 rows, 186 columns
2025-11-20 11:14:32,277 INFO root ✓ Loaded home_pipe from home_model.joblib
2025-11-20 11:14:32,343 INFO root ✓ Loaded away_pipe from away_model.joblib
2025-11-20 11:14:32,351 INFO root ✓ Loaded win_pipe from win_clf_calibrated.joblib
2025-11-20 11:14:32,352 INFO models Loaded metadata from C:\Users\goku\Documents\NFL_ML_Predictions\backend\models\metadata.json
2025-11-20 11:14:32,352 INFO root Model coherence validation passed
2025-11-20 11:14:32,353 INFO root Model loading completed: {'status': 'success', 'loaded': ['home_pipe', 'away_pipe', 'win_pipe', 'metadata', 'feature_columns']}
2025-11-20 11:14:32,353 INFO history No prediction_history.json found; starting with empty history.
2025-11-20 11:14:32,353 INFO api Application initialized: {'dataset': 'loaded', 'models': {'status': 'success', 'loaded': ['home_pipe', 'away_pipe', 'win_pipe', 'metadata', 'feature_columns']}, 'history': 'loaded 0 entries'}
2025-11-20 11:14:34,824 INFO api 🛑 Application shutdown complete
2025-11-20 11:14:38,259 INFO api Configuring CORS; restrict=True, allowed_origins=['https://nfl-ml-predictions.vercel.app', 'nfl-predict-christopher-jordons-projects.vercel.app', 'https://nfl-predict-git-main-christopher-jordons-projects.vercel.app', 'http://localhost:3000'], allow_origin_regex=https://.*/.vercel/.app$
2025-11-20 11:14:38,269 INFO api 🚀 Starting NFL Prediction API
2025-11-20 11:14:38,408 INFO root Dataset loaded successfully: 2748 rows, 186 columns
2025-11-20 11:14:40,652 INFO root ✓ Loaded home_pipe from home_model.joblib
2025-11-20 11:14:40,744 INFO root ✓ Loaded away_pipe from away_model.joblib
2025-11-20 11:14:40,753 INFO root ✓ Loaded win_pipe from win_clf_calibrated.joblib
2025-11-20 11:14:40,754 INFO models Loaded metadata from C:\Users\goku\Documents\NFL_ML_Predictions\backend\models\metadata.json
2025-11-20 11:14:40,755 INFO root Model coherence validation passed
2025-11-20 11:14:40,755 INFO root Model loading completed: {'status': 'success', 'loaded': ['home_pipe', 'away_pipe', 'win_pipe', 'metadata', 'feature_columns']}
2025-11-20 11:14:40,756 INFO history No prediction_history.json found; starting with empty history.
2025-11-20 11:14:40,756 INFO api Application initialized: {'dataset': 'loaded', 'models': {'status': 'success', 'loaded': ['home_pipe', 'away_pipe', 'win_pipe', 'metadata', 'feature_columns']}, 'history': 'loaded 0 entries'}
2025-11-20 11:14:40,758 INFO api 🛑 Application shutdown complete
2025-11-20 11:14:44,281 INFO api Configuring CORS; restrict=True, allowed_origins=['https://nfl-ml-predictions.vercel.app', 'nfl-predict-christopher-jordons-projects.vercel.app', 'https://nfl-predict-git-main-christopher-jordons-projects.vercel.app', 'http://localhost:3000'], allow_origin_regex=https://.*/.vercel/.app$
2025-11-20 11:14:44,288 INFO api 🚀 Starting NFL Prediction API
2025-11-20 11:14:44,404 INFO root Dataset loaded successfully: 2748 rows, 186 columns
2025-11-20 11:14:46,417 INFO root ✓ Loaded home_pipe from home_model.joblib
2025-11-20 11:14:46,494 INFO root ✓ Loaded away_pipe from away_model.joblib
2025-11-20 11:14:46,504 INFO root ✓ Loaded win_pipe from win_clf_calibrated.joblib
2025-11-20 11:14:46,506 INFO models Loaded metadata from C:\Users\goku\Documents\NFL_ML_Predictions\backend\models\metadata.json
2025-11-20 11:14:46,507 INFO root Model coherence validation passed
2025-11-20 11:14:46,507 INFO root Model loading completed: {'status': 'success', 'loaded': ['home_pipe', 'away_pipe', 'win_pipe', 'metadata', 'feature_columns']}
2025-11-20 11:14:46,508 INFO history No prediction_history.json found; starting with empty history.
2025-11-20 11:14:46,508 INFO api Application initialized: {'dataset': 'loaded', 'models': {'status': 'success', 'loaded': ['home_pipe', 'away_pipe', 'win_pipe', 'metadata', 'feature_columns']}, 'history': 'loaded 0 entries'}
2025-11-20 11:14:46,510 INFO api 🛑 Application shutdown complete
2025-11-20 11:14:49,718 INFO api Configuring CORS; restrict=True, allowed_origins=['https://nfl-ml-predictions.vercel.app', 'nfl-predict-christopher-jordons-projects.vercel.app', 'https://nfl-predict-git-main-christopher-jordons-projects.vercel.app', 'http://localhost:3000'], allow_origin_regex=https://.*/.vercel/.app$
2025-11-20 11:14:49,724 INFO api 🚀 Starting NFL Prediction API
2025-11-20 11:14:49,810 INFO root Dataset loaded successfully: 2748 rows, 186 columns
2025-11-20 11:14:51,567 INFO root ✓ Loaded home_pipe from home_model.joblib
2025-11-20 11:14:51,641 INFO root ✓ Loaded away_pipe from away_model.joblib
2025-11-20 11:14:51,651 INFO root ✓ Loaded win_pipe from win_clf_calibrated.joblib
2025-11-20 11:14:51,652 INFO models Loaded metadata from C:\Users\goku\Documents\NFL_ML_Predictions\backend\models\metadata.json
2025-11-20 11:14:51,653 INFO root Model coherence validation passed
2025-11-20 11:14:51,653 INFO root Model loading completed: {'status': 'success', 'loaded': ['home_pipe', 'away_pipe', 'win_pipe', 'metadata', 'feature_columns']}
2025-11-20 11:14:51,654 INFO history No prediction_history.json found; starting with empty history.
2025-11-20 11:14:51,654 INFO api Application initialized: {'dataset': 'loaded', 'models': {'status': 'success', 'loaded': ['home_pipe', 'away_pipe', 'win_pipe', 'metadata', 'feature_columns']}, 'history': 'loaded 0 entries'}
2025-11-20 11:14:51,655 INFO api 🛑 Application shutdown complete
2025-11-20 11:14:54,767 INFO api Configuring CORS; restrict=True, allowed_origins=['https://nfl-ml-predictions.vercel.app', 'nfl-predict-christopher-jordons-projects.vercel.app', 'https://nfl-predict-git-main-christopher-jordons-projects.vercel.app', 'http://localhost:3000'], allow_origin_regex=https://.*/.vercel/.app$
2025-11-20 11:14:54,773 INFO api 🚀 Starting NFL Prediction API
2025-11-20 11:14:54,892 INFO root Dataset loaded successfully: 2748 rows, 186 columns
2025-11-20 11:14:57,223 INFO root ✓ Loaded home_pipe from home_model.joblib
2025-11-20 11:14:57,306 INFO root ✓ Loaded away_pipe from away_model.joblib
2025-11-20 11:14:57,317 INFO root ✓ Loaded win_pipe from win_clf_calibrated.joblib
2025-11-20 11:14:57,318 INFO models Loaded metadata from C:\Users\goku\Documents\NFL_ML_Predictions\backend\models\metadata.json
2025-11-20 11:14:57,319 INFO root Model coherence validation passed
2025-11-20 11:14:57,319 INFO root Model loading completed: {'status': 'success', 'loaded': ['home_pipe', 'away_pipe', 'win_pipe', 'metadata', 'feature_columns']}
2025-11-20 11:14:57,320 INFO history No prediction_history.json found; starting with empty history.
2025-11-20 11:14:57,320 INFO api Application initialized: {'dataset': 'loaded', 'models': {'status': 'success', 'loaded': ['home_pipe', 'away_pipe', 'win_pipe', 'metadata', 'feature_columns']}, 'history': 'loaded 0 entries'}
2025-11-20 11:15:11,969 INFO api 🛑 Application shutdown complete
2025-11-20 11:15:15,008 INFO api Configuring CORS; restrict=True, allowed_origins=['https://nfl-ml-predictions.vercel.app', 'nfl-predict-christopher-jordons-projects.vercel.app', 'https://nfl-predict-git-main-christopher-jordons-projects.vercel.app', 'http://localhost:3000'], allow_origin_regex=https://.*/.vercel/.app$
2025-11-20 11:15:15,015 INFO api 🚀 Starting NFL Prediction API
2025-11-20 11:15:15,108 INFO root Dataset loaded successfully: 2748 rows, 186 columns
2025-11-20 11:15:16,944 INFO root ✓ Loaded home_pipe from home_model.joblib
2025-11-20 11:15:17,018 INFO root ✓ Loaded away_pipe from away_model.joblib
2025-11-20 11:15:17,027 INFO root ✓ Loaded win_pipe from win_clf_calibrated.joblib
2025-11-20 11:15:17,028 INFO models Loaded metadata from C:\Users\goku\Documents\NFL_ML_Predictions\backend\models\metadata.json
2025-11-20 11:15:17,029 INFO root Model coherence validation passed
2025-11-20 11:15:17,029 INFO root Model loading completed: {'status': 'success', 'loaded': ['home_pipe', 'away_pipe', 'win_pipe', 'metadata', 'feature_columns']}
2025-11-20 11:15:17,030 INFO history No prediction_history.json found; starting with empty history.
2025-11-20 11:15:17,030 INFO api Application initialized: {'dataset': 'loaded', 'models': {'status': 'success', 'loaded': ['home_pipe', 'away_pipe', 'win_pipe', 'metadata', 'feature_columns']}, 'history': 'loaded 0 entries'}
2025-11-20 11:15:17,032 INFO api 🛑 Application shutdown complete
2025-11-20 11:15:20,253 INFO api Configuring CORS; restrict=True, allowed_origins=['https://nfl-ml-predictions.vercel.app', 'nfl-predict-christopher-jordons-projects.vercel.app', 'https://nfl-predict-git-main-christopher-jordons-projects.vercel.app', 'http://localhost:3000'], allow_origin_regex=https://.*/.vercel/.app$
2025-11-20 11:15:20,259 INFO api 🚀 Starting NFL Prediction API
2025-11-20 11:15:20,360 INFO root Dataset loaded successfully: 2748 rows, 186 columns
2025-11-20 11:15:22,237 INFO root ✓ Loaded home_pipe from home_model.joblib
2025-11-20 11:15:22,313 INFO root ✓ Loaded away_pipe from away_model.joblib
2025-11-20 11:15:22,322 INFO root ✓ Loaded win_pipe from win_clf_calibrated.joblib
2025-11-20 11:15:22,323 INFO models Loaded metadata from C:\Users\goku\Documents\NFL_ML_Predictions\backend\models\metadata.json
2025-11-20 11:15:22,324 INFO root Model coherence validation passed
2025-11-20 11:15:22,324 INFO root Model loading completed: {'status': 'success', 'loaded': ['home_pipe', 'away_pipe', 'win_pipe', 'metadata', 'feature_columns']}
2025-11-20 11:15:22,324 INFO history No prediction_history.json found; starting with empty history.
2025-11-20 11:15:22,325 INFO api Application initialized: {'dataset': 'loaded', 'models': {'status': 'success', 'loaded': ['home_pipe', 'away_pipe', 'win_pipe', 'metadata', 'feature_columns']}, 'history': 'loaded 0 entries'}
2025-11-20 11:15:22,325 INFO api 🛑 Application shutdown complete
2025-11-20 11:15:25,012 INFO api Configuring CORS; restrict=True, allowed_origins=['https://nfl-ml-predictions.vercel.app', 'nfl-predict-christopher-jordons-projects.vercel.app', 'https://nfl-predict-git-main-christopher-jordons-projects.vercel.app', 'http://localhost:3000'], allow_origin_regex=https://.*/.vercel/.app$
2025-11-20 11:15:25,018 INFO api 🚀 Starting NFL Prediction API
2025-11-20 11:15:25,116 INFO root Dataset loaded successfully: 2748 rows, 186 columns
2025-11-20 11:15:26,734 INFO root ✓ Loaded home_pipe from home_model.joblib
2025-11-20 11:15:26,792 INFO root ✓ Loaded away_pipe from away_model.joblib
2025-11-20 11:15:26,797 INFO root ✓ Loaded win_pipe from win_clf_calibrated.joblib
2025-11-20 11:15:26,798 INFO models Loaded metadata from C:\Users\goku\Documents\NFL_ML_Predictions\backend\models\metadata.json
2025-11-20 11:15:26,799 INFO root Model coherence validation passed
2025-11-20 11:15:26,799 INFO root Model loading completed: {'status': 'success', 'loaded': ['home_pipe', 'away_pipe', 'win_pipe', 'metadata', 'feature_columns']}
2025-11-20 11:15:26,800 INFO history No prediction_history.json found; starting with empty history.
2025-11-20 11:15:26,800 INFO api Application initialized: {'dataset': 'loaded', 'models': {'status': 'success', 'loaded': ['home_pipe', 'away_pipe', 'win_pipe', 'metadata', 'feature_columns']}, 'history': 'loaded 0 entries'}
2025-11-20 11:15:32,583 INFO api 🛑 Application shutdown complete
2025-11-20 11:15:36,064 INFO api Configuring CORS; restrict=True, allowed_origins=['https://nfl-ml-predictions.vercel.app', 'nfl-predict-christopher-jordons-projects.vercel.app', 'https://nfl-predict-git-main-christopher-jordons-projects.vercel.app', 'http://localhost:3000'], allow_origin_regex=https://.*/.vercel/.app$
2025-11-20 11:15:36,074 INFO api 🚀 Starting NFL Prediction API
2025-11-20 11:15:36,195 INFO root Dataset loaded successfully: 2748 rows, 186 columns
2025-11-20 11:15:38,201 INFO root ✓ Loaded home_pipe from home_model.joblib
2025-11-20 11:15:38,256 INFO root ✓ Loaded away_pipe from away_model.joblib
2025-11-20 11:15:38,263 INFO root ✓ Loaded win_pipe from win_clf_calibrated.joblib
2025-11-20 11:15:38,265 INFO models Loaded metadata from C:\Users\goku\Documents\NFL_ML_Predictions\backend\models\metadata.json
2025-11-20 11:15:38,265 INFO root Model coherence validation passed
2025-11-20 11:15:38,266 INFO root Model loading completed: {'status': 'success', 'loaded': ['home_pipe', 'away_pipe', 'win_pipe', 'metadata', 'feature_columns']}
2025-11-20 11:15:38,266 INFO history No prediction_history.json found; starting with empty history.
2025-11-20 11:15:38,266 INFO api Application initialized: {'dataset': 'loaded', 'models': {'status': 'success', 'loaded': ['home_pipe', 'away_pipe', 'win_pipe', 'metadata', 'feature_columns']}, 'history': 'loaded 0 entries'}
2025-11-20 11:15:38,267 INFO api 🛑 Application shutdown complete
2025-11-20 11:15:41,141 INFO api Configuring CORS; restrict=True, allowed_origins=['https://nfl-ml-predictions.vercel.app', 'nfl-predict-christopher-jordons-projects.vercel.app', 'https://nfl-predict-git-main-christopher-jordons-projects.vercel.app', 'http://localhost:3000'], allow_origin_regex=https://.*/.vercel/.app$
2025-11-20 11:15:41,150 INFO api 🚀 Starting NFL Prediction API
2025-11-20 11:15:41,273 INFO root Dataset loaded successfully: 2748 rows, 186 columns
2025-11-20 11:15:43,281 INFO root ✓ Loaded home_pipe from home_model.joblib
2025-11-20 11:15:43,351 INFO root ✓ Loaded away_pipe from away_model.joblib
2025-11-20 11:15:43,360 INFO root ✓ Loaded win_pipe from win_clf_calibrated.joblib
2025-11-20 11:15:43,361 INFO models Loaded metadata from C:\Users\goku\Documents\NFL_ML_Predictions\backend\models\metadata.json
2025-11-20 11:15:43,361 INFO root Model coherence validation passed
2025-11-20 11:15:43,361 INFO root Model loading completed: {'status': 'success', 'loaded': ['home_pipe', 'away_pipe', 'win_pipe', 'metadata', 'feature_columns']}
2025-11-20 11:15:43,362 INFO history No prediction_history.json found; starting with empty history.
2025-11-20 11:15:43,362 INFO api Application initialized: {'dataset': 'loaded', 'models': {'status': 'success', 'loaded': ['home_pipe', 'away_pipe', 'win_pipe', 'metadata', 'feature_columns']}, 'history': 'loaded 0 entries'}
2025-11-20 11:16:04,308 INFO api 🛑 Application shutdown complete
2025-11-20 11:16:07,525 INFO api Configuring CORS; restrict=True, allowed_origins=['https://nfl-ml-predictions.vercel.app', 'nfl-predict-christopher-jordons-projects.vercel.app', 'https://nfl-predict-git-main-christopher-jordons-projects.vercel.app', 'http://localhost:3000'], allow_origin_regex=https://.*/.vercel/.app$
2025-11-20 11:16:07,533 INFO api 🚀 Starting NFL Prediction API
2025-11-20 11:16:07,647 INFO root Dataset loaded successfully: 2748 rows, 186 columns
2025-11-20 11:16:09,415 INFO root ✓ Loaded home_pipe from home_model.joblib
2025-11-20 11:16:09,504 INFO root ✓ Loaded away_pipe from away_model.joblib
2025-11-20 11:16:09,517 INFO root ✓ Loaded win_pipe from win_clf_calibrated.joblib
2025-11-20 11:16:09,518 INFO models Loaded metadata from C:\Users\goku\Documents\NFL_ML_Predictions\backend\models\metadata.json
2025-11-20 11:16:09,518 INFO root Model coherence validation passed
2025-11-20 11:16:09,519 INFO root Model loading completed: {'status': 'success', 'loaded': ['home_pipe', 'away_pipe', 'win_pipe', 'metadata', 'feature_columns']}
2025-11-20 11:16:09,520 INFO history No prediction_history.json found; starting with empty history.
2025-11-20 11:16:09,520 INFO api Application initialized: {'dataset': 'loaded', 'models': {'status': 'success', 'loaded': ['home_pipe', 'away_pipe', 'win_pipe', 'metadata', 'feature_columns']}, 'history': 'loaded 0 entries'}
2025-11-20 11:16:09,521 INFO api 🛑 Application shutdown complete
2025-11-20 11:16:13,102 INFO api Configuring CORS; restrict=True, allowed_origins=['https://nfl-ml-predictions.vercel.app', 'nfl-predict-christopher-jordons-projects.vercel.app', 'https://nfl-predict-git-main-christopher-jordons-projects.vercel.app', 'http://localhost:3000'], allow_origin_regex=https://.*/.vercel/.app$
2025-11-20 11:16:13,113 INFO api 🚀 Starting NFL Prediction API
2025-11-20 11:16:13,252 INFO root Dataset loaded successfully: 2748 rows, 186 columns
2025-11-20 11:16:15,486 INFO root ✓ Loaded home_pipe from home_model.joblib
2025-11-20 11:16:15,589 INFO root ✓ Loaded away_pipe from away_model.joblib
2025-11-20 11:16:15,600 INFO root ✓ Loaded win_pipe from win_clf_calibrated.joblib
2025-11-20 11:16:15,601 INFO models Loaded metadata from C:\Users\goku\Documents\NFL_ML_Predictions\backend\models\metadata.json
2025-11-20 11:16:15,602 INFO root Model coherence validation passed
2025-11-20 11:16:15,602 INFO root Model loading completed: {'status': 'success', 'loaded': ['home_pipe', 'away_pipe', 'win_pipe', 'metadata', 'feature_columns']}
2025-11-20 11:16:15,603 INFO history No prediction_history.json found; starting with empty history.
2025-11-20 11:16:15,603 INFO api Application initialized: {'dataset': 'loaded', 'models': {'status': 'success', 'loaded': ['home_pipe', 'away_pipe', 'win_pipe', 'metadata', 'feature_columns']}, 'history': 'loaded 0 entries'}
2025-11-20 11:16:15,605 INFO api 🛑 Application shutdown complete
2025-11-20 11:16:19,247 INFO api Configuring CORS; restrict=True, allowed_origins=['https://nfl-ml-predictions.vercel.app', 'nfl-predict-christopher-jordons-projects.vercel.app', 'https://nfl-predict-git-main-christopher-jordons-projects.vercel.app', 'http://localhost:3000'], allow_origin_regex=https://.*/.vercel/.app$
2025-11-20 11:16:19,254 INFO api 🚀 Starting NFL Prediction API
2025-11-20 11:16:19,368 INFO root Dataset loaded successfully: 2748 rows, 186 columns
2025-11-20 11:16:21,307 INFO root ✓ Loaded home_pipe from home_model.joblib
2025-11-20 11:16:21,395 INFO root ✓ Loaded away_pipe from away_model.joblib
2025-11-20 11:16:21,403 INFO root ✓ Loaded win_pipe from win_clf_calibrated.joblib
2025-11-20 11:16:21,404 INFO models Loaded metadata from C:\Users\goku\Documents\NFL_ML_Predictions\backend\models\metadata.json
2025-11-20 11:16:21,404 INFO root Model coherence validation passed
2025-11-20 11:16:21,405 INFO root Model loading completed: {'status': 'success', 'loaded': ['home_pipe', 'away_pipe', 'win_pipe', 'metadata', 'feature_columns']}
2025-11-20 11:16:21,406 INFO history No prediction_history.json found; starting with empty history.
2025-11-20 11:16:21,406 INFO api Application initialized: {'dataset': 'loaded', 'models': {'status': 'success', 'loaded': ['home_pipe', 'away_pipe', 'win_pipe', 'metadata', 'feature_columns']}, 'history': 'loaded 0 entries'}
2025-11-20 11:23:18,415 INFO api 🛑 Application shutdown complete
2025-11-20 11:23:24,620 INFO api Configuring CORS; restrict=True, allowed_origins=['https://nfl-ml-predictions.vercel.app', 'nfl-predict-christopher-jordons-projects.vercel.app', 'https://nfl-predict-git-main-christopher-jordons-projects.vercel.app', 'http://localhost:3000'], allow_origin_regex=https://.*/.vercel/.app$
2025-11-20 11:23:24,627 INFO api 🚀 Starting NFL Prediction API
2025-11-20 11:23:24,743 INFO root Dataset loaded successfully: 2748 rows, 186 columns
2025-11-20 11:23:32,254 INFO root ✓ Loaded home_pipe from home_model.joblib
2025-11-20 11:23:32,312 INFO root ✓ Loaded away_pipe from away_model.joblib
2025-11-20 11:23:32,329 INFO root ✓ Loaded win_pipe from win_clf_calibrated.joblib
2025-11-20 11:23:32,343 INFO models Loaded metadata from C:\Users\goku\Documents\NFL_ML_Predictions\backend\models\metadata.json
2025-11-20 11:23:32,343 INFO root Model coherence validation passed
2025-11-20 11:23:32,344 INFO root Model loading completed: {'status': 'success', 'loaded': ['home_pipe', 'away_pipe', 'win_pipe', 'metadata', 'feature_columns']}
2025-11-20 11:23:32,344 INFO history No prediction_history.json found; starting with empty history.
2025-11-20 11:23:32,345 INFO api Application initialized: {'dataset': 'loaded', 'models': {'status': 'success', 'loaded': ['home_pipe', 'away_pipe', 'win_pipe', 'metadata', 'feature_columns']}, 'history': 'loaded 0 entries'}
2025-11-20 11:23:32,346 INFO api 🛑 Application shutdown complete
2025-11-20 11:23:34,868 INFO api Configuring CORS; restrict=True, allowed_origins=['https://nfl-ml-predictions.vercel.app', 'nfl-predict-christopher-jordons-projects.vercel.app', 'https://nfl-predict-git-main-christopher-jordons-projects.vercel.app', 'http://localhost:3000'], allow_origin_regex=https://.*/.vercel/.app$
2025-11-20 11:23:34,875 INFO api 🚀 Starting NFL Prediction API
2025-11-20 11:23:34,958 INFO root Dataset loaded successfully: 2748 rows, 186 columns
2025-11-20 11:23:36,356 INFO root ✓ Loaded home_pipe from home_model.joblib
2025-11-20 11:23:36,402 INFO root ✓ Loaded away_pipe from away_model.joblib
2025-11-20 11:23:36,408 INFO root ✓ Loaded win_pipe from win_clf_calibrated.joblib
2025-11-20 11:23:36,409 INFO models Loaded metadata from C:\Users\goku\Documents\NFL_ML_Predictions\backend\models\metadata.json
2025-11-20 11:23:36,409 INFO root Model coherence validation passed
2025-11-20 11:23:36,409 INFO root Model loading completed: {'status': 'success', 'loaded': ['home_pipe', 'away_pipe', 'win_pipe', 'metadata', 'feature_columns']}
2025-11-20 11:23:36,410 INFO history No prediction_history.json found; starting with empty history.
2025-11-20 11:23:36,410 INFO api Application initialized: {'dataset': 'loaded', 'models': {'status': 'success', 'loaded': ['home_pipe', 'away_pipe', 'win_pipe', 'metadata', 'feature_columns']}, 'history': 'loaded 0 entries'}
2025-11-20 13:28:57,707 INFO api 🛑 Application shutdown complete
2025-11-20 13:57:59,444 INFO api Configuring CORS; restrict=True, allowed_origins=['https://nfl-ml-predictions.vercel.app', 'nfl-predict-christopher-jordons-projects.vercel.app', 'https://nfl-predict-git-main-christopher-jordons-projects.vercel.app', 'http://localhost:3000'], allow_origin_regex=https://.*/.vercel/.app$
2025-11-20 13:57:59,453 INFO api 🚀 Starting NFL Prediction API
2025-11-20 13:57:59,551 INFO root Dataset loaded successfully: 2748 rows, 186 columns
2025-11-20 13:58:06,718 INFO root ✓ Loaded home_pipe from home_model.joblib
2025-11-20 13:58:06,763 INFO root ✓ Loaded away_pipe from away_model.joblib
2025-11-20 13:58:06,769 INFO root ✓ Loaded win_pipe from win_clf_calibrated.joblib
2025-11-20 13:58:06,770 INFO models Loaded metadata from C:\Users\goku\Documents\NFL_ML_Predictions\backend\models\metadata.json
2025-11-20 13:58:06,770 INFO root Model coherence validation passed
2025-11-20 13:58:06,770 INFO root Model loading completed: {'status': 'success', 'loaded': ['home_pipe', 'away_pipe', 'win_pipe', 'metadata', 'feature_columns']}
2025-11-20 13:58:06,771 INFO history No prediction_history.json found; starting with empty history.
2025-11-20 13:58:06,771 INFO api Application initialized: {'dataset': 'loaded', 'models': {'status': 'success', 'loaded': ['home_pipe', 'away_pipe', 'win_pipe', 'metadata', 'feature_columns']}, 'history': 'loaded 0 entries'}
2025-11-20 14:00:15,872 DEBUG api Using schedule path: C:\Users\goku\Documents\NFL_ML_Predictions\backend\Nfl_schedule_2025.csv
2025-11-20 14:00:15,973 INFO venv 2025-11-20 22:00:15.973137+00:00
2025-11-20 14:00:15,979 DEBUG urllib3.connectionpool Starting new HTTPS connection (1): github.com:443
2025-11-20 14:00:16,751 DEBUG urllib3.connectionpool https://github.com:443 "GET /nflverse/nflverse-data/releases/download/schedules/games.parquet HTTP/1.1" 302 0
2025-11-20 14:00:16,753 DEBUG urllib3.connectionpool Starting new HTTPS connection (1): release-assets.githubusercontent.com:443
2025-11-20 14:00:17,370 DEBUG urllib3.connectionpool https://release-assets.githubusercontent.com:443 "GET /github-production-release-asset/452908115/3d4117b8-994f-4af8-84f0-8f089d62fabd?sp=r&sv=2018-11-09&sr=b&spr=https&se=2025-11-20T22%3A56%3A22Z&rscd=attachment%3B+filename%3Dgames.parquet&rsct=application%2Foctet-stream&skoid=96c2d410-5711-43a1-aedd-ab1947aa7ab0&sktid=398a6654-997b-47e9-b12b-9515b896b4de&skt=2025-11-20T21%3A55%3A52Z&ske=2025-11-20T22%3A56%3A22Z&sks=b&skv=2018-11-09&sig=5O9elw4lduwQpA%2FCmDZvPCGL3%2FuIQJ5kEeg9LYNirmY%3D&jwt=eyJ0eXAiOiJKV1QiLCJhbGciOiJIUzI1NiJ9.eyJpc3MiOiJnaXRodWIuY29tIiwiYXVkIjoicmVsZWFzZS1hc3NldHMuZ2l0aHVidXNlcmNvbnRlbnQuY29tIiwia2V5Ijoia2V5MSIsImV4cCI6MTc2MzY3NjMxNiwibmJmIjoxNzYzNjc2MDE2LCJwYXRoIjoicmVsZWFzZWFzc2V0cHJvZHVjdGlvbi5ibG9iLmNvcmUud2luZG93cy5uZXQifQ.niWIKppeagExMAXTeI6gDYzXm4-bwO0vpudoUimSJ7o&response-content-disposition=attachment%3B%20filename%3Dgames.parquet&response-content-type=application%2Foctet-stream HTTP/1.1" 200 503703
2025-11-20 14:00:17,907 INFO api Schedule scope -> season=2025 week=12 via kickoff_date
2025-11-20 14:01:04,592 DEBUG api Using schedule path: C:\Users\goku\Documents\NFL_ML_Predictions\backend\Nfl_schedule_2025.csv
2025-11-20 14:01:04,658 INFO venv 2025-11-20 22:01:04.658001+00:00
2025-11-20 14:01:04,666 INFO api Schedule scope -> season=2025 week=12 via kickoff_date
2025-11-20 14:01:21,290 DEBUG api Using schedule path: C:\Users\goku\Documents\NFL_ML_Predictions\backend\Nfl_schedule_2025.csv
2025-11-20 14:01:21,358 INFO venv 2025-11-20 22:01:21.358628+00:00
2025-11-20 14:01:21,368 INFO api Schedule scope -> season=2025 week=12 via kickoff_date
2025-11-20 14:03:10,617 INFO api 🛑 Application shutdown complete
2025-11-20 14:03:13,232 INFO api Configuring CORS; restrict=True, allowed_origins=['https://nfl-ml-predictions.vercel.app', 'nfl-predict-christopher-jordons-projects.vercel.app', 'https://nfl-predict-git-main-christopher-jordons-projects.vercel.app', 'http://localhost:3000'], allow_origin_regex=https://.*/.vercel/.app$
2025-11-20 14:03:13,238 INFO api 🚀 Starting NFL Prediction API
2025-11-20 14:03:13,319 INFO root Dataset loaded successfully: 2748 rows, 186 columns
2025-11-20 14:03:14,945 INFO root ✓ Loaded home_pipe from home_model.joblib
2025-11-20 14:03:14,991 INFO root ✓ Loaded away_pipe from away_model.joblib
2025-11-20 14:03:14,997 INFO root ✓ Loaded win_pipe from win_clf_calibrated.joblib
2025-11-20 14:03:14,998 INFO models Loaded metadata from C:\Users\goku\Documents\NFL_ML_Predictions\backend\models\metadata.json
2025-11-20 14:03:14,999 INFO root Model coherence validation passed
2025-11-20 14:03:14,999 INFO root Model loading completed: {'status': 'success', 'loaded': ['home_pipe', 'away_pipe', 'win_pipe', 'metadata', 'feature_columns']}
2025-11-20 14:03:14,999 INFO history No prediction_history.json found; starting with empty history.
2025-11-20 14:03:14,999 INFO api Application initialized: {'dataset': 'loaded', 'models': {'status': 'success', 'loaded': ['home_pipe', 'away_pipe', 'win_pipe', 'metadata', 'feature_columns']}, 'history': 'loaded 0 entries'}
2025-11-20 14:03:20,758 INFO api 🛑 Application shutdown complete
2025-11-20 14:03:32,985 INFO api Configuring CORS; restrict=True, allowed_origins=['https://nfl-ml-predictions.vercel.app', 'nfl-predict-christopher-jordons-projects.vercel.app', 'https://nfl-predict-git-main-christopher-jordons-projects.vercel.app', 'http://localhost:3000'], allow_origin_regex=https://.*/.vercel/.app$
2025-11-20 14:03:32,990 INFO api 🚀 Starting NFL Prediction API
2025-11-20 14:03:33,074 INFO root Dataset loaded successfully: 2748 rows, 186 columns
2025-11-20 14:03:34,638 INFO root ✓ Loaded home_pipe from home_model.joblib
2025-11-20 14:03:34,690 INFO root ✓ Loaded away_pipe from away_model.joblib
2025-11-20 14:03:34,696 INFO root ✓ Loaded win_pipe from win_clf_calibrated.joblib
2025-11-20 14:03:34,697 INFO models Loaded metadata from C:\Users\goku\Documents\NFL_ML_Predictions\backend\models\metadata.json
2025-11-20 14:03:34,698 INFO root Model coherence validation passed
2025-11-20 14:03:34,698 INFO root Model loading completed: {'status': 'success', 'loaded': ['home_pipe', 'away_pipe', 'win_pipe', 'metadata', 'feature_columns']}
2025-11-20 14:03:34,699 INFO history No prediction_history.json found; starting with empty history.
2025-11-20 14:03:34,699 INFO api Application initialized: {'dataset': 'loaded', 'models': {'status': 'success', 'loaded': ['home_pipe', 'away_pipe', 'win_pipe', 'metadata', 'feature_columns']}, 'history': 'loaded 0 entries'}
2025-11-20 14:04:18,351 INFO api 🛑 Application shutdown complete
2025-11-20 14:04:21,013 INFO api Configuring CORS; restrict=True, allowed_origins=['https://nfl-ml-predictions.vercel.app', 'nfl-predict-christopher-jordons-projects.vercel.app', 'https://nfl-predict-git-main-christopher-jordons-projects.vercel.app', 'http://localhost:3000'], allow_origin_regex=https://.*/.vercel/.app$
2025-11-20 14:04:21,019 INFO api 🚀 Starting NFL Prediction API
2025-11-20 14:04:21,111 INFO root Dataset loaded successfully: 2748 rows, 186 columns
2025-11-20 14:04:22,641 INFO root ✓ Loaded home_pipe from home_model.joblib
2025-11-20 14:04:22,686 INFO root ✓ Loaded away_pipe from away_model.joblib
2025-11-20 14:04:22,692 INFO root ✓ Loaded win_pipe from win_clf_calibrated.joblib
2025-11-20 14:04:22,693 INFO models Loaded metadata from C:\Users\goku\Documents\NFL_ML_Predictions\backend\models\metadata.json
2025-11-20 14:04:22,693 INFO root Model coherence validation passed
2025-11-20 14:04:22,694 INFO root Model loading completed: {'status': 'success', 'loaded': ['home_pipe', 'away_pipe', 'win_pipe', 'metadata', 'feature_columns']}
2025-11-20 14:04:22,694 INFO history No prediction_history.json found; starting with empty history.
2025-11-20 14:04:22,694 INFO api Application initialized: {'dataset': 'loaded', 'models': {'status': 'success', 'loaded': ['home_pipe', 'away_pipe', 'win_pipe', 'metadata', 'feature_columns']}, 'history': 'loaded 0 entries'}
2025-11-20 14:04:36,057 INFO api 🛑 Application shutdown complete
2025-11-20 14:04:38,409 INFO api Configuring CORS; restrict=True, allowed_origins=['https://nfl-ml-predictions.vercel.app', 'nfl-predict-christopher-jordons-projects.vercel.app', 'https://nfl-predict-git-main-christopher-jordons-projects.vercel.app', 'http://localhost:3000'], allow_origin_regex=https://.*/.vercel/.app$
2025-11-20 14:04:38,415 INFO api 🚀 Starting NFL Prediction API
2025-11-20 14:04:38,496 INFO root Dataset loaded successfully: 2748 rows, 186 columns
2025-11-20 14:04:40,031 INFO root ✓ Loaded home_pipe from home_model.joblib
2025-11-20 14:04:40,076 INFO root ✓ Loaded away_pipe from away_model.joblib
2025-11-20 14:04:40,081 INFO root ✓ Loaded win_pipe from win_clf_calibrated.joblib
2025-11-20 14:04:40,082 INFO models Loaded metadata from C:\Users\goku\Documents\NFL_ML_Predictions\backend\models\metadata.json
2025-11-20 14:04:40,082 INFO root Model coherence validation passed
2025-11-20 14:04:40,083 INFO root Model loading completed: {'status': 'success', 'loaded': ['home_pipe', 'away_pipe', 'win_pipe', 'metadata', 'feature_columns']}
2025-11-20 14:04:40,083 INFO history No prediction_history.json found; starting with empty history.
2025-11-20 14:04:40,083 INFO api Application initialized: {'dataset': 'loaded', 'models': {'status': 'success', 'loaded': ['home_pipe', 'away_pipe', 'win_pipe', 'metadata', 'feature_columns']}, 'history': 'loaded 0 entries'}
2025-11-20 14:04:46,387 INFO api 🛑 Application shutdown complete
2025-11-20 14:04:48,765 INFO api Configuring CORS; restrict=True, allowed_origins=['https://nfl-ml-predictions.vercel.app', 'nfl-predict-christopher-jordons-projects.vercel.app', 'https://nfl-predict-git-main-christopher-jordons-projects.vercel.app', 'http://localhost:3000'], allow_origin_regex=https://.*/.vercel/.app$
2025-11-20 14:04:48,771 INFO api 🚀 Starting NFL Prediction API
2025-11-20 14:04:48,863 INFO root Dataset loaded successfully: 2748 rows, 186 columns
2025-11-20 14:04:50,453 INFO root ✓ Loaded home_pipe from home_model.joblib
2025-11-20 14:04:50,499 INFO root ✓ Loaded away_pipe from away_model.joblib
2025-11-20 14:04:50,505 INFO root ✓ Loaded win_pipe from win_clf_calibrated.joblib
2025-11-20 14:04:50,506 INFO models Loaded metadata from C:\Users\goku\Documents\NFL_ML_Predictions\backend\models\metadata.json
2025-11-20 14:04:50,506 INFO root Model coherence validation passed
2025-11-20 14:04:50,507 INFO root Model loading completed: {'status': 'success', 'loaded': ['home_pipe', 'away_pipe', 'win_pipe', 'metadata', 'feature_columns']}
2025-11-20 14:04:50,507 INFO history No prediction_history.json found; starting with empty history.
2025-11-20 14:04:50,507 INFO api Application initialized: {'dataset': 'loaded', 'models': {'status': 'success', 'loaded': ['home_pipe', 'away_pipe', 'win_pipe', 'metadata', 'feature_columns']}, 'history': 'loaded 0 entries'}
2025-11-20 14:04:56,707 INFO api 🛑 Application shutdown complete
2025-11-20 14:04:59,011 INFO api Configuring CORS; restrict=True, allowed_origins=['https://nfl-ml-predictions.vercel.app', 'nfl-predict-christopher-jordons-projects.vercel.app', 'https://nfl-predict-git-main-christopher-jordons-projects.vercel.app', 'http://localhost:3000'], allow_origin_regex=https://.*/.vercel/.app$
2025-11-20 14:04:59,016 INFO api 🚀 Starting NFL Prediction API
2025-11-20 14:04:59,094 INFO root Dataset loaded successfully: 2748 rows, 186 columns
2025-11-20 14:05:00,559 INFO root ✓ Loaded home_pipe from home_model.joblib
2025-11-20 14:05:00,604 INFO root ✓ Loaded away_pipe from away_model.joblib
2025-11-20 14:05:00,609 INFO root ✓ Loaded win_pipe from win_clf_calibrated.joblib
2025-11-20 14:05:00,610 INFO models Loaded metadata from C:\Users\goku\Documents\NFL_ML_Predictions\backend\models\metadata.json
2025-11-20 14:05:00,611 INFO root Model coherence validation passed
2025-11-20 14:05:00,611 INFO root Model loading completed: {'status': 'success', 'loaded': ['home_pipe', 'away_pipe', 'win_pipe', 'metadata', 'feature_columns']}
2025-11-20 14:05:00,611 INFO history No prediction_history.json found; starting with empty history.
2025-11-20 14:05:00,611 INFO api Application initialized: {'dataset': 'loaded', 'models': {'status': 'success', 'loaded': ['home_pipe', 'away_pipe', 'win_pipe', 'metadata', 'feature_columns']}, 'history': 'loaded 0 entries'}
2025-11-20 14:05:52,264 INFO api 🛑 Application shutdown complete
2025-11-20 14:06:12,084 INFO api Configuring CORS; restrict=True, allowed_origins=['https://nfl-ml-predictions.vercel.app', 'nfl-predict-christopher-jordons-projects.vercel.app', 'https://nfl-predict-git-main-christopher-jordons-projects.vercel.app', 'http://localhost:3000'], allow_origin_regex=https://.*/.vercel/.app$
2025-11-20 14:06:12,089 INFO api 🚀 Starting NFL Prediction API
2025-11-20 14:06:12,170 INFO root Dataset loaded successfully: 2748 rows, 186 columns
2025-11-20 14:06:13,675 INFO root ✓ Loaded home_pipe from home_model.joblib
2025-11-20 14:06:13,721 INFO root ✓ Loaded away_pipe from away_model.joblib
2025-11-20 14:06:13,726 INFO root ✓ Loaded win_pipe from win_clf_calibrated.joblib
2025-11-20 14:06:13,727 INFO models Loaded metadata from C:\Users\goku\Documents\NFL_ML_Predictions\backend\models\metadata.json
2025-11-20 14:06:13,728 INFO root Model coherence validation passed
2025-11-20 14:06:13,728 INFO root Model loading completed: {'status': 'success', 'loaded': ['home_pipe', 'away_pipe', 'win_pipe', 'metadata', 'feature_columns']}
2025-11-20 14:06:13,728 INFO history No prediction_history.json found; starting with empty history.
2025-11-20 14:06:13,729 INFO api Application initialized: {'dataset': 'loaded', 'models': {'status': 'success', 'loaded': ['home_pipe', 'away_pipe', 'win_pipe', 'metadata', 'feature_columns']}, 'history': 'loaded 0 entries'}
2025-11-20 15:40:07,549 INFO api 🛑 Application shutdown complete
2025-11-23 23:20:29,145 [INFO] api - Starting up NFL prediction API
2025-11-23 23:20:29,239 [INFO] data - Loaded dataset from C:\Users\goku\Documents\NFL_ML_Predictions\backend\data\game_features.csv with 2748 rows and 186 columns
2025-11-23 23:20:29,239 [DEBUG] models - Loading model artifact from C:\Users\goku\Documents\NFL_ML_Predictions\backend\models\home_model.joblib
2025-11-23 23:20:30,829 [DEBUG] models - Loading model artifact from C:\Users\goku\Documents\NFL_ML_Predictions\backend\models\away_model.joblib
2025-11-23 23:20:30,884 [DEBUG] models - Loading model artifact from C:\Users\goku\Documents\NFL_ML_Predictions\backend\models\win_clf_calibrated.joblib
2025-11-23 23:20:30,897 [DEBUG] models - Loading model artifact from C:\Users\goku\Documents\NFL_ML_Predictions\backend\models\preprocessor.joblib
2025-11-23 23:20:30,899 [INFO] models - Loaded models from C:\Users\goku\Documents\NFL_ML_Predictions\backend\models
2025-11-23 23:20:30,899 [INFO] api - Startup status: {'dataset': {'status': 'ok'}, 'models': {'status': 'ok', 'models_dir': 'C:\\Users\\goku\\Documents\\NFL_ML_Predictions\\backend\\models'}}
2025-11-23 23:20:52,756 [INFO] api - Shutting down NFL prediction API
2025-11-24 10:35:30,316 INFO api Configuring CORS; restrict=True, allowed_origins=['https://nfl-ml-predictions.vercel.app', 'nfl-predict-christopher-jordons-projects.vercel.app', 'https://nfl-predict-git-main-christopher-jordons-projects.vercel.app', 'http://localhost:3000'], allow_origin_regex=https://.*/.vercel/.app$
2025-11-24 10:35:30,322 INFO api 🚀 Starting NFL Prediction API
2025-11-24 10:35:30,432 INFO root Dataset loaded successfully: 2748 rows, 214 columns
2025-11-24 10:35:32,105 INFO root ✓ Loaded home_pipe from home_pipe.joblib
2025-11-24 10:35:32,130 INFO root ✓ Loaded away_pipe from away_pipe.joblib
2025-11-24 10:35:32,139 INFO root ✓ Loaded win_pipe from win_pipe.joblib
2025-11-24 10:35:32,151 INFO models Loaded metadata from C:\Users\goku\Documents\NFL_ML_Predictions\backend\models\metadata.json
2025-11-24 10:35:32,151 INFO root Model coherence validation passed
2025-11-24 10:35:32,151 INFO root Model loading completed: {'status': 'success', 'loaded': ['home_pipe', 'away_pipe', 'win_pipe', 'metadata', 'feature_columns']}
2025-11-24 10:35:32,152 INFO history No prediction_history.json found; starting with empty history.
2025-11-24 10:35:32,152 INFO api Application initialized: {'dataset': 'loaded', 'models': {'status': 'success', 'loaded': ['home_pipe', 'away_pipe', 'win_pipe', 'metadata', 'feature_columns']}, 'history': 'loaded 0 entries'}
2025-11-24 10:35:44,760 INFO api 🛑 Application shutdown complete
2025-11-24 10:37:04,436 INFO api Configuring CORS; restrict=True, allowed_origins=['https://nfl-ml-predictions.vercel.app', 'nfl-predict-christopher-jordons-projects.vercel.app', 'https://nfl-predict-git-main-christopher-jordons-projects.vercel.app', 'http://localhost:3000'], allow_origin_regex=https://.*/.vercel/.app$
2025-11-24 10:37:04,440 INFO api 🚀 Starting NFL Prediction API
2025-11-24 10:37:04,552 INFO root Dataset loaded successfully: 2748 rows, 214 columns
2025-11-24 10:37:05,933 INFO root ✓ Loaded home_pipe from home_pipe.joblib
2025-11-24 10:37:05,958 INFO root ✓ Loaded away_pipe from away_pipe.joblib
2025-11-24 10:37:05,967 INFO root ✓ Loaded win_pipe from win_pipe.joblib
2025-11-24 10:37:05,967 INFO models Loaded metadata from C:\Users\goku\Documents\NFL_ML_Predictions\backend\models\metadata.json
2025-11-24 10:37:05,968 INFO root Model coherence validation passed
2025-11-24 10:37:05,968 INFO root Model loading completed: {'status': 'success', 'loaded': ['home_pipe', 'away_pipe', 'win_pipe', 'metadata', 'feature_columns']}
2025-11-24 10:37:05,968 INFO history No prediction_history.json found; starting with empty history.
2025-11-24 10:37:05,969 INFO api Application initialized: {'dataset': 'loaded', 'models': {'status': 'success', 'loaded': ['home_pipe', 'away_pipe', 'win_pipe', 'metadata', 'feature_columns']}, 'history': 'loaded 0 entries'}
2025-11-25 22:30:21,343 INFO api Configuring CORS; restrict=True, allowed_origins=['https://nfl-ml-predictions.vercel.app', 'nfl-predict-christopher-jordons-projects.vercel.app', 'https://nfl-predict-git-main-christopher-jordons-projects.vercel.app', 'http://localhost:3000'], allow_origin_regex=https://.*/.vercel/.app$
2025-11-25 22:30:21,348 INFO api 🚀 Starting NFL Prediction API
2025-11-25 22:30:21,476 INFO root Dataset loaded successfully: 2748 rows, 214 columns
2025-11-25 22:30:28,868 INFO root ✓ Loaded home_pipe from home_pipe.joblib
2025-11-25 22:30:28,904 INFO root ✓ Loaded away_pipe from away_pipe.joblib
2025-11-25 22:30:28,956 INFO root ✓ Loaded win_pipe from win_pipe.joblib
2025-11-25 22:30:28,967 INFO models Loaded metadata from C:\Users\goku\Documents\NFL_ML_Predictions\backend\models\metadata.json
2025-11-25 22:30:28,967 INFO root Model coherence validation passed
2025-11-25 22:30:28,968 INFO root Model loading completed: {'status': 'success', 'loaded': ['home_pipe', 'away_pipe', 'win_pipe', 'metadata', 'feature_columns']}
2025-11-25 22:30:28,968 INFO history No prediction_history.json found; starting with empty history.
2025-11-25 22:30:28,968 INFO api Application initialized: {'dataset': 'loaded', 'models': {'status': 'success', 'loaded': ['home_pipe', 'away_pipe', 'win_pipe', 'metadata', 'feature_columns']}, 'history': 'loaded 0 entries'}
2025-11-25 22:33:39,211 INFO venv 2025-11-26 06:33:39.211263+00:00
2025-11-25 22:33:39,224 INFO api Schedule scope -> season=2025 week=13 via kickoff_date
2025-11-25 22:33:44,587 WARNING history Failed to record prediction history: 'PredictionHistoryEntry' object has no attribute 'pd'
2025-11-25 22:33:50,768 WARNING history Failed to record prediction history: 'PredictionHistoryEntry' object has no attribute 'pd'
2025-11-25 22:34:03,377 WARNING history Failed to record prediction history: 'PredictionHistoryEntry' object has no attribute 'pd'
2025-11-25 22:34:23,807 INFO venv 2025-11-26 06:34:23.807707+00:00
2025-11-25 22:34:23,812 INFO api Schedule scope -> season=2025 week=13 via kickoff_date
2025-11-25 22:43:55,431 INFO api 🛑 Application shutdown complete
