season,week,game_id,home_game_date,home_team,away_team,home_points_for,away_points_for,point_diff,winner,home_prior_pf_avg_3,home_prior_pa_avg_3,home_prior_win_pct_3,home_prior_away_moneyline_3,home_prior_home_moneyline_3,home_prior_spread_line_3,home_prior_total_line_3,home_prior_away_rest_3,home_prior_home_rest_3,home_prior_temp_3,home_prior_wind_3,home_prior_off_epa_per_play_3,home_prior_off_success_rate_3,home_prior_off_explosive_rate_3,home_prior_off_turnover_rate_3,home_prior_def_success_rate_allowed_3,home_prior_def_explosive_rate_allowed_3,home_prior_def_epa_per_play_3,home_prior_def_takeaway_rate_3,home_prior_pf_avg_5,home_prior_pa_avg_5,home_prior_win_pct_5,home_prior_away_moneyline_5,home_prior_home_moneyline_5,home_prior_spread_line_5,home_prior_total_line_5,home_prior_away_rest_5,home_prior_home_rest_5,home_prior_temp_5,home_prior_wind_5,home_prior_off_epa_per_play_5,home_prior_off_success_rate_5,home_prior_off_explosive_rate_5,home_prior_off_turnover_rate_5,home_prior_def_success_rate_allowed_5,home_prior_def_explosive_rate_allowed_5,home_prior_def_epa_per_play_5,home_prior_def_takeaway_rate_5,away_prior_pf_avg_3,away_prior_pa_avg_3,away_prior_win_pct_3,away_prior_away_moneyline_3,away_prior_home_moneyline_3,away_prior_spread_line_3,away_prior_total_line_3,away_prior_away_rest_3,away_prior_home_rest_3,away_prior_temp_3,away_prior_wind_3,away_prior_off_epa_per_play_3,away_prior_off_success_rate_3,away_prior_off_explosive_rate_3,away_prior_off_turnover_rate_3,away_prior_def_success_rate_allowed_3,away_prior_def_explosive_rate_allowed_3,away_prior_def_epa_per_play_3,away_prior_def_takeaway_rate_3,away_prior_pf_avg_5,away_prior_pa_avg_5,away_prior_win_pct_5,away_prior_away_moneyline_5,away_prior_home_moneyline_5,away_prior_spread_line_5,away_prior_total_line_5,away_prior_away_rest_5,away_prior_home_rest_5,away_prior_temp_5,away_prior_wind_5,away_prior_off_epa_per_play_5,away_prior_off_success_rate_5,away_prior_off_explosive_rate_5,away_prior_off_turnover_rate_5,away_prior_def_success_rate_allowed_5,away_prior_def_explosive_rate_allowed_5,away_prior_def_epa_per_play_5,away_prior_def_takeaway_rate_5,home_minus_away_pf_avg_3,home_minus_away_pa_avg_3,home_minus_away_win_pct_3,home_minus_away_away_moneyline_3,home_minus_away_home_moneyline_3,home_minus_away_spread_line_3,home_minus_away_total_line_3,home_minus_away_away_rest_3,home_minus_away_home_rest_3,home_minus_away_temp_3,home_minus_away_wind_3,home_minus_away_off_epa_per_play_3,home_minus_away_off_success_rate_3,home_minus_away_off_explosive_rate_3,home_minus_away_off_turnover_rate_3,home_minus_away_def_success_rate_allowed_3,home_minus_away_def_explosive_rate_allowed_3,home_minus_away_def_epa_per_play_3,home_minus_away_def_takeaway_rate_3,home_minus_away_pf_avg_5,home_minus_away_pa_avg_5,home_minus_away_win_pct_5,home_minus_away_away_moneyline_5,home_minus_away_home_moneyline_5,home_minus_away_spread_line_5,home_minus_away_total_line_5,home_minus_away_away_rest_5,home_minus_away_home_rest_5,home_minus_away_temp_5,home_minus_away_wind_5,home_minus_away_off_epa_per_play_5,home_minus_away_off_success_rate_5,home_minus_away_off_explosive_rate_5,home_minus_away_off_turnover_rate_5,home_minus_away_def_success_rate_allowed_5,home_minus_away_def_explosive_rate_allowed_5,home_minus_away_def_epa_per_play_5,home_minus_away_def_takeaway_rate_5,game_type,home_moneyline_prob,away_moneyline_prob,moneyline_prob_diff,home_moneyline_prob_norm,away_moneyline_prob_norm,moneyline_prob_norm_diff,spread_line,total_line,home_rest,away_rest,rest_diff,roof,surface,temp,wind,home_player_team_qb_pass_yards,home_player_team_qb_pass_tds,home_player_team_qb_completions,home_player_team_qb_attempts,home_player_team_qb_completion_pct,home_player_team_rb_rush_yards,home_player_team_rb_rush_tds,home_player_team_rb_receptions,home_player_team_rb_receiving_yards,home_player_team_wr_targets,home_player_team_wr_receptions,home_player_team_wr_receiving_yards,home_player_team_wr_receiving_tds,away_player_team_qb_pass_yards,away_player_team_qb_pass_tds,away_player_team_qb_completions,away_player_team_qb_attempts,away_player_team_qb_completion_pct,away_player_team_rb_rush_yards,away_player_team_rb_rush_tds,away_player_team_rb_receptions,away_player_team_rb_receiving_yards,away_player_team_wr_targets,away_player_team_wr_receptions,away_player_team_wr_receiving_yards,away_player_team_wr_receiving_tds,game_date_parsed,game_day_of_week,is_weekend,is_regular_season,is_playoff,time_key,home_elo_pre,away_elo_pre,elo_diff_pre,home_qb_completion_pct,away_qb_completion_pct,home_win,home_team_ARI,home_team_ATL,home_team_BAL,home_team_BUF,home_team_CAR,home_team_CHI,home_team_CIN,home_team_CLE,home_team_DAL,home_team_DEN,home_team_DET,home_team_GB,home_team_HOU,home_team_IND,home_team_JAX,home_team_KC,home_team_LAC,home_team_LAR,home_team_LV,home_team_MIA,home_team_MIN,home_team_NE,home_team_NO,home_team_NYG,home_team_NYJ,home_team_PHI,home_team_PIT,home_team_SEA,home_team_SF,home_team_TB,home_team_TEN,home_team_WAS,away_team_ARI,away_team_ATL,away_team_BAL,away_team_BUF,away_team_CAR,away_team_CHI,away_team_CIN,away_team_CLE,away_team_DAL,away_team_DEN,away_team_DET,away_team_GB,away_team_HOU,away_team_IND,away_team_JAX,away_team_KC,away_team_LAC,away_team_LAR,away_team_LV,away_team_MIA,away_team_MIN,away_team_NE,away_team_NO,away_team_NYG,away_team_NYJ,away_team_PHI,away_team_PIT,away_team_SEA,away_team_SF,away_team_TB,away_team_TEN,away_team_WAS
2026,1,2026_01_ARI_LAC,2026-09-13,LAC,ARI,,,,,7.333333333333333,18.33333333333333,0.0,320.6666666666667,-638.6666666666666,6.5,41.16666666666666,7.0,7.666666666666667,50.5,9.0,0.0233865970667214,0.4464285714285714,0.0595238095238095,0.0225183823529411,0.5273735273735274,0.0793485793485793,-0.1229346651849691,0.0259875259875259,14.4,17.0,0.4,254.8,-459.2,5.3,43.1,6.8,7.4,50.5,9.0,0.0233865970667214,0.4464285714285715,0.0595238095238095,0.0225183823529411,0.5273735273735274,0.0793485793485793,-0.1229346651849691,0.0259875259875259,17.666666666666668,33.333333333333336,0.0,309.0,-523.6666666666666,6.333333333333333,50.16666666666666,8.0,6.666666666666667,65.0,9.0,0.1173949707569916,0.5111111111111111,0.0777777777777777,0.0135135135135135,0.5657894736842105,0.0789473684210526,-0.1643739870092442,0.0131578947368421,18.0,37.0,0.0,176.4,-363.2,4.0,48.5,7.6,6.8,65.0,9.0,0.0162748594916824,0.4499518999518999,0.0412578162578162,0.0282508472955502,0.493474540008558,0.0710312366281557,-0.0664560829208974,0.0165810868635002,-10.333333333333336,-15.000000000000004,0.0,11.666666666666686,-115.0,0.1666666666666669,-9.0,-1.0,1.0,-14.5,0.0,,,,,,,,,-3.6,-20.0,0.4,78.4,-96.0,1.2999999999999998,-5.399999999999999,-0.7999999999999998,0.6000000000000005,-14.5,0.0,,,,,,,,,REG,0.8666666666666667,0.175438596491228,0.6912280701754386,0.8316498316498315,0.1683501683501683,0.6632996632996632,11.5,45.5,7.0,7.0,0.0,dome,matrixturf,,,,,,,,,,,,,,,,,,,,,,,,,,,,,2026-09-13,6,True,True,False,202601,1544.5953503912492,1319.761952516942,224.83339787430717,,,,False,False,False,False,False,False,False,False,False,False,False,False,False,False,False,False,True,False,False,False,False,False,False,False,False,False,False,False,False,False,False,False,True,False,False,False,False,False,False,False,False,False,False,False,False,False,False,False,False,False,False,False,False,False,False,False,False,False,False,False,False,False,False,False
2026,1,2026_01_ATL_PIT,2026-09-13,PIT,ATL,,,,,12.666666666666666,22.33333333333333,0.3333333333333333,-195.0,161.66666666666666,-4.0,38.5,7.666666666666667,7.333333333333333,34.0,8.666666666666666,0.1136779590808773,0.4266666666666667,0.0666666666666666,0.0,0.4329896907216495,0.0103092783505154,0.0803353393494785,0.0,19.0,21.2,0.6,-22.0,-23.0,-0.3,42.1,7.4,7.4,29.75,8.25,0.1136779590808773,0.4266666666666667,0.0666666666666666,0.0,0.4329896907216495,0.0103092783505154,0.0803353393494785,0.0,24.0,20.0,1.0,-119.33333333333331,73.0,-1.8333333333333333,46.833333333333336,9.333333333333334,7.0,49.5,6.5,-0.0860455756603633,0.4366071428571427,0.0544642857142857,0.0369875222816399,0.53054424287301,0.0407256571640133,-0.1171920257616024,0.0067567567567567,22.0,25.0,0.8,-97.6,44.2,-1.3,45.7,7.8,6.4,56.0,5.0,0.2066862874714405,0.5357142857142857,0.0714285714285714,0.0151515151515151,0.5405405405405406,0.054054054054054,-0.1680928117305812,0.0135135135135135,-11.333333333333334,2.333333333333332,-0.6666666666666667,-75.66666666666667,88.66666666666666,-2.166666666666667,-8.333333333333336,-1.666666666666667,0.333333333333333,,,,,,,,,,,-3.0,-3.8000000000000007,-0.2,75.6,-67.2,1.0,-3.6000000000000014,-0.3999999999999994,1.0,-26.25,3.25,,,,,,,,,REG,0.6363636363636364,0.4081632653061224,0.2282003710575139,0.6092362344582594,0.3907637655417407,0.2184724689165186,3.0,42.5,7.0,7.0,0.0,outdoors,grass,,,,,,,,,,,,,,,,,,,,,,,,,,,,,2026-09-13,6,True,True,False,202601,1556.618019066946,1445.0858892675242,111.53212979942168,,,,False,False,False,False,False,False,False,False,False,False,False,False,False,False,False,False,False,False,False,False,False,False,False,False,False,False,True,False,False,False,False,False,False,True,False,False,False,False,False,False,False,False,False,False,False,False,False,False,False,False,False,False,False,False,False,False,False,False,False,False,False,False,False,False
2026,1,2026_01_BAL_IND,2026-09-13,IND,BAL,,,,,24.666666666666668,36.333333333333336,0.0,-16.666666666666668,-55.0,0.5,44.16666666666666,7.333333333333333,7.333333333333333,56.0,8.0,0.2033921846217974,0.5362280701754386,0.0594736842105263,0.0083333333333333,0.5055555555555555,0.0510840108401084,0.0528343501358464,0.017750677506775,21.8,32.6,0.0,93.0,-210.2,2.5,43.7,7.2,7.2,56.0,8.0,0.2033921846217974,0.5362280701754387,0.0594736842105263,0.0083333333333333,0.5055555555555555,0.0510840108401084,0.0528343501358464,0.017750677506775,29.666666666666668,26.0,0.3333333333333333,16.333333333333332,-47.333333333333336,0.5,42.833333333333336,7.0,7.0,33.666666666666664,5.0,-0.2630402502313445,0.4044943820224719,0.0112359550561797,0.0384615384615384,0.4615384615384615,0.0615384615384615,0.0837621647564422,0.0153846153846153,27.0,21.0,0.4,21.4,-55.2,0.9,44.7,7.0,7.6,31.0,5.6,-0.2567607980517761,0.419989126495107,0.0217470097861544,0.0549450549450549,0.5366515837104072,0.0601809954751131,-0.1143894987025474,0.0076923076923076,-5.0,10.333333333333336,-0.3333333333333333,-33.0,-7.666666666666664,0.0,1.3333333333333286,0.333333333333333,0.333333333333333,,,,,,,,,,,-5.199999999999999,11.6,-0.4,71.6,-155.0,1.6,-1.0,0.2000000000000001,-0.3999999999999994,25.0,2.4000000000000004,,,,,,,,,REG,0.3846153846153846,0.6575342465753424,-0.2729188619599578,0.3690596562184025,0.6309403437815976,-0.2618806875631951,-3.5,49.5,7.0,7.0,0.0,,fieldturf,,,,,,,,,,,,,,,,,,,,,,,,,,,,,2026-09-13,6,True,True,False,202601,1437.679005345844,1578.0455867869105,-140.3665814410665,,,,False,False,False,False,False,False,False,False,False,False,False,False,False,True,False,False,False,False,False,False,False,False,False,False,False,False,False,False,False,False,False,False,False,False,True,False,False,False,False,False,False,False,False,False,False,False,False,False,False,False,False,False,False,False,False,False,False,False,False,False,False,False,False,False
2026,1,2026_01_BUF_HOU,2026-09-13,HOU,BUF,,,,,28.0,21.33333333333333,0.6666666666666666,131.66666666666666,-195.0,3.1666666666666665,38.833333333333336,7.0,7.666666666666667,33.5,5.5,0.3125411621615371,0.611764705882353,0.0588235294117647,0.0,0.4354838709677419,0.032258064516129,0.2504813458722078,0.0483870967741935,25.4,20.2,0.8,238.6,-460.6,5.1,39.3,6.8,7.2,33.5,5.5,0.1910082235242045,0.5131994261119082,0.0659971305595409,0.0,0.3896169354838709,0.0395665322580645,0.324162811948315,0.0320060483870967,30.666666666666668,21.666666666666668,0.6666666666666666,250.66666666666663,-347.3333333333333,5.166666666666667,45.5,6.666666666666667,9.0,41.66666666666666,8.0,0.070936926377752,0.4867782819590048,0.0751056172742919,0.0290300546448087,0.5034902597402596,0.0447240259740259,-0.0205351970675527,0.0127435064935064,25.4,19.6,0.6,63.8,-157.4,1.6,44.7,7.0,8.2,37.6,9.2,0.070936926377752,0.4867782819590049,0.0751056172742919,0.0290300546448087,0.5034902597402597,0.0447240259740259,-0.0205351970675527,0.0127435064935064,-2.666666666666668,-0.3333333333333357,0.0,-119.0,152.33333333333331,-2.0000000000000004,-6.666666666666664,0.333333333333333,-1.333333333333333,-8.166666666666664,-2.5,,,,,,,,,0.0,0.5999999999999979,0.2,174.8,-303.20000000000005,3.5,-5.400000000000006,-0.2000000000000001,-0.9999999999999992,-4.100000000000001,-3.6999999999999993,,,,,,,,,REG,0.5121951219512195,0.5348837209302325,-0.0226885989790129,0.4891657638136511,0.5108342361863488,-0.0216684723726977,-1.5,45.5,7.0,7.0,0.0,,astroturf,,,,,,,,,,,,,,,,,,,,,,,,,,,,,2026-09-13,6,True,True,False,202601,1605.140838642905,1666.4029573285284,-61.26211868562336,,,,False,False,False,False,False,False,False,False,False,False,False,False,True,False,False,False,False,False,False,False,False,False,False,False,False,False,False,False,False,False,False,False,False,False,False,True,False,False,False,False,False,False,False,False,False,False,False,False,False,False,False,False,False,False,False,False,False,False,False,False,False,False,False,False
2026,1,2026_01_CHI_CAR,2026-09-13,CAR,CHI,,,,,22.5,25.0,0.0,-210.0,127.5,-3.5,44.0,6.0,6.5,70.5,13.5,0.1332610883806081,0.5101307189542484,0.0624183006535947,0.0217484008528784,0.4482496194824961,0.0413812785388127,-0.1488776359101143,0.0,19.5,24.25,0.25,-220.0,157.5,-4.125,43.75,8.0,6.75,61.25,9.25,0.1332610883806081,0.5101307189542482,0.0624183006535947,0.0217484008528784,0.4482496194824962,0.0413812785388127,-0.1488776359101143,0.0,21.33333333333333,22.0,0.3333333333333333,-63.333333333333336,34.666666666666664,-0.8333333333333334,48.833333333333336,8.0,7.0,28.0,5.333333333333333,-0.071738076800538,0.4482758620689655,0.0229885057471264,0.0142857142857142,0.5454545454545454,0.0454545454545454,0.1720169777619444,0.0606060606060606,24.8,24.8,0.4,-24.4,-43.8,0.5,48.7,7.6,6.6,34.8,5.4,0.0643561533373377,0.463863958431743,0.0457408282160289,0.0071428571428571,0.5141065830721003,0.0514629049111807,0.0882937781291842,0.0532915360501567,1.166666666666668,3.0,-0.3333333333333333,-146.66666666666666,92.83333333333334,-2.6666666666666665,-4.833333333333336,-2.0,-0.5,42.5,8.166666666666668,,,,,,,,,-5.300000000000001,-0.5500000000000007,-0.15,-195.6,201.3,-4.625,-4.950000000000003,0.4000000000000003,0.1500000000000003,26.450000000000003,3.85,,,,,,,,,REG,0.4672897196261682,0.574468085106383,-0.1071783654802148,0.448558885283451,0.551441114716549,-0.102882229433098,-2.5,44.5,7.0,7.0,0.0,outdoors,grass,,,,,,,,,,,,,,,,,,,,,,,,,,,,,2026-09-13,6,True,True,False,202601,1377.4347187735248,1514.6679180567303,-137.23319928320575,,,,False,False,False,False,True,False,False,False,False,False,False,False,False,False,False,False,False,False,False,False,False,False,False,False,False,False,False,False,False,False,False,False,False,False,False,False,False,True,False,False,False,False,False,False,False,False,False,False,False,False,False,False,False,False,False,False,False,False,False,False,False,False,False,False
2026,1,2026_01_CLE_JAX,2026-09-13,JAX,CLE,,,,,29.33333333333333,17.0,0.6666666666666666,134.0,-229.0,3.5,48.833333333333336,7.0,6.666666666666667,58.5,7.0,0.0153356282708045,0.4611408211318481,0.0447053031568306,0.0102564102564102,0.5028886944987594,0.0769198883971962,-0.0180985890872434,0.0209426777812081,34.0,18.2,0.8,244.4,-382.4,5.5,46.7,7.0,6.8,62.25,7.0,0.0373601868951885,0.4669921305741766,0.0502040221509763,0.0153846153846153,0.5201558265582655,0.0774051490514905,-0.0834070728410226,0.0060975609756097,17.666666666666668,15.666666666666666,0.6666666666666666,-143.33333333333334,46.66666666666666,-1.8333333333333333,41.5,7.0,7.0,35.666666666666664,10.0,-0.0803353393494785,0.4329896907216495,0.0103092783505154,0.0,0.4266666666666667,0.0666666666666666,-0.1136779590808773,0.0,17.0,21.8,0.4,7.0,-88.0,1.3,39.3,7.0,7.0,29.6,8.4,-0.0803353393494785,0.4329896907216495,0.0103092783505154,0.0,0.4266666666666667,0.0666666666666666,-0.1136779590808773,0.0,11.666666666666664,1.333333333333334,0.0,277.33333333333337,-275.6666666666667,5.333333333333333,7.333333333333336,0.0,-0.333333333333333,22.833333333333336,-3.0,,,,,,,,,17.0,-3.6000000000000014,0.4,237.4,-294.4,4.2,7.400000000000006,0.0,-0.2000000000000001,32.65,-1.4000000000000004,,,,,,,,,REG,0.7487437185929648,0.2941176470588235,0.4546260715341413,0.7179705215419501,0.2820294784580499,0.4359410430839002,7.0,40.5,7.0,7.0,0.0,outdoors,grass,,,,,,,,,,,,,,,,,,,,,,,,,,,,,2026-09-13,6,True,True,False,202601,1525.772439316325,1386.3667230875474,139.4057162287777,,,,False,False,False,False,False,False,False,False,False,False,False,False,False,False,True,False,False,False,False,False,False,False,False,False,False,False,False,False,False,False,False,False,False,False,False,False,False,False,False,True,False,False,False,False,False,False,False,False,False,False,False,False,False,False,False,False,False,False,False,False,False,False,False,False
2026,1,2026_01_DAL_NYG,2026-09-13,NYG,DAL,,,,,27.0,14.333333333333334,0.6666666666666666,-158.66666666666666,133.33333333333334,-2.833333333333333,44.16666666666666,8.0,7.0,39.5,13.5,0.1704750841397807,0.4712643678160919,0.0689655172413793,0.0,0.5070422535211268,0.0704225352112676,0.0323451455476589,0.028169014084507,23.4,21.0,0.4,-11.4,-24.6,0.2,45.1,7.8,8.4,34.0,11.25,0.1704750841397807,0.4712643678160919,0.0689655172413793,0.0,0.5070422535211268,0.0704225352112676,0.0323451455476589,0.028169014084507,21.33333333333333,30.33333333333333,0.3333333333333333,-188.0,132.66666666666666,-3.333333333333333,50.5,7.0,6.333333333333333,41.5,7.0,0.2172555839010818,0.4638322753090544,0.0510357500835282,0.0,0.5323529411764707,0.054141656662665,-0.0890794643672273,0.010984393757503,24.0,33.8,0.2,-37.8,-11.8,-0.2,50.9,7.0,7.2,41.5,7.0,0.2172555839010818,0.4638322753090545,0.0510357500835282,0.0,0.5323529411764705,0.054141656662665,-0.0890794643672273,0.010984393757503,5.666666666666668,-15.999999999999998,0.3333333333333333,29.333333333333343,0.6666666666666856,0.5,-6.333333333333336,1.0,0.666666666666667,-2.0,6.5,,,,,,,,,-0.6000000000000014,-12.799999999999995,0.2,26.4,-12.8,0.4,-5.799999999999997,0.7999999999999998,1.2000000000000002,-7.5,4.25,,,,,,,,,REG,0.4761904761904761,0.5652173913043478,-0.0890269151138716,0.4572564612326044,0.5427435387673957,-0.0854870775347912,-2.5,48.5,7.0,7.0,0.0,outdoors,fieldturf,,,,,,,,,,,,,,,,,,,,,,,,,,,,,2026-09-13,6,True,True,False,202601,1334.4357605851203,1479.772732868715,-145.33697228359438,,,,False,False,False,False,False,False,False,False,False,False,False,False,False,False,False,False,False,False,False,False,False,False,False,True,False,False,False,False,False,False,False,False,False,False,False,False,False,False,False,False,True,False,False,False,False,False,False,False,False,False,False,False,False,False,False,False,False,False,False,False,False,False,False,False
2026,1,2026_01_DEN_KC,2026-09-14,KC,DEN,,,,,11.333333333333334,20.0,0.0,-503.3333333333333,346.3333333333333,-6.833333333333333,37.16666666666666,7.0,6.0,51.0,8.0,0.177100982012437,0.5848780487804878,0.0560162601626016,0.0073529411764705,0.563430613460393,0.0632320825888425,-0.1144140200283527,0.0136986301369863,11.4,19.2,0.0,-224.0,112.6,-2.1,38.9,6.8,7.0,39.0,8.0,0.2266131006290179,0.56,0.0266666666666666,0.0,0.5652173913043478,0.0579710144927536,-0.0669397687631564,0.0,19.666666666666668,14.333333333333334,0.6666666666666666,265.0,-516.6666666666666,4.166666666666667,42.16666666666666,7.0,10.333333333333334,42.66666666666666,7.666666666666667,-0.1081380890186355,0.3421052631578947,0.0131578947368421,0.0161290322580645,0.3815789473684211,0.0,0.1443510336263754,0.0,19.8,18.0,0.6,-32.0,-205.0,0.5,42.1,6.4,8.4,47.5,6.5,0.0414472072862379,0.4421052631578948,0.0397349757372153,0.009441384736428,0.3921439628482971,0.025735294117647,0.1013533222154219,0.0,-8.333333333333334,5.666666666666666,-0.6666666666666666,-768.3333333333333,863.0,-11.0,-5.0,0.0,-4.333333333333334,8.333333333333336,0.333333333333333,,,,,,,,,-8.4,1.1999999999999993,-0.6,-192.0,317.6,-2.6,-3.200000000000003,0.3999999999999994,-1.4000000000000004,-8.5,1.5,,,,,,,,,REG,0.6078431372549019,0.4347826086956521,0.1730605285592497,0.5829926410466066,0.4170073589533933,0.1659852820932133,2.5,42.5,7.0,7.0,0.0,outdoors,grass,,,,,,,,,,,,,,,,,,,,,,,,,,,,,2026-09-14,0,False,True,False,202601,1568.5096461993949,1638.3025337449608,-69.79288754556592,,,,False,False,False,False,False,False,False,False,False,False,False,False,False,False,False,True,False,False,False,False,False,False,False,False,False,False,False,False,False,False,False,False,False,False,False,False,False,False,False,False,False,True,False,False,False,False,False,False,False,False,False,False,False,False,False,False,False,False,False,False,False,False,False,False
2026,1,2026_01_GB_MIN,2026-09-13,MIN,GB,,,,,18.33333333333333,8.666666666666666,1.0,-12.666666666666666,-80.33333333333333,1.0,41.5,6.333333333333333,7.0,46.0,20.0,0.0469389826747511,0.4802939676357398,0.0602936736002497,0.0184619302266361,0.4413848631239935,0.0300483091787439,0.1274910526954789,0.0222222222222222,24.0,10.4,1.0,12.4,-122.2,1.4,43.1,6.6,7.6,46.0,20.0,0.0435270003079789,0.4683544303797468,0.0759493670886076,0.0294117647058823,0.4111111111111111,0.0333333333333333,0.0080417907340721,0.0,18.0,29.33333333333333,0.0,151.66666666666666,-226.0,4.166666666666667,40.5,6.666666666666667,7.666666666666667,34.0,8.0,0.2301455305975216,0.5552380952380953,0.08,0.0135746606334841,0.5265432098765431,0.0222222222222222,-0.1624631427304749,0.0,19.2,28.8,0.0,46.2,-138.8,2.5,41.9,6.6,7.2,42.5,6.25,0.2162270759575981,0.5866666666666667,0.0933333333333333,0.0153846153846153,0.5308641975308642,0.0,-0.096469006857219,0.0,0.3333333333333321,-20.666666666666664,1.0,-164.33333333333331,145.66666666666669,-3.166666666666667,1.0,-0.3333333333333339,-0.666666666666667,12.0,12.0,,,,,,,,,4.800000000000001,-18.4,1.0,-33.800000000000004,16.60000000000001,-1.1,1.2000000000000028,0.0,0.3999999999999994,3.5,13.75,,,,,,,,,REG,0.4878048780487805,0.5555555555555556,-0.0677506775067751,0.4675324675324675,0.5324675324675325,-0.064935064935065,-1.5,44.5,7.0,7.0,0.0,dome,sportturf,,,,,,,,,,,,,,,,,,,,,,,,,,,,,2026-09-13,6,True,True,False,202601,1586.6484823812723,1539.032218535977,47.61626384529541,,,,False,False,False,False,False,False,False,False,False,False,False,False,False,False,False,False,False,False,False,False,True,False,False,False,False,False,False,False,False,False,False,False,False,False,False,False,False,False,False,False,False,False,False,True,False,False,False,False,False,False,False,False,False,False,False,False,False,False,False,False,False,False,False,False
2026,1,2026_01_MIA_LV,2026-09-13,LV,MIA,,,,,15.0,23.0,0.3333333333333333,171.0,-426.3333333333333,2.6666666666666665,38.833333333333336,8.0,7.0,30.0,20.0,-0.145585810389524,0.467948717948718,0.0250156347717323,0.0229026036644165,0.4572807017543859,0.0528947368421052,-0.0133930616448703,0.0197368421052631,12.4,24.8,0.2,138.6,-383.8,2.4,38.9,7.6,6.8,30.0,20.0,-0.0681079497503636,0.4358974358974359,0.0256410256410256,0.0163934426229508,0.4078947368421052,0.0657894736842105,0.21562425894461,0.0394736842105263,17.0,33.333333333333336,0.3333333333333333,65.0,-208.33333333333331,1.6666666666666667,45.833333333333336,7.0,6.666666666666667,63.333333333333336,5.333333333333333,0.0909778147317826,0.4658119658119658,0.0528846153846153,0.025,0.4777777777777778,0.0746031746031746,-0.1211297975034635,0.017063492063492,20.0,27.6,0.4,38.4,-135.2,1.1,44.3,7.2,7.0,49.6,5.8,0.1062264599912857,0.4646111018677709,0.0400057539792579,0.0165322580645161,0.5159993326659993,0.0757984174650841,-0.1341624533881846,0.0177910052910052,-2.0,-10.333333333333336,0.0,106.0,-218.0,0.9999999999999998,-7.0,1.0,0.333333333333333,,,,,,,,,,,-7.6,-2.8000000000000007,-0.2,100.2,-248.6,1.2999999999999998,-5.399999999999999,0.3999999999999994,-0.2000000000000001,-19.6,14.2,,,,,,,,,REG,0.6363636363636364,0.4081632653061224,0.2282003710575139,0.6092362344582594,0.3907637655417407,0.2184724689165186,3.0,41.5,7.0,7.0,0.0,dome,grass,,,,,,,,,,,,,,,,,,,,,,,,,,,,,2026-09-13,6,True,True,False,202601,1310.3927345248208,1461.1041439662474,-150.71140944142667,,,,False,False,False,False,False,False,False,False,False,False,False,False,False,False,False,False,False,False,True,False,False,False,False,False,False,False,False,False,False,False,False,False,False,False,False,False,False,False,False,False,False,False,False,False,False,False,False,False,False,False,False,True,False,False,False,False,False,False,False,False,False,False,False,False
2026,1,2026_01_NE_SEA,2026-09-09,SEA,NE,,,,,33.666666666666664,15.333333333333334,1.0,42.333333333333336,-84.0,1.5,45.16666666666666,9.0,12.0,51.333333333333336,4.666666666666667,0.0392252822861889,0.4305555555555556,0.0694444444444444,0.0,0.3723404255319149,0.0319148936170212,0.0871678975031721,0.0,28.2,11.8,1.0,-65.2,23.4,-0.9,45.1,8.6,9.8,50.8,4.8,0.1144488629049143,0.4884662537101562,0.0859715036544304,0.0112994350282485,0.4547316873744645,0.0453083062265593,-0.081945762283232,0.0119047619047619,17.0,17.333333333333332,0.6666666666666666,-97.66666666666669,61.66666666666666,-1.6666666666666667,43.16666666666666,9.0,9.666666666666666,42.66666666666666,6.333333333333333,0.1355494985187377,0.4750681417348084,0.0732456843567954,0.0053763440860215,0.4900820702268357,0.0496751454579854,0.0509752693982798,0.0167430284518355,21.0,13.0,0.8,104.2,-202.6,2.5,43.9,8.2,8.6,38.4,7.0,0.0801241132837174,0.5004810004810004,0.0568382235048901,0.0080645161290322,0.4994909214322077,0.0572713388766332,-0.013008036605015,0.0251145426777532,16.666666666666664,-1.9999999999999984,0.3333333333333333,140.0,-145.66666666666666,3.166666666666667,2.0,0.0,2.333333333333334,8.666666666666671,-1.666666666666666,,,,,,,,,7.199999999999999,-1.1999999999999993,0.1999999999999999,-169.4,226.0,-3.4,1.2000000000000028,0.4000000000000003,1.200000000000001,12.4,-2.2,,,,,,,,,REG,0.6721311475409836,0.3703703703703703,0.3017607771706132,0.644729178800233,0.355270821199767,0.2894583576004659,3.5,44.5,7.0,7.0,0.0,outdoors,fieldturf,,,,,,,,,,,,,,,,,,,,,,,,,,,,,2026-09-09,2,False,True,False,202601,1696.6438276620331,1585.8241019587574,110.81972570327572,,,,False,False,False,False,False,False,False,False,False,False,False,False,False,False,False,False,False,False,False,False,False,False,False,False,False,False,False,True,False,False,False,False,False,False,False,False,False,False,False,False,False,False,False,False,False,False,False,False,False,False,False,False,False,True,False,False,False,False,False,False,False,False,False,False
2026,1,2026_01_NO_DET,2026-09-13,DET,NO,,,,,17.666666666666668,22.666666666666668,0.3333333333333333,40.0,-106.66666666666669,1.3333333333333333,49.833333333333336,6.666666666666667,6.0,33.0,4.0,0.1263258131208039,0.5513586956521739,0.0602355072463768,0.0081967213114754,0.5237500000000002,0.0320833333333333,-0.1037505790617615,0.01875,26.2,27.8,0.4,96.0,-151.4,2.6,51.9,7.4,6.4,33.0,4.0,0.0669397687631564,0.5652173913043478,0.0579710144927536,0.0,0.56,0.0266666666666666,-0.2266131006290179,0.0,26.666666666666668,17.0,0.6666666666666666,96.66666666666669,-134.33333333333334,3.1666666666666665,40.833333333333336,7.0,6.666666666666667,71.0,14.0,0.0066098958855891,0.4929577464788732,0.0422535211267605,0.0172413793103448,0.4814814814814814,0.0617283950617283,-0.0914376671834314,0.0,24.8,17.6,0.8,94.4,-140.8,2.9,41.1,8.4,6.8,72.0,10.0,-0.0180411892169067,0.4781861903126074,0.02722432153899,0.0086206896551724,0.4823137744486059,0.036482175058954,0.0595209712024943,0.0280898876404494,-9.0,5.666666666666668,-0.3333333333333333,-56.66666666666667,27.66666666666667,-1.8333333333333333,9.0,-0.333333333333333,-0.666666666666667,-38.0,-10.0,,,,,,,,,1.3999999999999986,10.2,-0.4,1.5999999999999943,-10.599999999999994,-0.2999999999999998,10.799999999999995,-1.0,-0.3999999999999994,-39.0,-6.0,,,,,,,,,REG,0.7647058823529411,0.2777777777777778,0.4869281045751633,0.7335423197492164,0.2664576802507837,0.4670846394984326,7.0,48.5,7.0,7.0,0.0,dome,fieldturf,,,,,,,,,,,,,,,,,,,,,,,,,,,,,2026-09-13,6,True,True,False,202601,1612.0619915358989,1383.345988389273,228.71600314662575,,,,False,False,False,False,False,False,False,False,False,False,True,False,False,False,False,False,False,False,False,False,False,False,False,False,False,False,False,False,False,False,False,False,False,False,False,False,False,False,False,False,False,False,False,False,False,False,False,False,False,False,False,False,False,False,True,False,False,False,False,False,False,False,False,False
2026,1,2026_01_NYJ_TEN,2026-09-13,TEN,NYJ,,,,,19.666666666666668,28.0,0.3333333333333333,73.33333333333333,-165.33333333333334,2.5,41.16666666666666,7.0,7.0,59.0,10.0,-0.21562425894461,0.4078947368421052,0.0657894736842105,0.05,0.4358974358974359,0.0256410256410256,0.0681079497503636,0.0128205128205128,22.8,30.0,0.4,198.0,-320.2,4.9,40.3,7.0,8.4,52.8,8.0,-0.21562425894461,0.4078947368421052,0.0657894736842105,0.05,0.4358974358974359,0.0256410256410256,0.0681079497503636,0.0128205128205128,8.0,35.333333333333336,0.0,-53.333333333333336,-157.66666666666666,2.1666666666666665,40.5,7.0,7.0,28.0,8.5,-0.0594506852681809,0.4407894736842105,0.0306122448979591,0.0060975609756097,0.4088575096277278,0.0370667522464698,-0.0749028953814856,0.006578947368421,10.8,37.6,0.0,73.4,-279.8,3.5,40.7,7.0,7.0,41.75,8.5,-0.1443510336263754,0.3815789473684211,0.0,0.0,0.3421052631578947,0.0131578947368421,0.1081380890186355,0.0131578947368421,11.666666666666668,-7.333333333333336,0.3333333333333333,126.66666666666666,-7.666666666666686,0.3333333333333335,0.6666666666666643,0.0,0.0,31.0,1.5,,,,,,,,,12.0,-7.600000000000001,0.4,124.6,-40.39999999999998,1.4000000000000004,-0.4000000000000057,0.0,1.4000000000000004,11.049999999999995,-0.5,,,,,,,,,REG,0.6240601503759399,0.4166666666666667,0.2073934837092731,0.5996387718242023,0.4003612281757977,0.1992775436484046,3.0,39.5,7.0,7.0,0.0,outdoors,grass,,,,,,,,,,,,,,,,,,,,,,,,,,,,,2026-09-13,6,True,True,False,202601,1280.5185423036069,1313.30455808606,-32.786015782453205,,,,False,False,False,False,False,False,False,False,False,False,False,False,False,False,False,False,False,False,False,False,False,False,False,False,False,False,False,False,False,False,True,False,False,False,False,False,False,False,False,False,False,False,False,False,False,False,False,False,False,False,False,False,False,False,False,False,True,False,False,False,False,False,False,False
2026,1,2026_01_SF_LAR,2026-09-10,LAR,SF,,,,,27.0,26.33333333333333,0.6666666666666666,-211.66666666666663,146.0,-3.6666666666666665,46.5,7.0,7.666666666666667,44.0,8.0,0.0440500580670649,0.4712643678160919,0.0560162601626016,0.014781166630615,0.4847146910301624,0.0502722323049001,-0.0180985890872434,0.0130724538619275,29.5,24.75,0.75,41.25,-228.0,0.875,47.25,7.0,7.25,44.0,8.0,0.0394644118450927,0.4703541383487271,0.0523459184269901,0.0152680652680652,0.4777742937971208,0.0484485500957048,-0.0325817460195232,0.0126582278481012,10.666666666666666,24.33333333333333,0.3333333333333333,104.0,-148.66666666666666,3.333333333333333,45.5,6.666666666666667,9.0,49.66666666666666,11.666666666666666,0.0155734617353427,0.5,0.0454545454545454,0.0285714285714285,0.5362318840579711,0.072463768115942,-0.1568073379546753,0.0,24.4,27.6,0.6,51.4,-93.2,1.8,46.9,7.2,8.2,50.5,10.0,0.0155734617353427,0.5,0.0454545454545454,0.0285714285714285,0.5362318840579711,0.072463768115942,-0.1568073379546753,0.0,16.333333333333336,2.0,0.3333333333333333,-315.66666666666663,294.66666666666663,-7.0,1.0,0.333333333333333,-1.333333333333333,-5.666666666666664,-3.666666666666666,,,,,,,,,5.100000000000001,-2.8500000000000014,0.15,-10.15,-134.8,-0.925,0.3500000000000014,-0.2000000000000001,-0.9499999999999992,-6.5,-2.0,,,,,,,,,REG,0.6078431372549019,0.4347826086956521,0.1730605285592497,0.5829926410466066,0.4170073589533933,0.1659852820932133,2.5,48.5,7.0,7.0,0.0,dome,matrixturf,,,,,,,,,,,,,,,,,,,,,,,,,,,,,2026-09-10,3,False,True,False,202601,1615.2910837085915,1583.348134919415,31.942948789176626,,,,False,False,False,False,False,False,False,False,False,False,False,False,False,False,False,False,False,True,False,False,False,False,False,False,False,False,False,False,False,False,False,False,False,False,False,False,False,False,False,False,False,False,False,False,False,False,False,False,False,False,False,False,False,False,False,False,False,False,False,False,True,False,False,False
2026,1,2026_01_TB_CIN,2026-09-13,CIN,TB,,,,,33.333333333333336,18.33333333333333,0.6666666666666666,140.0,-210.0,4.333333333333333,49.5,7.0,6.666666666666667,61.0,5.333333333333333,0.096469006857219,0.5308641975308642,0.0,0.0,0.5866666666666667,0.0933333333333333,-0.2162270759575981,0.0133333333333333,26.8,23.6,0.4,97.6,-155.8,3.3,50.9,7.6,6.8,44.8,7.0,0.096469006857219,0.5308641975308642,0.0,0.0,0.5866666666666667,0.0933333333333333,-0.2162270759575981,0.0133333333333333,17.666666666666668,19.0,0.3333333333333333,-91.66666666666669,60.0,-1.8333333333333333,44.16666666666666,7.666666666666667,6.666666666666667,70.0,7.333333333333333,0.247825374645513,0.5378527841342486,0.0822845156369183,0.0,0.5357142857142856,0.0681818181818181,-0.1295347960640677,0.0243506493506493,20.2,22.0,0.2,56.0,-104.6,1.6,43.5,6.8,6.2,67.8,6.6,0.1568073379546753,0.5362318840579711,0.072463768115942,0.0,0.5,0.0454545454545454,-0.0155734617353427,0.0227272727272727,15.666666666666668,-0.6666666666666679,0.3333333333333333,231.66666666666669,-270.0,6.166666666666666,5.333333333333336,-0.666666666666667,0.0,-9.0,-2.0,,,,,,,,,6.600000000000001,1.6000000000000014,0.2,41.6,-51.20000000000002,1.6999999999999995,7.399999999999999,0.7999999999999998,0.5999999999999996,-23.0,0.4000000000000003,,,,,,,,,REG,0.6644295302013423,0.3787878787878788,0.2856416514134635,0.6369041816941223,0.3630958183058778,0.2738083633882445,3.5,50.5,7.0,7.0,0.0,outdoors,fieldturf,,,,,,,,,,,,,,,,,,,,,,,,,,,,,2026-09-13,6,True,True,False,202601,1481.1897919754094,1470.1517775866828,11.038014388726651,,,,False,False,False,False,False,False,True,False,False,False,False,False,False,False,False,False,False,False,False,False,False,False,False,False,False,False,False,False,False,False,False,False,False,False,False,False,False,False,False,False,False,False,False,False,False,False,False,False,False,False,False,False,False,False,False,False,False,False,False,False,False,True,False,False
2026,1,2026_01_WAS_PHI,2026-09-13,PHI,WAS,,,,,16.333333333333332,19.666666666666668,0.3333333333333333,169.0,-205.0,4.0,42.833333333333336,8.666666666666666,7.0,39.66666666666666,12.333333333333334,-0.0184483396664943,0.4597711267605633,0.0664612676056338,0.0169491525423728,0.4777374470659407,0.0502722323049001,-0.1165581047925637,0.0,21.8,15.4,0.6,155.4,-263.0,3.5,41.9,7.8,6.6,38.2,12.8,-0.0184483396664943,0.4597711267605633,0.0664612676056338,0.0169491525423728,0.4777374470659407,0.0502722323049001,-0.1165581047925637,0.0,21.666666666666668,25.33333333333333,0.3333333333333333,-243.33333333333331,166.66666666666666,-4.166666666666667,44.16666666666666,6.666666666666667,6.0,42.333333333333336,7.666666666666667,0.1851016847060448,0.5675675675675675,0.0945945945945946,0.0161290322580645,0.3928571428571428,0.0476190476190476,0.0816734897567089,0.0238095238095238,18.8,25.6,0.4,-144.2,49.4,-2.3,44.5,6.8,7.6,38.5,9.0,0.1916660889833809,0.5491939307728781,0.0670934091986723,0.01707225051877,0.4404761904761905,0.0595238095238095,-0.0346707496833004,0.0119047619047619,-5.333333333333336,-5.666666666666664,0.0,412.33333333333337,-371.6666666666666,8.166666666666668,-1.3333333333333286,1.9999999999999991,1.0,-2.6666666666666714,4.666666666666667,,,,,,,,,3.0,-10.2,0.1999999999999999,299.6,-312.4,5.8,-2.6000000000000014,1.0,-1.0,-0.2999999999999971,3.8000000000000007,,,,,,,,,REG,0.7041420118343196,0.3389830508474576,0.3651589609868619,0.6750312469954812,0.3249687530045188,0.3500624939909624,5.5,46.5,7.0,7.0,0.0,outdoors,grass,,,,,,,,,,,,,,,,,,,,,,,,,,,,,2026-09-13,6,True,True,False,202601,1649.9520100937982,1452.598540392987,197.35346970081127,,,,False,False,False,False,False,False,False,False,False,False,False,False,False,False,False,False,False,False,False,False,False,False,False,False,False,True,False,False,False,False,False,False,False,False,False,False,False,False,False,False,False,False,False,False,False,False,False,False,False,False,False,False,False,False,False,False,False,False,False,False,False,False,False,True
2026,2,2026_02_CAR_ATL,2026-09-20,ATL,CAR,,,,,23.0,20.5,1.0,-105.0,47.5,-1.5,46.0,9.0,7.0,56.0,5.0,0.2066862874714405,0.5357142857142857,0.0714285714285714,0.0151515151515151,0.5405405405405406,0.054054054054054,-0.1680928117305812,0.0135135135135135,25.25,22.0,1.0,-33.25,-14.75,0.125,46.0,8.0,6.25,56.0,5.0,-0.0534291529297539,0.4476979345955249,0.0563898450946643,0.0349147584441702,0.4819012901204682,0.0425350534939576,0.0448360774173552,0.0198891198891198,31.0,34.0,0.0,-550.0,410.0,-10.0,44.5,6.0,7.0,72.0,16.0,0.1527092656444412,0.5647058823529412,0.0470588235294117,0.0149253731343283,0.4520547945205479,0.0410958904109589,-0.1765672880205567,0.0,18.33333333333333,25.666666666666668,0.0,-241.66666666666663,166.66666666666666,-4.5,43.5,7.333333333333333,6.666666666666667,61.333333333333336,9.666666666666666,0.1527092656444412,0.5647058823529412,0.0470588235294117,0.0149253731343283,0.4520547945205479,0.0410958904109589,-0.1765672880205567,0.0,-8.0,-13.5,1.0,445.0,-362.5,8.5,1.5,3.0,0.0,,,,,,,,,,,6.916666666666668,-3.666666666666668,1.0,208.41666666666663,-181.41666666666663,4.625,2.5,0.666666666666667,-0.4166666666666669,-5.333333333333336,-4.666666666666666,,,,,,,,,REG,0.5454545454545454,0.5,0.0454545454545454,0.5217391304347826,0.4782608695652174,0.0434782608695651,1.5,43.5,7.0,7.0,0.0,,fieldturf,,,,,,,,,,,,,,,,,,,,,,,,,,,,,2026-09-20,6,True,True,False,202602,1445.0858892675242,1377.4347187735248,67.65117049399942,,,,False,True,False,False,False,False,False,False,False,False,False,False,False,False,False,False,False,False,False,False,False,False,False,False,False,False,False,False,False,False,False,False,False,False,False,False,True,False,False,False,False,False,False,False,False,False,False,False,False,False,False,False,False,False,False,False,False,False,False,False,False,False,False,False
2026,2,2026_02_CIN_HOU,2026-09-20,HOU,CIN,,,,,23.0,17.0,0.5,-2.5,-25.0,0.0,39.5,7.0,7.5,33.5,5.5,0.3125411621615371,0.611764705882353,0.0588235294117647,0.0,0.4354838709677419,0.032258064516129,0.2504813458722078,0.0483870967741935,26.0,20.0,0.75,73.25,-175.75,2.75,39.25,6.75,7.25,33.5,5.5,0.1910082235242045,0.5131994261119082,0.0659971305595409,0.0,0.3896169354838709,0.0395665322580645,0.324162811948315,0.0320060483870967,27.5,17.0,0.5,312.5,-400.0,8.25,50.0,7.0,7.0,51.0,4.5,-0.2291247971344692,0.4010620915032679,0.0218464052287581,0.0456876456876456,0.5125000000000001,0.0659812316208268,-0.1323834596187633,0.0077127659574468,25.0,19.75,0.5,64.5,-123.5,2.625,50.0,7.0,6.75,48.25,5.75,0.038678532175862,0.5091820987654321,0.01875,0.023076923076923,0.5620833333333333,0.0779166666666666,-0.2009694667180247,0.0129166666666666,-4.5,0.0,0.0,-315.0,375.0,-8.25,-10.5,0.0,0.5,-17.5,1.0,,,,,,,,,1.0,0.25,0.25,8.75,-52.25,0.125,-10.75,-0.25,0.5,-14.75,-0.25,,,,,,,,,REG,0.574468085106383,0.4672897196261682,0.1071783654802148,0.551441114716549,0.448558885283451,0.102882229433098,2.5,46.5,7.0,7.0,0.0,,astroturf,,,,,,,,,,,,,,,,,,,,,,,,,,,,,2026-09-20,6,True,True,False,202602,1605.140838642905,1481.1897919754094,123.95104666749558,,,,False,False,False,False,False,False,False,False,False,False,False,False,True,False,False,False,False,False,False,False,False,False,False,False,False,False,False,False,False,False,False,False,False,False,False,False,False,False,True,False,False,False,False,False,False,False,False,False,False,False,False,False,False,False,False,False,False,False,False,False,False,False,False,False
2026,2,2026_02_CLE_TB,2026-09-20,TB,CLE,,,,,16.5,17.0,0.5,-60.0,25.0,-1.25,44.0,6.5,6.5,74.5,7.0,0.1568073379546753,0.5362318840579711,0.072463768115942,0.0,0.5,0.0454545454545454,-0.0155734617353427,0.0227272727272727,20.25,21.5,0.25,-12.5,-24.5,0.125,44.0,6.75,6.0,66.5,6.75,0.1164786097324092,0.4896546650782632,0.0660922988141253,0.0092592592592592,0.5109890109890111,0.0582750582750582,-0.0692670183179399,0.0162337662337662,16.5,12.0,1.0,72.5,-142.5,2.5,41.5,7.0,7.0,41.0,7.0,-0.0803353393494785,0.4329896907216495,0.0103092783505154,0.0,0.4266666666666667,0.0666666666666666,-0.1136779590808773,0.0,14.0,19.5,0.5,-33.75,-58.75,0.5,40.75,7.0,7.0,28.75,9.0,-0.0803353393494785,0.4329896907216495,0.0103092783505154,0.0,0.4266666666666667,0.0666666666666666,-0.1136779590808773,0.0,0.0,5.0,-0.5,-132.5,167.5,-3.75,2.5,-0.5,-0.5,33.5,0.0,,,,,,,,,6.25,2.0,-0.25,21.25,34.25,-0.375,3.25,-0.25,-1.0,37.75,-2.25,,,,,,,,,REG,0.7041420118343196,0.3389830508474576,0.3651589609868619,0.6750312469954812,0.3249687530045188,0.3500624939909624,5.5,41.5,7.0,7.0,0.0,outdoors,grass,,,,,,,,,,,,,,,,,,,,,,,,,,,,,2026-09-20,6,True,True,False,202602,1470.1517775866828,1386.3667230875474,83.78505449913541,,,,False,False,False,False,False,False,False,False,False,False,False,False,False,False,False,False,False,False,False,False,False,False,False,False,False,False,False,False,False,True,False,False,False,False,False,False,False,False,False,True,False,False,False,False,False,False,False,False,False,False,False,False,False,False,False,False,False,False,False,False,False,False,False,False
2026,2,2026_02_DET_BUF,2026-09-17,BUF,DET,,,,,28.5,28.5,0.5,101.0,-121.0,1.5,48.5,6.5,10.0,49.0,5.5,0.0194061773244408,0.5060240963855421,0.072289156626506,0.0416666666666666,0.5194805194805194,0.0519480519480519,-0.0688105593840034,0.0129870129870129,26.0,19.5,0.5,223.5,-303.0,4.625,45.5,7.0,8.5,40.75,7.5,0.0194061773244408,0.5060240963855421,0.072289156626506,0.0416666666666666,0.5194805194805194,0.0519480519480519,-0.0688105593840034,0.0129870129870129,14.5,19.5,0.5,-105.0,52.5,-1.75,48.5,7.0,5.5,33.0,4.0,0.0669397687631564,0.5652173913043478,0.0579710144927536,0.0,0.56,0.0266666666666666,-0.2266131006290179,0.0,21.75,27.25,0.25,80.0,-141.25,2.375,51.0,7.5,6.25,33.0,4.0,0.1263258131208039,0.551358695652174,0.0602355072463768,0.0081967213114754,0.5237499999999999,0.0320833333333333,-0.1037505790617615,0.01875,14.0,9.0,0.0,206.0,-173.5,3.25,0.0,-0.5,4.5,16.0,1.5,,,,,,,,,4.25,-7.75,0.25,143.5,-161.75,2.25,-5.5,-0.5,2.25,7.75,3.5,,,,,,,,,REG,0.6078431372549019,0.4347826086956521,0.1730605285592497,0.5829926410466066,0.4170073589533933,0.1659852820932133,3.0,52.5,4.0,4.0,0.0,outdoors,a_turf,,,,,,,,,,,,,,,,,,,,,,,,,,,,,2026-09-17,3,False,True,False,202602,1666.4029573285284,1612.0619915358989,54.340965792629504,,,,False,False,False,True,False,False,False,False,False,False,False,False,False,False,False,False,False,False,False,False,False,False,False,False,False,False,False,False,False,False,False,False,False,False,False,False,False,False,False,False,False,False,True,False,False,False,False,False,False,False,False,False,False,False,False,False,False,False,False,False,False,False,False,False
2026,2,2026_02_GB_NYJ,2026-09-20,NYJ,GB,,,,,9.0,38.5,0.0,-200.0,-87.5,0.0,41.0,7.0,7.0,28.0,8.5,-0.1443510336263754,0.3815789473684211,0.0,0.0,0.3421052631578947,0.0131578947368421,0.1081380890186355,0.0131578947368421,11.0,38.5,0.0,128.75,-380.75,5.0,40.5,7.0,7.0,42.0,9.333333333333334,-0.0150656208045137,0.4831600606454407,0.049214747627446,0.0185577942735949,0.4323890246833253,0.0384097983012995,-0.1085806690822963,0.0043859649122807,15.0,23.5,0.0,167.5,-268.0,5.0,41.5,7.0,8.0,32.0,6.0,0.2301455305975216,0.5552380952380953,0.08,0.0135746606334841,0.5265432098765431,0.0222222222222222,-0.1624631427304749,0.0,17.5,27.5,0.0,88.25,-199.0,3.5,41.75,6.5,7.25,35.0,7.333333333333333,0.2162270759575981,0.5866666666666667,0.0933333333333333,0.0153846153846153,0.5308641975308642,0.0,-0.096469006857219,0.0,-6.0,15.0,0.0,-367.5,180.5,-5.0,-0.5,0.0,-1.0,-4.0,2.5,,,,,,,,,-6.5,11.0,0.0,40.5,-181.75,1.5,-1.25,0.5,-0.25,7.0,2.000000000000001,,,,,,,,,REG,0.2985074626865671,0.7435897435897436,-0.4450822809031765,0.2864487697392581,0.7135512302607419,-0.4271024605214837,-6.5,42.5,7.0,7.0,0.0,outdoors,fieldturf,,,,,,,,,,,,,,,,,,,,,,,,,,,,,2026-09-20,6,True,True,False,202602,1313.30455808606,1539.032218535977,-225.72766044991704,,,,False,False,False,False,False,False,False,False,False,False,False,False,False,False,False,False,False,False,False,False,False,False,False,False,True,False,False,False,False,False,False,False,False,False,False,False,False,False,False,False,False,False,False,True,False,False,False,False,False,False,False,False,False,False,False,False,False,False,False,False,False,False,False,False
2026,2,2026_02_IND_KC,2026-09-20,KC,IND,,,,,12.5,17.0,0.0,-662.5,442.5,-8.5,37.0,7.0,5.5,51.0,8.0,0.177100982012437,0.5848780487804878,0.0560162601626016,0.0073529411764705,0.563430613460393,0.0632320825888425,-0.1144140200283527,0.0136986301369863,11.75,19.0,0.0,-325.0,195.25,-3.75,38.25,6.75,6.25,51.0,8.0,0.2266131006290179,0.56,0.0266666666666666,0.0,0.5652173913043478,0.0579710144927536,-0.0669397687631564,0.0,23.5,30.5,0.0,87.5,-175.0,3.0,43.0,7.0,7.0,51.0,9.0,0.1643739870092442,0.5657894736842105,0.0789473684210526,0.0166666666666666,0.5111111111111111,0.0777777777777777,-0.1173949707569916,0.0111111111111111,22.5,31.75,0.0,150.0,-291.25,3.75,43.5,7.25,7.25,51.0,9.0,0.1643739870092442,0.5657894736842105,0.0789473684210526,0.0166666666666666,0.5111111111111111,0.0777777777777777,-0.1173949707569916,0.0111111111111111,-11.0,-13.5,0.0,-750.0,617.5,-11.5,-6.0,0.0,-1.5,,,,,,,,,,,-10.75,-12.75,0.0,-475.0,486.5,-7.5,-5.25,-0.5,-1.0,0.0,-1.0,,,,,,,,,REG,0.7206703910614525,0.3225806451612903,0.3980897459001621,0.690792883054068,0.3092071169459319,0.3815857661081361,5.5,47.5,6.0,7.0,-1.0,outdoors,grass,,,,,,,,,,,,,,,,,,,,,,,,,,,,,2026-09-20,6,True,True,False,202602,1568.5096461993949,1437.679005345844,130.8306408535509,,,,False,False,False,False,False,False,False,False,False,False,False,False,False,False,False,True,False,False,False,False,False,False,False,False,False,False,False,False,False,False,False,False,False,False,False,False,False,False,False,False,False,False,False,False,False,True,False,False,False,False,False,False,False,False,False,False,False,False,False,False,False,False,False,False
2026,2,2026_02_JAX_DEN,2026-09-20,DEN,JAX,,,,,20.0,20.0,0.5,-52.5,25.0,-1.0,44.5,6.5,10.5,31.0,7.5,-0.0227484817866443,0.4131578947368421,0.0223684210526315,0.0080645161290322,0.3970394736842104,0.03125,0.0744512837058526,0.0,19.75,14.0,0.75,-76.25,-212.5,-0.25,41.0,6.25,8.75,42.66666666666666,7.666666666666667,-0.1081380890186355,0.3421052631578947,0.0131578947368421,0.0161290322580645,0.3815789473684211,0.0,0.1443510336263754,0.0,32.5,17.0,0.5,313.5,-436.0,7.0,49.0,7.0,7.0,58.5,7.0,-0.0871678975031721,0.3723404255319149,0.0319148936170212,0.0,0.4305555555555556,0.0694444444444444,-0.0392252822861889,0.0,30.5,17.75,0.75,136.75,-215.5,3.5,48.25,7.0,6.75,59.66666666666666,5.666666666666667,-0.0871678975031721,0.3723404255319149,0.0319148936170212,0.0,0.4305555555555556,0.0694444444444444,-0.0392252822861889,0.0,-12.5,3.0,0.0,-366.0,461.0,-8.0,-4.5,-0.5,3.5,-27.5,0.5,,,,,,,,,-10.75,-3.75,0.0,-213.0,3.0,-3.75,-7.25,-0.75,2.0,-17.0,2.0,,,,,,,,,REG,0.5967741935483871,0.4464285714285714,0.1503456221198156,0.5720596355604638,0.4279403644395361,0.1441192711209276,3.0,43.5,6.0,7.0,-1.0,outdoors,grass,,,,,,,,,,,,,,,,,,,,,,,,,,,,,2026-09-20,6,True,True,False,202602,1638.3025337449608,1525.772439316325,112.53009442863572,,,,False,False,False,False,False,False,False,False,False,True,False,False,False,False,False,False,False,False,False,False,False,False,False,False,False,False,False,False,False,False,False,False,False,False,False,False,False,False,False,False,False,False,False,False,False,False,True,False,False,False,False,False,False,False,False,False,False,False,False,False,False,False,False,False
2026,2,2026_02_LV_LAC,2026-09-20,LAC,LV,,,,,3.0,17.5,0.0,532.0,-899.0,9.0,41.5,7.5,8.5,50.5,9.0,0.0233865970667214,0.4464285714285714,0.0595238095238095,0.0225183823529411,0.5273735273735274,0.0793485793485793,-0.1229346651849691,0.0259875259875259,14.0,18.0,0.25,266.0,-509.5,5.25,43.5,7.0,7.5,50.5,9.0,0.0233865970667214,0.4464285714285715,0.0595238095238095,0.0225183823529411,0.5273735273735274,0.0793485793485793,-0.1229346651849691,0.0259875259875259,12.0,23.0,0.5,-193.5,160.5,-3.25,38.5,8.5,7.0,30.0,20.0,-0.0681079497503636,0.4358974358974359,0.0256410256410256,0.0163934426229508,0.4078947368421052,0.0657894736842105,0.21562425894461,0.0394736842105263,11.25,25.0,0.25,290.75,-569.75,5.125,38.5,7.75,6.75,30.0,20.0,-0.1543961995136641,0.4937839937839938,0.0318286049993367,0.0404256351473469,0.4542790885259125,0.0429259931437789,0.0149839845035991,0.0169893123613631,-9.0,-5.5,-0.5,725.5,-1059.5,12.25,3.0,-1.0,1.5,,,,,,,,,,,2.75,-7.0,0.0,-24.75,60.25,0.125,5.0,-0.75,0.75,20.5,-11.0,,,,,,,,,REG,0.8095238095238095,0.2325581395348837,0.5769656699889258,0.7768331562167907,0.2231668437832093,0.5536663124335813,8.5,42.5,7.0,7.0,0.0,dome,matrixturf,,,,,,,,,,,,,,,,,,,,,,,,,,,,,2026-09-20,6,True,True,False,202602,1544.5953503912492,1310.3927345248208,234.2026158664285,,,,False,False,False,False,False,False,False,False,False,False,False,False,False,False,False,False,True,False,False,False,False,False,False,False,False,False,False,False,False,False,False,False,False,False,False,False,False,False,False,False,False,False,False,False,False,False,False,False,False,False,True,False,False,False,False,False,False,False,False,False,False,False,False,False
2026,2,2026_02_MIA_SF,2026-09-20,SF,MIA,,,,,14.5,30.0,0.5,230.0,-285.0,6.25,44.5,7.0,10.5,46.0,13.5,0.0066181152197968,0.4925961308812992,0.043612624935768,0.0294243070362473,0.5293599082864597,0.0675190584843853,-0.0663524047708584,0.0080321285140562,18.5,27.75,0.5,120.5,-162.75,3.375,47.0,7.0,8.25,50.5,10.0,0.0661863620398527,0.5047169811320755,0.0274442538593482,0.0142857142857142,0.569320761306094,0.0844246551423083,-0.1138853516452692,0.0120481927710843,15.0,27.5,0.5,200.0,-397.5,4.25,44.5,7.0,7.0,54.5,4.5,0.0909778147317826,0.4658119658119658,0.0528846153846153,0.025,0.4777777777777778,0.0746031746031746,-0.1211297975034635,0.017063492063492,16.5,32.0,0.25,85.0,-200.0,2.0,45.0,7.25,7.0,51.75,5.75,0.1062264599912857,0.4646111018677709,0.0400057539792579,0.0165322580645161,0.5159993326659993,0.0757984174650841,-0.1341624533881846,0.0177910052910052,-0.5,2.5,0.0,30.0,112.5,2.0,0.0,0.0,3.5,-8.5,9.0,,,,,,,,,2.0,-4.25,0.25,35.5,37.25,1.375,2.0,-0.25,1.25,-1.25,4.25,,,,,,,,,REG,0.8518518518518519,0.1904761904761904,0.6613756613756614,0.817258883248731,0.182741116751269,0.6345177664974619,10.5,46.5,10.0,7.0,3.0,outdoors,grass,,,,,,,,,,,,,,,,,,,,,,,,,,,,,2026-09-20,6,True,True,False,202602,1583.348134919415,1461.1041439662474,122.24399095316768,,,,False,False,False,False,False,False,False,False,False,False,False,False,False,False,False,False,False,False,False,False,False,False,False,False,False,False,False,False,True,False,False,False,False,False,False,False,False,False,False,False,False,False,False,False,False,False,False,False,False,False,False,True,False,False,False,False,False,False,False,False,False,False,False,False
2026,2,2026_02_MIN_CHI,2026-09-20,CHI,MIN,,,,,24.0,23.5,0.5,-170.0,142.0,-3.0,47.5,7.0,7.0,25.5,6.0,0.0643561533373377,0.463863958431743,0.0457408282160289,0.0071428571428571,0.5141065830721003,0.0514629049111807,0.0882937781291842,0.0532915360501567,25.5,27.0,0.25,-5.0,-25.25,0.25,49.5,8.0,6.75,34.25,5.25,-0.071738076800538,0.4482758620689655,0.0229885057471264,0.0142857142857142,0.5454545454545454,0.0454545454545454,0.1720169777619444,0.0606060606060606,19.5,6.5,1.0,55.0,-182.5,2.75,41.5,6.0,7.0,45.0,2.0,0.0435270003079789,0.4683544303797468,0.0759493670886076,0.0294117647058823,0.4111111111111111,0.0333333333333333,0.0080417907340721,0.0,22.25,13.0,1.0,44.25,-126.5,2.125,43.0,6.5,7.75,46.0,20.0,0.0469389826747511,0.4802939676357398,0.0602936736002497,0.0184619302266361,0.4413848631239935,0.0300483091787439,0.1274910526954789,0.0222222222222222,4.5,17.0,-0.5,-225.0,324.5,-5.75,6.0,1.0,0.0,,,,,,,,,,,3.25,14.0,-0.75,-49.25,101.25,-1.875,6.5,1.5,-1.0,-11.75,-14.75,,,,,,,,,REG,0.6491228070175439,0.3937007874015748,0.255422019615969,0.6224665518611737,0.3775334481388264,0.2449331037223473,3.5,45.5,7.0,7.0,0.0,outdoors,grass,,,,,,,,,,,,,,,,,,,,,,,,,,,,,2026-09-20,6,True,True,False,202602,1514.6679180567303,1586.6484823812723,-71.980564324542,,,,False,False,False,False,False,True,False,False,False,False,False,False,False,False,False,False,False,False,False,False,False,False,False,False,False,False,False,False,False,False,False,False,False,False,False,False,False,False,False,False,False,False,False,False,False,False,False,False,False,False,False,False,True,False,False,False,False,False,False,False,False,False,False,False
2026,2,2026_02_NO_BAL,2026-09-20,BAL,NO,,,,,32.5,25.0,0.5,-52.5,21.5,-1.0,40.0,7.0,7.0,30.5,6.5,-0.1854595648790932,0.444311999823029,0.0332773492471076,0.0481242895035998,0.5130707527766352,0.0514843000137117,-0.1370565776934255,0.0051282051282051,28.25,19.5,0.5,-28.25,-1.5,-0.25,45.0,7.0,7.0,27.75,5.5,-0.2630402502313445,0.4044943820224719,0.0112359550561797,0.0384615384615384,0.4615384615384615,0.0615384615384615,0.0837621647564422,0.0153846153846153,25.5,22.5,0.5,25.0,-52.5,1.5,41.5,7.0,6.5,71.0,14.0,0.0066098958855891,0.4929577464788732,0.0422535211267605,0.0172413793103448,0.4814814814814814,0.0617283950617283,-0.0914376671834314,0.0,25.0,17.0,0.75,35.5,-69.75,1.75,41.0,8.75,6.75,71.0,14.0,-0.0180411892169067,0.4781861903126074,0.02722432153899,0.0086206896551724,0.4823137744486059,0.036482175058954,0.0595209712024943,0.0280898876404494,7.0,2.5,0.0,-77.5,74.0,-2.5,-1.5,0.0,0.5,-40.5,-7.5,,,,,,,,,3.25,2.5,-0.25,-63.75,68.25,-2.0,4.0,-1.75,0.25,-43.25,-8.5,,,,,,,,,REG,0.7894736842105263,0.2531645569620253,0.536309127248501,0.7571884984025559,0.2428115015974441,0.5143769968051117,7.5,46.5,7.0,7.0,0.0,outdoors,grass,,,,,,,,,,,,,,,,,,,,,,,,,,,,,2026-09-20,6,True,True,False,202602,1578.0455867869105,1383.345988389273,194.69959839763737,,,,False,False,True,False,False,False,False,False,False,False,False,False,False,False,False,False,False,False,False,False,False,False,False,False,False,False,False,False,False,False,False,False,False,False,False,False,False,False,False,False,False,False,False,False,False,False,False,False,False,False,False,False,False,False,True,False,False,False,False,False,False,False,False,False
2026,2,2026_02_NYG_LAR,2026-09-21,LAR,NYG,,,,,23.5,24.0,0.5,-42.5,14.0,-0.5,47.5,7.5,8.0,30.0,4.0,0.0440500580670649,0.4712643678160919,0.0560162601626016,0.014781166630615,0.4847146910301624,0.0502722323049001,-0.0180985890872434,0.0130724538619275,27.0,26.33333333333333,0.6666666666666666,-211.66666666666663,146.0,-3.6666666666666665,46.5,7.0,7.666666666666667,44.0,8.0,0.0394644118450927,0.4703541383487271,0.0523459184269901,0.0152680652680652,0.4777742937971208,0.0484485500957048,-0.0325817460195232,0.0126582278481012,34.0,13.5,1.0,-164.0,138.0,-3.0,45.5,8.5,7.0,33.0,7.0,-0.0200022627243197,0.4772052176159111,0.0401007361487795,0.0324675324675324,0.4852284438337341,0.0413088285812435,0.0375187099335308,0.0140845070422535,25.5,18.0,0.5,-88.0,63.0,-1.5,44.75,7.75,8.5,35.333333333333336,13.333333333333334,-0.0200022627243197,0.4772052176159113,0.0401007361487795,0.0324675324675324,0.4852284438337341,0.0413088285812435,0.0375187099335308,0.0140845070422535,-10.5,10.5,-0.5,121.5,-124.0,2.5,2.0,-1.0,1.0,-3.0,-3.0,,,,,,,,,1.5,8.333333333333332,0.1666666666666666,-123.66666666666666,83.0,-2.1666666666666665,1.75,-0.75,-0.833333333333333,8.666666666666664,-5.333333333333334,,,,,,,,,REG,0.797979797979798,0.2439024390243902,0.5540773589554078,0.7659021045164341,0.2340978954835658,0.5318042090328683,8.5,47.5,11.0,8.0,3.0,dome,matrixturf,,,,,,,,,,,,,,,,,,,,,,,,,,,,,2026-09-21,0,False,True,False,202602,1615.2910837085915,1334.4357605851203,280.8553231234712,,,,False,False,False,False,False,False,False,False,False,False,False,False,False,False,False,False,False,True,False,False,False,False,False,False,False,False,False,False,False,False,False,False,False,False,False,False,False,False,False,False,False,False,False,False,False,False,False,False,False,False,False,False,False,False,False,True,False,False,False,False,False,False,False,False
2026,2,2026_02_PHI_TEN,2026-09-20,TEN,PHI,,,,,16.5,37.5,0.0,202.5,-325.0,5.5,43.0,7.0,7.0,63.0,11.0,-0.21562425894461,0.4078947368421052,0.0657894736842105,0.05,0.4358974358974359,0.0256410256410256,0.0681079497503636,0.0128205128205128,20.75,30.25,0.25,205.0,-349.0,5.0,42.0,7.0,8.75,57.75,8.5,-0.21562425894461,0.4078947368421052,0.0657894736842105,0.05,0.4358974358974359,0.0256410256410256,0.0681079497503636,0.0128205128205128,18.0,23.5,0.0,182.5,-222.5,4.5,41.5,9.0,7.0,40.5,15.5,-0.0323451455476589,0.5070422535211268,0.0704225352112676,0.0338983050847457,0.4712643678160919,0.0689655172413793,-0.1704750841397807,0.0,19.5,19.25,0.5,31.75,-78.75,1.25,43.0,8.0,6.75,40.25,11.0,-0.0323451455476589,0.5070422535211268,0.0704225352112676,0.0338983050847457,0.4712643678160919,0.0689655172413793,-0.1704750841397807,0.0,-1.5,14.0,0.0,20.0,-102.5,1.0,1.5,-2.0,0.0,22.5,-4.5,,,,,,,,,1.25,11.0,-0.25,173.25,-270.25,3.75,-1.0,-1.0,2.0,17.5,-2.5,,,,,,,,,REG,0.3571428571428571,0.6855345911949685,-0.3283917340521113,0.3425247738043946,0.6574752261956054,-0.3149504523912107,-4.5,42.5,7.0,7.0,0.0,outdoors,grass,,,,,,,,,,,,,,,,,,,,,,,,,,,,,2026-09-20,6,True,True,False,202602,1280.5185423036069,1649.9520100937982,-369.43346779019134,,,,False,False,False,False,False,False,False,False,False,False,False,False,False,False,False,False,False,False,False,False,False,False,False,False,False,False,False,False,False,False,True,False,False,False,False,False,False,False,False,False,False,False,False,False,False,False,False,False,False,False,False,False,False,False,False,False,False,True,False,False,False,False,False,False
2026,2,2026_02_PIT_NE,2026-09-20,NE,PIT,,,,,11.5,18.0,0.5,-221.5,182.5,-4.0,44.5,10.5,11.0,46.5,8.5,0.0914376671834314,0.4814814814814814,0.0617283950617283,0.0,0.4929577464788732,0.0422535211267605,-0.0066098958855891,0.0140845070422535,16.75,13.75,0.75,-32.25,-3.25,-0.375,43.75,8.5,9.0,40.75,7.25,0.0914376671834314,0.4814814814814814,0.0617283950617283,0.0,0.4929577464788732,0.0422535211267605,-0.0066098958855891,0.0140845070422535,16.0,27.0,0.5,-190.0,157.5,-3.75,40.0,8.0,7.5,28.5,6.0,0.096422908139132,0.507027564649048,0.0416169366297243,0.0062893081761006,0.4705137532115547,0.0341526977969655,0.0358017003643557,0.0274063286111478,16.75,22.75,0.5,-63.75,15.0,-1.125,42.0,7.25,7.25,34.0,8.666666666666666,0.1261758206959324,0.5031884057971014,0.0550724637681159,0.0,0.452758581624561,0.0271326611532797,0.01232266378952,0.0109890109890109,-4.5,-9.0,0.0,-31.5,25.0,-0.25,4.5,2.5,3.5,18.0,2.5,,,,,,,,,0.0,-9.0,0.25,31.5,-18.25,0.75,1.75,1.25,1.75,6.75,-1.416666666666666,,,,,,,,,REG,0.696969696969697,0.3448275862068966,0.3521421107628004,0.6690070210631895,0.3309929789368104,0.3380140421263791,4.5,43.5,11.0,7.0,4.0,outdoors,fieldturf,,,,,,,,,,,,,,,,,,,,,,,,,,,,,2026-09-20,6,True,True,False,202602,1585.8241019587574,1556.618019066946,29.206082891811548,,,,False,False,False,False,False,False,False,False,False,False,False,False,False,False,False,False,False,False,False,False,False,True,False,False,False,False,False,False,False,False,False,False,False,False,False,False,False,False,False,False,False,False,False,False,False,False,False,False,False,False,False,False,False,False,False,False,False,False,True,False,False,False,False,False
2026,2,2026_02_SEA_ARI,2026-09-20,ARI,SEA,,,,,17.0,37.0,0.0,537.5,-847.5,10.75,51.0,7.0,6.5,65.0,9.0,0.0162748594916824,0.4499518999518999,0.0412578162578162,0.0282508472955503,0.493474540008558,0.0710312366281557,-0.0664560829208974,0.0165810868635002,18.25,35.0,0.0,345.5,-549.0,7.375,48.25,7.75,6.75,65.0,9.0,0.1173949707569916,0.5111111111111111,0.0777777777777777,0.0135135135135135,0.5657894736842105,0.0789473684210526,-0.1643739870092442,0.0131578947368421,30.0,20.0,1.0,-59.0,26.5,-1.0,45.5,10.5,11.0,54.0,4.5,0.1413607063394909,0.5009920634920635,0.0801767676767676,0.0169491525423728,0.4559070548712206,0.062010078387458,-0.1258377569165893,0.0,28.5,12.25,1.0,-5.25,-32.0,0.5,45.75,8.25,10.5,52.75,5.5,0.0392252822861889,0.4305555555555556,0.0694444444444444,0.0,0.3723404255319149,0.0319148936170212,0.0871678975031721,0.0,-13.0,17.0,-1.0,596.5,-874.0,11.75,5.5,-3.5,-4.5,11.0,4.5,,,,,,,,,-10.25,22.75,-1.0,350.75,-517.0,6.875,2.5,-0.5,-3.75,12.25,3.5,,,,,,,,,REG,0.2040816326530612,0.8387096774193549,-0.6346280447662936,0.1957070707070707,0.8042929292929294,-0.6085858585858587,-10.0,44.5,7.0,11.0,-4.0,,grass,,,,,,,,,,,,,,,,,,,,,,,,,,,,,2026-09-20,6,True,True,False,202602,1319.761952516942,1696.6438276620331,-376.88187514509104,,,,True,False,False,False,False,False,False,False,False,False,False,False,False,False,False,False,False,False,False,False,False,False,False,False,False,False,False,False,False,False,False,False,False,False,False,False,False,False,False,False,False,False,False,False,False,False,False,False,False,False,False,False,False,False,False,False,False,False,False,True,False,False,False,False
2026,2,2026_02_WAS_DAL,2026-09-20,DAL,WAS,,,,,23.5,28.5,0.5,-333.0,260.0,-5.75,50.5,7.0,6.0,41.5,7.0,0.1765672880205567,0.4520547945205479,0.0410958904109589,0.0,0.5647058823529412,0.0470588235294117,-0.1527092656444412,0.0117647058823529,22.5,31.25,0.25,-87.25,33.25,-1.125,49.75,7.0,7.25,41.5,7.0,0.1765672880205567,0.4520547945205479,0.0410958904109589,0.0,0.5647058823529412,0.0470588235294117,-0.1527092656444412,0.0117647058823529,23.5,23.5,0.5,-175.0,100.0,-2.75,44.5,7.0,6.0,42.5,8.0,0.1851016847060448,0.5675675675675675,0.0945945945945946,0.0161290322580645,0.3928571428571428,0.0476190476190476,0.0816734897567089,0.0238095238095238,23.5,24.25,0.5,-151.5,88.0,-2.5,44.75,6.75,7.75,38.5,9.0,0.1916660889833809,0.5491939307728781,0.0670934091986723,0.01707225051877,0.4404761904761905,0.0595238095238095,-0.0346707496833004,0.0119047619047619,0.0,5.0,0.0,-158.0,160.0,-3.0,6.0,0.0,0.0,-1.0,-1.0,,,,,,,,,-1.0,7.0,-0.25,64.25,-54.75,1.375,5.0,0.25,-0.5,3.0,-2.0,,,,,,,,,REG,0.6855345911949685,0.3571428571428571,0.3283917340521113,0.6574752261956054,0.3425247738043946,0.3149504523912107,4.5,51.5,7.0,7.0,0.0,,matrixturf,,,,,,,,,,,,,,,,,,,,,,,,,,,,,2026-09-20,6,True,True,False,202602,1479.772732868715,1452.598540392987,27.174192475727978,,,,False,False,False,False,False,False,False,False,True,False,False,False,False,False,False,False,False,False,False,False,False,False,False,False,False,False,False,False,False,False,False,False,False,False,False,False,False,False,False,False,False,False,False,False,False,False,False,False,False,False,False,False,False,False,False,False,False,False,False,False,False,False,False,True
2026,3,2026_03_ARI_SF,2026-09-27,SF,ARI,,,,,6.0,41.0,0.0,245.0,-305.0,6.5,44.5,6.0,14.0,46.0,5.0,0.0066181152197968,0.4925961308812992,0.043612624935768,0.0294243070362473,0.5293599082864597,0.0675190584843853,-0.0663524047708584,0.0080321285140562,10.666666666666666,24.33333333333333,0.3333333333333333,104.0,-148.66666666666666,3.333333333333333,45.5,6.666666666666667,9.0,49.66666666666666,11.666666666666666,0.0661863620398527,0.5047169811320755,0.0274442538593482,0.0142857142857142,0.569320761306094,0.0844246551423083,-0.1138853516452692,0.0120481927710843,20.0,37.0,0.0,800.0,-1350.0,14.5,49.5,7.0,6.0,65.0,9.0,0.1173949707569916,0.5111111111111111,0.0777777777777777,0.0135135135135135,0.5657894736842105,0.0789473684210526,-0.1643739870092442,0.0131578947368421,17.666666666666668,33.333333333333336,0.0,309.0,-523.6666666666666,6.333333333333333,50.16666666666666,8.0,6.666666666666667,65.0,9.0,0.0162748594916824,0.4499518999518999,0.0412578162578162,0.0282508472955502,0.493474540008558,0.0710312366281557,-0.0664560829208974,0.0165810868635002,-14.0,4.0,0.0,-555.0,1045.0,-8.0,-5.0,-1.0,8.0,,,,,,,,,,,-7.000000000000002,-9.000000000000004,0.3333333333333333,-205.0,375.0,-3.0,-4.666666666666664,-1.333333333333333,2.333333333333333,-15.333333333333336,2.666666666666666,,,,,,,,,REG,0.8666666666666667,0.175438596491228,0.6912280701754386,0.8316498316498315,0.1683501683501683,0.6632996632996632,11.5,46.5,7.0,7.0,0.0,outdoors,grass,,,,,,,,,,,,,,,,,,,,,,,,,,,,,2026-09-27,6,True,True,False,202603,1583.348134919415,1319.761952516942,263.586182402473,,,,False,False,False,False,False,False,False,False,False,False,False,False,False,False,False,False,False,False,False,False,False,False,False,False,False,False,False,False,True,False,False,False,True,False,False,False,False,False,False,False,False,False,False,False,False,False,False,False,False,False,False,False,False,False,False,False,False,False,False,False,False,False,False,False
2026,3,2026_03_ATL_GB,2026-09-24,GB,ATL,,,,,27.0,31.0,0.0,-135.0,114.0,-2.5,45.5,6.0,6.0,32.0,6.0,0.2162270759575981,0.5866666666666667,0.0933333333333333,0.0153846153846153,0.5308641975308642,0.0,-0.096469006857219,0.0,18.0,29.33333333333333,0.0,151.66666666666666,-226.0,4.166666666666667,40.5,6.666666666666667,7.666666666666667,34.0,8.0,0.2301455305975216,0.5552380952380952,0.0799999999999999,0.0135746606334841,0.5265432098765431,0.0222222222222222,-0.1624631427304749,0.0,19.0,17.0,1.0,170.0,-205.0,4.5,43.5,7.0,6.0,49.5,6.5,-0.0860455756603633,0.4366071428571427,0.0544642857142857,0.0369875222816399,0.53054424287301,0.0407256571640133,-0.1171920257616024,0.0067567567567567,24.0,20.0,1.0,-119.33333333333331,73.0,-1.8333333333333333,46.833333333333336,9.333333333333334,7.0,56.0,5.0,0.2066862874714405,0.5357142857142857,0.0714285714285714,0.0151515151515151,0.5405405405405406,0.054054054054054,-0.1680928117305812,0.0135135135135135,8.0,14.0,-1.0,-305.0,319.0,-7.0,2.0,-1.0,0.0,,,,,,,,,,,-6.0,9.333333333333332,-1.0,271.0,-299.0,6.0,-6.333333333333336,-2.666666666666667,0.666666666666667,,,,,,,,,,,REG,0.7894736842105263,0.2531645569620253,0.536309127248501,0.7571884984025559,0.2428115015974441,0.5143769968051117,7.5,46.5,4.0,4.0,0.0,outdoors,grass,,,,,,,,,,,,,,,,,,,,,,,,,,,,,2026-09-24,3,False,True,False,202603,1539.032218535977,1445.0858892675242,93.94632926845291,,,,False,False,False,False,False,False,False,False,False,False,False,True,False,False,False,False,False,False,False,False,False,False,False,False,False,False,False,False,False,False,False,False,False,True,False,False,False,False,False,False,False,False,False,False,False,False,False,False,False,False,False,False,False,False,False,False,False,False,False,False,False,False,False,False
2026,3,2026_03_BAL_DAL,2026-09-27,DAL,BAL,,,,,17.0,34.0,0.0,-166.0,140.0,-3.0,50.5,10.0,7.0,33.0,7.0,0.1765672880205567,0.4520547945205479,0.0410958904109589,0.0,0.5647058823529412,0.0470588235294117,-0.1527092656444412,0.0117647058823529,21.33333333333333,30.33333333333333,0.3333333333333333,-188.0,132.66666666666666,-3.333333333333333,50.5,7.0,6.333333333333333,41.5,7.0,0.1765672880205567,0.4520547945205479,0.0410958904109589,0.0,0.5647058823529412,0.0470588235294117,-0.1527092656444412,0.0117647058823529,24.0,26.0,0.0,-225.0,185.0,-4.5,41.5,8.0,7.0,25.0,3.0,-0.2630402502313445,0.4044943820224719,0.0112359550561797,0.0384615384615384,0.4615384615384615,0.0615384615384615,0.0837621647564422,0.0153846153846153,29.666666666666668,26.0,0.3333333333333333,16.333333333333332,-47.333333333333336,0.5,42.833333333333336,7.0,7.0,33.666666666666664,5.0,-0.2567607980517761,0.419989126495107,0.0217470097861544,0.0549450549450549,0.5366515837104072,0.0601809954751131,-0.1143894987025474,0.0076923076923076,-7.0,8.0,0.0,59.0,-45.0,1.5,9.0,2.0,0.0,8.0,4.0,,,,,,,,,-8.333333333333336,4.333333333333332,0.0,-204.33333333333331,180.0,-3.8333333333333335,7.666666666666664,0.0,-0.666666666666667,7.833333333333336,2.0,,,,,,,,,REG,0.4672897196261682,0.574468085106383,-0.1071783654802148,0.448558885283451,0.551441114716549,-0.102882229433098,-2.5,51.5,7.0,7.0,0.0,,matrixturf,,,,,,,,,,,,,,,,,,,,,,,,,,,,,2026-09-27,6,True,True,False,202603,1479.772732868715,1578.0455867869105,-98.27285391819557,,,,False,False,False,False,False,False,False,False,True,False,False,False,False,False,False,False,False,False,False,False,False,False,False,False,False,False,False,False,False,False,False,False,False,False,True,False,False,False,False,False,False,False,False,False,False,False,False,False,False,False,False,False,False,False,False,False,False,False,False,False,False,False,False,False
2026,3,2026_03_CAR_CLE,2026-09-27,CLE,CAR,,,,,20.0,18.0,1.0,350.0,-455.0,9.5,47.5,7.0,7.0,37.0,0.0,-0.1568038440546452,0.3821421277427031,0.0222994752124457,0.0149253731343283,0.4400070323488045,0.068372011251758,-0.0249730269571986,0.0126054852320675,17.666666666666668,15.666666666666666,0.6666666666666666,-143.33333333333334,46.66666666666666,-1.8333333333333333,41.5,7.0,7.0,35.666666666666664,10.0,-0.0441885650417753,0.4220504009163803,0.0218213058419243,0.0,0.4475105485232067,0.0713080168776371,-0.0786024796944281,0.0126582278481012,31.0,34.0,0.0,-550.0,410.0,-10.0,44.5,6.0,7.0,72.0,16.0,0.1527092656444412,0.5647058823529412,0.0470588235294117,0.0149253731343283,0.4520547945205479,0.0410958904109589,-0.1765672880205567,0.0,22.5,25.0,0.0,-210.0,127.5,-3.5,44.0,6.0,6.5,70.5,13.5,0.1527092656444412,0.5647058823529412,0.0470588235294117,0.0149253731343283,0.4520547945205479,0.0410958904109589,-0.1765672880205567,0.0,-11.0,-16.0,1.0,900.0,-865.0,19.5,3.0,1.0,0.0,-35.0,-16.0,,,,,,,,,-4.833333333333332,-9.333333333333334,0.6666666666666666,66.66666666666666,-80.83333333333334,1.6666666666666667,-2.5,1.0,0.5,-34.833333333333336,-3.5,,,,,,,,,REG,0.504950495049505,0.5412844036697247,-0.0363339086202197,0.4826358742837298,0.5173641257162701,-0.0347282514325403,-1.5,39.5,7.0,7.0,0.0,outdoors,grass,,,,,,,,,,,,,,,,,,,,,,,,,,,,,2026-09-27,6,True,True,False,202603,1386.3667230875474,1377.4347187735248,8.932004314022606,,,,False,False,False,False,False,False,False,True,False,False,False,False,False,False,False,False,False,False,False,False,False,False,False,False,False,False,False,False,False,False,False,False,False,False,False,False,True,False,False,False,False,False,False,False,False,False,False,False,False,False,False,False,False,False,False,False,False,False,False,False,False,False,False,False
2026,3,2026_03_CIN_PIT,2026-09-27,PIT,CIN,,,,,6.0,30.0,0.0,-155.0,130.0,-3.0,38.5,8.0,8.0,32.0,9.0,0.1136779590808773,0.4266666666666667,0.0666666666666666,0.0,0.4329896907216495,0.0103092783505154,0.0803353393494785,0.0,12.666666666666666,22.33333333333333,0.3333333333333333,-195.0,161.66666666666666,-4.0,38.5,7.666666666666667,7.333333333333333,34.0,8.666666666666666,0.1136779590808773,0.4266666666666667,0.0666666666666666,0.0,0.4329896907216495,0.0103092783505154,0.0803353393494785,0.0,18.0,20.0,0.0,350.0,-455.0,9.5,47.5,7.0,7.0,37.0,0.0,-0.2291247971344692,0.4010620915032679,0.0218464052287581,0.0456876456876456,0.5125000000000001,0.0659812316208268,-0.1323834596187633,0.0077127659574468,33.333333333333336,18.33333333333333,0.6666666666666666,140.0,-210.0,4.333333333333333,49.5,7.0,6.666666666666667,61.0,5.333333333333333,0.038678532175862,0.5091820987654321,0.01875,0.023076923076923,0.5620833333333333,0.0779166666666666,-0.2009694667180247,0.0129166666666666,-12.0,10.0,0.0,-505.0,585.0,-12.5,-9.0,1.0,1.0,-5.0,9.0,,,,,,,,,-20.66666666666667,4.0,-0.3333333333333333,-335.0,371.6666666666666,-8.333333333333332,-11.0,0.666666666666667,0.6666666666666661,-27.0,3.333333333333333,,,,,,,,,REG,0.5121951219512195,0.5348837209302325,-0.0226885989790129,0.4891657638136511,0.5108342361863488,-0.0216684723726977,-1.5,47.5,7.0,7.0,0.0,outdoors,grass,,,,,,,,,,,,,,,,,,,,,,,,,,,,,2026-09-27,6,True,True,False,202603,1556.618019066946,1481.1897919754094,75.42822709153643,,,,False,False,False,False,False,False,False,False,False,False,False,False,False,False,False,False,False,False,False,False,False,False,False,False,False,False,True,False,False,False,False,False,False,False,False,False,False,False,True,False,False,False,False,False,False,False,False,False,False,False,False,False,False,False,False,False,False,False,False,False,False,False,False,False
2026,3,2026_03_HOU_IND,2026-09-27,IND,HOU,,,,,30.0,38.0,0.0,400.0,-535.0,9.5,37.5,7.0,8.0,56.0,8.0,0.2033921846217974,0.5362280701754386,0.0594736842105263,0.0083333333333333,0.5055555555555555,0.0510840108401084,0.0528343501358464,0.017750677506775,24.666666666666668,36.333333333333336,0.0,-16.666666666666668,-55.0,0.5,44.16666666666666,7.333333333333333,7.333333333333333,56.0,8.0,0.2033921846217974,0.5362280701754387,0.0594736842105263,0.0083333333333333,0.5055555555555555,0.0510840108401084,0.0528343501358464,0.017750677506775,16.0,28.0,0.0,150.0,-180.0,3.0,40.5,6.0,7.0,35.0,2.0,0.0533790308502182,0.4644958199395844,0.0482174963223943,0.015625,0.3833401292738915,0.0338683248761628,0.2568214699633028,0.0250826839434577,28.0,21.33333333333333,0.6666666666666666,131.66666666666666,-195.0,3.1666666666666665,38.833333333333336,7.0,7.666666666666667,33.5,5.5,0.3125411621615371,0.611764705882353,0.0588235294117647,0.0,0.4354838709677419,0.032258064516129,0.2504813458722078,0.0483870967741935,14.0,10.0,0.0,250.0,-355.0,6.5,-3.0,1.0,1.0,,,,,,,,,,,-3.333333333333332,15.000000000000004,-0.6666666666666666,-148.33333333333331,140.0,-2.6666666666666665,5.333333333333329,0.333333333333333,-0.3333333333333339,,,,,,,,,,,REG,0.4761904761904761,0.5652173913043478,-0.0890269151138716,0.4572564612326044,0.5427435387673957,-0.0854870775347912,-1.5,45.5,7.0,7.0,0.0,,fieldturf,,,,,,,,,,,,,,,,,,,,,,,,,,,,,2026-09-27,6,True,True,False,202603,1437.679005345844,1605.140838642905,-167.46183329706105,,,,False,False,False,False,False,False,False,False,False,False,False,False,False,True,False,False,False,False,False,False,False,False,False,False,False,False,False,False,False,False,False,False,False,False,False,False,False,False,False,False,False,False,False,False,True,False,False,False,False,False,False,False,False,False,False,False,False,False,False,False,False,False,False,False
2026,3,2026_03_KC_MIA,2026-09-27,MIA,KC,,,,,10.0,38.0,0.0,650.0,-1000.0,14.0,44.5,7.0,7.0,29.0,6.0,0.0607676456638933,0.4871794871794871,0.0641025641025641,0.05,0.5,0.0714285714285714,-0.1284466838901518,0.0119047619047619,17.0,33.333333333333336,0.3333333333333333,65.0,-208.33333333333331,1.6666666666666667,45.833333333333336,7.0,6.666666666666667,63.333333333333336,5.333333333333333,0.0607676456638933,0.4871794871794871,0.0641025641025641,0.05,0.5,0.0714285714285714,-0.1284466838901518,0.0119047619047619,12.0,14.0,0.0,-225.0,185.0,-3.5,36.5,10.0,7.0,51.0,8.0,0.2266131006290179,0.56,0.0266666666666666,0.0,0.5652173913043478,0.0579710144927536,-0.0669397687631564,0.0,11.333333333333334,20.0,0.0,-503.3333333333333,346.3333333333333,-6.833333333333333,37.16666666666666,7.0,6.0,51.0,8.0,0.177100982012437,0.5848780487804878,0.0560162601626016,0.0073529411764705,0.563430613460393,0.0632320825888425,-0.1144140200283528,0.0136986301369862,-2.0,24.0,0.0,875.0,-1185.0,17.5,8.0,-3.0,0.0,,,,,,,,,,,5.666666666666666,13.333333333333336,0.3333333333333333,568.3333333333333,-554.6666666666666,8.5,8.666666666666671,0.0,0.666666666666667,12.333333333333336,-2.666666666666667,,,,,,,,,REG,0.2666666666666666,0.7752808988764045,-0.5086142322097378,0.2559309849029475,0.7440690150970525,-0.4881380301941049,-7.0,44.5,7.0,7.0,0.0,outdoors,grass,,,,,,,,,,,,,,,,,,,,,,,,,,,,,2026-09-27,6,True,True,False,202603,1461.1041439662474,1568.5096461993949,-107.40550223314744,,,,False,False,False,False,False,False,False,False,False,False,False,False,False,False,False,False,False,False,False,True,False,False,False,False,False,False,False,False,False,False,False,False,False,False,False,False,False,False,False,False,False,False,False,False,False,False,False,True,False,False,False,False,False,False,False,False,False,False,False,False,False,False,False,False
2026,3,2026_03_LAC_BUF,2026-09-27,BUF,LAC,,,,,30.0,33.0,0.0,100.0,-120.0,1.5,45.5,6.0,13.0,36.0,5.0,0.0194061773244408,0.5060240963855421,0.072289156626506,0.0416666666666666,0.5194805194805194,0.0519480519480519,-0.0688105593840034,0.0129870129870129,30.666666666666668,21.666666666666668,0.6666666666666666,250.66666666666663,-347.3333333333333,5.166666666666667,45.5,6.666666666666667,9.0,41.66666666666666,8.0,0.0194061773244408,0.5060240963855421,0.072289156626506,0.0416666666666666,0.5194805194805194,0.0519480519480519,-0.0688105593840034,0.0129870129870129,3.0,16.0,0.0,164.0,-198.0,3.5,45.5,7.0,7.0,35.0,10.0,0.1284466838901518,0.5,0.0714285714285714,0.015625,0.4871794871794871,0.0641025641025641,-0.0607676456638933,0.0384615384615384,7.333333333333333,18.33333333333333,0.0,320.6666666666667,-638.6666666666666,6.5,41.16666666666666,7.0,7.666666666666667,50.5,9.0,0.1284466838901518,0.5,0.0714285714285714,0.015625,0.4871794871794871,0.0641025641025641,-0.0607676456638933,0.0384615384615384,27.0,17.0,0.0,-64.0,78.0,-2.0,0.0,-1.0,6.0,1.0,-5.0,,,,,,,,,23.333333333333336,3.333333333333336,0.6666666666666666,-70.00000000000003,291.3333333333333,-1.333333333333333,4.333333333333336,-0.333333333333333,1.333333333333333,-8.833333333333336,-1.0,,,,,,,,,REG,0.574468085106383,0.4672897196261682,0.1071783654802148,0.551441114716549,0.448558885283451,0.102882229433098,2.5,48.5,10.0,7.0,3.0,outdoors,a_turf,,,,,,,,,,,,,,,,,,,,,,,,,,,,,2026-09-27,6,True,True,False,202603,1666.4029573285284,1544.5953503912492,121.80760693727916,,,,False,False,False,True,False,False,False,False,False,False,False,False,False,False,False,False,False,False,False,False,False,False,False,False,False,False,False,False,False,False,False,False,False,False,False,False,False,False,False,False,False,False,False,False,False,False,False,False,True,False,False,False,False,False,False,False,False,False,False,False,False,False,False,False
2026,3,2026_03_LAR_DEN,2026-09-27,DEN,LAR,,,,,7.0,10.0,0.0,-205.0,170.0,-3.5,43.5,7.0,8.0,26.0,10.0,-0.0227484817866443,0.4131578947368421,0.0223684210526315,0.0080645161290322,0.3970394736842104,0.03125,0.0744512837058526,0.0,19.666666666666668,14.333333333333334,0.6666666666666666,265.0,-516.6666666666666,4.166666666666667,42.16666666666666,7.0,10.333333333333334,42.66666666666666,7.666666666666667,-0.1081380890186355,0.3421052631578947,0.0131578947368421,0.0161290322580645,0.3815789473684211,0.0,0.1443510336263754,0.0,27.0,31.0,0.0,120.0,-142.0,2.5,45.5,7.0,8.0,41.0,2.0,0.0435270003079789,0.4772052176159111,0.0510357500835282,0.015625,0.479603772682405,0.0496751454579854,-0.0607676456638933,0.0111111111111111,27.0,26.33333333333333,0.6666666666666666,-211.66666666666663,146.0,-3.6666666666666665,46.5,7.0,7.666666666666667,44.0,8.0,0.0398563754918588,0.4802939676357398,0.0510357500835282,0.0151515151515151,0.4785789127397851,0.049859980304922,-0.0249730269571986,0.0129166666666666,-20.0,-21.0,0.0,-325.0,312.0,-6.0,-2.0,0.0,0.0,-15.0,8.0,,,,,,,,,-7.333333333333332,-11.999999999999998,0.0,476.6666666666666,-662.6666666666666,7.833333333333334,-4.333333333333336,0.0,2.666666666666667,-1.3333333333333357,-0.333333333333333,,,,,,,,,REG,0.4545454545454545,0.5867768595041323,-0.1322314049586777,0.4365079365079364,0.5634920634920635,-0.126984126984127,-2.5,45.5,7.0,6.0,1.0,outdoors,grass,,,,,,,,,,,,,,,,,,,,,,,,,,,,,2026-09-27,6,True,True,False,202603,1638.3025337449608,1615.2910837085915,23.01145003636907,,,,False,False,False,False,False,False,False,False,False,True,False,False,False,False,False,False,False,False,False,False,False,False,False,False,False,False,False,False,False,False,False,False,False,False,False,False,False,False,False,False,False,False,False,False,False,False,False,False,False,True,False,False,False,False,False,False,False,False,False,False,False,False,False,False
2026,3,2026_03_LV_NO,2026-09-27,NO,LV,,,,,17.0,19.0,0.0,170.0,-205.0,4.5,43.5,7.0,6.0,74.5,8.0,-0.0180411892169067,0.4781861903126074,0.02722432153899,0.0086206896551724,0.4823137744486059,0.036482175058954,0.0595209712024943,0.0280898876404494,26.666666666666668,17.0,0.6666666666666666,96.66666666666669,-134.33333333333334,3.1666666666666665,40.833333333333336,7.0,6.666666666666667,71.0,14.0,0.0066098958855891,0.4929577464788732,0.0422535211267605,0.0172413793103448,0.4814814814814814,0.0617283950617283,-0.0914376671834314,0.0,14.0,12.0,1.0,-225.0,185.0,-3.5,36.5,10.0,7.0,30.0,20.0,-0.0681079497503636,0.4358974358974359,0.0256410256410256,0.0163934426229508,0.4078947368421052,0.0657894736842105,0.21562425894461,0.0394736842105263,15.0,23.0,0.3333333333333333,171.0,-426.3333333333333,2.6666666666666665,38.833333333333336,8.0,7.0,30.0,20.0,-0.1543961995136641,0.4937839937839938,0.0318286049993367,0.0404256351473469,0.4542790885259125,0.0429259931437789,0.0149839845035991,0.0169893123613631,3.0,7.0,-1.0,395.0,-390.0,8.0,7.0,-3.0,-1.0,,,,,,,,,,,11.666666666666668,-6.0,0.3333333333333333,-74.33333333333333,292.0,0.5,2.0,-1.0,-0.333333333333333,,,,,,,,,,,REG,0.6296296296296297,0.4132231404958678,0.2164064891337618,0.6037569709421778,0.3962430290578221,0.2075139418843557,3.0,42.5,7.0,7.0,0.0,dome,sportturf,,,,,,,,,,,,,,,,,,,,,,,,,,,,,2026-09-27,6,True,True,False,202603,1383.345988389273,1310.3927345248208,72.95325386445234,,,,False,False,False,False,False,False,False,False,False,False,False,False,False,False,False,False,False,False,False,False,False,False,True,False,False,False,False,False,False,False,False,False,False,False,False,False,False,False,False,False,False,False,False,False,False,False,False,False,False,False,True,False,False,False,False,False,False,False,False,False,False,False,False,False
2026,3,2026_03_MIN_TB,2026-09-27,TB,MIN,,,,,16.0,14.0,1.0,130.0,-155.0,3.0,43.5,6.0,6.0,69.0,11.0,0.1568073379546753,0.5362318840579711,0.072463768115942,0.0,0.5,0.0454545454545454,-0.0155734617353427,0.0227272727272727,17.666666666666668,19.0,0.3333333333333333,-91.66666666666669,60.0,-1.8333333333333333,44.16666666666666,7.666666666666667,6.666666666666667,70.0,7.333333333333333,0.1164786097324092,0.4896546650782632,0.0660922988141253,0.0092592592592592,0.5109890109890111,0.0582750582750582,-0.0692670183179399,0.0162337662337662,16.0,3.0,1.0,470.0,-650.0,12.5,37.5,8.0,10.0,45.0,2.0,0.0435270003079789,0.4683544303797468,0.0759493670886076,0.0294117647058823,0.4111111111111111,0.0333333333333333,0.0080417907340721,0.0,18.33333333333333,8.666666666666666,1.0,-12.666666666666666,-80.33333333333333,1.0,41.5,6.333333333333333,7.0,46.0,20.0,0.0469389826747511,0.4802939676357398,0.0602936736002497,0.0184619302266361,0.4413848631239935,0.0300483091787439,0.1274910526954789,0.0222222222222222,0.0,11.0,0.0,-340.0,495.0,-9.5,6.0,-2.0,-4.0,,,,,,,,,,,-0.6666666666666643,10.333333333333334,-0.6666666666666667,-79.0,140.33333333333331,-2.833333333333333,2.6666666666666643,1.333333333333334,-0.333333333333333,24.0,-12.666666666666668,,,,,,,,,REG,0.5555555555555556,0.4878048780487805,0.0677506775067751,0.5324675324675325,0.4675324675324675,0.064935064935065,1.5,44.5,7.0,7.0,0.0,outdoors,grass,,,,,,,,,,,,,,,,,,,,,,,,,,,,,2026-09-27,6,True,True,False,202603,1470.1517775866828,1586.6484823812723,-116.49670479458972,,,,False,False,False,False,False,False,False,False,False,False,False,False,False,False,False,False,False,False,False,False,False,False,False,False,False,False,False,False,False,True,False,False,False,False,False,False,False,False,False,False,False,False,False,False,False,False,False,False,False,False,False,False,True,False,False,False,False,False,False,False,False,False,False,False
2026,3,2026_03_NE_JAX,2026-09-27,JAX,NE,,,,,24.0,27.0,0.0,102.0,-122.0,1.5,51.5,7.0,7.0,62.0,6.0,0.0153356282708045,0.4611408211318481,0.0447053031568306,0.0102564102564102,0.5028886944987594,0.0769198883971962,-0.0180985890872434,0.0209426777812081,29.33333333333333,17.0,0.6666666666666666,134.0,-229.0,3.5,48.833333333333336,7.0,6.666666666666667,58.5,7.0,0.0373601868951885,0.4669921305741766,0.0502040221509763,0.0153846153846153,0.5201558265582655,0.0774051490514905,-0.0834070728410226,0.0060975609756097,13.0,29.0,0.0,-238.0,195.0,-4.5,45.5,14.0,14.0,67.0,7.0,0.1355494985187377,0.4750681417348084,0.0732456843567954,0.0053763440860215,0.4900820702268357,0.0496751454579854,0.0509752693982798,0.0167430284518355,17.0,17.333333333333332,0.6666666666666666,-97.66666666666669,61.66666666666666,-1.6666666666666667,43.16666666666666,9.0,9.666666666666666,42.66666666666666,6.333333333333333,0.0801241132837174,0.5004810004810004,0.0568382235048901,0.0080645161290322,0.4994909214322077,0.0572713388766332,-0.013008036605015,0.0251145426777532,11.0,-2.0,0.0,340.0,-317.0,6.0,6.0,-7.0,-7.0,-5.0,-1.0,,,,,,,,,12.333333333333332,-0.3333333333333321,0.0,231.66666666666669,-290.6666666666667,5.166666666666667,5.666666666666671,-2.0,-2.999999999999999,15.833333333333336,0.666666666666667,,,,,,,,,REG,0.5412844036697247,0.504950495049505,0.0363339086202197,0.5173641257162701,0.4826358742837298,0.0347282514325403,1.5,45.5,7.0,7.0,0.0,outdoors,grass,,,,,,,,,,,,,,,,,,,,,,,,,,,,,2026-09-27,6,True,True,False,202603,1525.772439316325,1585.8241019587574,-60.05166264243235,,,,False,False,False,False,False,False,False,False,False,False,False,False,False,False,True,False,False,False,False,False,False,False,False,False,False,False,False,False,False,False,False,False,False,False,False,False,False,False,False,False,False,False,False,False,False,False,False,False,False,False,False,False,False,True,False,False,False,False,False,False,False,False,False,False
2026,3,2026_03_NYJ_DET,2026-09-27,DET,NYJ,,,,,19.0,16.0,1.0,150.0,-180.0,3.5,51.5,10.0,7.0,33.0,4.0,0.1263258131208039,0.5513586956521739,0.0602355072463768,0.0081967213114754,0.5237500000000002,0.0320833333333333,-0.1037505790617615,0.01875,17.666666666666668,22.666666666666668,0.3333333333333333,40.0,-106.66666666666669,1.3333333333333333,49.833333333333336,6.666666666666667,6.0,33.0,4.0,0.0669397687631564,0.5652173913043478,0.0579710144927536,0.0,0.56,0.0266666666666666,-0.2266131006290179,0.0,8.0,35.0,0.0,550.0,-800.0,12.5,39.5,7.0,7.0,27.0,13.0,-0.0594506852681809,0.4407894736842105,0.0306122448979591,0.0060975609756097,0.4088575096277278,0.0370667522464698,-0.0749028953814856,0.006578947368421,8.0,35.333333333333336,0.0,-53.333333333333336,-157.66666666666666,2.1666666666666665,40.5,7.0,7.0,28.0,8.5,-0.1443510336263754,0.3815789473684211,0.0,0.0,0.3421052631578947,0.0131578947368421,0.1081380890186355,0.0131578947368421,11.0,-19.0,1.0,-400.0,620.0,-9.0,12.0,3.0,0.0,6.0,-9.0,,,,,,,,,9.666666666666668,-12.666666666666668,0.3333333333333333,93.33333333333334,50.99999999999999,-0.8333333333333333,9.333333333333336,-0.333333333333333,-1.0,5.0,-4.5,,,,,,,,,REG,0.8198198198198198,0.2222222222222222,0.5975975975975976,0.7867435158501441,0.2132564841498559,0.5734870317002883,9.5,45.5,10.0,7.0,3.0,dome,fieldturf,,,,,,,,,,,,,,,,,,,,,,,,,,,,,2026-09-27,6,True,True,False,202603,1612.0619915358989,1313.30455808606,298.7574334498388,,,,False,False,False,False,False,False,False,False,False,False,True,False,False,False,False,False,False,False,False,False,False,False,False,False,False,False,False,False,False,False,False,False,False,False,False,False,False,False,False,False,False,False,False,False,False,False,False,False,False,False,False,False,False,False,False,False,True,False,False,False,False,False,False,False
2026,3,2026_03_PHI_CHI,2026-09-28,CHI,PHI,,,,,17.0,20.0,0.0,-205.0,170.0,-3.5,49.5,8.0,8.0,19.0,6.0,0.0643561533373377,0.463863958431743,0.0457408282160289,0.0071428571428571,0.5141065830721003,0.0514629049111807,0.0882937781291842,0.0532915360501567,21.33333333333333,22.0,0.3333333333333333,-63.333333333333336,34.666666666666664,-0.8333333333333334,48.833333333333336,8.0,7.0,28.0,5.333333333333333,-0.071738076800538,0.4482758620689655,0.0229885057471264,0.0142857142857142,0.5454545454545454,0.0454545454545454,0.1720169777619444,0.0606060606060606,19.0,23.0,0.0,215.0,-265.0,6.0,44.5,8.0,7.0,46.0,22.0,-0.0323451455476589,0.5070422535211268,0.0704225352112676,0.0338983050847457,0.4712643678160919,0.0689655172413793,-0.1704750841397807,0.0,16.333333333333332,19.666666666666668,0.3333333333333333,169.0,-205.0,4.0,42.833333333333336,8.666666666666666,7.0,39.66666666666666,12.333333333333334,-0.0323451455476589,0.5070422535211268,0.0704225352112676,0.0338983050847457,0.4712643678160919,0.0689655172413793,-0.1704750841397807,0.0,-2.0,-3.0,0.0,-420.0,435.0,-9.5,5.0,0.0,1.0,-27.0,-16.0,,,,,,,,,5.0,2.333333333333332,0.0,-232.33333333333331,239.66666666666663,-4.833333333333333,6.0,-0.6666666666666661,0.0,-11.666666666666664,-7.000000000000001,,,,,,,,,REG,0.5454545454545454,0.5,0.0454545454545454,0.5217391304347826,0.4782608695652174,0.0434782608695651,1.5,46.5,8.0,8.0,0.0,outdoors,grass,,,,,,,,,,,,,,,,,,,,,,,,,,,,,2026-09-28,0,False,True,False,202603,1514.6679180567303,1649.9520100937982,-135.2840920370677,,,,False,False,False,False,False,True,False,False,False,False,False,False,False,False,False,False,False,False,False,False,False,False,False,False,False,False,False,False,False,False,False,False,False,False,False,False,False,False,False,False,False,False,False,False,False,False,False,False,False,False,False,False,False,False,False,False,False,True,False,False,False,False,False,False
2026,3,2026_03_SEA_WAS,2026-09-27,WAS,SEA,,,,,24.0,17.0,1.0,150.0,-180.0,3.0,38.5,10.0,7.0,35.0,9.0,0.1916660889833809,0.5491939307728781,0.0670934091986723,0.01707225051877,0.4404761904761904,0.0595238095238095,-0.0346707496833004,0.0119047619047619,21.666666666666668,25.33333333333333,0.3333333333333333,-243.33333333333331,166.66666666666666,-4.166666666666667,44.16666666666666,6.666666666666667,6.0,42.333333333333336,7.666666666666667,0.1851016847060448,0.5675675675675675,0.0945945945945946,0.0161290322580645,0.3928571428571428,0.0476190476190476,0.0816734897567089,0.0238095238095238,29.0,13.0,1.0,-238.0,195.0,-4.5,45.5,14.0,14.0,67.0,7.0,0.1413607063394909,0.5009920634920635,0.0801767676767676,0.0169491525423728,0.4559070548712206,0.062010078387458,-0.1258377569165893,0.0,33.666666666666664,15.333333333333334,1.0,42.333333333333336,-84.0,1.5,45.16666666666666,9.0,12.0,51.333333333333336,4.666666666666667,0.0392252822861889,0.4305555555555556,0.0694444444444444,0.0,0.3723404255319149,0.0319148936170212,0.0871678975031721,0.0,-5.0,4.0,0.0,388.0,-375.0,7.5,-7.0,-4.0,-7.0,-32.0,2.0,,,,,,,,,-11.999999999999996,9.999999999999998,-0.6666666666666667,-285.6666666666667,250.66666666666663,-5.666666666666667,-1.0,-2.333333333333333,-6.0,-9.0,3.0,,,,,,,,,REG,0.3787878787878788,0.6644295302013423,-0.2856416514134635,0.3630958183058778,0.6369041816941223,-0.2738083633882445,-3.5,46.5,7.0,7.0,0.0,outdoors,grass,,,,,,,,,,,,,,,,,,,,,,,,,,,,,2026-09-27,6,True,True,False,202603,1452.598540392987,1696.6438276620331,-244.04528726904616,,,,False,False,False,False,False,False,False,False,False,False,False,False,False,False,False,False,False,False,False,False,False,False,False,False,False,False,False,False,False,False,False,True,False,False,False,False,False,False,False,False,False,False,False,False,False,False,False,False,False,False,False,False,False,False,False,False,False,False,False,True,False,False,False,False
2026,3,2026_03_TEN_NYG,2026-09-27,NYG,TEN,,,,,34.0,17.0,1.0,-166.0,140.0,-3.0,50.5,10.0,7.0,33.0,7.0,0.1704750841397807,0.4712643678160919,0.0689655172413793,0.0,0.5070422535211268,0.0704225352112676,0.0323451455476589,0.028169014084507,27.0,14.333333333333334,0.6666666666666666,-158.66666666666666,133.33333333333334,-2.833333333333333,44.16666666666666,8.0,7.0,39.5,13.5,0.1704750841397807,0.4712643678160919,0.0689655172413793,0.0,0.5070422535211268,0.0704225352112676,0.0323451455476589,0.028169014084507,7.0,41.0,0.0,525.0,-750.0,12.5,46.5,7.0,7.0,55.0,8.0,-0.1206275866134615,0.4295571245186136,0.0511874197689345,0.0470588235294117,0.4111305361305362,0.0298659673659673,0.0654200575244126,0.0177738927738927,19.666666666666668,28.0,0.3333333333333333,73.33333333333333,-165.33333333333334,2.5,41.16666666666666,7.0,7.0,59.0,10.0,-0.1797030316576704,0.4200342440774887,0.0458351871571945,0.0318560300832661,0.4585293602061894,0.0471145554987018,-0.0502950378237241,0.0088869463869463,27.0,-24.0,1.0,-691.0,890.0,-15.5,4.0,3.0,0.0,-22.0,-1.0,,,,,,,,,7.333333333333332,-13.666666666666666,0.3333333333333333,-232.0,298.6666666666667,-5.333333333333334,3.0,1.0,0.0,-19.5,3.5,,,,,,,,,REG,0.6363636363636364,0.4081632653061224,0.2282003710575139,0.6092362344582594,0.3907637655417407,0.2184724689165186,3.0,45.5,6.0,7.0,-1.0,outdoors,fieldturf,,,,,,,,,,,,,,,,,,,,,,,,,,,,,2026-09-27,6,True,True,False,202603,1334.4357605851203,1280.5185423036069,53.91721828151367,,,,False,False,False,False,False,False,False,False,False,False,False,False,False,False,False,False,False,False,False,False,False,False,False,True,False,False,False,False,False,False,False,False,False,False,False,False,False,False,False,False,False,False,False,False,False,False,False,False,False,False,False,False,False,False,False,False,False,False,False,False,False,False,True,False
2026,4,2026_04_ARI_NYG,2026-10-04,NYG,ARI,,,,,34.0,17.0,1.0,-166.0,140.0,-3.0,50.5,10.0,7.0,33.0,7.0,0.1704750841397807,0.4712643678160919,0.0689655172413793,0.0,0.5070422535211268,0.0704225352112676,0.0323451455476589,0.028169014084507,34.0,13.5,1.0,-164.0,138.0,-3.0,45.5,8.5,7.0,33.0,7.0,0.1704750841397807,0.4712643678160919,0.0689655172413793,0.0,0.5070422535211268,0.0704225352112676,0.0323451455476589,0.028169014084507,20.0,37.0,0.0,800.0,-1350.0,14.5,49.5,7.0,6.0,65.0,9.0,0.1173949707569916,0.5111111111111111,0.0777777777777777,0.0135135135135135,0.5657894736842105,0.0789473684210526,-0.1643739870092442,0.0131578947368421,17.0,37.0,0.0,537.5,-847.5,10.75,51.0,7.0,6.5,65.0,9.0,0.0162748594916824,0.4499518999518999,0.0412578162578162,0.0282508472955502,0.493474540008558,0.0710312366281557,-0.0664560829208974,0.0165810868635002,,,,,,,,,,,,,,,,,,,,17.0,-23.5,1.0,-701.5,985.5,-13.75,-5.5,1.5,0.5,-32.0,-2.0,,,,,,,,,REG,0.7647058823529411,0.2777777777777778,0.4869281045751633,0.7335423197492164,0.2664576802507837,0.4670846394984326,7.0,45.5,7.0,7.0,0.0,outdoors,fieldturf,,,,,,,,,,,,,,,,,,,,,,,,,,,,,2026-10-04,6,True,True,False,202604,1334.4357605851203,1319.761952516942,14.67380806817846,,,,False,False,False,False,False,False,False,False,False,False,False,False,False,False,False,False,False,False,False,False,False,False,False,True,False,False,False,False,False,False,False,False,True,False,False,False,False,False,False,False,False,False,False,False,False,False,False,False,False,False,False,False,False,False,False,False,False,False,False,False,False,False,False,False
2026,4,2026_04_ATL_NO,2026-10-05,NO,ATL,,,,,17.0,19.0,0.0,170.0,-205.0,4.5,43.5,7.0,6.0,74.5,8.0,-0.0180411892169067,0.4781861903126074,0.02722432153899,0.0086206896551724,0.4823137744486059,0.036482175058954,0.0595209712024943,0.0280898876404494,25.5,22.5,0.5,25.0,-52.5,1.5,41.5,7.0,6.5,71.0,14.0,0.0066098958855891,0.4929577464788732,0.0422535211267605,0.0172413793103448,0.4814814814814814,0.0617283950617283,-0.0914376671834314,0.0,19.0,17.0,1.0,170.0,-205.0,4.5,43.5,7.0,6.0,49.5,6.5,-0.0860455756603633,0.4366071428571427,0.0544642857142857,0.0369875222816399,0.53054424287301,0.0407256571640133,-0.1171920257616024,0.0067567567567567,23.0,20.5,1.0,-105.0,47.5,-1.5,46.0,9.0,7.0,56.0,5.0,0.2066862874714405,0.5357142857142857,0.0714285714285714,0.0151515151515151,0.5405405405405406,0.054054054054054,-0.1680928117305812,0.0135135135135135,,,,,,,,,,,,,,,,,,,,2.5,2.0,-0.5,130.0,-100.0,3.0,-4.5,-2.0,-0.5,,,,,,,,,,,REG,0.574468085106383,0.4672897196261682,0.1071783654802148,0.551441114716549,0.448558885283451,0.102882229433098,2.5,45.5,8.0,11.0,-3.0,dome,sportturf,,,,,,,,,,,,,,,,,,,,,,,,,,,,,2026-10-05,0,False,True,False,202604,1383.345988389273,1445.0858892675242,-61.73990087825109,,,,False,False,False,False,False,False,False,False,False,False,False,False,False,False,False,False,False,False,False,False,False,False,True,False,False,False,False,False,False,False,False,False,False,True,False,False,False,False,False,False,False,False,False,False,False,False,False,False,False,False,False,False,False,False,False,False,False,False,False,False,False,False,False,False
2026,4,2026_04_DAL_HOU,2026-10-04,HOU,DAL,,,,,23.0,17.0,0.5,-2.5,-25.0,0.0,39.5,7.0,7.5,33.5,5.5,0.3125411621615371,0.611764705882353,0.0588235294117647,0.0,0.4354838709677419,0.032258064516129,0.2504813458722078,0.0483870967741935,23.0,17.0,0.5,-2.5,-25.0,0.0,39.5,7.0,7.5,33.5,5.5,0.1910082235242045,0.5131994261119082,0.0659971305595409,0.0,0.3896169354838709,0.0395665322580645,0.324162811948315,0.0320060483870967,21.33333333333333,30.33333333333333,0.3333333333333333,-188.0,132.66666666666666,-3.333333333333333,50.5,7.0,6.333333333333333,41.5,7.0,0.2172555839010818,0.4638322753090544,0.0510357500835282,0.0,0.5323529411764707,0.054141656662665,-0.0890794643672273,0.010984393757503,23.5,28.5,0.5,-333.0,260.0,-5.75,50.5,7.0,6.0,41.5,7.0,0.2172555839010818,0.4638322753090545,0.0510357500835282,0.0,0.5323529411764705,0.054141656662665,-0.0890794643672273,0.010984393757503,,,,,,,,,,,,,,,,,,,,-0.5,-11.5,0.0,330.5,-285.0,5.75,-11.0,0.0,1.5,-8.0,-1.5,,,,,,,,,REG,0.574468085106383,0.4672897196261682,0.1071783654802148,0.551441114716549,0.448558885283451,0.102882229433098,2.5,47.5,7.0,7.0,0.0,,astroturf,,,,,,,,,,,,,,,,,,,,,,,,,,,,,2026-10-04,6,True,True,False,202604,1605.140838642905,1479.772732868715,125.3681057741901,,,,False,False,False,False,False,False,False,False,False,False,False,False,True,False,False,False,False,False,False,False,False,False,False,False,False,False,False,False,False,False,False,False,False,False,False,False,False,False,False,False,True,False,False,False,False,False,False,False,False,False,False,False,False,False,False,False,False,False,False,False,False,False,False,False
2026,4,2026_04_DEN_SF,2026-10-04,SF,DEN,,,,,6.0,41.0,0.0,245.0,-305.0,6.5,44.5,6.0,14.0,46.0,5.0,0.0066181152197968,0.4925961308812992,0.043612624935768,0.0294243070362473,0.5293599082864597,0.0675190584843853,-0.0663524047708584,0.0080321285140562,14.5,30.0,0.5,230.0,-285.0,6.25,44.5,7.0,10.5,46.0,13.5,0.0661863620398527,0.5047169811320755,0.0274442538593482,0.0142857142857142,0.569320761306094,0.0844246551423083,-0.1138853516452692,0.0120481927710843,19.666666666666668,14.333333333333334,0.6666666666666666,265.0,-516.6666666666666,4.166666666666667,42.16666666666666,7.0,10.333333333333334,42.66666666666666,7.666666666666667,-0.1081380890186355,0.3421052631578947,0.0131578947368421,0.0161290322580645,0.3815789473684211,0.0,0.1443510336263754,0.0,20.0,20.0,0.5,-52.5,25.0,-1.0,44.5,6.5,10.5,31.0,7.5,0.0414472072862379,0.4421052631578948,0.0397349757372153,0.009441384736428,0.3921439628482971,0.025735294117647,0.1013533222154219,0.0,,,,,,,,,,,,,,,,,,,,-5.5,10.0,0.0,282.5,-310.0,7.25,0.0,0.5,0.0,15.0,6.0,,,,,,,,,REG,0.574468085106383,0.4672897196261682,0.1071783654802148,0.551441114716549,0.448558885283451,0.102882229433098,2.5,46.5,7.0,7.0,0.0,outdoors,grass,,,,,,,,,,,,,,,,,,,,,,,,,,,,,2026-10-04,6,True,True,False,202604,1583.348134919415,1638.3025337449608,-54.954398825545695,,,,False,False,False,False,False,False,False,False,False,False,False,False,False,False,False,False,False,False,False,False,False,False,False,False,False,False,False,False,True,False,False,False,False,False,False,False,False,False,False,False,False,True,False,False,False,False,False,False,False,False,False,False,False,False,False,False,False,False,False,False,False,False,False,False
2026,4,2026_04_DET_CAR,2026-10-04,CAR,DET,,,,,22.5,25.0,0.0,-210.0,127.5,-3.5,44.0,6.0,6.5,70.5,13.5,0.1332610883806081,0.5101307189542484,0.0624183006535947,0.0217484008528784,0.4482496194824961,0.0413812785388127,-0.1488776359101143,0.0,31.0,34.0,0.0,-550.0,410.0,-10.0,44.5,6.0,7.0,72.0,16.0,0.1332610883806081,0.5101307189542482,0.0624183006535947,0.0217484008528784,0.4482496194824962,0.0413812785388127,-0.1488776359101143,0.0,14.5,19.5,0.5,-105.0,52.5,-1.75,48.5,7.0,5.5,33.0,4.0,0.0669397687631564,0.5652173913043478,0.0579710144927536,0.0,0.56,0.0266666666666666,-0.2266131006290179,0.0,14.5,19.5,0.5,-105.0,52.5,-1.75,48.5,7.0,5.5,33.0,4.0,0.1263258131208039,0.551358695652174,0.0602355072463768,0.0081967213114754,0.5237499999999999,0.0320833333333333,-0.1037505790617615,0.01875,,,,,,,,,,,,,,,,,,,,16.5,14.5,-0.5,-445.0,357.5,-8.25,-4.0,-1.0,1.5,39.0,12.0,,,,,,,,,REG,0.4347826086956521,0.6078431372549019,-0.1730605285592497,0.4170073589533933,0.5829926410466066,-0.1659852820932133,-3.0,47.5,7.0,7.0,0.0,outdoors,grass,,,,,,,,,,,,,,,,,,,,,,,,,,,,,2026-10-04,6,True,True,False,202604,1377.4347187735248,1612.0619915358989,-234.6272727623741,,,,False,False,False,False,True,False,False,False,False,False,False,False,False,False,False,False,False,False,False,False,False,False,False,False,False,False,False,False,False,False,False,False,False,False,False,False,False,False,False,False,False,False,True,False,False,False,False,False,False,False,False,False,False,False,False,False,False,False,False,False,False,False,False,False
2026,4,2026_04_GB_TB,2026-10-04,TB,GB,,,,,16.0,14.0,1.0,130.0,-155.0,3.0,43.5,6.0,6.0,69.0,11.0,0.1568073379546753,0.5362318840579711,0.072463768115942,0.0,0.5,0.0454545454545454,-0.0155734617353427,0.0227272727272727,16.5,17.0,0.5,-60.0,25.0,-1.25,44.0,6.5,6.5,74.5,7.0,0.1164786097324092,0.4896546650782632,0.0660922988141253,0.0092592592592592,0.5109890109890111,0.0582750582750582,-0.0692670183179399,0.0162337662337662,15.0,23.5,0.0,167.5,-268.0,5.0,41.5,7.0,8.0,32.0,6.0,0.2301455305975216,0.5552380952380953,0.08,0.0135746606334841,0.5265432098765431,0.0222222222222222,-0.1624631427304749,0.0,15.0,23.5,0.0,167.5,-268.0,5.0,41.5,7.0,8.0,32.0,6.0,0.2162270759575981,0.5866666666666667,0.0933333333333333,0.0153846153846153,0.5308641975308642,0.0,-0.096469006857219,0.0,,,,,,,,,,,,,,,,,,,,1.5,-6.5,0.5,-227.5,293.0,-6.25,2.5,-0.5,-1.5,42.5,1.0,,,,,,,,,REG,0.4878048780487805,0.5555555555555556,-0.0677506775067751,0.4675324675324675,0.5324675324675325,-0.064935064935065,-1.5,47.5,7.0,10.0,-3.0,outdoors,grass,,,,,,,,,,,,,,,,,,,,,,,,,,,,,2026-10-04,6,True,True,False,202604,1470.1517775866828,1539.032218535977,-68.88044094929433,,,,False,False,False,False,False,False,False,False,False,False,False,False,False,False,False,False,False,False,False,False,False,False,False,False,False,False,False,False,False,True,False,False,False,False,False,False,False,False,False,False,False,False,False,True,False,False,False,False,False,False,False,False,False,False,False,False,False,False,False,False,False,False,False,False
2026,4,2026_04_IND_WAS,2026-10-04,WAS,IND,,,,,24.0,17.0,1.0,150.0,-180.0,3.0,38.5,10.0,7.0,35.0,9.0,0.1916660889833809,0.5491939307728781,0.0670934091986723,0.01707225051877,0.4404761904761904,0.0595238095238095,-0.0346707496833004,0.0119047619047619,23.5,23.5,0.5,-175.0,100.0,-2.75,44.5,7.0,6.0,42.5,8.0,0.1851016847060448,0.5675675675675675,0.0945945945945946,0.0161290322580645,0.3928571428571428,0.0476190476190476,0.0816734897567089,0.0238095238095238,23.5,30.5,0.0,87.5,-175.0,3.0,43.0,7.0,7.0,51.0,9.0,0.1643739870092442,0.5657894736842105,0.0789473684210526,0.0166666666666666,0.5111111111111111,0.0777777777777777,-0.1173949707569916,0.0111111111111111,23.5,30.5,0.0,87.5,-175.0,3.0,43.0,7.0,7.0,51.0,9.0,0.1643739870092442,0.5657894736842105,0.0789473684210526,0.0166666666666666,0.5111111111111111,0.0777777777777777,-0.1173949707569916,0.0111111111111111,,,,,,,,,,,,,,,,,,,,0.0,-7.0,0.5,-262.5,275.0,-5.75,1.5,0.0,-1.0,,,,,,,,,,,REG,0.5283018867924528,0.5192307692307693,0.0090711175616835,0.5043297540699688,0.4956702459300312,0.0086595081399376,1.5,48.5,7.0,7.0,0.0,outdoors,grass,,,,,,,,,,,,,,,,,,,,,,,,,,,,,2026-10-04,6,True,True,False,202604,1452.598540392987,1437.679005345844,14.919535047142972,,,,False,False,False,False,False,False,False,False,False,False,False,False,False,False,False,False,False,False,False,False,False,False,False,False,False,False,False,False,False,False,False,True,False,False,False,False,False,False,False,False,False,False,False,False,False,True,False,False,False,False,False,False,False,False,False,False,False,False,False,False,False,False,False,False
2026,4,2026_04_JAX_CIN,2026-10-04,CIN,JAX,,,,,33.333333333333336,18.33333333333333,0.6666666666666666,140.0,-210.0,4.333333333333333,49.5,7.0,6.666666666666667,61.0,5.333333333333333,0.096469006857219,0.5308641975308642,0.0,0.0,0.5866666666666667,0.0933333333333333,-0.2162270759575981,0.0133333333333333,27.5,17.0,0.5,312.5,-400.0,8.25,50.0,7.0,7.0,51.0,4.5,0.096469006857219,0.5308641975308642,0.0,0.0,0.5866666666666667,0.0933333333333333,-0.2162270759575981,0.0133333333333333,32.5,17.0,0.5,313.5,-436.0,7.0,49.0,7.0,7.0,58.5,7.0,-0.0871678975031721,0.3723404255319149,0.0319148936170212,0.0,0.4305555555555556,0.0694444444444444,-0.0392252822861889,0.0,32.5,17.0,0.5,313.5,-436.0,7.0,49.0,7.0,7.0,58.5,7.0,-0.0871678975031721,0.3723404255319149,0.0319148936170212,0.0,0.4305555555555556,0.0694444444444444,-0.0392252822861889,0.0,,,,,,,,,,,,,,,,,,,,-5.0,0.0,0.0,-1.0,36.0,1.25,1.0,0.0,0.0,-7.5,-2.5,,,,,,,,,REG,0.5867768595041323,0.4545454545454545,0.1322314049586777,0.5634920634920635,0.4365079365079364,0.126984126984127,2.5,51.5,7.0,7.0,0.0,outdoors,fieldturf,,,,,,,,,,,,,,,,,,,,,,,,,,,,,2026-10-04,6,True,True,False,202604,1481.1897919754094,1525.772439316325,-44.58264734091563,,,,False,False,False,False,False,False,True,False,False,False,False,False,False,False,False,False,False,False,False,False,False,False,False,False,False,False,False,False,False,False,False,False,False,False,False,False,False,False,False,False,False,False,False,False,False,False,True,False,False,False,False,False,False,False,False,False,False,False,False,False,False,False,False,False
2026,4,2026_04_KC_LV,2026-10-04,LV,KC,,,,,15.0,23.0,0.3333333333333333,171.0,-426.3333333333333,2.6666666666666665,38.833333333333336,8.0,7.0,30.0,20.0,-0.145585810389524,0.467948717948718,0.0250156347717323,0.0229026036644165,0.4572807017543859,0.0528947368421052,-0.0133930616448703,0.0197368421052631,12.0,23.0,0.5,-193.5,160.5,-3.25,38.5,8.5,7.0,30.0,20.0,-0.0681079497503636,0.4358974358974359,0.0256410256410256,0.0163934426229508,0.4078947368421052,0.0657894736842105,0.21562425894461,0.0394736842105263,12.0,14.0,0.0,-225.0,185.0,-3.5,36.5,10.0,7.0,51.0,8.0,0.2266131006290179,0.56,0.0266666666666666,0.0,0.5652173913043478,0.0579710144927536,-0.0669397687631564,0.0,12.5,17.0,0.0,-662.5,442.5,-8.5,37.0,7.0,5.5,51.0,8.0,0.177100982012437,0.5848780487804878,0.0560162601626016,0.0073529411764705,0.563430613460393,0.0632320825888425,-0.1144140200283528,0.0136986301369862,,,,,,,,,,,,,,,,,,,,-0.5,6.0,0.5,469.0,-282.0,5.25,1.5,1.5,1.5,,,,,,,,,,,REG,0.3278688524590163,0.7142857142857143,-0.3864168618266979,0.3146067415730336,0.6853932584269663,-0.3707865168539326,-5.5,43.5,7.0,7.0,0.0,dome,grass,,,,,,,,,,,,,,,,,,,,,,,,,,,,,2026-10-04,6,True,True,False,202604,1310.3927345248208,1568.5096461993949,-258.1169116745741,,,,False,False,False,False,False,False,False,False,False,False,False,False,False,False,False,False,False,False,True,False,False,False,False,False,False,False,False,False,False,False,False,False,False,False,False,False,False,False,False,False,False,False,False,False,False,False,False,True,False,False,False,False,False,False,False,False,False,False,False,False,False,False,False,False
2026,4,2026_04_LAC_SEA,2026-10-04,SEA,LAC,,,,,33.666666666666664,15.333333333333334,1.0,42.333333333333336,-84.0,1.5,45.16666666666666,9.0,12.0,51.333333333333336,4.666666666666667,0.0392252822861889,0.4305555555555556,0.0694444444444444,0.0,0.3723404255319149,0.0319148936170212,0.0871678975031721,0.0,30.0,20.0,1.0,-59.0,26.5,-1.0,45.5,10.5,11.0,54.0,4.5,0.1144488629049143,0.4884662537101562,0.0859715036544304,0.0112994350282485,0.4547316873744645,0.0453083062265593,-0.081945762283232,0.0119047619047619,3.0,16.0,0.0,164.0,-198.0,3.5,45.5,7.0,7.0,35.0,10.0,0.1284466838901518,0.5,0.0714285714285714,0.015625,0.4871794871794871,0.0641025641025641,-0.0607676456638933,0.0384615384615384,3.0,17.5,0.0,532.0,-899.0,9.0,41.5,7.5,8.5,50.5,9.0,0.1284466838901518,0.5,0.0714285714285714,0.015625,0.4871794871794871,0.0641025641025641,-0.0607676456638933,0.0384615384615384,,,,,,,,,,,,,,,,,,,,27.0,2.5,1.0,-591.0,925.5,-10.0,4.0,3.0,2.5,3.5,-4.5,,,,,,,,,REG,0.6183206106870229,0.423728813559322,0.1945917971277009,0.593369754159424,0.4066302458405761,0.1867395083188478,3.0,45.5,7.0,7.0,0.0,outdoors,fieldturf,,,,,,,,,,,,,,,,,,,,,,,,,,,,,2026-10-04,6,True,True,False,202604,1696.6438276620331,1544.5953503912492,152.0484772707839,,,,False,False,False,False,False,False,False,False,False,False,False,False,False,False,False,False,False,False,False,False,False,False,False,False,False,False,False,True,False,False,False,False,False,False,False,False,False,False,False,False,False,False,False,False,False,False,False,False,True,False,False,False,False,False,False,False,False,False,False,False,False,False,False,False
2026,4,2026_04_LAR_PHI,2026-10-04,PHI,LAR,,,,,16.333333333333332,19.666666666666668,0.3333333333333333,169.0,-205.0,4.0,42.833333333333336,8.666666666666666,7.0,39.66666666666666,12.333333333333334,-0.0184483396664943,0.4597711267605633,0.0664612676056338,0.0169491525423728,0.4777374470659407,0.0502722323049001,-0.1165581047925637,0.0,18.0,23.5,0.0,182.5,-222.5,4.5,41.5,9.0,7.0,40.5,15.5,-0.0184483396664943,0.4597711267605633,0.0664612676056338,0.0169491525423728,0.4777374470659407,0.0502722323049001,-0.1165581047925637,0.0,27.0,31.0,0.0,120.0,-142.0,2.5,45.5,7.0,8.0,41.0,2.0,0.0435270003079789,0.4772052176159111,0.0510357500835282,0.015625,0.479603772682405,0.0496751454579854,-0.0607676456638933,0.0111111111111111,23.5,24.0,0.5,-42.5,14.0,-0.5,47.5,7.5,8.0,30.0,4.0,0.0398563754918588,0.4802939676357398,0.0510357500835282,0.0151515151515151,0.4785789127397851,0.049859980304922,-0.0249730269571986,0.0129166666666666,,,,,,,,,,,,,,,,,,,,-5.5,-0.5,-0.5,225.0,-236.5,5.0,-6.0,1.5,-1.0,10.5,11.5,,,,,,,,,REG,0.504950495049505,0.5412844036697247,-0.0363339086202197,0.4826358742837298,0.5173641257162701,-0.0347282514325403,-1.5,47.5,6.0,7.0,-1.0,outdoors,grass,,,,,,,,,,,,,,,,,,,,,,,,,,,,,2026-10-04,6,True,True,False,202604,1649.9520100937982,1615.2910837085915,34.660926385206494,,,,False,False,False,False,False,False,False,False,False,False,False,False,False,False,False,False,False,False,False,False,False,False,False,False,False,True,False,False,False,False,False,False,False,False,False,False,False,False,False,False,False,False,False,False,False,False,False,False,False,True,False,False,False,False,False,False,False,False,False,False,False,False,False,False
2026,4,2026_04_MIA_MIN,2026-10-04,MIN,MIA,,,,,18.33333333333333,8.666666666666666,1.0,-12.666666666666666,-80.33333333333333,1.0,41.5,6.333333333333333,7.0,46.0,20.0,0.0469389826747511,0.4802939676357398,0.0602936736002497,0.0184619302266361,0.4413848631239935,0.0300483091787439,0.1274910526954789,0.0222222222222222,19.5,6.5,1.0,55.0,-182.5,2.75,41.5,6.0,7.0,46.0,20.0,0.0435270003079789,0.4683544303797468,0.0759493670886076,0.0294117647058823,0.4111111111111111,0.0333333333333333,0.0080417907340721,0.0,15.0,27.5,0.5,200.0,-397.5,4.25,44.5,7.0,7.0,54.5,4.5,0.0909778147317826,0.4658119658119658,0.0528846153846153,0.025,0.4777777777777778,0.0746031746031746,-0.1211297975034635,0.017063492063492,15.0,27.5,0.5,200.0,-397.5,4.25,44.5,7.0,7.0,54.5,4.5,0.1062264599912857,0.4646111018677709,0.0400057539792579,0.0165322580645161,0.5159993326659993,0.0757984174650841,-0.1341624533881846,0.0177910052910052,,,,,,,,,,,,,,,,,,,,4.5,-21.0,0.5,-145.0,215.0,-1.5,-3.0,-1.0,0.0,,,,,,,,,,,REG,0.7916666666666666,0.25,0.5416666666666666,0.7600000000000001,0.24,0.52,7.5,43.5,7.0,7.0,0.0,dome,sportturf,,,,,,,,,,,,,,,,,,,,,,,,,,,,,2026-10-04,6,True,True,False,202604,1586.6484823812723,1461.1041439662474,125.5443384150251,,,,False,False,False,False,False,False,False,False,False,False,False,False,False,False,False,False,False,False,False,False,True,False,False,False,False,False,False,False,False,False,False,False,False,False,False,False,False,False,False,False,False,False,False,False,False,False,False,False,False,False,False,True,False,False,False,False,False,False,False,False,False,False,False,False
2026,4,2026_04_NE_BUF,2026-10-04,BUF,NE,,,,,30.0,33.0,0.0,100.0,-120.0,1.5,45.5,6.0,13.0,36.0,5.0,0.0194061773244408,0.5060240963855421,0.072289156626506,0.0416666666666666,0.5194805194805194,0.0519480519480519,-0.0688105593840034,0.0129870129870129,28.5,28.5,0.5,101.0,-121.0,1.5,48.5,6.5,10.0,49.0,5.5,0.0194061773244408,0.5060240963855421,0.072289156626506,0.0416666666666666,0.5194805194805194,0.0519480519480519,-0.0688105593840034,0.0129870129870129,13.0,29.0,0.0,-238.0,195.0,-4.5,45.5,14.0,14.0,67.0,7.0,0.1355494985187377,0.4750681417348084,0.0732456843567954,0.0053763440860215,0.4900820702268357,0.0496751454579854,0.0509752693982798,0.0167430284518355,11.5,18.0,0.5,-221.5,182.5,-4.0,44.5,10.5,11.0,46.5,8.5,0.0801241132837174,0.5004810004810004,0.0568382235048901,0.0080645161290322,0.4994909214322077,0.0572713388766332,-0.013008036605015,0.0251145426777532,,,,,,,,,,,,,,,,,,,,17.0,10.5,0.0,322.5,-303.5,5.5,4.0,-4.0,-1.0,2.5,-3.0,,,,,,,,,REG,0.6183206106870229,0.423728813559322,0.1945917971277009,0.593369754159424,0.4066302458405761,0.1867395083188478,3.0,49.5,7.0,7.0,0.0,outdoors,a_turf,,,,,,,,,,,,,,,,,,,,,,,,,,,,,2026-10-04,6,True,True,False,202604,1666.4029573285284,1585.8241019587574,80.57885536977096,,,,False,False,False,True,False,False,False,False,False,False,False,False,False,False,False,False,False,False,False,False,False,False,False,False,False,False,False,False,False,False,False,False,False,False,False,False,False,False,False,False,False,False,False,False,False,False,False,False,False,False,False,False,False,True,False,False,False,False,False,False,False,False,False,False
2026,4,2026_04_NYJ_CHI,2026-10-04,CHI,NYJ,,,,,17.0,20.0,0.0,-205.0,170.0,-3.5,49.5,8.0,8.0,19.0,6.0,0.0643561533373377,0.463863958431743,0.0457408282160289,0.0071428571428571,0.5141065830721003,0.0514629049111807,0.0882937781291842,0.0532915360501567,24.0,23.5,0.5,-170.0,142.0,-3.0,47.5,7.0,7.0,25.5,6.0,-0.071738076800538,0.4482758620689655,0.0229885057471264,0.0142857142857142,0.5454545454545454,0.0454545454545454,0.1720169777619444,0.0606060606060606,8.0,35.0,0.0,550.0,-800.0,12.5,39.5,7.0,7.0,27.0,13.0,-0.0594506852681809,0.4407894736842105,0.0306122448979591,0.0060975609756097,0.4088575096277278,0.0370667522464698,-0.0749028953814856,0.006578947368421,9.0,38.5,0.0,-200.0,-87.5,0.0,41.0,7.0,7.0,28.0,8.5,-0.1443510336263754,0.3815789473684211,0.0,0.0,0.3421052631578947,0.0131578947368421,0.1081380890186355,0.0131578947368421,,,,,,,,,,,,,,,,,,,,15.0,-15.0,0.5,30.0,229.5,-3.0,6.5,0.0,0.0,-2.5,-2.5,,,,,,,,,REG,0.797979797979798,0.2439024390243902,0.5540773589554078,0.7659021045164341,0.2340978954835658,0.5318042090328683,8.5,45.5,6.0,7.0,-1.0,outdoors,grass,,,,,,,,,,,,,,,,,,,,,,,,,,,,,2026-10-04,6,True,True,False,202604,1514.6679180567303,1313.30455808606,201.36335997067044,,,,False,False,False,False,False,True,False,False,False,False,False,False,False,False,False,False,False,False,False,False,False,False,False,False,False,False,False,False,False,False,False,False,False,False,False,False,False,False,False,False,False,False,False,False,False,False,False,False,False,False,False,False,False,False,False,False,True,False,False,False,False,False,False,False
2026,4,2026_04_PIT_CLE,2026-10-01,CLE,PIT,,,,,20.0,18.0,1.0,350.0,-455.0,9.5,47.5,7.0,7.0,37.0,0.0,-0.1568038440546452,0.3821421277427031,0.0222994752124457,0.0149253731343283,0.4400070323488045,0.068372011251758,-0.0249730269571986,0.0126054852320675,16.5,12.0,1.0,72.5,-142.5,2.5,41.5,7.0,7.0,41.0,7.0,-0.0441885650417753,0.4220504009163803,0.0218213058419243,0.0,0.4475105485232067,0.0713080168776371,-0.0786024796944281,0.0126582278481012,16.0,27.0,0.5,-190.0,157.5,-3.75,40.0,8.0,7.5,28.5,6.0,0.096422908139132,0.507027564649048,0.0416169366297243,0.0062893081761006,0.4705137532115547,0.0341526977969655,0.0358017003643557,0.0274063286111478,16.0,27.0,0.5,-190.0,157.5,-3.75,40.0,8.0,7.5,28.5,6.0,0.1261758206959324,0.5031884057971014,0.0550724637681159,0.0,0.452758581624561,0.0271326611532797,0.01232266378952,0.0109890109890109,,,,,,,,,,,,,,,,,,,,0.5,-15.0,0.5,262.5,-300.0,6.25,1.5,-1.0,-0.5,12.5,1.0,,,,,,,,,REG,0.4672897196261682,0.574468085106383,-0.1071783654802148,0.448558885283451,0.551441114716549,-0.102882229433098,-2.5,40.5,4.0,4.0,0.0,outdoors,grass,,,,,,,,,,,,,,,,,,,,,,,,,,,,,2026-10-01,3,False,True,False,202604,1386.3667230875474,1556.618019066946,-170.2512959793985,,,,False,False,False,False,False,False,False,True,False,False,False,False,False,False,False,False,False,False,False,False,False,False,False,False,False,False,False,False,False,False,False,False,False,False,False,False,False,False,False,False,False,False,False,False,False,False,False,False,False,False,False,False,False,False,False,False,False,False,True,False,False,False,False,False
2026,4,2026_04_TEN_BAL,2026-10-04,BAL,TEN,,,,,32.5,25.0,0.5,-52.5,21.5,-1.0,40.0,7.0,7.0,30.5,6.5,-0.1854595648790932,0.444311999823029,0.0332773492471076,0.0481242895035998,0.5130707527766352,0.0514843000137117,-0.1370565776934255,0.0051282051282051,32.5,25.0,0.5,-52.5,21.5,-1.0,40.0,7.0,7.0,30.5,6.5,-0.2630402502313445,0.4044943820224719,0.0112359550561797,0.0384615384615384,0.4615384615384615,0.0615384615384615,0.0837621647564422,0.0153846153846153,7.0,41.0,0.0,525.0,-750.0,12.5,46.5,7.0,7.0,55.0,8.0,-0.1206275866134615,0.4295571245186136,0.0511874197689345,0.0470588235294117,0.4111305361305362,0.0298659673659673,0.0654200575244126,0.0177738927738927,16.5,37.5,0.0,202.5,-325.0,5.5,43.0,7.0,7.0,63.0,11.0,-0.1797030316576704,0.4200342440774887,0.0458351871571945,0.0318560300832661,0.4585293602061894,0.0471145554987018,-0.0502950378237241,0.0088869463869463,,,,,,,,,,,,,,,,,,,,16.0,-12.5,0.5,-255.0,346.5,-6.5,-3.0,0.0,0.0,-32.5,-4.5,,,,,,,,,REG,0.797979797979798,0.2439024390243902,0.5540773589554078,0.7659021045164341,0.2340978954835658,0.5318042090328683,8.5,47.5,7.0,7.0,0.0,outdoors,grass,,,,,,,,,,,,,,,,,,,,,,,,,,,,,2026-10-04,6,True,True,False,202604,1578.0455867869105,1280.5185423036069,297.5270444833036,,,,False,False,True,False,False,False,False,False,False,False,False,False,False,False,False,False,False,False,False,False,False,False,False,False,False,False,False,False,False,False,False,False,False,False,False,False,False,False,False,False,False,False,False,False,False,False,False,False,False,False,False,False,False,False,False,False,False,False,False,False,False,False,True,False
2026,5,2026_05_BAL_ATL,2026-10-11,ATL,BAL,,,,,23.0,20.5,1.0,-105.0,47.5,-1.5,46.0,9.0,7.0,56.0,5.0,0.2066862874714405,0.5357142857142857,0.0714285714285714,0.0151515151515151,0.5405405405405406,0.054054054054054,-0.1680928117305812,0.0135135135135135,19.0,17.0,1.0,170.0,-205.0,4.5,43.5,7.0,6.0,56.0,5.0,-0.0534291529297539,0.4476979345955249,0.0563898450946643,0.0349147584441702,0.4819012901204682,0.0425350534939576,0.0448360774173552,0.0198891198891198,24.0,26.0,0.0,-225.0,185.0,-4.5,41.5,8.0,7.0,25.0,3.0,-0.2630402502313445,0.4044943820224719,0.0112359550561797,0.0384615384615384,0.4615384615384615,0.0615384615384615,0.0837621647564422,0.0153846153846153,24.0,26.0,0.0,-225.0,185.0,-4.5,41.5,8.0,7.0,25.0,3.0,-0.2567607980517761,0.419989126495107,0.0217470097861544,0.0549450549450549,0.5366515837104072,0.0601809954751131,-0.1143894987025474,0.0076923076923076,,,,,,,,,,,,,,,,,,,,-5.0,-9.0,1.0,395.0,-390.0,9.0,2.0,-1.0,-1.0,,,,,,,,,,,REG,,,,,,,,,6.0,7.0,-1.0,,fieldturf,,,,,,,,,,,,,,,,,,,,,,,,,,,,,2026-10-11,6,True,True,False,202605,1445.0858892675242,1578.0455867869105,-132.95969751938628,,,,False,True,False,False,False,False,False,False,False,False,False,False,False,False,False,False,False,False,False,False,False,False,False,False,False,False,False,False,False,False,False,False,False,False,True,False,False,False,False,False,False,False,False,False,False,False,False,False,False,False,False,False,False,False,False,False,False,False,False,False,False,False,False,False
2026,5,2026_05_BUF_LAR,2026-10-12,LAR,BUF,,,,,23.5,24.0,0.5,-42.5,14.0,-0.5,47.5,7.5,8.0,30.0,4.0,0.0440500580670649,0.4712643678160919,0.0560162601626016,0.014781166630615,0.4847146910301624,0.0502722323049001,-0.0180985890872434,0.0130724538619275,27.0,31.0,0.0,120.0,-142.0,2.5,45.5,7.0,8.0,41.0,2.0,0.0394644118450927,0.4703541383487271,0.0523459184269901,0.0152680652680652,0.4777742937971208,0.0484485500957048,-0.0325817460195232,0.0126582278481012,30.666666666666668,21.666666666666668,0.6666666666666666,250.66666666666663,-347.3333333333333,5.166666666666667,45.5,6.666666666666667,9.0,41.66666666666666,8.0,0.070936926377752,0.4867782819590048,0.0751056172742919,0.0290300546448087,0.5034902597402596,0.0447240259740259,-0.0205351970675527,0.0127435064935064,30.0,33.0,0.0,100.0,-120.0,1.5,45.5,6.0,13.0,36.0,5.0,0.070936926377752,0.4867782819590049,0.0751056172742919,0.0290300546448087,0.5034902597402597,0.0447240259740259,-0.0205351970675527,0.0127435064935064,,,,,,,,,,,,,,,,,,,,-3.0,-2.0,0.0,20.0,-22.0,1.0,0.0,1.0,-5.0,5.0,-3.0,,,,,,,,,REG,,,,,,,,,8.0,8.0,0.0,dome,matrixturf,,,,,,,,,,,,,,,,,,,,,,,,,,,,,2026-10-12,0,False,True,False,202605,1615.2910837085915,1666.4029573285284,-51.11187361993666,,,,False,False,False,False,False,False,False,False,False,False,False,False,False,False,False,False,False,True,False,False,False,False,False,False,False,False,False,False,False,False,False,False,False,False,False,True,False,False,False,False,False,False,False,False,False,False,False,False,False,False,False,False,False,False,False,False,False,False,False,False,False,False,False,False
2026,5,2026_05_CHI_GB,2026-10-11,GB,CHI,,,,,27.0,31.0,0.0,-135.0,114.0,-2.5,45.5,6.0,6.0,32.0,6.0,0.2162270759575981,0.5866666666666667,0.0933333333333333,0.0153846153846153,0.5308641975308642,0.0,-0.096469006857219,0.0,27.0,31.0,0.0,-135.0,114.0,-2.5,45.5,6.0,6.0,32.0,6.0,0.2301455305975216,0.5552380952380952,0.0799999999999999,0.0135746606334841,0.5265432098765431,0.0222222222222222,-0.1624631427304749,0.0,21.33333333333333,22.0,0.3333333333333333,-63.333333333333336,34.666666666666664,-0.8333333333333334,48.833333333333336,8.0,7.0,28.0,5.333333333333333,-0.071738076800538,0.4482758620689655,0.0229885057471264,0.0142857142857142,0.5454545454545454,0.0454545454545454,0.1720169777619444,0.0606060606060606,17.0,20.0,0.0,-205.0,170.0,-3.5,49.5,8.0,8.0,19.0,6.0,0.0643561533373377,0.463863958431743,0.0457408282160289,0.0071428571428571,0.5141065830721003,0.0514629049111807,0.0882937781291842,0.0532915360501567,,,,,,,,,,,,,,,,,,,,10.0,11.0,0.0,70.0,-56.0,1.0,-4.0,-2.0,-2.0,13.0,0.0,,,,,,,,,REG,,,,,,,,,7.0,7.0,0.0,outdoors,grass,,,,,,,,,,,,,,,,,,,,,,,,,,,,,2026-10-11,6,True,True,False,202605,1539.032218535977,1514.6679180567303,24.364300479246594,,,,False,False,False,False,False,False,False,False,False,False,False,True,False,False,False,False,False,False,False,False,False,False,False,False,False,False,False,False,False,False,False,False,False,False,False,False,False,True,False,False,False,False,False,False,False,False,False,False,False,False,False,False,False,False,False,False,False,False,False,False,False,False,False,False
2026,5,2026_05_CIN_MIA,2026-10-11,MIA,CIN,,,,,10.0,38.0,0.0,650.0,-1000.0,14.0,44.5,7.0,7.0,29.0,6.0,0.0607676456638933,0.4871794871794871,0.0641025641025641,0.05,0.5,0.0714285714285714,-0.1284466838901518,0.0119047619047619,10.0,38.0,0.0,650.0,-1000.0,14.0,44.5,7.0,7.0,29.0,6.0,0.0607676456638933,0.4871794871794871,0.0641025641025641,0.05,0.5,0.0714285714285714,-0.1284466838901518,0.0119047619047619,18.0,20.0,0.0,350.0,-455.0,9.5,47.5,7.0,7.0,37.0,0.0,-0.2291247971344692,0.4010620915032679,0.0218464052287581,0.0456876456876456,0.5125000000000001,0.0659812316208268,-0.1323834596187633,0.0077127659574468,18.0,20.0,0.0,350.0,-455.0,9.5,47.5,7.0,7.0,37.0,0.0,0.038678532175862,0.5091820987654321,0.01875,0.023076923076923,0.5620833333333333,0.0779166666666666,-0.2009694667180247,0.0129166666666666,,,,,,,,,,,,,,,,,,,,-8.0,18.0,0.0,300.0,-545.0,4.5,-3.0,0.0,0.0,-8.0,6.0,,,,,,,,,REG,0.3333333333333333,0.7101449275362319,-0.3768115942028986,0.3194444444444444,0.6805555555555556,-0.3611111111111111,-5.5,49.5,7.0,7.0,0.0,outdoors,grass,,,,,,,,,,,,,,,,,,,,,,,,,,,,,2026-10-11,6,True,True,False,202605,1461.1041439662474,1481.1897919754094,-20.08564800916201,,,,False,False,False,False,False,False,False,False,False,False,False,False,False,False,False,False,False,False,False,True,False,False,False,False,False,False,False,False,False,False,False,False,False,False,False,False,False,False,True,False,False,False,False,False,False,False,False,False,False,False,False,False,False,False,False,False,False,False,False,False,False,False,False,False
2026,5,2026_05_CLE_NYJ,2026-10-11,NYJ,CLE,,,,,9.0,38.5,0.0,-200.0,-87.5,0.0,41.0,7.0,7.0,28.0,8.5,-0.1443510336263754,0.3815789473684211,0.0,0.0,0.3421052631578947,0.0131578947368421,0.1081380890186355,0.0131578947368421,8.0,35.0,0.0,550.0,-800.0,12.5,39.5,7.0,7.0,27.0,13.0,-0.0150656208045137,0.4831600606454407,0.049214747627446,0.0185577942735949,0.4323890246833253,0.0384097983012995,-0.1085806690822963,0.0043859649122807,16.5,12.0,1.0,72.5,-142.5,2.5,41.5,7.0,7.0,41.0,7.0,-0.0803353393494785,0.4329896907216495,0.0103092783505154,0.0,0.4266666666666667,0.0666666666666666,-0.1136779590808773,0.0,20.0,18.0,1.0,350.0,-455.0,9.5,47.5,7.0,7.0,37.0,0.0,-0.0803353393494785,0.4329896907216495,0.0103092783505154,0.0,0.4266666666666667,0.0666666666666666,-0.1136779590808773,0.0,,,,,,,,,,,,,,,,,,,,-12.0,17.0,-1.0,200.0,-345.0,3.0,-8.0,0.0,0.0,-10.0,13.0,,,,,,,,,REG,0.5555555555555556,0.4878048780487805,0.0677506775067751,0.5324675324675325,0.4675324675324675,0.064935064935065,1.5,39.5,7.0,10.0,-3.0,outdoors,fieldturf,,,,,,,,,,,,,,,,,,,,,,,,,,,,,2026-10-11,6,True,True,False,202605,1313.30455808606,1386.3667230875474,-73.0621650014873,,,,False,False,False,False,False,False,False,False,False,False,False,False,False,False,False,False,False,False,False,False,False,False,False,False,True,False,False,False,False,False,False,False,False,False,False,False,False,False,False,True,False,False,False,False,False,False,False,False,False,False,False,False,False,False,False,False,False,False,False,False,False,False,False,False
2026,5,2026_05_DEN_LAC,2026-10-11,LAC,DEN,,,,,3.0,17.5,0.0,532.0,-899.0,9.0,41.5,7.5,8.5,50.5,9.0,0.0233865970667214,0.4464285714285714,0.0595238095238095,0.0225183823529411,0.5273735273735274,0.0793485793485793,-0.1229346651849691,0.0259875259875259,3.0,16.0,0.0,164.0,-198.0,3.5,45.5,7.0,7.0,35.0,10.0,0.0233865970667214,0.4464285714285715,0.0595238095238095,0.0225183823529411,0.5273735273735274,0.0793485793485793,-0.1229346651849691,0.0259875259875259,19.666666666666668,14.333333333333334,0.6666666666666666,265.0,-516.6666666666666,4.166666666666667,42.16666666666666,7.0,10.333333333333334,42.66666666666666,7.666666666666667,-0.1081380890186355,0.3421052631578947,0.0131578947368421,0.0161290322580645,0.3815789473684211,0.0,0.1443510336263754,0.0,7.0,10.0,0.0,-205.0,170.0,-3.5,43.5,7.0,8.0,26.0,10.0,0.0414472072862379,0.4421052631578948,0.0397349757372153,0.009441384736428,0.3921439628482971,0.025735294117647,0.1013533222154219,0.0,,,,,,,,,,,,,,,,,,,,-4.0,6.0,0.0,369.0,-368.0,7.0,2.0,0.0,-1.0,9.0,0.0,,,,,,,,,REG,0.5867768595041323,0.4545454545454545,0.1322314049586777,0.5634920634920635,0.4365079365079364,0.126984126984127,2.5,44.5,7.0,7.0,0.0,dome,matrixturf,,,,,,,,,,,,,,,,,,,,,,,,,,,,,2026-10-11,6,True,True,False,202605,1544.5953503912492,1638.3025337449608,-93.70718335371156,,,,False,False,False,False,False,False,False,False,False,False,False,False,False,False,False,False,True,False,False,False,False,False,False,False,False,False,False,False,False,False,False,False,False,False,False,False,False,False,False,False,False,True,False,False,False,False,False,False,False,False,False,False,False,False,False,False,False,False,False,False,False,False,False,False
2026,5,2026_05_DET_ARI,2026-10-11,ARI,DET,,,,,17.0,37.0,0.0,537.5,-847.5,10.75,51.0,7.0,6.5,65.0,9.0,0.0162748594916824,0.4499518999518999,0.0412578162578162,0.0282508472955503,0.493474540008558,0.0710312366281557,-0.0664560829208974,0.0165810868635002,20.0,37.0,0.0,800.0,-1350.0,14.5,49.5,7.0,6.0,65.0,9.0,0.1173949707569916,0.5111111111111111,0.0777777777777777,0.0135135135135135,0.5657894736842105,0.0789473684210526,-0.1643739870092442,0.0131578947368421,14.5,19.5,0.5,-105.0,52.5,-1.75,48.5,7.0,5.5,33.0,4.0,0.0669397687631564,0.5652173913043478,0.0579710144927536,0.0,0.56,0.0266666666666666,-0.2266131006290179,0.0,19.0,16.0,1.0,150.0,-180.0,3.5,51.5,10.0,7.0,33.0,4.0,0.1263258131208039,0.551358695652174,0.0602355072463768,0.0081967213114754,0.5237499999999999,0.0320833333333333,-0.1037505790617615,0.01875,,,,,,,,,,,,,,,,,,,,1.0,21.0,-1.0,650.0,-1170.0,11.0,-2.0,-3.0,-1.0,,,,,,,,,,,REG,,,,,,,,,7.0,7.0,0.0,,grass,,,,,,,,,,,,,,,,,,,,,,,,,,,,,2026-10-11,6,True,True,False,202605,1319.761952516942,1612.0619915358989,-292.3000390189568,,,,True,False,False,False,False,False,False,False,False,False,False,False,False,False,False,False,False,False,False,False,False,False,False,False,False,False,False,False,False,False,False,False,False,False,False,False,False,False,False,False,False,False,True,False,False,False,False,False,False,False,False,False,False,False,False,False,False,False,False,False,False,False,False,False
2026,5,2026_05_HOU_TEN,2026-10-11,TEN,HOU,,,,,16.5,37.5,0.0,202.5,-325.0,5.5,43.0,7.0,7.0,63.0,11.0,-0.21562425894461,0.4078947368421052,0.0657894736842105,0.05,0.4358974358974359,0.0256410256410256,0.0681079497503636,0.0128205128205128,7.0,41.0,0.0,525.0,-750.0,12.5,46.5,7.0,7.0,55.0,8.0,-0.21562425894461,0.4078947368421052,0.0657894736842105,0.05,0.4358974358974359,0.0256410256410256,0.0681079497503636,0.0128205128205128,16.0,28.0,0.0,150.0,-180.0,3.0,40.5,6.0,7.0,35.0,2.0,0.0533790308502182,0.4644958199395844,0.0482174963223943,0.015625,0.3833401292738915,0.0338683248761628,0.2568214699633028,0.0250826839434577,16.0,28.0,0.0,150.0,-180.0,3.0,40.5,6.0,7.0,35.0,2.0,0.3125411621615371,0.611764705882353,0.0588235294117647,0.0,0.4354838709677419,0.032258064516129,0.2504813458722078,0.0483870967741935,,,,,,,,,,,,,,,,,,,,-9.0,13.0,0.0,375.0,-570.0,9.5,6.0,1.0,0.0,20.0,6.0,,,,,,,,,REG,0.3846153846153846,0.6575342465753424,-0.2729188619599578,0.3690596562184025,0.6309403437815976,-0.2618806875631951,-3.5,43.5,7.0,7.0,0.0,outdoors,grass,,,,,,,,,,,,,,,,,,,,,,,,,,,,,2026-10-11,6,True,True,False,202605,1280.5185423036069,1605.140838642905,-324.62229633929815,,,,False,False,False,False,False,False,False,False,False,False,False,False,False,False,False,False,False,False,False,False,False,False,False,False,False,False,False,False,False,False,True,False,False,False,False,False,False,False,False,False,False,False,False,False,True,False,False,False,False,False,False,False,False,False,False,False,False,False,False,False,False,False,False,False
2026,5,2026_05_IND_PIT,2026-10-11,PIT,IND,,,,,6.0,30.0,0.0,-155.0,130.0,-3.0,38.5,8.0,8.0,32.0,9.0,0.1136779590808773,0.4266666666666667,0.0666666666666666,0.0,0.4329896907216495,0.0103092783505154,0.0803353393494785,0.0,6.0,30.0,0.0,-155.0,130.0,-3.0,38.5,8.0,8.0,32.0,9.0,0.1136779590808773,0.4266666666666667,0.0666666666666666,0.0,0.4329896907216495,0.0103092783505154,0.0803353393494785,0.0,23.5,30.5,0.0,87.5,-175.0,3.0,43.0,7.0,7.0,51.0,9.0,0.1643739870092442,0.5657894736842105,0.0789473684210526,0.0166666666666666,0.5111111111111111,0.0777777777777777,-0.1173949707569916,0.0111111111111111,30.0,38.0,0.0,400.0,-535.0,9.5,37.5,7.0,8.0,51.0,9.0,0.1643739870092442,0.5657894736842105,0.0789473684210526,0.0166666666666666,0.5111111111111111,0.0777777777777777,-0.1173949707569916,0.0111111111111111,,,,,,,,,,,,,,,,,,,,-24.0,-8.0,0.0,-555.0,665.0,-12.5,1.0,1.0,0.0,,,,,,,,,,,REG,0.5867768595041323,0.4545454545454545,0.1322314049586777,0.5634920634920635,0.4365079365079364,0.126984126984127,2.5,47.5,10.0,7.0,3.0,outdoors,grass,,,,,,,,,,,,,,,,,,,,,,,,,,,,,2026-10-11,6,True,True,False,202605,1556.618019066946,1437.679005345844,118.9390137211019,,,,False,False,False,False,False,False,False,False,False,False,False,False,False,False,False,False,False,False,False,False,False,False,False,False,False,False,True,False,False,False,False,False,False,False,False,False,False,False,False,False,False,False,False,False,False,True,False,False,False,False,False,False,False,False,False,False,False,False,False,False,False,False,False,False
2026,5,2026_05_LV_NE,2026-10-11,NE,LV,,,,,11.5,18.0,0.5,-221.5,182.5,-4.0,44.5,10.5,11.0,46.5,8.5,0.0914376671834314,0.4814814814814814,0.0617283950617283,0.0,0.4929577464788732,0.0422535211267605,-0.0066098958855891,0.0140845070422535,13.0,29.0,0.0,-238.0,195.0,-4.5,45.5,14.0,14.0,67.0,7.0,0.0914376671834314,0.4814814814814814,0.0617283950617283,0.0,0.4929577464788732,0.0422535211267605,-0.0066098958855891,0.0140845070422535,14.0,12.0,1.0,-225.0,185.0,-3.5,36.5,10.0,7.0,30.0,20.0,-0.0681079497503636,0.4358974358974359,0.0256410256410256,0.0163934426229508,0.4078947368421052,0.0657894736842105,0.21562425894461,0.0394736842105263,14.0,12.0,1.0,-225.0,185.0,-3.5,36.5,10.0,7.0,30.0,20.0,-0.1543961995136641,0.4937839937839938,0.0318286049993367,0.0404256351473469,0.4542790885259125,0.0429259931437789,0.0149839845035991,0.0169893123613631,,,,,,,,,,,,,,,,,,,,-1.0,17.0,-1.0,-13.0,10.0,-1.0,9.0,4.0,7.0,,,,,,,,,,,REG,0.803921568627451,0.238095238095238,0.5658263305322129,0.771505376344086,0.2284946236559139,0.543010752688172,8.5,44.5,7.0,7.0,0.0,outdoors,fieldturf,,,,,,,,,,,,,,,,,,,,,,,,,,,,,2026-10-11,6,True,True,False,202605,1585.8241019587574,1310.3927345248208,275.43136743393666,,,,False,False,False,False,False,False,False,False,False,False,False,False,False,False,False,False,False,False,False,False,False,True,False,False,False,False,False,False,False,False,False,False,False,False,False,False,False,False,False,False,False,False,False,False,False,False,False,False,False,False,True,False,False,False,False,False,False,False,False,False,False,False,False,False
2026,5,2026_05_MIN_NO,2026-10-11,NO,MIN,,,,,17.0,19.0,0.0,170.0,-205.0,4.5,43.5,7.0,6.0,74.5,8.0,-0.0180411892169067,0.4781861903126074,0.02722432153899,0.0086206896551724,0.4823137744486059,0.036482175058954,0.0595209712024943,0.0280898876404494,17.0,19.0,0.0,170.0,-205.0,4.5,43.5,7.0,6.0,71.0,14.0,0.0066098958855891,0.4929577464788732,0.0422535211267605,0.0172413793103448,0.4814814814814814,0.0617283950617283,-0.0914376671834314,0.0,16.0,3.0,1.0,470.0,-650.0,12.5,37.5,8.0,10.0,45.0,2.0,0.0435270003079789,0.4683544303797468,0.0759493670886076,0.0294117647058823,0.4111111111111111,0.0333333333333333,0.0080417907340721,0.0,16.0,3.0,1.0,470.0,-650.0,12.5,37.5,8.0,10.0,46.0,20.0,0.0469389826747511,0.4802939676357398,0.0602936736002497,0.0184619302266361,0.4413848631239935,0.0300483091787439,0.1274910526954789,0.0222222222222222,,,,,,,,,,,,,,,,,,,,1.0,16.0,-1.0,-300.0,445.0,-8.0,6.0,-1.0,-4.0,,,,,,,,,,,REG,0.5,0.5454545454545454,-0.0454545454545454,0.4782608695652174,0.5217391304347826,-0.0434782608695651,-1.5,44.5,6.0,7.0,-1.0,dome,sportturf,,,,,,,,,,,,,,,,,,,,,,,,,,,,,2026-10-11,6,True,True,False,202605,1383.345988389273,1586.6484823812723,-203.30249399199943,,,,False,False,False,False,False,False,False,False,False,False,False,False,False,False,False,False,False,False,False,False,False,False,True,False,False,False,False,False,False,False,False,False,False,False,False,False,False,False,False,False,False,False,False,False,False,False,False,False,False,False,False,False,True,False,False,False,False,False,False,False,False,False,False,False
2026,5,2026_05_NYG_WAS,2026-10-11,WAS,NYG,,,,,24.0,17.0,1.0,150.0,-180.0,3.0,38.5,10.0,7.0,35.0,9.0,0.1916660889833809,0.5491939307728781,0.0670934091986723,0.01707225051877,0.4404761904761904,0.0595238095238095,-0.0346707496833004,0.0119047619047619,24.0,17.0,1.0,150.0,-180.0,3.0,38.5,10.0,7.0,35.0,9.0,0.1851016847060448,0.5675675675675675,0.0945945945945946,0.0161290322580645,0.3928571428571428,0.0476190476190476,0.0816734897567089,0.0238095238095238,34.0,13.5,1.0,-164.0,138.0,-3.0,45.5,8.5,7.0,33.0,7.0,-0.0200022627243197,0.4772052176159111,0.0401007361487795,0.0324675324675324,0.4852284438337341,0.0413088285812435,0.0375187099335308,0.0140845070422535,34.0,17.0,1.0,-166.0,140.0,-3.0,50.5,10.0,7.0,33.0,7.0,-0.0200022627243197,0.4772052176159113,0.0401007361487795,0.0324675324675324,0.4852284438337341,0.0413088285812435,0.0375187099335308,0.0140845070422535,,,,,,,,,,,,,,,,,,,,-10.0,0.0,0.0,316.0,-320.0,6.0,-12.0,0.0,0.0,2.0,2.0,,,,,,,,,REG,0.574468085106383,0.4672897196261682,0.1071783654802148,0.551441114716549,0.448558885283451,0.102882229433098,2.5,48.5,7.0,7.0,0.0,outdoors,grass,,,,,,,,,,,,,,,,,,,,,,,,,,,,,2026-10-11,6,True,True,False,202605,1452.598540392987,1334.4357605851203,118.1627798078664,,,,False,False,False,False,False,False,False,False,False,False,False,False,False,False,False,False,False,False,False,False,False,False,False,False,False,False,False,False,False,False,False,True,False,False,False,False,False,False,False,False,False,False,False,False,False,False,False,False,False,False,False,False,False,False,False,True,False,False,False,False,False,False,False,False
2026,5,2026_05_PHI_JAX,2026-10-11,JAX,PHI,,,,,24.0,27.0,0.0,102.0,-122.0,1.5,51.5,7.0,7.0,62.0,6.0,0.0153356282708045,0.4611408211318481,0.0447053031568306,0.0102564102564102,0.5028886944987594,0.0769198883971962,-0.0180985890872434,0.0209426777812081,24.0,27.0,0.0,102.0,-122.0,1.5,51.5,7.0,7.0,62.0,6.0,0.0373601868951885,0.4669921305741766,0.0502040221509763,0.0153846153846153,0.5201558265582655,0.0774051490514905,-0.0834070728410226,0.0060975609756097,19.0,23.0,0.0,215.0,-265.0,6.0,44.5,8.0,7.0,46.0,22.0,-0.0323451455476589,0.5070422535211268,0.0704225352112676,0.0338983050847457,0.4712643678160919,0.0689655172413793,-0.1704750841397807,0.0,19.0,23.0,0.0,215.0,-265.0,6.0,44.5,8.0,7.0,46.0,22.0,-0.0323451455476589,0.5070422535211268,0.0704225352112676,0.0338983050847457,0.4712643678160919,0.0689655172413793,-0.1704750841397807,0.0,,,,,,,,,,,,,,,,,,,,5.0,4.0,0.0,-113.0,143.0,-4.5,7.0,-1.0,0.0,16.0,-16.0,,,,,,,,,REG,0.4761904761904761,0.5652173913043478,-0.0890269151138716,0.4572564612326044,0.5427435387673957,-0.0854870775347912,-2.5,43.5,7.0,7.0,0.0,outdoors,grass,,,,,,,,,,,,,,,,,,,,,,,,,,,,,2026-10-11,6,True,True,False,202605,1525.772439316325,1649.9520100937982,-124.17957077747316,,,,False,False,False,False,False,False,False,False,False,False,False,False,False,False,True,False,False,False,False,False,False,False,False,False,False,False,False,False,False,False,False,False,False,False,False,False,False,False,False,False,False,False,False,False,False,False,False,False,False,False,False,False,False,False,False,False,False,True,False,False,False,False,False,False
2026,5,2026_05_SF_SEA,2026-10-11,SEA,SF,,,,,33.666666666666664,15.333333333333334,1.0,42.333333333333336,-84.0,1.5,45.16666666666666,9.0,12.0,51.333333333333336,4.666666666666667,0.0392252822861889,0.4305555555555556,0.0694444444444444,0.0,0.3723404255319149,0.0319148936170212,0.0871678975031721,0.0,29.0,13.0,1.0,-238.0,195.0,-4.5,45.5,14.0,14.0,67.0,7.0,0.1144488629049143,0.4884662537101562,0.0859715036544304,0.0112994350282485,0.4547316873744645,0.0453083062265593,-0.081945762283232,0.0119047619047619,10.666666666666666,24.33333333333333,0.3333333333333333,104.0,-148.66666666666666,3.333333333333333,45.5,6.666666666666667,9.0,49.66666666666666,11.666666666666666,0.0155734617353427,0.5,0.0454545454545454,0.0285714285714285,0.5362318840579711,0.072463768115942,-0.1568073379546753,0.0,6.0,41.0,0.0,245.0,-305.0,6.5,44.5,6.0,14.0,46.0,5.0,0.0155734617353427,0.5,0.0454545454545454,0.0285714285714285,0.5362318840579711,0.072463768115942,-0.1568073379546753,0.0,,,,,,,,,,,,,,,,,,,,23.0,-28.0,1.0,-483.0,500.0,-11.0,1.0,8.0,0.0,21.0,2.0,,,,,,,,,REG,0.6721311475409836,0.3703703703703703,0.3017607771706132,0.644729178800233,0.355270821199767,0.2894583576004659,3.5,48.5,7.0,7.0,0.0,outdoors,fieldturf,,,,,,,,,,,,,,,,,,,,,,,,,,,,,2026-10-11,6,True,True,False,202605,1696.6438276620331,1583.348134919415,113.29569274261804,,,,False,False,False,False,False,False,False,False,False,False,False,False,False,False,False,False,False,False,False,False,False,False,False,False,False,False,False,True,False,False,False,False,False,False,False,False,False,False,False,False,False,False,False,False,False,False,False,False,False,False,False,False,False,False,False,False,False,False,False,False,True,False,False,False
2026,5,2026_05_TB_DAL,2026-10-08,DAL,TB,,,,,17.0,34.0,0.0,-166.0,140.0,-3.0,50.5,10.0,7.0,33.0,7.0,0.1765672880205567,0.4520547945205479,0.0410958904109589,0.0,0.5647058823529412,0.0470588235294117,-0.1527092656444412,0.0117647058823529,17.0,34.0,0.0,-166.0,140.0,-3.0,50.5,10.0,7.0,33.0,7.0,0.1765672880205567,0.4520547945205479,0.0410958904109589,0.0,0.5647058823529412,0.0470588235294117,-0.1527092656444412,0.0117647058823529,17.666666666666668,19.0,0.3333333333333333,-91.66666666666669,60.0,-1.8333333333333333,44.16666666666666,7.666666666666667,6.666666666666667,70.0,7.333333333333333,0.247825374645513,0.5378527841342486,0.0822845156369183,0.0,0.5357142857142856,0.0681818181818181,-0.1295347960640677,0.0243506493506493,16.0,14.0,1.0,130.0,-155.0,3.0,43.5,6.0,6.0,69.0,11.0,0.1568073379546753,0.5362318840579711,0.072463768115942,0.0,0.5,0.0454545454545454,-0.0155734617353427,0.0227272727272727,,,,,,,,,,,,,,,,,,,,1.0,20.0,-1.0,-296.0,295.0,-6.0,7.0,4.0,1.0,-36.0,-4.0,,,,,,,,,REG,0.6644295302013423,0.3787878787878788,0.2856416514134635,0.6369041816941223,0.3630958183058778,0.2738083633882445,3.5,52.5,4.0,4.0,0.0,,matrixturf,,,,,,,,,,,,,,,,,,,,,,,,,,,,,2026-10-08,3,False,True,False,202605,1479.772732868715,1470.1517775866828,9.620955282032128,,,,False,False,False,False,False,False,False,False,True,False,False,False,False,False,False,False,False,False,False,False,False,False,False,False,False,False,False,False,False,False,False,False,False,False,False,False,False,False,False,False,False,False,False,False,False,False,False,False,False,False,False,False,False,False,False,False,False,False,False,False,False,True,False,False
2026,6,2026_06_ARI_LAR,2026-10-18,LAR,ARI,,,,,23.5,24.0,0.5,-42.5,14.0,-0.5,47.5,7.5,8.0,30.0,4.0,0.0440500580670649,0.4712643678160919,0.0560162601626016,0.014781166630615,0.4847146910301624,0.0502722323049001,-0.0180985890872434,0.0130724538619275,27.0,31.0,0.0,120.0,-142.0,2.5,45.5,7.0,8.0,41.0,2.0,0.0394644118450927,0.4703541383487271,0.0523459184269901,0.0152680652680652,0.4777742937971208,0.0484485500957048,-0.0325817460195232,0.0126582278481012,20.0,37.0,0.0,800.0,-1350.0,14.5,49.5,7.0,6.0,65.0,9.0,0.1173949707569916,0.5111111111111111,0.0777777777777777,0.0135135135135135,0.5657894736842105,0.0789473684210526,-0.1643739870092442,0.0131578947368421,17.0,37.0,0.0,537.5,-847.5,10.75,51.0,7.0,6.5,65.0,9.0,0.0162748594916824,0.4499518999518999,0.0412578162578162,0.0282508472955502,0.493474540008558,0.0710312366281557,-0.0664560829208974,0.0165810868635002,,,,,,,,,,,,,,,,,,,,,,,,,,,,,,,,,,,,,,,REG,,,,,,,,,6.0,7.0,-1.0,dome,matrixturf,,,,,,,,,,,,,,,,,,,,,,,,,,,,,2026-10-18,6,True,True,False,202606,1615.2910837085915,1319.761952516942,295.52913119164964,,,,False,False,False,False,False,False,False,False,False,False,False,False,False,False,False,False,False,True,False,False,False,False,False,False,False,False,False,False,False,False,False,False,True,False,False,False,False,False,False,False,False,False,False,False,False,False,False,False,False,False,False,False,False,False,False,False,False,False,False,False,False,False,False,False
2026,6,2026_06_BAL_CLE,2026-10-18,CLE,BAL,,,,,20.0,18.0,1.0,350.0,-455.0,9.5,47.5,7.0,7.0,37.0,0.0,-0.1568038440546452,0.3821421277427031,0.0222994752124457,0.0149253731343283,0.4400070323488045,0.068372011251758,-0.0249730269571986,0.0126054852320675,16.5,12.0,1.0,72.5,-142.5,2.5,41.5,7.0,7.0,41.0,7.0,-0.0441885650417753,0.4220504009163803,0.0218213058419243,0.0,0.4475105485232067,0.0713080168776371,-0.0786024796944281,0.0126582278481012,24.0,26.0,0.0,-225.0,185.0,-4.5,41.5,8.0,7.0,25.0,3.0,-0.2630402502313445,0.4044943820224719,0.0112359550561797,0.0384615384615384,0.4615384615384615,0.0615384615384615,0.0837621647564422,0.0153846153846153,24.0,26.0,0.0,-225.0,185.0,-4.5,41.5,8.0,7.0,25.0,3.0,-0.2567607980517761,0.419989126495107,0.0217470097861544,0.0549450549450549,0.5366515837104072,0.0601809954751131,-0.1143894987025474,0.0076923076923076,,,,,,,,,,,,,,,,,,,,,,,,,,,,,,,,,,,,,,,REG,,,,,,,,,7.0,7.0,0.0,outdoors,grass,,,,,,,,,,,,,,,,,,,,,,,,,,,,,2026-10-18,6,True,True,False,202606,1386.3667230875474,1578.0455867869105,-191.6788636993631,,,,False,False,False,False,False,False,False,True,False,False,False,False,False,False,False,False,False,False,False,False,False,False,False,False,False,False,False,False,False,False,False,False,False,False,True,False,False,False,False,False,False,False,False,False,False,False,False,False,False,False,False,False,False,False,False,False,False,False,False,False,False,False,False,False
2026,6,2026_06_BUF_LV,2026-10-18,LV,BUF,,,,,15.0,23.0,0.3333333333333333,171.0,-426.3333333333333,2.6666666666666665,38.833333333333336,8.0,7.0,30.0,20.0,-0.145585810389524,0.467948717948718,0.0250156347717323,0.0229026036644165,0.4572807017543859,0.0528947368421052,-0.0133930616448703,0.0197368421052631,12.0,23.0,0.5,-193.5,160.5,-3.25,38.5,8.5,7.0,30.0,20.0,-0.0681079497503636,0.4358974358974359,0.0256410256410256,0.0163934426229508,0.4078947368421052,0.0657894736842105,0.21562425894461,0.0394736842105263,30.666666666666668,21.666666666666668,0.6666666666666666,250.66666666666663,-347.3333333333333,5.166666666666667,45.5,6.666666666666667,9.0,41.66666666666666,8.0,0.070936926377752,0.4867782819590048,0.0751056172742919,0.0290300546448087,0.5034902597402596,0.0447240259740259,-0.0205351970675527,0.0127435064935064,30.0,33.0,0.0,100.0,-120.0,1.5,45.5,6.0,13.0,36.0,5.0,0.070936926377752,0.4867782819590049,0.0751056172742919,0.0290300546448087,0.5034902597402597,0.0447240259740259,-0.0205351970675527,0.0127435064935064,,,,,,,,,,,,,,,,,,,,,,,,,,,,,,,,,,,,,,,REG,,,,,,,,,7.0,6.0,1.0,dome,grass,,,,,,,,,,,,,,,,,,,,,,,,,,,,,2026-10-18,6,True,True,False,202606,1310.3927345248208,1666.4029573285284,-356.0102228037076,,,,False,False,False,False,False,False,False,False,False,False,False,False,False,False,False,False,False,False,True,False,False,False,False,False,False,False,False,False,False,False,False,False,False,False,False,True,False,False,False,False,False,False,False,False,False,False,False,False,False,False,False,False,False,False,False,False,False,False,False,False,False,False,False,False
2026,6,2026_06_CAR_PHI,2026-10-18,PHI,CAR,,,,,16.333333333333332,19.666666666666668,0.3333333333333333,169.0,-205.0,4.0,42.833333333333336,8.666666666666666,7.0,39.66666666666666,12.333333333333334,-0.0184483396664943,0.4597711267605633,0.0664612676056338,0.0169491525423728,0.4777374470659407,0.0502722323049001,-0.1165581047925637,0.0,18.0,23.5,0.0,182.5,-222.5,4.5,41.5,9.0,7.0,40.5,15.5,-0.0184483396664943,0.4597711267605633,0.0664612676056338,0.0169491525423728,0.4777374470659407,0.0502722323049001,-0.1165581047925637,0.0,31.0,34.0,0.0,-550.0,410.0,-10.0,44.5,6.0,7.0,72.0,16.0,0.1527092656444412,0.5647058823529412,0.0470588235294117,0.0149253731343283,0.4520547945205479,0.0410958904109589,-0.1765672880205567,0.0,31.0,34.0,0.0,-550.0,410.0,-10.0,44.5,6.0,7.0,72.0,16.0,0.1527092656444412,0.5647058823529412,0.0470588235294117,0.0149253731343283,0.4520547945205479,0.0410958904109589,-0.1765672880205567,0.0,,,,,,,,,,,,,,,,,,,,,,,,,,,,,,,,,,,,,,,REG,,,,,,,,,7.0,14.0,-7.0,outdoors,grass,,,,,,,,,,,,,,,,,,,,,,,,,,,,,2026-10-18,6,True,True,False,202606,1649.9520100937982,1377.4347187735248,272.51729132027344,,,,False,False,False,False,False,False,False,False,False,False,False,False,False,False,False,False,False,False,False,False,False,False,False,False,False,True,False,False,False,False,False,False,False,False,False,False,True,False,False,False,False,False,False,False,False,False,False,False,False,False,False,False,False,False,False,False,False,False,False,False,False,False,False,False
2026,6,2026_06_CHI_ATL,2026-10-18,ATL,CHI,,,,,23.0,20.5,1.0,-105.0,47.5,-1.5,46.0,9.0,7.0,56.0,5.0,0.2066862874714405,0.5357142857142857,0.0714285714285714,0.0151515151515151,0.5405405405405406,0.054054054054054,-0.1680928117305812,0.0135135135135135,19.0,17.0,1.0,170.0,-205.0,4.5,43.5,7.0,6.0,56.0,5.0,-0.0534291529297539,0.4476979345955249,0.0563898450946643,0.0349147584441702,0.4819012901204682,0.0425350534939576,0.0448360774173552,0.0198891198891198,21.33333333333333,22.0,0.3333333333333333,-63.333333333333336,34.666666666666664,-0.8333333333333334,48.833333333333336,8.0,7.0,28.0,5.333333333333333,-0.071738076800538,0.4482758620689655,0.0229885057471264,0.0142857142857142,0.5454545454545454,0.0454545454545454,0.1720169777619444,0.0606060606060606,17.0,20.0,0.0,-205.0,170.0,-3.5,49.5,8.0,8.0,19.0,6.0,0.0643561533373377,0.463863958431743,0.0457408282160289,0.0071428571428571,0.5141065830721003,0.0514629049111807,0.0882937781291842,0.0532915360501567,,,,,,,,,,,,,,,,,,,,,,,,,,,,,,,,,,,,,,,REG,,,,,,,,,7.0,7.0,0.0,,fieldturf,,,,,,,,,,,,,,,,,,,,,,,,,,,,,2026-10-18,6,True,True,False,202606,1445.0858892675242,1514.6679180567303,-69.58202878920633,,,,False,True,False,False,False,False,False,False,False,False,False,False,False,False,False,False,False,False,False,False,False,False,False,False,False,False,False,False,False,False,False,False,False,False,False,False,False,True,False,False,False,False,False,False,False,False,False,False,False,False,False,False,False,False,False,False,False,False,False,False,False,False,False,False
2026,6,2026_06_DAL_GB,2026-10-18,GB,DAL,,,,,27.0,31.0,0.0,-135.0,114.0,-2.5,45.5,6.0,6.0,32.0,6.0,0.2162270759575981,0.5866666666666667,0.0933333333333333,0.0153846153846153,0.5308641975308642,0.0,-0.096469006857219,0.0,27.0,31.0,0.0,-135.0,114.0,-2.5,45.5,6.0,6.0,32.0,6.0,0.2301455305975216,0.5552380952380952,0.0799999999999999,0.0135746606334841,0.5265432098765431,0.0222222222222222,-0.1624631427304749,0.0,21.33333333333333,30.33333333333333,0.3333333333333333,-188.0,132.66666666666666,-3.333333333333333,50.5,7.0,6.333333333333333,41.5,7.0,0.2172555839010818,0.4638322753090544,0.0510357500835282,0.0,0.5323529411764707,0.054141656662665,-0.0890794643672273,0.010984393757503,23.5,28.5,0.5,-333.0,260.0,-5.75,50.5,7.0,6.0,41.5,7.0,0.2172555839010818,0.4638322753090545,0.0510357500835282,0.0,0.5323529411764705,0.054141656662665,-0.0890794643672273,0.010984393757503,,,,,,,,,,,,,,,,,,,,,,,,,,,,,,,,,,,,,,,REG,,,,,,,,,7.0,10.0,-3.0,outdoors,grass,,,,,,,,,,,,,,,,,,,,,,,,,,,,,2026-10-18,6,True,True,False,202606,1539.032218535977,1479.772732868715,59.2594856672622,,,,False,False,False,False,False,False,False,False,False,False,False,True,False,False,False,False,False,False,False,False,False,False,False,False,False,False,False,False,False,False,False,False,False,False,False,False,False,False,False,False,True,False,False,False,False,False,False,False,False,False,False,False,False,False,False,False,False,False,False,False,False,False,False,False
2026,6,2026_06_HOU_JAX,2026-10-18,JAX,HOU,,,,,24.0,27.0,0.0,102.0,-122.0,1.5,51.5,7.0,7.0,62.0,6.0,0.0153356282708045,0.4611408211318481,0.0447053031568306,0.0102564102564102,0.5028886944987594,0.0769198883971962,-0.0180985890872434,0.0209426777812081,24.0,27.0,0.0,102.0,-122.0,1.5,51.5,7.0,7.0,62.0,6.0,0.0373601868951885,0.4669921305741766,0.0502040221509763,0.0153846153846153,0.5201558265582655,0.0774051490514905,-0.0834070728410226,0.0060975609756097,16.0,28.0,0.0,150.0,-180.0,3.0,40.5,6.0,7.0,35.0,2.0,0.0533790308502182,0.4644958199395844,0.0482174963223943,0.015625,0.3833401292738915,0.0338683248761628,0.2568214699633028,0.0250826839434577,16.0,28.0,0.0,150.0,-180.0,3.0,40.5,6.0,7.0,35.0,2.0,0.3125411621615371,0.611764705882353,0.0588235294117647,0.0,0.4354838709677419,0.032258064516129,0.2504813458722078,0.0483870967741935,,,,,,,,,,,,,,,,,,,,,,,,,,,,,,,,,,,,,,,REG,0.5192307692307693,0.5192307692307693,0.0,0.5,0.5,0.0,1.5,40.5,7.0,7.0,0.0,outdoors,grass,,,,,,,,,,,,,,,,,,,,,,,,,,,,,2026-10-18,6,True,True,False,202606,1525.772439316325,1605.140838642905,-79.36839932657995,,,,False,False,False,False,False,False,False,False,False,False,False,False,False,False,True,False,False,False,False,False,False,False,False,False,False,False,False,False,False,False,False,False,False,False,False,False,False,False,False,False,False,False,False,False,True,False,False,False,False,False,False,False,False,False,False,False,False,False,False,False,False,False,False,False
2026,6,2026_06_LAC_KC,2026-10-18,KC,LAC,,,,,12.5,17.0,0.0,-662.5,442.5,-8.5,37.0,7.0,5.5,51.0,8.0,0.177100982012437,0.5848780487804878,0.0560162601626016,0.0073529411764705,0.563430613460393,0.0632320825888425,-0.1144140200283527,0.0136986301369863,12.0,14.0,0.0,-225.0,185.0,-3.5,36.5,10.0,7.0,51.0,8.0,0.2266131006290179,0.56,0.0266666666666666,0.0,0.5652173913043478,0.0579710144927536,-0.0669397687631564,0.0,3.0,16.0,0.0,164.0,-198.0,3.5,45.5,7.0,7.0,35.0,10.0,0.1284466838901518,0.5,0.0714285714285714,0.015625,0.4871794871794871,0.0641025641025641,-0.0607676456638933,0.0384615384615384,3.0,17.5,0.0,532.0,-899.0,9.0,41.5,7.5,8.5,50.5,9.0,0.1284466838901518,0.5,0.0714285714285714,0.015625,0.4871794871794871,0.0641025641025641,-0.0607676456638933,0.0384615384615384,,,,,,,,,,,,,,,,,,,,,,,,,,,,,,,,,,,,,,,REG,,,,,,,,,14.0,7.0,7.0,outdoors,grass,,,,,,,,,,,,,,,,,,,,,,,,,,,,,2026-10-18,6,True,True,False,202606,1568.5096461993949,1544.5953503912492,23.914295808145653,,,,False,False,False,False,False,False,False,False,False,False,False,False,False,False,False,True,False,False,False,False,False,False,False,False,False,False,False,False,False,False,False,False,False,False,False,False,False,False,False,False,False,False,False,False,False,False,False,False,True,False,False,False,False,False,False,False,False,False,False,False,False,False,False,False
2026,6,2026_06_NO_NYG,2026-10-18,NYG,NO,,,,,34.0,17.0,1.0,-166.0,140.0,-3.0,50.5,10.0,7.0,33.0,7.0,0.1704750841397807,0.4712643678160919,0.0689655172413793,0.0,0.5070422535211268,0.0704225352112676,0.0323451455476589,0.028169014084507,34.0,13.5,1.0,-164.0,138.0,-3.0,45.5,8.5,7.0,33.0,7.0,0.1704750841397807,0.4712643678160919,0.0689655172413793,0.0,0.5070422535211268,0.0704225352112676,0.0323451455476589,0.028169014084507,25.5,22.5,0.5,25.0,-52.5,1.5,41.5,7.0,6.5,71.0,14.0,0.0066098958855891,0.4929577464788732,0.0422535211267605,0.0172413793103448,0.4814814814814814,0.0617283950617283,-0.0914376671834314,0.0,25.0,17.0,0.75,35.5,-69.75,1.75,41.0,8.75,6.75,71.0,14.0,-0.0180411892169067,0.4781861903126074,0.02722432153899,0.0086206896551724,0.4823137744486059,0.036482175058954,0.0595209712024943,0.0280898876404494,,,,,,,,,,,,,,,,,,,,,,,,,,,,,,,,,,,,,,,REG,,,,,,,,,7.0,7.0,0.0,outdoors,fieldturf,,,,,,,,,,,,,,,,,,,,,,,,,,,,,2026-10-18,6,True,True,False,202606,1334.4357605851203,1383.345988389273,-48.91022780415256,,,,False,False,False,False,False,False,False,False,False,False,False,False,False,False,False,False,False,False,False,False,False,False,False,True,False,False,False,False,False,False,False,False,False,False,False,False,False,False,False,False,False,False,False,False,False,False,False,False,False,False,False,False,False,False,True,False,False,False,False,False,False,False,False,False
2026,6,2026_06_NYJ_NE,2026-10-18,NE,NYJ,,,,,11.5,18.0,0.5,-221.5,182.5,-4.0,44.5,10.5,11.0,46.5,8.5,0.0914376671834314,0.4814814814814814,0.0617283950617283,0.0,0.4929577464788732,0.0422535211267605,-0.0066098958855891,0.0140845070422535,13.0,29.0,0.0,-238.0,195.0,-4.5,45.5,14.0,14.0,67.0,7.0,0.0914376671834314,0.4814814814814814,0.0617283950617283,0.0,0.4929577464788732,0.0422535211267605,-0.0066098958855891,0.0140845070422535,8.0,35.0,0.0,550.0,-800.0,12.5,39.5,7.0,7.0,27.0,13.0,-0.0594506852681809,0.4407894736842105,0.0306122448979591,0.0060975609756097,0.4088575096277278,0.0370667522464698,-0.0749028953814856,0.006578947368421,9.0,38.5,0.0,-200.0,-87.5,0.0,41.0,7.0,7.0,28.0,8.5,-0.1443510336263754,0.3815789473684211,0.0,0.0,0.3421052631578947,0.0131578947368421,0.1081380890186355,0.0131578947368421,,,,,,,,,,,,,,,,,,,,,,,,,,,,,,,,,,,,,,,REG,,,,,,,,,7.0,7.0,0.0,outdoors,fieldturf,,,,,,,,,,,,,,,,,,,,,,,,,,,,,2026-10-18,6,True,True,False,202606,1585.8241019587574,1313.30455808606,272.51954387269734,,,,False,False,False,False,False,False,False,False,False,False,False,False,False,False,False,False,False,False,False,False,False,True,False,False,False,False,False,False,False,False,False,False,False,False,False,False,False,False,False,False,False,False,False,False,False,False,False,False,False,False,False,False,False,False,False,False,True,False,False,False,False,False,False,False
2026,6,2026_06_PIT_TB,2026-10-18,TB,PIT,,,,,16.0,14.0,1.0,130.0,-155.0,3.0,43.5,6.0,6.0,69.0,11.0,0.1568073379546753,0.5362318840579711,0.072463768115942,0.0,0.5,0.0454545454545454,-0.0155734617353427,0.0227272727272727,16.5,17.0,0.5,-60.0,25.0,-1.25,44.0,6.5,6.5,74.5,7.0,0.1164786097324092,0.4896546650782632,0.0660922988141253,0.0092592592592592,0.5109890109890111,0.0582750582750582,-0.0692670183179399,0.0162337662337662,16.0,27.0,0.5,-190.0,157.5,-3.75,40.0,8.0,7.5,28.5,6.0,0.096422908139132,0.507027564649048,0.0416169366297243,0.0062893081761006,0.4705137532115547,0.0341526977969655,0.0358017003643557,0.0274063286111478,16.0,27.0,0.5,-190.0,157.5,-3.75,40.0,8.0,7.5,28.5,6.0,0.1261758206959324,0.5031884057971014,0.0550724637681159,0.0,0.452758581624561,0.0271326611532797,0.01232266378952,0.0109890109890109,,,,,,,,,,,,,,,,,,,,,,,,,,,,,,,,,,,,,,,REG,,,,,,,,,10.0,7.0,3.0,outdoors,grass,,,,,,,,,,,,,,,,,,,,,,,,,,,,,2026-10-18,6,True,True,False,202606,1470.1517775866828,1556.618019066946,-86.46624148026308,,,,False,False,False,False,False,False,False,False,False,False,False,False,False,False,False,False,False,False,False,False,False,False,False,False,False,False,False,False,False,True,False,False,False,False,False,False,False,False,False,False,False,False,False,False,False,False,False,False,False,False,False,False,False,False,False,False,False,False,True,False,False,False,False,False
2026,6,2026_06_SEA_DEN,2026-10-15,DEN,SEA,,,,,7.0,10.0,0.0,-205.0,170.0,-3.5,43.5,7.0,8.0,26.0,10.0,-0.0227484817866443,0.4131578947368421,0.0223684210526315,0.0080645161290322,0.3970394736842104,0.03125,0.0744512837058526,0.0,19.666666666666668,14.333333333333334,0.6666666666666666,265.0,-516.6666666666666,4.166666666666667,42.16666666666666,7.0,10.333333333333334,42.66666666666666,7.666666666666667,-0.1081380890186355,0.3421052631578947,0.0131578947368421,0.0161290322580645,0.3815789473684211,0.0,0.1443510336263754,0.0,29.0,13.0,1.0,-238.0,195.0,-4.5,45.5,14.0,14.0,67.0,7.0,0.1413607063394909,0.5009920634920635,0.0801767676767676,0.0169491525423728,0.4559070548712206,0.062010078387458,-0.1258377569165893,0.0,33.666666666666664,15.333333333333334,1.0,42.333333333333336,-84.0,1.5,45.16666666666666,9.0,12.0,51.333333333333336,4.666666666666667,0.0392252822861889,0.4305555555555556,0.0694444444444444,0.0,0.3723404255319149,0.0319148936170212,0.0871678975031721,0.0,,,,,,,,,,,,,,,,,,,,,,,,,,,,,,,,,,,,,,,REG,,,,,,,,,4.0,4.0,0.0,outdoors,grass,,,,,,,,,,,,,,,,,,,,,,,,,,,,,2026-10-15,3,False,True,False,202606,1638.3025337449608,1696.6438276620331,-58.341293917072335,,,,False,False,False,False,False,False,False,False,False,True,False,False,False,False,False,False,False,False,False,False,False,False,False,False,False,False,False,False,False,False,False,False,False,False,False,False,False,False,False,False,False,False,False,False,False,False,False,False,False,False,False,False,False,False,False,False,False,False,False,True,False,False,False,False
2026,6,2026_06_TEN_IND,2026-10-18,IND,TEN,,,,,30.0,38.0,0.0,400.0,-535.0,9.5,37.5,7.0,8.0,56.0,8.0,0.2033921846217974,0.5362280701754386,0.0594736842105263,0.0083333333333333,0.5055555555555555,0.0510840108401084,0.0528343501358464,0.017750677506775,24.666666666666668,36.333333333333336,0.0,-16.666666666666668,-55.0,0.5,44.16666666666666,7.333333333333333,7.333333333333333,56.0,8.0,0.2033921846217974,0.5362280701754387,0.0594736842105263,0.0083333333333333,0.5055555555555555,0.0510840108401084,0.0528343501358464,0.017750677506775,7.0,41.0,0.0,525.0,-750.0,12.5,46.5,7.0,7.0,55.0,8.0,-0.1206275866134615,0.4295571245186136,0.0511874197689345,0.0470588235294117,0.4111305361305362,0.0298659673659673,0.0654200575244126,0.0177738927738927,16.5,37.5,0.0,202.5,-325.0,5.5,43.0,7.0,7.0,63.0,11.0,-0.1797030316576704,0.4200342440774887,0.0458351871571945,0.0318560300832661,0.4585293602061894,0.0471145554987018,-0.0502950378237241,0.0088869463869463,,,,,,,,,,,,,,,,,,,,,,,,,,,,,,,,,,,,,,,REG,,,,,,,,,7.0,7.0,0.0,,fieldturf,,,,,,,,,,,,,,,,,,,,,,,,,,,,,2026-10-18,6,True,True,False,202606,1437.679005345844,1280.5185423036069,157.1604630422371,,,,False,False,False,False,False,False,False,False,False,False,False,False,False,True,False,False,False,False,False,False,False,False,False,False,False,False,False,False,False,False,False,False,False,False,False,False,False,False,False,False,False,False,False,False,False,False,False,False,False,False,False,False,False,False,False,False,False,False,False,False,False,False,True,False
2026,6,2026_06_WAS_SF,2026-10-19,SF,WAS,,,,,6.0,41.0,0.0,245.0,-305.0,6.5,44.5,6.0,14.0,46.0,5.0,0.0066181152197968,0.4925961308812992,0.043612624935768,0.0294243070362473,0.5293599082864597,0.0675190584843853,-0.0663524047708584,0.0080321285140562,14.5,30.0,0.5,230.0,-285.0,6.25,44.5,7.0,10.5,46.0,13.5,0.0661863620398527,0.5047169811320755,0.0274442538593482,0.0142857142857142,0.569320761306094,0.0844246551423083,-0.1138853516452692,0.0120481927710843,23.5,23.5,0.5,-175.0,100.0,-2.75,44.5,7.0,6.0,42.5,8.0,0.1851016847060448,0.5675675675675675,0.0945945945945946,0.0161290322580645,0.3928571428571428,0.0476190476190476,0.0816734897567089,0.0238095238095238,23.5,24.25,0.5,-151.5,88.0,-2.5,44.75,6.75,7.75,38.5,9.0,0.1916660889833809,0.5491939307728781,0.0670934091986723,0.01707225051877,0.4404761904761905,0.0595238095238095,-0.0346707496833004,0.0119047619047619,,,,,,,,,,,,,,,,,,,,,,,,,,,,,,,,,,,,,,,REG,,,,,,,,,8.0,8.0,0.0,outdoors,grass,,,,,,,,,,,,,,,,,,,,,,,,,,,,,2026-10-19,0,False,True,False,202606,1583.348134919415,1452.598540392987,130.74959452642815,,,,False,False,False,False,False,False,False,False,False,False,False,False,False,False,False,False,False,False,False,False,False,False,False,False,False,False,False,False,True,False,False,False,False,False,False,False,False,False,False,False,False,False,False,False,False,False,False,False,False,False,False,False,False,False,False,False,False,False,False,False,False,False,False,True
2026,7,2026_07_CIN_BAL,2026-10-25,BAL,CIN,,,,,32.5,25.0,0.5,-52.5,21.5,-1.0,40.0,7.0,7.0,30.5,6.5,-0.1854595648790932,0.444311999823029,0.0332773492471076,0.0481242895035998,0.5130707527766352,0.0514843000137117,-0.1370565776934255,0.0051282051282051,32.5,25.0,0.5,-52.5,21.5,-1.0,40.0,7.0,7.0,30.5,6.5,-0.2630402502313445,0.4044943820224719,0.0112359550561797,0.0384615384615384,0.4615384615384615,0.0615384615384615,0.0837621647564422,0.0153846153846153,18.0,20.0,0.0,350.0,-455.0,9.5,47.5,7.0,7.0,37.0,0.0,-0.2291247971344692,0.4010620915032679,0.0218464052287581,0.0456876456876456,0.5125000000000001,0.0659812316208268,-0.1323834596187633,0.0077127659574468,18.0,20.0,0.0,350.0,-455.0,9.5,47.5,7.0,7.0,37.0,0.0,0.038678532175862,0.5091820987654321,0.01875,0.023076923076923,0.5620833333333333,0.0779166666666666,-0.2009694667180247,0.0129166666666666,,,,,,,,,,,,,,,,,,,,,,,,,,,,,,,,,,,,,,,REG,,,,,,,,,7.0,14.0,-7.0,outdoors,grass,,,,,,,,,,,,,,,,,,,,,,,,,,,,,2026-10-25,6,True,True,False,202607,1578.0455867869105,1481.1897919754094,96.85579481150104,,,,False,False,True,False,False,False,False,False,False,False,False,False,False,False,False,False,False,False,False,False,False,False,False,False,False,False,False,False,False,False,False,False,False,False,False,False,False,False,True,False,False,False,False,False,False,False,False,False,False,False,False,False,False,False,False,False,False,False,False,False,False,False,False,False
2026,7,2026_07_CLE_TEN,2026-10-25,TEN,CLE,,,,,16.5,37.5,0.0,202.5,-325.0,5.5,43.0,7.0,7.0,63.0,11.0,-0.21562425894461,0.4078947368421052,0.0657894736842105,0.05,0.4358974358974359,0.0256410256410256,0.0681079497503636,0.0128205128205128,7.0,41.0,0.0,525.0,-750.0,12.5,46.5,7.0,7.0,55.0,8.0,-0.21562425894461,0.4078947368421052,0.0657894736842105,0.05,0.4358974358974359,0.0256410256410256,0.0681079497503636,0.0128205128205128,16.5,12.0,1.0,72.5,-142.5,2.5,41.5,7.0,7.0,41.0,7.0,-0.0803353393494785,0.4329896907216495,0.0103092783505154,0.0,0.4266666666666667,0.0666666666666666,-0.1136779590808773,0.0,20.0,18.0,1.0,350.0,-455.0,9.5,47.5,7.0,7.0,37.0,0.0,-0.0803353393494785,0.4329896907216495,0.0103092783505154,0.0,0.4266666666666667,0.0666666666666666,-0.1136779590808773,0.0,,,,,,,,,,,,,,,,,,,,,,,,,,,,,,,,,,,,,,,REG,,,,,,,,,7.0,7.0,0.0,outdoors,grass,,,,,,,,,,,,,,,,,,,,,,,,,,,,,2026-10-25,6,True,True,False,202607,1280.5185423036069,1386.3667230875474,-105.8481807839405,,,,False,False,False,False,False,False,False,False,False,False,False,False,False,False,False,False,False,False,False,False,False,False,False,False,False,False,False,False,False,False,True,False,False,False,False,False,False,False,False,True,False,False,False,False,False,False,False,False,False,False,False,False,False,False,False,False,False,False,False,False,False,False,False,False
2026,7,2026_07_DAL_PHI,2026-10-26,PHI,DAL,,,,,16.333333333333332,19.666666666666668,0.3333333333333333,169.0,-205.0,4.0,42.833333333333336,8.666666666666666,7.0,39.66666666666666,12.333333333333334,-0.0184483396664943,0.4597711267605633,0.0664612676056338,0.0169491525423728,0.4777374470659407,0.0502722323049001,-0.1165581047925637,0.0,18.0,23.5,0.0,182.5,-222.5,4.5,41.5,9.0,7.0,40.5,15.5,-0.0184483396664943,0.4597711267605633,0.0664612676056338,0.0169491525423728,0.4777374470659407,0.0502722323049001,-0.1165581047925637,0.0,21.33333333333333,30.33333333333333,0.3333333333333333,-188.0,132.66666666666666,-3.333333333333333,50.5,7.0,6.333333333333333,41.5,7.0,0.2172555839010818,0.4638322753090544,0.0510357500835282,0.0,0.5323529411764707,0.054141656662665,-0.0890794643672273,0.010984393757503,23.5,28.5,0.5,-333.0,260.0,-5.75,50.5,7.0,6.0,41.5,7.0,0.2172555839010818,0.4638322753090545,0.0510357500835282,0.0,0.5323529411764705,0.054141656662665,-0.0890794643672273,0.010984393757503,,,,,,,,,,,,,,,,,,,,,,,,,,,,,,,,,,,,,,,REG,,,,,,,,,8.0,8.0,0.0,outdoors,grass,,,,,,,,,,,,,,,,,,,,,,,,,,,,,2026-10-26,0,False,True,False,202607,1649.9520100937982,1479.772732868715,170.1792772250833,,,,False,False,False,False,False,False,False,False,False,False,False,False,False,False,False,False,False,False,False,False,False,False,False,False,False,True,False,False,False,False,False,False,False,False,False,False,False,False,False,False,True,False,False,False,False,False,False,False,False,False,False,False,False,False,False,False,False,False,False,False,False,False,False,False
2026,7,2026_07_DEN_ARI,2026-10-25,ARI,DEN,,,,,17.0,37.0,0.0,537.5,-847.5,10.75,51.0,7.0,6.5,65.0,9.0,0.0162748594916824,0.4499518999518999,0.0412578162578162,0.0282508472955503,0.493474540008558,0.0710312366281557,-0.0664560829208974,0.0165810868635002,20.0,37.0,0.0,800.0,-1350.0,14.5,49.5,7.0,6.0,65.0,9.0,0.1173949707569916,0.5111111111111111,0.0777777777777777,0.0135135135135135,0.5657894736842105,0.0789473684210526,-0.1643739870092442,0.0131578947368421,19.666666666666668,14.333333333333334,0.6666666666666666,265.0,-516.6666666666666,4.166666666666667,42.16666666666666,7.0,10.333333333333334,42.66666666666666,7.666666666666667,-0.1081380890186355,0.3421052631578947,0.0131578947368421,0.0161290322580645,0.3815789473684211,0.0,0.1443510336263754,0.0,7.0,10.0,0.0,-205.0,170.0,-3.5,43.5,7.0,8.0,26.0,10.0,0.0414472072862379,0.4421052631578948,0.0397349757372153,0.009441384736428,0.3921439628482971,0.025735294117647,0.1013533222154219,0.0,,,,,,,,,,,,,,,,,,,,,,,,,,,,,,,,,,,,,,,REG,,,,,,,,,7.0,10.0,-3.0,,grass,,,,,,,,,,,,,,,,,,,,,,,,,,,,,2026-10-25,6,True,True,False,202607,1319.761952516942,1638.3025337449608,-318.5405812280187,,,,True,False,False,False,False,False,False,False,False,False,False,False,False,False,False,False,False,False,False,False,False,False,False,False,False,False,False,False,False,False,False,False,False,False,False,False,False,False,False,False,False,True,False,False,False,False,False,False,False,False,False,False,False,False,False,False,False,False,False,False,False,False,False,False
2026,7,2026_07_GB_DET,2026-10-25,DET,GB,,,,,19.0,16.0,1.0,150.0,-180.0,3.5,51.5,10.0,7.0,33.0,4.0,0.1263258131208039,0.5513586956521739,0.0602355072463768,0.0081967213114754,0.5237500000000002,0.0320833333333333,-0.1037505790617615,0.01875,17.666666666666668,22.666666666666668,0.3333333333333333,40.0,-106.66666666666669,1.3333333333333333,49.833333333333336,6.666666666666667,6.0,33.0,4.0,0.0669397687631564,0.5652173913043478,0.0579710144927536,0.0,0.56,0.0266666666666666,-0.2266131006290179,0.0,15.0,23.5,0.0,167.5,-268.0,5.0,41.5,7.0,8.0,32.0,6.0,0.2301455305975216,0.5552380952380953,0.08,0.0135746606334841,0.5265432098765431,0.0222222222222222,-0.1624631427304749,0.0,15.0,23.5,0.0,167.5,-268.0,5.0,41.5,7.0,8.0,32.0,6.0,0.2162270759575981,0.5866666666666667,0.0933333333333333,0.0153846153846153,0.5308641975308642,0.0,-0.096469006857219,0.0,,,,,,,,,,,,,,,,,,,,,,,,,,,,,,,,,,,,,,,REG,,,,,,,,,14.0,7.0,7.0,dome,fieldturf,,,,,,,,,,,,,,,,,,,,,,,,,,,,,2026-10-25,6,True,True,False,202607,1612.0619915358989,1539.032218535977,73.02977299992176,,,,False,False,False,False,False,False,False,False,False,False,True,False,False,False,False,False,False,False,False,False,False,False,False,False,False,False,False,False,False,False,False,False,False,False,False,False,False,False,False,False,False,False,False,True,False,False,False,False,False,False,False,False,False,False,False,False,False,False,False,False,False,False,False,False
2026,7,2026_07_IND_MIN,2026-10-25,MIN,IND,,,,,18.33333333333333,8.666666666666666,1.0,-12.666666666666666,-80.33333333333333,1.0,41.5,6.333333333333333,7.0,46.0,20.0,0.0469389826747511,0.4802939676357398,0.0602936736002497,0.0184619302266361,0.4413848631239935,0.0300483091787439,0.1274910526954789,0.0222222222222222,19.5,6.5,1.0,55.0,-182.5,2.75,41.5,6.0,7.0,46.0,20.0,0.0435270003079789,0.4683544303797468,0.0759493670886076,0.0294117647058823,0.4111111111111111,0.0333333333333333,0.0080417907340721,0.0,23.5,30.5,0.0,87.5,-175.0,3.0,43.0,7.0,7.0,51.0,9.0,0.1643739870092442,0.5657894736842105,0.0789473684210526,0.0166666666666666,0.5111111111111111,0.0777777777777777,-0.1173949707569916,0.0111111111111111,30.0,38.0,0.0,400.0,-535.0,9.5,37.5,7.0,8.0,51.0,9.0,0.1643739870092442,0.5657894736842105,0.0789473684210526,0.0166666666666666,0.5111111111111111,0.0777777777777777,-0.1173949707569916,0.0111111111111111,,,,,,,,,,,,,,,,,,,,,,,,,,,,,,,,,,,,,,,REG,,,,,,,,,14.0,7.0,7.0,dome,sportturf,,,,,,,,,,,,,,,,,,,,,,,,,,,,,2026-10-25,6,True,True,False,202607,1586.6484823812723,1437.679005345844,148.96947703542855,,,,False,False,False,False,False,False,False,False,False,False,False,False,False,False,False,False,False,False,False,False,True,False,False,False,False,False,False,False,False,False,False,False,False,False,False,False,False,False,False,False,False,False,False,False,False,True,False,False,False,False,False,False,False,False,False,False,False,False,False,False,False,False,False,False
2026,7,2026_07_KC_SEA,2026-10-25,SEA,KC,,,,,33.666666666666664,15.333333333333334,1.0,42.333333333333336,-84.0,1.5,45.16666666666666,9.0,12.0,51.333333333333336,4.666666666666667,0.0392252822861889,0.4305555555555556,0.0694444444444444,0.0,0.3723404255319149,0.0319148936170212,0.0871678975031721,0.0,29.0,13.0,1.0,-238.0,195.0,-4.5,45.5,14.0,14.0,67.0,7.0,0.1144488629049143,0.4884662537101562,0.0859715036544304,0.0112994350282485,0.4547316873744645,0.0453083062265593,-0.081945762283232,0.0119047619047619,12.0,14.0,0.0,-225.0,185.0,-3.5,36.5,10.0,7.0,51.0,8.0,0.2266131006290179,0.56,0.0266666666666666,0.0,0.5652173913043478,0.0579710144927536,-0.0669397687631564,0.0,12.5,17.0,0.0,-662.5,442.5,-8.5,37.0,7.0,5.5,51.0,8.0,0.177100982012437,0.5848780487804878,0.0560162601626016,0.0073529411764705,0.563430613460393,0.0632320825888425,-0.1144140200283528,0.0136986301369862,,,,,,,,,,,,,,,,,,,,,,,,,,,,,,,,,,,,,,,REG,,,,,,,,,10.0,7.0,3.0,outdoors,fieldturf,,,,,,,,,,,,,,,,,,,,,,,,,,,,,2026-10-25,6,True,True,False,202607,1696.6438276620331,1568.5096461993949,128.13418146263825,,,,False,False,False,False,False,False,False,False,False,False,False,False,False,False,False,False,False,False,False,False,False,False,False,False,False,False,False,True,False,False,False,False,False,False,False,False,False,False,False,False,False,False,False,False,False,False,False,True,False,False,False,False,False,False,False,False,False,False,False,False,False,False,False,False
2026,7,2026_07_LAR_LV,2026-10-25,LV,LAR,,,,,15.0,23.0,0.3333333333333333,171.0,-426.3333333333333,2.6666666666666665,38.833333333333336,8.0,7.0,30.0,20.0,-0.145585810389524,0.467948717948718,0.0250156347717323,0.0229026036644165,0.4572807017543859,0.0528947368421052,-0.0133930616448703,0.0197368421052631,12.0,23.0,0.5,-193.5,160.5,-3.25,38.5,8.5,7.0,30.0,20.0,-0.0681079497503636,0.4358974358974359,0.0256410256410256,0.0163934426229508,0.4078947368421052,0.0657894736842105,0.21562425894461,0.0394736842105263,27.0,31.0,0.0,120.0,-142.0,2.5,45.5,7.0,8.0,41.0,2.0,0.0435270003079789,0.4772052176159111,0.0510357500835282,0.015625,0.479603772682405,0.0496751454579854,-0.0607676456638933,0.0111111111111111,23.5,24.0,0.5,-42.5,14.0,-0.5,47.5,7.5,8.0,30.0,4.0,0.0398563754918588,0.4802939676357398,0.0510357500835282,0.0151515151515151,0.4785789127397851,0.049859980304922,-0.0249730269571986,0.0129166666666666,,,,,,,,,,,,,,,,,,,,,,,,,,,,,,,,,,,,,,,REG,,,,,,,,,7.0,7.0,0.0,dome,grass,,,,,,,,,,,,,,,,,,,,,,,,,,,,,2026-10-25,6,True,True,False,202607,1310.3927345248208,1615.2910837085915,-304.89834918377096,,,,False,False,False,False,False,False,False,False,False,False,False,False,False,False,False,False,False,False,True,False,False,False,False,False,False,False,False,False,False,False,False,False,False,False,False,False,False,False,False,False,False,False,False,False,False,False,False,False,False,True,False,False,False,False,False,False,False,False,False,False,False,False,False,False
2026,7,2026_07_MIA_NYJ,2026-10-25,NYJ,MIA,,,,,9.0,38.5,0.0,-200.0,-87.5,0.0,41.0,7.0,7.0,28.0,8.5,-0.1443510336263754,0.3815789473684211,0.0,0.0,0.3421052631578947,0.0131578947368421,0.1081380890186355,0.0131578947368421,8.0,35.0,0.0,550.0,-800.0,12.5,39.5,7.0,7.0,27.0,13.0,-0.0150656208045137,0.4831600606454407,0.049214747627446,0.0185577942735949,0.4323890246833253,0.0384097983012995,-0.1085806690822963,0.0043859649122807,15.0,27.5,0.5,200.0,-397.5,4.25,44.5,7.0,7.0,54.5,4.5,0.0909778147317826,0.4658119658119658,0.0528846153846153,0.025,0.4777777777777778,0.0746031746031746,-0.1211297975034635,0.017063492063492,15.0,27.5,0.5,200.0,-397.5,4.25,44.5,7.0,7.0,54.5,4.5,0.1062264599912857,0.4646111018677709,0.0400057539792579,0.0165322580645161,0.5159993326659993,0.0757984174650841,-0.1341624533881846,0.0177910052910052,,,,,,,,,,,,,,,,,,,,,,,,,,,,,,,,,,,,,,,REG,,,,,,,,,7.0,14.0,-7.0,outdoors,fieldturf,,,,,,,,,,,,,,,,,,,,,,,,,,,,,2026-10-25,6,True,True,False,202607,1313.30455808606,1461.1041439662474,-147.79958588018735,,,,False,False,False,False,False,False,False,False,False,False,False,False,False,False,False,False,False,False,False,False,False,False,False,False,True,False,False,False,False,False,False,False,False,False,False,False,False,False,False,False,False,False,False,False,False,False,False,False,False,False,False,True,False,False,False,False,False,False,False,False,False,False,False,False
2026,7,2026_07_NE_CHI,2026-10-22,CHI,NE,,,,,17.0,20.0,0.0,-205.0,170.0,-3.5,49.5,8.0,8.0,19.0,6.0,0.0643561533373377,0.463863958431743,0.0457408282160289,0.0071428571428571,0.5141065830721003,0.0514629049111807,0.0882937781291842,0.0532915360501567,24.0,23.5,0.5,-170.0,142.0,-3.0,47.5,7.0,7.0,25.5,6.0,-0.071738076800538,0.4482758620689655,0.0229885057471264,0.0142857142857142,0.5454545454545454,0.0454545454545454,0.1720169777619444,0.0606060606060606,13.0,29.0,0.0,-238.0,195.0,-4.5,45.5,14.0,14.0,67.0,7.0,0.1355494985187377,0.4750681417348084,0.0732456843567954,0.0053763440860215,0.4900820702268357,0.0496751454579854,0.0509752693982798,0.0167430284518355,11.5,18.0,0.5,-221.5,182.5,-4.0,44.5,10.5,11.0,46.5,8.5,0.0801241132837174,0.5004810004810004,0.0568382235048901,0.0080645161290322,0.4994909214322077,0.0572713388766332,-0.013008036605015,0.0251145426777532,,,,,,,,,,,,,,,,,,,,,,,,,,,,,,,,,,,,,,,REG,,,,,,,,,4.0,4.0,0.0,outdoors,grass,,,,,,,,,,,,,,,,,,,,,,,,,,,,,2026-10-22,3,False,True,False,202607,1514.6679180567303,1585.8241019587574,-71.1561839020269,,,,False,False,False,False,False,True,False,False,False,False,False,False,False,False,False,False,False,False,False,False,False,False,False,False,False,False,False,False,False,False,False,False,False,False,False,False,False,False,False,False,False,False,False,False,False,False,False,False,False,False,False,False,False,True,False,False,False,False,False,False,False,False,False,False
2026,7,2026_07_NYG_HOU,2026-10-25,HOU,NYG,,,,,23.0,17.0,0.5,-2.5,-25.0,0.0,39.5,7.0,7.5,33.5,5.5,0.3125411621615371,0.611764705882353,0.0588235294117647,0.0,0.4354838709677419,0.032258064516129,0.2504813458722078,0.0483870967741935,23.0,17.0,0.5,-2.5,-25.0,0.0,39.5,7.0,7.5,33.5,5.5,0.1910082235242045,0.5131994261119082,0.0659971305595409,0.0,0.3896169354838709,0.0395665322580645,0.324162811948315,0.0320060483870967,34.0,13.5,1.0,-164.0,138.0,-3.0,45.5,8.5,7.0,33.0,7.0,-0.0200022627243197,0.4772052176159111,0.0401007361487795,0.0324675324675324,0.4852284438337341,0.0413088285812435,0.0375187099335308,0.0140845070422535,34.0,17.0,1.0,-166.0,140.0,-3.0,50.5,10.0,7.0,33.0,7.0,-0.0200022627243197,0.4772052176159113,0.0401007361487795,0.0324675324675324,0.4852284438337341,0.0413088285812435,0.0375187099335308,0.0140845070422535,,,,,,,,,,,,,,,,,,,,,,,,,,,,,,,,,,,,,,,REG,,,,,,,,,7.0,7.0,0.0,,astroturf,,,,,,,,,,,,,,,,,,,,,,,,,,,,,2026-10-25,6,True,True,False,202607,1605.140838642905,1334.4357605851203,270.7050780577845,,,,False,False,False,False,False,False,False,False,False,False,False,False,True,False,False,False,False,False,False,False,False,False,False,False,False,False,False,False,False,False,False,False,False,False,False,False,False,False,False,False,False,False,False,False,False,False,False,False,False,False,False,False,False,False,False,True,False,False,False,False,False,False,False,False
2026,7,2026_07_PIT_NO,2026-10-25,NO,PIT,,,,,17.0,19.0,0.0,170.0,-205.0,4.5,43.5,7.0,6.0,74.5,8.0,-0.0180411892169067,0.4781861903126074,0.02722432153899,0.0086206896551724,0.4823137744486059,0.036482175058954,0.0595209712024943,0.0280898876404494,17.0,19.0,0.0,170.0,-205.0,4.5,43.5,7.0,6.0,71.0,14.0,0.0066098958855891,0.4929577464788732,0.0422535211267605,0.0172413793103448,0.4814814814814814,0.0617283950617283,-0.0914376671834314,0.0,16.0,27.0,0.5,-190.0,157.5,-3.75,40.0,8.0,7.5,28.5,6.0,0.096422908139132,0.507027564649048,0.0416169366297243,0.0062893081761006,0.4705137532115547,0.0341526977969655,0.0358017003643557,0.0274063286111478,16.0,27.0,0.5,-190.0,157.5,-3.75,40.0,8.0,7.5,28.5,6.0,0.1261758206959324,0.5031884057971014,0.0550724637681159,0.0,0.452758581624561,0.0271326611532797,0.01232266378952,0.0109890109890109,,,,,,,,,,,,,,,,,,,,,,,,,,,,,,,,,,,,,,,REG,0.4716981132075472,0.5689655172413793,-0.0972674040338321,0.4532666458268208,0.5467333541731791,-0.0934667083463582,-1.5,,7.0,7.0,0.0,dome,sportturf,,,,,,,,,,,,,,,,,,,,,,,,,,,,,2026-10-25,6,True,True,False,202607,1383.345988389273,1556.618019066946,-173.27203067767277,,,,False,False,False,False,False,False,False,False,False,False,False,False,False,False,False,False,False,False,False,False,False,False,True,False,False,False,False,False,False,False,False,False,False,False,False,False,False,False,False,False,False,False,False,False,False,False,False,False,False,False,False,False,False,False,False,False,False,False,True,False,False,False,False,False
2026,7,2026_07_SF_ATL,2026-10-25,ATL,SF,,,,,23.0,20.5,1.0,-105.0,47.5,-1.5,46.0,9.0,7.0,56.0,5.0,0.2066862874714405,0.5357142857142857,0.0714285714285714,0.0151515151515151,0.5405405405405406,0.054054054054054,-0.1680928117305812,0.0135135135135135,19.0,17.0,1.0,170.0,-205.0,4.5,43.5,7.0,6.0,56.0,5.0,-0.0534291529297539,0.4476979345955249,0.0563898450946643,0.0349147584441702,0.4819012901204682,0.0425350534939576,0.0448360774173552,0.0198891198891198,10.666666666666666,24.33333333333333,0.3333333333333333,104.0,-148.66666666666666,3.333333333333333,45.5,6.666666666666667,9.0,49.66666666666666,11.666666666666666,0.0155734617353427,0.5,0.0454545454545454,0.0285714285714285,0.5362318840579711,0.072463768115942,-0.1568073379546753,0.0,6.0,41.0,0.0,245.0,-305.0,6.5,44.5,6.0,14.0,46.0,5.0,0.0155734617353427,0.5,0.0454545454545454,0.0285714285714285,0.5362318840579711,0.072463768115942,-0.1568073379546753,0.0,,,,,,,,,,,,,,,,,,,,,,,,,,,,,,,,,,,,,,,REG,,,,,,,,,7.0,6.0,1.0,,fieldturf,,,,,,,,,,,,,,,,,,,,,,,,,,,,,2026-10-25,6,True,True,False,202607,1445.0858892675242,1583.348134919415,-138.2622456518909,,,,False,True,False,False,False,False,False,False,False,False,False,False,False,False,False,False,False,False,False,False,False,False,False,False,False,False,False,False,False,False,False,False,False,False,False,False,False,False,False,False,False,False,False,False,False,False,False,False,False,False,False,False,False,False,False,False,False,False,False,False,True,False,False,False
2026,7,2026_07_TB_CAR,2026-10-25,CAR,TB,,,,,22.5,25.0,0.0,-210.0,127.5,-3.5,44.0,6.0,6.5,70.5,13.5,0.1332610883806081,0.5101307189542484,0.0624183006535947,0.0217484008528784,0.4482496194824961,0.0413812785388127,-0.1488776359101143,0.0,31.0,34.0,0.0,-550.0,410.0,-10.0,44.5,6.0,7.0,72.0,16.0,0.1332610883806081,0.5101307189542482,0.0624183006535947,0.0217484008528784,0.4482496194824962,0.0413812785388127,-0.1488776359101143,0.0,17.666666666666668,19.0,0.3333333333333333,-91.66666666666669,60.0,-1.8333333333333333,44.16666666666666,7.666666666666667,6.666666666666667,70.0,7.333333333333333,0.247825374645513,0.5378527841342486,0.0822845156369183,0.0,0.5357142857142856,0.0681818181818181,-0.1295347960640677,0.0243506493506493,16.0,14.0,1.0,130.0,-155.0,3.0,43.5,6.0,6.0,69.0,11.0,0.1568073379546753,0.5362318840579711,0.072463768115942,0.0,0.5,0.0454545454545454,-0.0155734617353427,0.0227272727272727,,,,,,,,,,,,,,,,,,,,,,,,,,,,,,,,,,,,,,,REG,,,,,,,,,7.0,7.0,0.0,outdoors,grass,,,,,,,,,,,,,,,,,,,,,,,,,,,,,2026-10-25,6,True,True,False,202607,1377.4347187735248,1470.1517775866828,-92.71705881315802,,,,False,False,False,False,True,False,False,False,False,False,False,False,False,False,False,False,False,False,False,False,False,False,False,False,False,False,False,False,False,False,False,False,False,False,False,False,False,False,False,False,False,False,False,False,False,False,False,False,False,False,False,False,False,False,False,False,False,False,False,False,False,True,False,False
2026,8,2026_08_ARI_DAL,2026-11-01,DAL,ARI,,,,,17.0,34.0,0.0,-166.0,140.0,-3.0,50.5,10.0,7.0,33.0,7.0,0.1765672880205567,0.4520547945205479,0.0410958904109589,0.0,0.5647058823529412,0.0470588235294117,-0.1527092656444412,0.0117647058823529,17.0,34.0,0.0,-166.0,140.0,-3.0,50.5,10.0,7.0,33.0,7.0,0.1765672880205567,0.4520547945205479,0.0410958904109589,0.0,0.5647058823529412,0.0470588235294117,-0.1527092656444412,0.0117647058823529,20.0,37.0,0.0,800.0,-1350.0,14.5,49.5,7.0,6.0,65.0,9.0,0.1173949707569916,0.5111111111111111,0.0777777777777777,0.0135135135135135,0.5657894736842105,0.0789473684210526,-0.1643739870092442,0.0131578947368421,17.0,37.0,0.0,537.5,-847.5,10.75,51.0,7.0,6.5,65.0,9.0,0.0162748594916824,0.4499518999518999,0.0412578162578162,0.0282508472955502,0.493474540008558,0.0710312366281557,-0.0664560829208974,0.0165810868635002,,,,,,,,,,,,,,,,,,,,,,,,,,,,,,,,,,,,,,,REG,,,,,,,,,6.0,7.0,-1.0,,matrixturf,,,,,,,,,,,,,,,,,,,,,,,,,,,,,2026-11-01,6,True,True,False,202608,1479.772732868715,1319.761952516942,160.01078035177284,,,,False,False,False,False,False,False,False,False,True,False,False,False,False,False,False,False,False,False,False,False,False,False,False,False,False,False,False,False,False,False,False,False,True,False,False,False,False,False,False,False,False,False,False,False,False,False,False,False,False,False,False,False,False,False,False,False,False,False,False,False,False,False,False,False
2026,8,2026_08_ATL_TB,2026-11-01,TB,ATL,,,,,16.0,14.0,1.0,130.0,-155.0,3.0,43.5,6.0,6.0,69.0,11.0,0.1568073379546753,0.5362318840579711,0.072463768115942,0.0,0.5,0.0454545454545454,-0.0155734617353427,0.0227272727272727,16.5,17.0,0.5,-60.0,25.0,-1.25,44.0,6.5,6.5,74.5,7.0,0.1164786097324092,0.4896546650782632,0.0660922988141253,0.0092592592592592,0.5109890109890111,0.0582750582750582,-0.0692670183179399,0.0162337662337662,19.0,17.0,1.0,170.0,-205.0,4.5,43.5,7.0,6.0,49.5,6.5,-0.0860455756603633,0.4366071428571427,0.0544642857142857,0.0369875222816399,0.53054424287301,0.0407256571640133,-0.1171920257616024,0.0067567567567567,23.0,20.5,1.0,-105.0,47.5,-1.5,46.0,9.0,7.0,56.0,5.0,0.2066862874714405,0.5357142857142857,0.0714285714285714,0.0151515151515151,0.5405405405405406,0.054054054054054,-0.1680928117305812,0.0135135135135135,,,,,,,,,,,,,,,,,,,,,,,,,,,,,,,,,,,,,,,REG,,,,,,,,,7.0,7.0,0.0,outdoors,grass,,,,,,,,,,,,,,,,,,,,,,,,,,,,,2026-11-01,6,True,True,False,202608,1470.1517775866828,1445.0858892675242,25.065888319158603,,,,False,False,False,False,False,False,False,False,False,False,False,False,False,False,False,False,False,False,False,False,False,False,False,False,False,False,False,False,False,True,False,False,False,True,False,False,False,False,False,False,False,False,False,False,False,False,False,False,False,False,False,False,False,False,False,False,False,False,False,False,False,False,False,False
2026,8,2026_08_BAL_BUF,2026-11-01,BUF,BAL,,,,,30.0,33.0,0.0,100.0,-120.0,1.5,45.5,6.0,13.0,36.0,5.0,0.0194061773244408,0.5060240963855421,0.072289156626506,0.0416666666666666,0.5194805194805194,0.0519480519480519,-0.0688105593840034,0.0129870129870129,28.5,28.5,0.5,101.0,-121.0,1.5,48.5,6.5,10.0,49.0,5.5,0.0194061773244408,0.5060240963855421,0.072289156626506,0.0416666666666666,0.5194805194805194,0.0519480519480519,-0.0688105593840034,0.0129870129870129,24.0,26.0,0.0,-225.0,185.0,-4.5,41.5,8.0,7.0,25.0,3.0,-0.2630402502313445,0.4044943820224719,0.0112359550561797,0.0384615384615384,0.4615384615384615,0.0615384615384615,0.0837621647564422,0.0153846153846153,24.0,26.0,0.0,-225.0,185.0,-4.5,41.5,8.0,7.0,25.0,3.0,-0.2567607980517761,0.419989126495107,0.0217470097861544,0.0549450549450549,0.5366515837104072,0.0601809954751131,-0.1143894987025474,0.0076923076923076,,,,,,,,,,,,,,,,,,,,,,,,,,,,,,,,,,,,,,,REG,,,,,,,,,14.0,7.0,7.0,outdoors,a_turf,,,,,,,,,,,,,,,,,,,,,,,,,,,,,2026-11-01,6,True,True,False,202608,1666.4029573285284,1578.0455867869105,88.35737054161791,,,,False,False,False,True,False,False,False,False,False,False,False,False,False,False,False,False,False,False,False,False,False,False,False,False,False,False,False,False,False,False,False,False,False,False,True,False,False,False,False,False,False,False,False,False,False,False,False,False,False,False,False,False,False,False,False,False,False,False,False,False,False,False,False,False
2026,8,2026_08_CAR_GB,2026-10-29,GB,CAR,,,,,27.0,31.0,0.0,-135.0,114.0,-2.5,45.5,6.0,6.0,32.0,6.0,0.2162270759575981,0.5866666666666667,0.0933333333333333,0.0153846153846153,0.5308641975308642,0.0,-0.096469006857219,0.0,27.0,31.0,0.0,-135.0,114.0,-2.5,45.5,6.0,6.0,32.0,6.0,0.2301455305975216,0.5552380952380952,0.0799999999999999,0.0135746606334841,0.5265432098765431,0.0222222222222222,-0.1624631427304749,0.0,31.0,34.0,0.0,-550.0,410.0,-10.0,44.5,6.0,7.0,72.0,16.0,0.1527092656444412,0.5647058823529412,0.0470588235294117,0.0149253731343283,0.4520547945205479,0.0410958904109589,-0.1765672880205567,0.0,31.0,34.0,0.0,-550.0,410.0,-10.0,44.5,6.0,7.0,72.0,16.0,0.1527092656444412,0.5647058823529412,0.0470588235294117,0.0149253731343283,0.4520547945205479,0.0410958904109589,-0.1765672880205567,0.0,,,,,,,,,,,,,,,,,,,,,,,,,,,,,,,,,,,,,,,REG,,,,,,,,,4.0,4.0,0.0,outdoors,grass,,,,,,,,,,,,,,,,,,,,,,,,,,,,,2026-10-29,3,False,True,False,202608,1539.032218535977,1377.4347187735248,161.59749976245234,,,,False,False,False,False,False,False,False,False,False,False,False,True,False,False,False,False,False,False,False,False,False,False,False,False,False,False,False,False,False,False,False,False,False,False,False,False,True,False,False,False,False,False,False,False,False,False,False,False,False,False,False,False,False,False,False,False,False,False,False,False,False,False,False,False
2026,8,2026_08_CHI_SEA,2026-11-02,SEA,CHI,,,,,33.666666666666664,15.333333333333334,1.0,42.333333333333336,-84.0,1.5,45.16666666666666,9.0,12.0,51.333333333333336,4.666666666666667,0.0392252822861889,0.4305555555555556,0.0694444444444444,0.0,0.3723404255319149,0.0319148936170212,0.0871678975031721,0.0,29.0,13.0,1.0,-238.0,195.0,-4.5,45.5,14.0,14.0,67.0,7.0,0.1144488629049143,0.4884662537101562,0.0859715036544304,0.0112994350282485,0.4547316873744645,0.0453083062265593,-0.081945762283232,0.0119047619047619,21.33333333333333,22.0,0.3333333333333333,-63.333333333333336,34.666666666666664,-0.8333333333333334,48.833333333333336,8.0,7.0,28.0,5.333333333333333,-0.071738076800538,0.4482758620689655,0.0229885057471264,0.0142857142857142,0.5454545454545454,0.0454545454545454,0.1720169777619444,0.0606060606060606,17.0,20.0,0.0,-205.0,170.0,-3.5,49.5,8.0,8.0,19.0,6.0,0.0643561533373377,0.463863958431743,0.0457408282160289,0.0071428571428571,0.5141065830721003,0.0514629049111807,0.0882937781291842,0.0532915360501567,,,,,,,,,,,,,,,,,,,,,,,,,,,,,,,,,,,,,,,REG,,,,,,,,,8.0,11.0,-3.0,outdoors,fieldturf,,,,,,,,,,,,,,,,,,,,,,,,,,,,,2026-11-02,0,False,True,False,202608,1696.6438276620331,1514.6679180567303,181.9759096053026,,,,False,False,False,False,False,False,False,False,False,False,False,False,False,False,False,False,False,False,False,False,False,False,False,False,False,False,False,True,False,False,False,False,False,False,False,False,False,True,False,False,False,False,False,False,False,False,False,False,False,False,False,False,False,False,False,False,False,False,False,False,False,False,False,False
2026,8,2026_08_CLE_PIT,2026-11-01,PIT,CLE,,,,,6.0,30.0,0.0,-155.0,130.0,-3.0,38.5,8.0,8.0,32.0,9.0,0.1136779590808773,0.4266666666666667,0.0666666666666666,0.0,0.4329896907216495,0.0103092783505154,0.0803353393494785,0.0,6.0,30.0,0.0,-155.0,130.0,-3.0,38.5,8.0,8.0,32.0,9.0,0.1136779590808773,0.4266666666666667,0.0666666666666666,0.0,0.4329896907216495,0.0103092783505154,0.0803353393494785,0.0,16.5,12.0,1.0,72.5,-142.5,2.5,41.5,7.0,7.0,41.0,7.0,-0.0803353393494785,0.4329896907216495,0.0103092783505154,0.0,0.4266666666666667,0.0666666666666666,-0.1136779590808773,0.0,20.0,18.0,1.0,350.0,-455.0,9.5,47.5,7.0,7.0,37.0,0.0,-0.0803353393494785,0.4329896907216495,0.0103092783505154,0.0,0.4266666666666667,0.0666666666666666,-0.1136779590808773,0.0,,,,,,,,,,,,,,,,,,,,,,,,,,,,,,,,,,,,,,,REG,,,,,,,,,7.0,7.0,0.0,outdoors,grass,,,,,,,,,,,,,,,,,,,,,,,,,,,,,2026-11-01,6,True,True,False,202608,1556.618019066946,1386.3667230875474,170.2512959793985,,,,False,False,False,False,False,False,False,False,False,False,False,False,False,False,False,False,False,False,False,False,False,False,False,False,False,False,True,False,False,False,False,False,False,False,False,False,False,False,False,True,False,False,False,False,False,False,False,False,False,False,False,False,False,False,False,False,False,False,False,False,False,False,False,False
2026,8,2026_08_IND_JAX,2026-11-01,JAX,IND,,,,,24.0,27.0,0.0,102.0,-122.0,1.5,51.5,7.0,7.0,62.0,6.0,0.0153356282708045,0.4611408211318481,0.0447053031568306,0.0102564102564102,0.5028886944987594,0.0769198883971962,-0.0180985890872434,0.0209426777812081,24.0,27.0,0.0,102.0,-122.0,1.5,51.5,7.0,7.0,62.0,6.0,0.0373601868951885,0.4669921305741766,0.0502040221509763,0.0153846153846153,0.5201558265582655,0.0774051490514905,-0.0834070728410226,0.0060975609756097,23.5,30.5,0.0,87.5,-175.0,3.0,43.0,7.0,7.0,51.0,9.0,0.1643739870092442,0.5657894736842105,0.0789473684210526,0.0166666666666666,0.5111111111111111,0.0777777777777777,-0.1173949707569916,0.0111111111111111,30.0,38.0,0.0,400.0,-535.0,9.5,37.5,7.0,8.0,51.0,9.0,0.1643739870092442,0.5657894736842105,0.0789473684210526,0.0166666666666666,0.5111111111111111,0.0777777777777777,-0.1173949707569916,0.0111111111111111,,,,,,,,,,,,,,,,,,,,,,,,,,,,,,,,,,,,,,,REG,,,,,,,,,14.0,7.0,7.0,outdoors,grass,,,,,,,,,,,,,,,,,,,,,,,,,,,,,2026-11-01,6,True,True,False,202608,1525.772439316325,1437.679005345844,88.0934339704811,,,,False,False,False,False,False,False,False,False,False,False,False,False,False,False,True,False,False,False,False,False,False,False,False,False,False,False,False,False,False,False,False,False,False,False,False,False,False,False,False,False,False,False,False,False,False,True,False,False,False,False,False,False,False,False,False,False,False,False,False,False,False,False,False,False
2026,8,2026_08_KC_DEN,2026-11-01,DEN,KC,,,,,7.0,10.0,0.0,-205.0,170.0,-3.5,43.5,7.0,8.0,26.0,10.0,-0.0227484817866443,0.4131578947368421,0.0223684210526315,0.0080645161290322,0.3970394736842104,0.03125,0.0744512837058526,0.0,19.666666666666668,14.333333333333334,0.6666666666666666,265.0,-516.6666666666666,4.166666666666667,42.16666666666666,7.0,10.333333333333334,42.66666666666666,7.666666666666667,-0.1081380890186355,0.3421052631578947,0.0131578947368421,0.0161290322580645,0.3815789473684211,0.0,0.1443510336263754,0.0,12.0,14.0,0.0,-225.0,185.0,-3.5,36.5,10.0,7.0,51.0,8.0,0.2266131006290179,0.56,0.0266666666666666,0.0,0.5652173913043478,0.0579710144927536,-0.0669397687631564,0.0,12.5,17.0,0.0,-662.5,442.5,-8.5,37.0,7.0,5.5,51.0,8.0,0.177100982012437,0.5848780487804878,0.0560162601626016,0.0073529411764705,0.563430613460393,0.0632320825888425,-0.1144140200283528,0.0136986301369862,,,,,,,,,,,,,,,,,,,,,,,,,,,,,,,,,,,,,,,REG,,,,,,,,,7.0,7.0,0.0,outdoors,grass,,,,,,,,,,,,,,,,,,,,,,,,,,,,,2026-11-01,6,True,True,False,202608,1638.3025337449608,1568.5096461993949,69.79288754556592,,,,False,False,False,False,False,False,False,False,False,True,False,False,False,False,False,False,False,False,False,False,False,False,False,False,False,False,False,False,False,False,False,False,False,False,False,False,False,False,False,False,False,False,False,False,False,False,False,True,False,False,False,False,False,False,False,False,False,False,False,False,False,False,False,False
2026,8,2026_08_LAC_LAR,2026-11-01,LAR,LAC,,,,,23.5,24.0,0.5,-42.5,14.0,-0.5,47.5,7.5,8.0,30.0,4.0,0.0440500580670649,0.4712643678160919,0.0560162601626016,0.014781166630615,0.4847146910301624,0.0502722323049001,-0.0180985890872434,0.0130724538619275,27.0,31.0,0.0,120.0,-142.0,2.5,45.5,7.0,8.0,41.0,2.0,0.0394644118450927,0.4703541383487271,0.0523459184269901,0.0152680652680652,0.4777742937971208,0.0484485500957048,-0.0325817460195232,0.0126582278481012,3.0,16.0,0.0,164.0,-198.0,3.5,45.5,7.0,7.0,35.0,10.0,0.1284466838901518,0.5,0.0714285714285714,0.015625,0.4871794871794871,0.0641025641025641,-0.0607676456638933,0.0384615384615384,3.0,17.5,0.0,532.0,-899.0,9.0,41.5,7.5,8.5,50.5,9.0,0.1284466838901518,0.5,0.0714285714285714,0.015625,0.4871794871794871,0.0641025641025641,-0.0607676456638933,0.0384615384615384,,,,,,,,,,,,,,,,,,,,,,,,,,,,,,,,,,,,,,,REG,,,,,,,,,7.0,14.0,-7.0,dome,matrixturf,,,,,,,,,,,,,,,,,,,,,,,,,,,,,2026-11-01,6,True,True,False,202608,1615.2910837085915,1544.5953503912492,70.6957333173425,,,,False,False,False,False,False,False,False,False,False,False,False,False,False,False,False,False,False,True,False,False,False,False,False,False,False,False,False,False,False,False,False,False,False,False,False,False,False,False,False,False,False,False,False,False,False,False,False,False,True,False,False,False,False,False,False,False,False,False,False,False,False,False,False,False
2026,8,2026_08_LV_NYJ,2026-11-01,NYJ,LV,,,,,9.0,38.5,0.0,-200.0,-87.5,0.0,41.0,7.0,7.0,28.0,8.5,-0.1443510336263754,0.3815789473684211,0.0,0.0,0.3421052631578947,0.0131578947368421,0.1081380890186355,0.0131578947368421,8.0,35.0,0.0,550.0,-800.0,12.5,39.5,7.0,7.0,27.0,13.0,-0.0150656208045137,0.4831600606454407,0.049214747627446,0.0185577942735949,0.4323890246833253,0.0384097983012995,-0.1085806690822963,0.0043859649122807,14.0,12.0,1.0,-225.0,185.0,-3.5,36.5,10.0,7.0,30.0,20.0,-0.0681079497503636,0.4358974358974359,0.0256410256410256,0.0163934426229508,0.4078947368421052,0.0657894736842105,0.21562425894461,0.0394736842105263,14.0,12.0,1.0,-225.0,185.0,-3.5,36.5,10.0,7.0,30.0,20.0,-0.1543961995136641,0.4937839937839938,0.0318286049993367,0.0404256351473469,0.4542790885259125,0.0429259931437789,0.0149839845035991,0.0169893123613631,,,,,,,,,,,,,,,,,,,,,,,,,,,,,,,,,,,,,,,REG,,,,,,,,,7.0,7.0,0.0,outdoors,fieldturf,,,,,,,,,,,,,,,,,,,,,,,,,,,,,2026-11-01,6,True,True,False,202608,1313.30455808606,1310.3927345248208,2.9118235612393164,,,,False,False,False,False,False,False,False,False,False,False,False,False,False,False,False,False,False,False,False,False,False,False,False,False,True,False,False,False,False,False,False,False,False,False,False,False,False,False,False,False,False,False,False,False,False,False,False,False,False,False,True,False,False,False,False,False,False,False,False,False,False,False,False,False
2026,8,2026_08_MIN_DET,2026-11-01,DET,MIN,,,,,19.0,16.0,1.0,150.0,-180.0,3.5,51.5,10.0,7.0,33.0,4.0,0.1263258131208039,0.5513586956521739,0.0602355072463768,0.0081967213114754,0.5237500000000002,0.0320833333333333,-0.1037505790617615,0.01875,17.666666666666668,22.666666666666668,0.3333333333333333,40.0,-106.66666666666669,1.3333333333333333,49.833333333333336,6.666666666666667,6.0,33.0,4.0,0.0669397687631564,0.5652173913043478,0.0579710144927536,0.0,0.56,0.0266666666666666,-0.2266131006290179,0.0,16.0,3.0,1.0,470.0,-650.0,12.5,37.5,8.0,10.0,45.0,2.0,0.0435270003079789,0.4683544303797468,0.0759493670886076,0.0294117647058823,0.4111111111111111,0.0333333333333333,0.0080417907340721,0.0,16.0,3.0,1.0,470.0,-650.0,12.5,37.5,8.0,10.0,46.0,20.0,0.0469389826747511,0.4802939676357398,0.0602936736002497,0.0184619302266361,0.4413848631239935,0.0300483091787439,0.1274910526954789,0.0222222222222222,,,,,,,,,,,,,,,,,,,,,,,,,,,,,,,,,,,,,,,REG,,,,,,,,,7.0,7.0,0.0,dome,fieldturf,,,,,,,,,,,,,,,,,,,,,,,,,,,,,2026-11-01,6,True,True,False,202608,1612.0619915358989,1586.6484823812723,25.413509154626357,,,,False,False,False,False,False,False,False,False,False,False,True,False,False,False,False,False,False,False,False,False,False,False,False,False,False,False,False,False,False,False,False,False,False,False,False,False,False,False,False,False,False,False,False,False,False,False,False,False,False,False,False,False,True,False,False,False,False,False,False,False,False,False,False,False
2026,8,2026_08_NE_MIA,2026-11-01,MIA,NE,,,,,10.0,38.0,0.0,650.0,-1000.0,14.0,44.5,7.0,7.0,29.0,6.0,0.0607676456638933,0.4871794871794871,0.0641025641025641,0.05,0.5,0.0714285714285714,-0.1284466838901518,0.0119047619047619,10.0,38.0,0.0,650.0,-1000.0,14.0,44.5,7.0,7.0,29.0,6.0,0.0607676456638933,0.4871794871794871,0.0641025641025641,0.05,0.5,0.0714285714285714,-0.1284466838901518,0.0119047619047619,13.0,29.0,0.0,-238.0,195.0,-4.5,45.5,14.0,14.0,67.0,7.0,0.1355494985187377,0.4750681417348084,0.0732456843567954,0.0053763440860215,0.4900820702268357,0.0496751454579854,0.0509752693982798,0.0167430284518355,11.5,18.0,0.5,-221.5,182.5,-4.0,44.5,10.5,11.0,46.5,8.5,0.0801241132837174,0.5004810004810004,0.0568382235048901,0.0080645161290322,0.4994909214322077,0.0572713388766332,-0.013008036605015,0.0251145426777532,,,,,,,,,,,,,,,,,,,,,,,,,,,,,,,,,,,,,,,REG,,,,,,,,,7.0,10.0,-3.0,outdoors,grass,,,,,,,,,,,,,,,,,,,,,,,,,,,,,2026-11-01,6,True,True,False,202608,1461.1041439662474,1585.8241019587574,-124.71995799251,,,,False,False,False,False,False,False,False,False,False,False,False,False,False,False,False,False,False,False,False,True,False,False,False,False,False,False,False,False,False,False,False,False,False,False,False,False,False,False,False,False,False,False,False,False,False,False,False,False,False,False,False,False,False,True,False,False,False,False,False,False,False,False,False,False
2026,8,2026_08_PHI_WAS,2026-11-01,WAS,PHI,,,,,24.0,17.0,1.0,150.0,-180.0,3.0,38.5,10.0,7.0,35.0,9.0,0.1916660889833809,0.5491939307728781,0.0670934091986723,0.01707225051877,0.4404761904761904,0.0595238095238095,-0.0346707496833004,0.0119047619047619,24.0,17.0,1.0,150.0,-180.0,3.0,38.5,10.0,7.0,35.0,9.0,0.1851016847060448,0.5675675675675675,0.0945945945945946,0.0161290322580645,0.3928571428571428,0.0476190476190476,0.0816734897567089,0.0238095238095238,19.0,23.0,0.0,215.0,-265.0,6.0,44.5,8.0,7.0,46.0,22.0,-0.0323451455476589,0.5070422535211268,0.0704225352112676,0.0338983050847457,0.4712643678160919,0.0689655172413793,-0.1704750841397807,0.0,19.0,23.0,0.0,215.0,-265.0,6.0,44.5,8.0,7.0,46.0,22.0,-0.0323451455476589,0.5070422535211268,0.0704225352112676,0.0338983050847457,0.4712643678160919,0.0689655172413793,-0.1704750841397807,0.0,,,,,,,,,,,,,,,,,,,,,,,,,,,,,,,,,,,,,,,REG,,,,,,,,,13.0,6.0,7.0,outdoors,grass,,,,,,,,,,,,,,,,,,,,,,,,,,,,,2026-11-01,6,True,True,False,202608,1452.598540392987,1649.9520100937982,-197.35346970081127,,,,False,False,False,False,False,False,False,False,False,False,False,False,False,False,False,False,False,False,False,False,False,False,False,False,False,False,False,False,False,False,False,True,False,False,False,False,False,False,False,False,False,False,False,False,False,False,False,False,False,False,False,False,False,False,False,False,False,True,False,False,False,False,False,False
2026,8,2026_08_TEN_CIN,2026-11-01,CIN,TEN,,,,,33.333333333333336,18.33333333333333,0.6666666666666666,140.0,-210.0,4.333333333333333,49.5,7.0,6.666666666666667,61.0,5.333333333333333,0.096469006857219,0.5308641975308642,0.0,0.0,0.5866666666666667,0.0933333333333333,-0.2162270759575981,0.0133333333333333,27.5,17.0,0.5,312.5,-400.0,8.25,50.0,7.0,7.0,51.0,4.5,0.096469006857219,0.5308641975308642,0.0,0.0,0.5866666666666667,0.0933333333333333,-0.2162270759575981,0.0133333333333333,7.0,41.0,0.0,525.0,-750.0,12.5,46.5,7.0,7.0,55.0,8.0,-0.1206275866134615,0.4295571245186136,0.0511874197689345,0.0470588235294117,0.4111305361305362,0.0298659673659673,0.0654200575244126,0.0177738927738927,16.5,37.5,0.0,202.5,-325.0,5.5,43.0,7.0,7.0,63.0,11.0,-0.1797030316576704,0.4200342440774887,0.0458351871571945,0.0318560300832661,0.4585293602061894,0.0471145554987018,-0.0502950378237241,0.0088869463869463,,,,,,,,,,,,,,,,,,,,,,,,,,,,,,,,,,,,,,,REG,,,,,,,,,7.0,7.0,0.0,outdoors,fieldturf,,,,,,,,,,,,,,,,,,,,,,,,,,,,,2026-11-01,6,True,True,False,202608,1481.1897919754094,1280.5185423036069,200.67124967180257,,,,False,False,False,False,False,False,True,False,False,False,False,False,False,False,False,False,False,False,False,False,False,False,False,False,False,False,False,False,False,False,False,False,False,False,False,False,False,False,False,False,False,False,False,False,False,False,False,False,False,False,False,False,False,False,False,False,False,False,False,False,False,False,True,False
2026,9,2026_09_ARI_SEA,2026-11-08,SEA,ARI,,,,,33.666666666666664,15.333333333333334,1.0,42.333333333333336,-84.0,1.5,45.16666666666666,9.0,12.0,51.333333333333336,4.666666666666667,0.0392252822861889,0.4305555555555556,0.0694444444444444,0.0,0.3723404255319149,0.0319148936170212,0.0871678975031721,0.0,29.0,13.0,1.0,-238.0,195.0,-4.5,45.5,14.0,14.0,67.0,7.0,0.1144488629049143,0.4884662537101562,0.0859715036544304,0.0112994350282485,0.4547316873744645,0.0453083062265593,-0.081945762283232,0.0119047619047619,20.0,37.0,0.0,800.0,-1350.0,14.5,49.5,7.0,6.0,65.0,9.0,0.1173949707569916,0.5111111111111111,0.0777777777777777,0.0135135135135135,0.5657894736842105,0.0789473684210526,-0.1643739870092442,0.0131578947368421,17.0,37.0,0.0,537.5,-847.5,10.75,51.0,7.0,6.5,65.0,9.0,0.0162748594916824,0.4499518999518999,0.0412578162578162,0.0282508472955502,0.493474540008558,0.0710312366281557,-0.0664560829208974,0.0165810868635002,,,,,,,,,,,,,,,,,,,,,,,,,,,,,,,,,,,,,,,REG,,,,,,,,,6.0,7.0,-1.0,outdoors,fieldturf,,,,,,,,,,,,,,,,,,,,,,,,,,,,,2026-11-08,6,True,True,False,202609,1696.6438276620331,1319.761952516942,376.88187514509104,,,,False,False,False,False,False,False,False,False,False,False,False,False,False,False,False,False,False,False,False,False,False,False,False,False,False,False,False,True,False,False,False,False,True,False,False,False,False,False,False,False,False,False,False,False,False,False,False,False,False,False,False,False,False,False,False,False,False,False,False,False,False,False,False,False
2026,9,2026_09_BUF_MIN,2026-11-09,MIN,BUF,,,,,18.33333333333333,8.666666666666666,1.0,-12.666666666666666,-80.33333333333333,1.0,41.5,6.333333333333333,7.0,46.0,20.0,0.0469389826747511,0.4802939676357398,0.0602936736002497,0.0184619302266361,0.4413848631239935,0.0300483091787439,0.1274910526954789,0.0222222222222222,19.5,6.5,1.0,55.0,-182.5,2.75,41.5,6.0,7.0,46.0,20.0,0.0435270003079789,0.4683544303797468,0.0759493670886076,0.0294117647058823,0.4111111111111111,0.0333333333333333,0.0080417907340721,0.0,30.666666666666668,21.666666666666668,0.6666666666666666,250.66666666666663,-347.3333333333333,5.166666666666667,45.5,6.666666666666667,9.0,41.66666666666666,8.0,0.070936926377752,0.4867782819590048,0.0751056172742919,0.0290300546448087,0.5034902597402596,0.0447240259740259,-0.0205351970675527,0.0127435064935064,30.0,33.0,0.0,100.0,-120.0,1.5,45.5,6.0,13.0,36.0,5.0,0.070936926377752,0.4867782819590049,0.0751056172742919,0.0290300546448087,0.5034902597402597,0.0447240259740259,-0.0205351970675527,0.0127435064935064,,,,,,,,,,,,,,,,,,,,,,,,,,,,,,,,,,,,,,,REG,,,,,,,,,8.0,8.0,0.0,dome,sportturf,,,,,,,,,,,,,,,,,,,,,,,,,,,,,2026-11-09,0,False,True,False,202609,1586.6484823812723,1666.4029573285284,-79.75447494725586,,,,False,False,False,False,False,False,False,False,False,False,False,False,False,False,False,False,False,False,False,False,True,False,False,False,False,False,False,False,False,False,False,False,False,False,False,True,False,False,False,False,False,False,False,False,False,False,False,False,False,False,False,False,False,False,False,False,False,False,False,False,False,False,False,False
2026,9,2026_09_CIN_ATL,2026-11-08,ATL,CIN,,,,,23.0,20.5,1.0,-105.0,47.5,-1.5,46.0,9.0,7.0,56.0,5.0,0.2066862874714405,0.5357142857142857,0.0714285714285714,0.0151515151515151,0.5405405405405406,0.054054054054054,-0.1680928117305812,0.0135135135135135,19.0,17.0,1.0,170.0,-205.0,4.5,43.5,7.0,6.0,56.0,5.0,-0.0534291529297539,0.4476979345955249,0.0563898450946643,0.0349147584441702,0.4819012901204682,0.0425350534939576,0.0448360774173552,0.0198891198891198,18.0,20.0,0.0,350.0,-455.0,9.5,47.5,7.0,7.0,37.0,0.0,-0.2291247971344692,0.4010620915032679,0.0218464052287581,0.0456876456876456,0.5125000000000001,0.0659812316208268,-0.1323834596187633,0.0077127659574468,18.0,20.0,0.0,350.0,-455.0,9.5,47.5,7.0,7.0,37.0,0.0,0.038678532175862,0.5091820987654321,0.01875,0.023076923076923,0.5620833333333333,0.0779166666666666,-0.2009694667180247,0.0129166666666666,,,,,,,,,,,,,,,,,,,,,,,,,,,,,,,,,,,,,,,REG,,,,,,,,,7.0,7.0,0.0,,fieldturf,,,,,,,,,,,,,,,,,,,,,,,,,,,,,2026-11-08,6,True,True,False,202609,1445.0858892675242,1481.1897919754094,-36.10390270788525,,,,False,True,False,False,False,False,False,False,False,False,False,False,False,False,False,False,False,False,False,False,False,False,False,False,False,False,False,False,False,False,False,False,False,False,False,False,False,False,True,False,False,False,False,False,False,False,False,False,False,False,False,False,False,False,False,False,False,False,False,False,False,False,False,False
2026,9,2026_09_CLE_NO,2026-11-08,NO,CLE,,,,,17.0,19.0,0.0,170.0,-205.0,4.5,43.5,7.0,6.0,74.5,8.0,-0.0180411892169067,0.4781861903126074,0.02722432153899,0.0086206896551724,0.4823137744486059,0.036482175058954,0.0595209712024943,0.0280898876404494,17.0,19.0,0.0,170.0,-205.0,4.5,43.5,7.0,6.0,71.0,14.0,0.0066098958855891,0.4929577464788732,0.0422535211267605,0.0172413793103448,0.4814814814814814,0.0617283950617283,-0.0914376671834314,0.0,16.5,12.0,1.0,72.5,-142.5,2.5,41.5,7.0,7.0,41.0,7.0,-0.0803353393494785,0.4329896907216495,0.0103092783505154,0.0,0.4266666666666667,0.0666666666666666,-0.1136779590808773,0.0,20.0,18.0,1.0,350.0,-455.0,9.5,47.5,7.0,7.0,37.0,0.0,-0.0803353393494785,0.4329896907216495,0.0103092783505154,0.0,0.4266666666666667,0.0666666666666666,-0.1136779590808773,0.0,,,,,,,,,,,,,,,,,,,,,,,,,,,,,,,,,,,,,,,REG,,,,,,,,,14.0,7.0,7.0,dome,sportturf,,,,,,,,,,,,,,,,,,,,,,,,,,,,,2026-11-08,6,True,True,False,202609,1383.345988389273,1386.3667230875474,-3.020734698274282,,,,False,False,False,False,False,False,False,False,False,False,False,False,False,False,False,False,False,False,False,False,False,False,True,False,False,False,False,False,False,False,False,False,False,False,False,False,False,False,False,True,False,False,False,False,False,False,False,False,False,False,False,False,False,False,False,False,False,False,False,False,False,False,False,False
2026,9,2026_09_DAL_IND,2026-11-08,IND,DAL,,,,,30.0,38.0,0.0,400.0,-535.0,9.5,37.5,7.0,8.0,56.0,8.0,0.2033921846217974,0.5362280701754386,0.0594736842105263,0.0083333333333333,0.5055555555555555,0.0510840108401084,0.0528343501358464,0.017750677506775,24.666666666666668,36.333333333333336,0.0,-16.666666666666668,-55.0,0.5,44.16666666666666,7.333333333333333,7.333333333333333,56.0,8.0,0.2033921846217974,0.5362280701754387,0.0594736842105263,0.0083333333333333,0.5055555555555555,0.0510840108401084,0.0528343501358464,0.017750677506775,21.33333333333333,30.33333333333333,0.3333333333333333,-188.0,132.66666666666666,-3.333333333333333,50.5,7.0,6.333333333333333,41.5,7.0,0.2172555839010818,0.4638322753090544,0.0510357500835282,0.0,0.5323529411764707,0.054141656662665,-0.0890794643672273,0.010984393757503,23.5,28.5,0.5,-333.0,260.0,-5.75,50.5,7.0,6.0,41.5,7.0,0.2172555839010818,0.4638322753090545,0.0510357500835282,0.0,0.5323529411764705,0.054141656662665,-0.0890794643672273,0.010984393757503,,,,,,,,,,,,,,,,,,,,,,,,,,,,,,,,,,,,,,,REG,,,,,,,,,7.0,7.0,0.0,,fieldturf,,,,,,,,,,,,,,,,,,,,,,,,,,,,,2026-11-08,6,True,True,False,202609,1437.679005345844,1479.772732868715,-42.09372752287095,,,,False,False,False,False,False,False,False,False,False,False,False,False,False,True,False,False,False,False,False,False,False,False,False,False,False,False,False,False,False,False,False,False,False,False,False,False,False,False,False,False,True,False,False,False,False,False,False,False,False,False,False,False,False,False,False,False,False,False,False,False,False,False,False,False
2026,9,2026_09_DEN_CAR,2026-11-08,CAR,DEN,,,,,22.5,25.0,0.0,-210.0,127.5,-3.5,44.0,6.0,6.5,70.5,13.5,0.1332610883806081,0.5101307189542484,0.0624183006535947,0.0217484008528784,0.4482496194824961,0.0413812785388127,-0.1488776359101143,0.0,31.0,34.0,0.0,-550.0,410.0,-10.0,44.5,6.0,7.0,72.0,16.0,0.1332610883806081,0.5101307189542482,0.0624183006535947,0.0217484008528784,0.4482496194824962,0.0413812785388127,-0.1488776359101143,0.0,19.666666666666668,14.333333333333334,0.6666666666666666,265.0,-516.6666666666666,4.166666666666667,42.16666666666666,7.0,10.333333333333334,42.66666666666666,7.666666666666667,-0.1081380890186355,0.3421052631578947,0.0131578947368421,0.0161290322580645,0.3815789473684211,0.0,0.1443510336263754,0.0,7.0,10.0,0.0,-205.0,170.0,-3.5,43.5,7.0,8.0,26.0,10.0,0.0414472072862379,0.4421052631578948,0.0397349757372153,0.009441384736428,0.3921439628482971,0.025735294117647,0.1013533222154219,0.0,,,,,,,,,,,,,,,,,,,,,,,,,,,,,,,,,,,,,,,REG,,,,,,,,,10.0,7.0,3.0,outdoors,grass,,,,,,,,,,,,,,,,,,,,,,,,,,,,,2026-11-08,6,True,True,False,202609,1377.4347187735248,1638.3025337449608,-260.867814971436,,,,False,False,False,False,True,False,False,False,False,False,False,False,False,False,False,False,False,False,False,False,False,False,False,False,False,False,False,False,False,False,False,False,False,False,False,False,False,False,False,False,False,True,False,False,False,False,False,False,False,False,False,False,False,False,False,False,False,False,False,False,False,False,False,False
2026,9,2026_09_DET_MIA,2026-11-08,MIA,DET,,,,,10.0,38.0,0.0,650.0,-1000.0,14.0,44.5,7.0,7.0,29.0,6.0,0.0607676456638933,0.4871794871794871,0.0641025641025641,0.05,0.5,0.0714285714285714,-0.1284466838901518,0.0119047619047619,10.0,38.0,0.0,650.0,-1000.0,14.0,44.5,7.0,7.0,29.0,6.0,0.0607676456638933,0.4871794871794871,0.0641025641025641,0.05,0.5,0.0714285714285714,-0.1284466838901518,0.0119047619047619,14.5,19.5,0.5,-105.0,52.5,-1.75,48.5,7.0,5.5,33.0,4.0,0.0669397687631564,0.5652173913043478,0.0579710144927536,0.0,0.56,0.0266666666666666,-0.2266131006290179,0.0,19.0,16.0,1.0,150.0,-180.0,3.5,51.5,10.0,7.0,33.0,4.0,0.1263258131208039,0.551358695652174,0.0602355072463768,0.0081967213114754,0.5237499999999999,0.0320833333333333,-0.1037505790617615,0.01875,,,,,,,,,,,,,,,,,,,,,,,,,,,,,,,,,,,,,,,REG,,,,,,,,,7.0,7.0,0.0,outdoors,grass,,,,,,,,,,,,,,,,,,,,,,,,,,,,,2026-11-08,6,True,True,False,202609,1461.1041439662474,1612.0619915358989,-150.95784756965145,,,,False,False,False,False,False,False,False,False,False,False,False,False,False,False,False,False,False,False,False,True,False,False,False,False,False,False,False,False,False,False,False,False,False,False,False,False,False,False,False,False,False,False,True,False,False,False,False,False,False,False,False,False,False,False,False,False,False,False,False,False,False,False,False,False
2026,9,2026_09_GB_NE,2026-11-08,NE,GB,,,,,11.5,18.0,0.5,-221.5,182.5,-4.0,44.5,10.5,11.0,46.5,8.5,0.0914376671834314,0.4814814814814814,0.0617283950617283,0.0,0.4929577464788732,0.0422535211267605,-0.0066098958855891,0.0140845070422535,13.0,29.0,0.0,-238.0,195.0,-4.5,45.5,14.0,14.0,67.0,7.0,0.0914376671834314,0.4814814814814814,0.0617283950617283,0.0,0.4929577464788732,0.0422535211267605,-0.0066098958855891,0.0140845070422535,15.0,23.5,0.0,167.5,-268.0,5.0,41.5,7.0,8.0,32.0,6.0,0.2301455305975216,0.5552380952380953,0.08,0.0135746606334841,0.5265432098765431,0.0222222222222222,-0.1624631427304749,0.0,15.0,23.5,0.0,167.5,-268.0,5.0,41.5,7.0,8.0,32.0,6.0,0.2162270759575981,0.5866666666666667,0.0933333333333333,0.0153846153846153,0.5308641975308642,0.0,-0.096469006857219,0.0,,,,,,,,,,,,,,,,,,,,,,,,,,,,,,,,,,,,,,,REG,,,,,,,,,7.0,10.0,-3.0,outdoors,fieldturf,,,,,,,,,,,,,,,,,,,,,,,,,,,,,2026-11-08,6,True,True,False,202609,1585.8241019587574,1539.032218535977,46.7918834227803,,,,False,False,False,False,False,False,False,False,False,False,False,False,False,False,False,False,False,False,False,False,False,True,False,False,False,False,False,False,False,False,False,False,False,False,False,False,False,False,False,False,False,False,False,True,False,False,False,False,False,False,False,False,False,False,False,False,False,False,False,False,False,False,False,False
2026,9,2026_09_HOU_LAC,2026-11-08,LAC,HOU,,,,,3.0,17.5,0.0,532.0,-899.0,9.0,41.5,7.5,8.5,50.5,9.0,0.0233865970667214,0.4464285714285714,0.0595238095238095,0.0225183823529411,0.5273735273735274,0.0793485793485793,-0.1229346651849691,0.0259875259875259,3.0,16.0,0.0,164.0,-198.0,3.5,45.5,7.0,7.0,35.0,10.0,0.0233865970667214,0.4464285714285715,0.0595238095238095,0.0225183823529411,0.5273735273735274,0.0793485793485793,-0.1229346651849691,0.0259875259875259,16.0,28.0,0.0,150.0,-180.0,3.0,40.5,6.0,7.0,35.0,2.0,0.0533790308502182,0.4644958199395844,0.0482174963223943,0.015625,0.3833401292738915,0.0338683248761628,0.2568214699633028,0.0250826839434577,16.0,28.0,0.0,150.0,-180.0,3.0,40.5,6.0,7.0,35.0,2.0,0.3125411621615371,0.611764705882353,0.0588235294117647,0.0,0.4354838709677419,0.032258064516129,0.2504813458722078,0.0483870967741935,,,,,,,,,,,,,,,,,,,,,,,,,,,,,,,,,,,,,,,REG,,,,,,,,,7.0,14.0,-7.0,dome,matrixturf,,,,,,,,,,,,,,,,,,,,,,,,,,,,,2026-11-08,6,True,True,False,202609,1544.5953503912492,1605.140838642905,-60.5454882516558,,,,False,False,False,False,False,False,False,False,False,False,False,False,False,False,False,False,True,False,False,False,False,False,False,False,False,False,False,False,False,False,False,False,False,False,False,False,False,False,False,False,False,False,False,False,True,False,False,False,False,False,False,False,False,False,False,False,False,False,False,False,False,False,False,False
2026,9,2026_09_JAX_BAL,2026-11-05,BAL,JAX,,,,,32.5,25.0,0.5,-52.5,21.5,-1.0,40.0,7.0,7.0,30.5,6.5,-0.1854595648790932,0.444311999823029,0.0332773492471076,0.0481242895035998,0.5130707527766352,0.0514843000137117,-0.1370565776934255,0.0051282051282051,32.5,25.0,0.5,-52.5,21.5,-1.0,40.0,7.0,7.0,30.5,6.5,-0.2630402502313445,0.4044943820224719,0.0112359550561797,0.0384615384615384,0.4615384615384615,0.0615384615384615,0.0837621647564422,0.0153846153846153,32.5,17.0,0.5,313.5,-436.0,7.0,49.0,7.0,7.0,58.5,7.0,-0.0871678975031721,0.3723404255319149,0.0319148936170212,0.0,0.4305555555555556,0.0694444444444444,-0.0392252822861889,0.0,32.5,17.0,0.5,313.5,-436.0,7.0,49.0,7.0,7.0,58.5,7.0,-0.0871678975031721,0.3723404255319149,0.0319148936170212,0.0,0.4305555555555556,0.0694444444444444,-0.0392252822861889,0.0,,,,,,,,,,,,,,,,,,,,,,,,,,,,,,,,,,,,,,,REG,,,,,,,,,4.0,4.0,0.0,outdoors,grass,,,,,,,,,,,,,,,,,,,,,,,,,,,,,2026-11-05,3,False,True,False,202609,1578.0455867869105,1525.772439316325,52.2731474705854,,,,False,False,True,False,False,False,False,False,False,False,False,False,False,False,False,False,False,False,False,False,False,False,False,False,False,False,False,False,False,False,False,False,False,False,False,False,False,False,False,False,False,False,False,False,False,False,True,False,False,False,False,False,False,False,False,False,False,False,False,False,False,False,False,False
2026,9,2026_09_LAR_WAS,2026-11-08,WAS,LAR,,,,,24.0,17.0,1.0,150.0,-180.0,3.0,38.5,10.0,7.0,35.0,9.0,0.1916660889833809,0.5491939307728781,0.0670934091986723,0.01707225051877,0.4404761904761904,0.0595238095238095,-0.0346707496833004,0.0119047619047619,24.0,17.0,1.0,150.0,-180.0,3.0,38.5,10.0,7.0,35.0,9.0,0.1851016847060448,0.5675675675675675,0.0945945945945946,0.0161290322580645,0.3928571428571428,0.0476190476190476,0.0816734897567089,0.0238095238095238,27.0,31.0,0.0,120.0,-142.0,2.5,45.5,7.0,8.0,41.0,2.0,0.0435270003079789,0.4772052176159111,0.0510357500835282,0.015625,0.479603772682405,0.0496751454579854,-0.0607676456638933,0.0111111111111111,23.5,24.0,0.5,-42.5,14.0,-0.5,47.5,7.5,8.0,30.0,4.0,0.0398563754918588,0.4802939676357398,0.0510357500835282,0.0151515151515151,0.4785789127397851,0.049859980304922,-0.0249730269571986,0.0129166666666666,,,,,,,,,,,,,,,,,,,,,,,,,,,,,,,,,,,,,,,REG,,,,,,,,,7.0,7.0,0.0,outdoors,grass,,,,,,,,,,,,,,,,,,,,,,,,,,,,,2026-11-08,6,True,True,False,202609,1452.598540392987,1615.2910837085915,-162.69254331560478,,,,False,False,False,False,False,False,False,False,False,False,False,False,False,False,False,False,False,False,False,False,False,False,False,False,False,False,False,False,False,False,False,True,False,False,False,False,False,False,False,False,False,False,False,False,False,False,False,False,False,True,False,False,False,False,False,False,False,False,False,False,False,False,False,False
2026,9,2026_09_LV_SF,2026-11-08,SF,LV,,,,,6.0,41.0,0.0,245.0,-305.0,6.5,44.5,6.0,14.0,46.0,5.0,0.0066181152197968,0.4925961308812992,0.043612624935768,0.0294243070362473,0.5293599082864597,0.0675190584843853,-0.0663524047708584,0.0080321285140562,14.5,30.0,0.5,230.0,-285.0,6.25,44.5,7.0,10.5,46.0,13.5,0.0661863620398527,0.5047169811320755,0.0274442538593482,0.0142857142857142,0.569320761306094,0.0844246551423083,-0.1138853516452692,0.0120481927710843,14.0,12.0,1.0,-225.0,185.0,-3.5,36.5,10.0,7.0,30.0,20.0,-0.0681079497503636,0.4358974358974359,0.0256410256410256,0.0163934426229508,0.4078947368421052,0.0657894736842105,0.21562425894461,0.0394736842105263,14.0,12.0,1.0,-225.0,185.0,-3.5,36.5,10.0,7.0,30.0,20.0,-0.1543961995136641,0.4937839937839938,0.0318286049993367,0.0404256351473469,0.4542790885259125,0.0429259931437789,0.0149839845035991,0.0169893123613631,,,,,,,,,,,,,,,,,,,,,,,,,,,,,,,,,,,,,,,REG,,,,,,,,,14.0,7.0,7.0,outdoors,grass,,,,,,,,,,,,,,,,,,,,,,,,,,,,,2026-11-08,6,True,True,False,202609,1583.348134919415,1310.3927345248208,272.95540039459434,,,,False,False,False,False,False,False,False,False,False,False,False,False,False,False,False,False,False,False,False,False,False,False,False,False,False,False,False,False,True,False,False,False,False,False,False,False,False,False,False,False,False,False,False,False,False,False,False,False,False,False,True,False,False,False,False,False,False,False,False,False,False,False,False,False
2026,9,2026_09_NYG_PHI,2026-11-08,PHI,NYG,,,,,16.333333333333332,19.666666666666668,0.3333333333333333,169.0,-205.0,4.0,42.833333333333336,8.666666666666666,7.0,39.66666666666666,12.333333333333334,-0.0184483396664943,0.4597711267605633,0.0664612676056338,0.0169491525423728,0.4777374470659407,0.0502722323049001,-0.1165581047925637,0.0,18.0,23.5,0.0,182.5,-222.5,4.5,41.5,9.0,7.0,40.5,15.5,-0.0184483396664943,0.4597711267605633,0.0664612676056338,0.0169491525423728,0.4777374470659407,0.0502722323049001,-0.1165581047925637,0.0,34.0,13.5,1.0,-164.0,138.0,-3.0,45.5,8.5,7.0,33.0,7.0,-0.0200022627243197,0.4772052176159111,0.0401007361487795,0.0324675324675324,0.4852284438337341,0.0413088285812435,0.0375187099335308,0.0140845070422535,34.0,17.0,1.0,-166.0,140.0,-3.0,50.5,10.0,7.0,33.0,7.0,-0.0200022627243197,0.4772052176159113,0.0401007361487795,0.0324675324675324,0.4852284438337341,0.0413088285812435,0.0375187099335308,0.0140845070422535,,,,,,,,,,,,,,,,,,,,,,,,,,,,,,,,,,,,,,,REG,,,,,,,,,7.0,14.0,-7.0,outdoors,grass,,,,,,,,,,,,,,,,,,,,,,,,,,,,,2026-11-08,6,True,True,False,202609,1649.9520100937982,1334.4357605851203,315.5162495086777,,,,False,False,False,False,False,False,False,False,False,False,False,False,False,False,False,False,False,False,False,False,False,False,False,False,False,True,False,False,False,False,False,False,False,False,False,False,False,False,False,False,False,False,False,False,False,False,False,False,False,False,False,False,False,False,False,True,False,False,False,False,False,False,False,False
2026,9,2026_09_NYJ_KC,2026-11-08,KC,NYJ,,,,,12.5,17.0,0.0,-662.5,442.5,-8.5,37.0,7.0,5.5,51.0,8.0,0.177100982012437,0.5848780487804878,0.0560162601626016,0.0073529411764705,0.563430613460393,0.0632320825888425,-0.1144140200283527,0.0136986301369863,12.0,14.0,0.0,-225.0,185.0,-3.5,36.5,10.0,7.0,51.0,8.0,0.2266131006290179,0.56,0.0266666666666666,0.0,0.5652173913043478,0.0579710144927536,-0.0669397687631564,0.0,8.0,35.0,0.0,550.0,-800.0,12.5,39.5,7.0,7.0,27.0,13.0,-0.0594506852681809,0.4407894736842105,0.0306122448979591,0.0060975609756097,0.4088575096277278,0.0370667522464698,-0.0749028953814856,0.006578947368421,9.0,38.5,0.0,-200.0,-87.5,0.0,41.0,7.0,7.0,28.0,8.5,-0.1443510336263754,0.3815789473684211,0.0,0.0,0.3421052631578947,0.0131578947368421,0.1081380890186355,0.0131578947368421,,,,,,,,,,,,,,,,,,,,,,,,,,,,,,,,,,,,,,,REG,,,,,,,,,7.0,7.0,0.0,outdoors,grass,,,,,,,,,,,,,,,,,,,,,,,,,,,,,2026-11-08,6,True,True,False,202609,1568.5096461993949,1313.30455808606,255.2050881133348,,,,False,False,False,False,False,False,False,False,False,False,False,False,False,False,False,True,False,False,False,False,False,False,False,False,False,False,False,False,False,False,False,False,False,False,False,False,False,False,False,False,False,False,False,False,False,False,False,False,False,False,False,False,False,False,False,False,True,False,False,False,False,False,False,False
2026,9,2026_09_TB_CHI,2026-11-08,CHI,TB,,,,,17.0,20.0,0.0,-205.0,170.0,-3.5,49.5,8.0,8.0,19.0,6.0,0.0643561533373377,0.463863958431743,0.0457408282160289,0.0071428571428571,0.5141065830721003,0.0514629049111807,0.0882937781291842,0.0532915360501567,24.0,23.5,0.5,-170.0,142.0,-3.0,47.5,7.0,7.0,25.5,6.0,-0.071738076800538,0.4482758620689655,0.0229885057471264,0.0142857142857142,0.5454545454545454,0.0454545454545454,0.1720169777619444,0.0606060606060606,17.666666666666668,19.0,0.3333333333333333,-91.66666666666669,60.0,-1.8333333333333333,44.16666666666666,7.666666666666667,6.666666666666667,70.0,7.333333333333333,0.247825374645513,0.5378527841342486,0.0822845156369183,0.0,0.5357142857142856,0.0681818181818181,-0.1295347960640677,0.0243506493506493,16.0,14.0,1.0,130.0,-155.0,3.0,43.5,6.0,6.0,69.0,11.0,0.1568073379546753,0.5362318840579711,0.072463768115942,0.0,0.5,0.0454545454545454,-0.0155734617353427,0.0227272727272727,,,,,,,,,,,,,,,,,,,,,,,,,,,,,,,,,,,,,,,REG,,,,,,,,,6.0,7.0,-1.0,outdoors,grass,,,,,,,,,,,,,,,,,,,,,,,,,,,,,2026-11-08,6,True,True,False,202609,1514.6679180567303,1470.1517775866828,44.51614047004773,,,,False,False,False,False,False,True,False,False,False,False,False,False,False,False,False,False,False,False,False,False,False,False,False,False,False,False,False,False,False,False,False,False,False,False,False,False,False,False,False,False,False,False,False,False,False,False,False,False,False,False,False,False,False,False,False,False,False,False,False,False,False,True,False,False
2026,10,2026_10_BUF_NYJ,2026-11-15,NYJ,BUF,,,,,9.0,38.5,0.0,-200.0,-87.5,0.0,41.0,7.0,7.0,28.0,8.5,-0.1443510336263754,0.3815789473684211,0.0,0.0,0.3421052631578947,0.0131578947368421,0.1081380890186355,0.0131578947368421,8.0,35.0,0.0,550.0,-800.0,12.5,39.5,7.0,7.0,27.0,13.0,-0.0150656208045137,0.4831600606454407,0.049214747627446,0.0185577942735949,0.4323890246833253,0.0384097983012995,-0.1085806690822963,0.0043859649122807,30.666666666666668,21.666666666666668,0.6666666666666666,250.66666666666663,-347.3333333333333,5.166666666666667,45.5,6.666666666666667,9.0,41.66666666666666,8.0,0.070936926377752,0.4867782819590048,0.0751056172742919,0.0290300546448087,0.5034902597402596,0.0447240259740259,-0.0205351970675527,0.0127435064935064,30.0,33.0,0.0,100.0,-120.0,1.5,45.5,6.0,13.0,36.0,5.0,0.070936926377752,0.4867782819590049,0.0751056172742919,0.0290300546448087,0.5034902597402597,0.0447240259740259,-0.0205351970675527,0.0127435064935064,,,,,,,,,,,,,,,,,,,,,,,,,,,,,,,,,,,,,,,REG,,,,,,,,,7.0,6.0,1.0,outdoors,fieldturf,,,,,,,,,,,,,,,,,,,,,,,,,,,,,2026-11-15,6,True,True,False,202610,1313.30455808606,1666.4029573285284,-353.0983992424683,,,,False,False,False,False,False,False,False,False,False,False,False,False,False,False,False,False,False,False,False,False,False,False,False,False,True,False,False,False,False,False,False,False,False,False,False,True,False,False,False,False,False,False,False,False,False,False,False,False,False,False,False,False,False,False,False,False,False,False,False,False,False,False,False,False
2026,10,2026_10_CAR_NO,2026-11-15,NO,CAR,,,,,17.0,19.0,0.0,170.0,-205.0,4.5,43.5,7.0,6.0,74.5,8.0,-0.0180411892169067,0.4781861903126074,0.02722432153899,0.0086206896551724,0.4823137744486059,0.036482175058954,0.0595209712024943,0.0280898876404494,17.0,19.0,0.0,170.0,-205.0,4.5,43.5,7.0,6.0,71.0,14.0,0.0066098958855891,0.4929577464788732,0.0422535211267605,0.0172413793103448,0.4814814814814814,0.0617283950617283,-0.0914376671834314,0.0,31.0,34.0,0.0,-550.0,410.0,-10.0,44.5,6.0,7.0,72.0,16.0,0.1527092656444412,0.5647058823529412,0.0470588235294117,0.0149253731343283,0.4520547945205479,0.0410958904109589,-0.1765672880205567,0.0,31.0,34.0,0.0,-550.0,410.0,-10.0,44.5,6.0,7.0,72.0,16.0,0.1527092656444412,0.5647058823529412,0.0470588235294117,0.0149253731343283,0.4520547945205479,0.0410958904109589,-0.1765672880205567,0.0,,,,,,,,,,,,,,,,,,,,,,,,,,,,,,,,,,,,,,,REG,,,,,,,,,7.0,7.0,0.0,dome,sportturf,,,,,,,,,,,,,,,,,,,,,,,,,,,,,2026-11-15,6,True,True,False,202610,1383.345988389273,1377.4347187735248,5.911269615748324,,,,False,False,False,False,False,False,False,False,False,False,False,False,False,False,False,False,False,False,False,False,False,False,True,False,False,False,False,False,False,False,False,False,False,False,False,False,True,False,False,False,False,False,False,False,False,False,False,False,False,False,False,False,False,False,False,False,False,False,False,False,False,False,False,False
2026,10,2026_10_HOU_CLE,2026-11-15,CLE,HOU,,,,,20.0,18.0,1.0,350.0,-455.0,9.5,47.5,7.0,7.0,37.0,0.0,-0.1568038440546452,0.3821421277427031,0.0222994752124457,0.0149253731343283,0.4400070323488045,0.068372011251758,-0.0249730269571986,0.0126054852320675,16.5,12.0,1.0,72.5,-142.5,2.5,41.5,7.0,7.0,41.0,7.0,-0.0441885650417753,0.4220504009163803,0.0218213058419243,0.0,0.4475105485232067,0.0713080168776371,-0.0786024796944281,0.0126582278481012,16.0,28.0,0.0,150.0,-180.0,3.0,40.5,6.0,7.0,35.0,2.0,0.0533790308502182,0.4644958199395844,0.0482174963223943,0.015625,0.3833401292738915,0.0338683248761628,0.2568214699633028,0.0250826839434577,16.0,28.0,0.0,150.0,-180.0,3.0,40.5,6.0,7.0,35.0,2.0,0.3125411621615371,0.611764705882353,0.0588235294117647,0.0,0.4354838709677419,0.032258064516129,0.2504813458722078,0.0483870967741935,,,,,,,,,,,,,,,,,,,,,,,,,,,,,,,,,,,,,,,REG,,,,,,,,,7.0,7.0,0.0,outdoors,grass,,,,,,,,,,,,,,,,,,,,,,,,,,,,,2026-11-15,6,True,True,False,202610,1386.3667230875474,1605.140838642905,-218.77411555535764,,,,False,False,False,False,False,False,False,True,False,False,False,False,False,False,False,False,False,False,False,False,False,False,False,False,False,False,False,False,False,False,False,False,False,False,False,False,False,False,False,False,False,False,False,False,True,False,False,False,False,False,False,False,False,False,False,False,False,False,False,False,False,False,False,False
2026,10,2026_10_JAX_TEN,2026-11-15,TEN,JAX,,,,,16.5,37.5,0.0,202.5,-325.0,5.5,43.0,7.0,7.0,63.0,11.0,-0.21562425894461,0.4078947368421052,0.0657894736842105,0.05,0.4358974358974359,0.0256410256410256,0.0681079497503636,0.0128205128205128,7.0,41.0,0.0,525.0,-750.0,12.5,46.5,7.0,7.0,55.0,8.0,-0.21562425894461,0.4078947368421052,0.0657894736842105,0.05,0.4358974358974359,0.0256410256410256,0.0681079497503636,0.0128205128205128,32.5,17.0,0.5,313.5,-436.0,7.0,49.0,7.0,7.0,58.5,7.0,-0.0871678975031721,0.3723404255319149,0.0319148936170212,0.0,0.4305555555555556,0.0694444444444444,-0.0392252822861889,0.0,32.5,17.0,0.5,313.5,-436.0,7.0,49.0,7.0,7.0,58.5,7.0,-0.0871678975031721,0.3723404255319149,0.0319148936170212,0.0,0.4305555555555556,0.0694444444444444,-0.0392252822861889,0.0,,,,,,,,,,,,,,,,,,,,,,,,,,,,,,,,,,,,,,,REG,,,,,,,,,14.0,10.0,4.0,outdoors,grass,,,,,,,,,,,,,,,,,,,,,,,,,,,,,2026-11-15,6,True,True,False,202610,1280.5185423036069,1525.772439316325,-245.2538970127182,,,,False,False,False,False,False,False,False,False,False,False,False,False,False,False,False,False,False,False,False,False,False,False,False,False,False,False,False,False,False,False,True,False,False,False,False,False,False,False,False,False,False,False,False,False,False,False,True,False,False,False,False,False,False,False,False,False,False,False,False,False,False,False,False,False
2026,10,2026_10_KC_ATL,2026-11-15,ATL,KC,,,,,23.0,20.5,1.0,-105.0,47.5,-1.5,46.0,9.0,7.0,56.0,5.0,0.2066862874714405,0.5357142857142857,0.0714285714285714,0.0151515151515151,0.5405405405405406,0.054054054054054,-0.1680928117305812,0.0135135135135135,19.0,17.0,1.0,170.0,-205.0,4.5,43.5,7.0,6.0,56.0,5.0,-0.0534291529297539,0.4476979345955249,0.0563898450946643,0.0349147584441702,0.4819012901204682,0.0425350534939576,0.0448360774173552,0.0198891198891198,12.0,14.0,0.0,-225.0,185.0,-3.5,36.5,10.0,7.0,51.0,8.0,0.2266131006290179,0.56,0.0266666666666666,0.0,0.5652173913043478,0.0579710144927536,-0.0669397687631564,0.0,12.5,17.0,0.0,-662.5,442.5,-8.5,37.0,7.0,5.5,51.0,8.0,0.177100982012437,0.5848780487804878,0.0560162601626016,0.0073529411764705,0.563430613460393,0.0632320825888425,-0.1144140200283528,0.0136986301369862,,,,,,,,,,,,,,,,,,,,,,,,,,,,,,,,,,,,,,,REG,,,,,,,,,7.0,7.0,0.0,,fieldturf,,,,,,,,,,,,,,,,,,,,,,,,,,,,,2026-11-15,6,True,True,False,202610,1445.0858892675242,1568.5096461993949,-123.42375693187068,,,,False,True,False,False,False,False,False,False,False,False,False,False,False,False,False,False,False,False,False,False,False,False,False,False,False,False,False,False,False,False,False,False,False,False,False,False,False,False,False,False,False,False,False,False,False,False,False,True,False,False,False,False,False,False,False,False,False,False,False,False,False,False,False,False
2026,10,2026_10_LAC_BAL,2026-11-16,BAL,LAC,,,,,32.5,25.0,0.5,-52.5,21.5,-1.0,40.0,7.0,7.0,30.5,6.5,-0.1854595648790932,0.444311999823029,0.0332773492471076,0.0481242895035998,0.5130707527766352,0.0514843000137117,-0.1370565776934255,0.0051282051282051,32.5,25.0,0.5,-52.5,21.5,-1.0,40.0,7.0,7.0,30.5,6.5,-0.2630402502313445,0.4044943820224719,0.0112359550561797,0.0384615384615384,0.4615384615384615,0.0615384615384615,0.0837621647564422,0.0153846153846153,3.0,16.0,0.0,164.0,-198.0,3.5,45.5,7.0,7.0,35.0,10.0,0.1284466838901518,0.5,0.0714285714285714,0.015625,0.4871794871794871,0.0641025641025641,-0.0607676456638933,0.0384615384615384,3.0,17.5,0.0,532.0,-899.0,9.0,41.5,7.5,8.5,50.5,9.0,0.1284466838901518,0.5,0.0714285714285714,0.015625,0.4871794871794871,0.0641025641025641,-0.0607676456638933,0.0384615384615384,,,,,,,,,,,,,,,,,,,,,,,,,,,,,,,,,,,,,,,REG,,,,,,,,,11.0,8.0,3.0,outdoors,grass,,,,,,,,,,,,,,,,,,,,,,,,,,,,,2026-11-16,0,False,True,False,202610,1578.0455867869105,1544.5953503912492,33.45023639566125,,,,False,False,True,False,False,False,False,False,False,False,False,False,False,False,False,False,False,False,False,False,False,False,False,False,False,False,False,False,False,False,False,False,False,False,False,False,False,False,False,False,False,False,False,False,False,False,False,False,True,False,False,False,False,False,False,False,False,False,False,False,False,False,False,False
2026,10,2026_10_LAR_ARI,2026-11-15,ARI,LAR,,,,,17.0,37.0,0.0,537.5,-847.5,10.75,51.0,7.0,6.5,65.0,9.0,0.0162748594916824,0.4499518999518999,0.0412578162578162,0.0282508472955503,0.493474540008558,0.0710312366281557,-0.0664560829208974,0.0165810868635002,20.0,37.0,0.0,800.0,-1350.0,14.5,49.5,7.0,6.0,65.0,9.0,0.1173949707569916,0.5111111111111111,0.0777777777777777,0.0135135135135135,0.5657894736842105,0.0789473684210526,-0.1643739870092442,0.0131578947368421,27.0,31.0,0.0,120.0,-142.0,2.5,45.5,7.0,8.0,41.0,2.0,0.0435270003079789,0.4772052176159111,0.0510357500835282,0.015625,0.479603772682405,0.0496751454579854,-0.0607676456638933,0.0111111111111111,23.5,24.0,0.5,-42.5,14.0,-0.5,47.5,7.5,8.0,30.0,4.0,0.0398563754918588,0.4802939676357398,0.0510357500835282,0.0151515151515151,0.4785789127397851,0.049859980304922,-0.0249730269571986,0.0129166666666666,,,,,,,,,,,,,,,,,,,,,,,,,,,,,,,,,,,,,,,REG,,,,,,,,,7.0,7.0,0.0,,grass,,,,,,,,,,,,,,,,,,,,,,,,,,,,,2026-11-15,6,True,True,False,202610,1319.761952516942,1615.2910837085915,-295.52913119164964,,,,True,False,False,False,False,False,False,False,False,False,False,False,False,False,False,False,False,False,False,False,False,False,False,False,False,False,False,False,False,False,False,False,False,False,False,False,False,False,False,False,False,False,False,False,False,False,False,False,False,True,False,False,False,False,False,False,False,False,False,False,False,False,False,False
2026,10,2026_10_MIA_IND,2026-11-15,IND,MIA,,,,,30.0,38.0,0.0,400.0,-535.0,9.5,37.5,7.0,8.0,56.0,8.0,0.2033921846217974,0.5362280701754386,0.0594736842105263,0.0083333333333333,0.5055555555555555,0.0510840108401084,0.0528343501358464,0.017750677506775,24.666666666666668,36.333333333333336,0.0,-16.666666666666668,-55.0,0.5,44.16666666666666,7.333333333333333,7.333333333333333,56.0,8.0,0.2033921846217974,0.5362280701754387,0.0594736842105263,0.0083333333333333,0.5055555555555555,0.0510840108401084,0.0528343501358464,0.017750677506775,15.0,27.5,0.5,200.0,-397.5,4.25,44.5,7.0,7.0,54.5,4.5,0.0909778147317826,0.4658119658119658,0.0528846153846153,0.025,0.4777777777777778,0.0746031746031746,-0.1211297975034635,0.017063492063492,15.0,27.5,0.5,200.0,-397.5,4.25,44.5,7.0,7.0,54.5,4.5,0.1062264599912857,0.4646111018677709,0.0400057539792579,0.0165322580645161,0.5159993326659993,0.0757984174650841,-0.1341624533881846,0.0177910052910052,,,,,,,,,,,,,,,,,,,,,,,,,,,,,,,,,,,,,,,REG,,,,,,,,,7.0,7.0,0.0,,fieldturf,,,,,,,,,,,,,,,,,,,,,,,,,,,,,2026-11-15,6,True,True,False,202610,1437.679005345844,1461.1041439662474,-23.42513862040346,,,,False,False,False,False,False,False,False,False,False,False,False,False,False,True,False,False,False,False,False,False,False,False,False,False,False,False,False,False,False,False,False,False,False,False,False,False,False,False,False,False,False,False,False,False,False,False,False,False,False,False,False,True,False,False,False,False,False,False,False,False,False,False,False,False
2026,10,2026_10_MIN_GB,2026-11-15,GB,MIN,,,,,27.0,31.0,0.0,-135.0,114.0,-2.5,45.5,6.0,6.0,32.0,6.0,0.2162270759575981,0.5866666666666667,0.0933333333333333,0.0153846153846153,0.5308641975308642,0.0,-0.096469006857219,0.0,27.0,31.0,0.0,-135.0,114.0,-2.5,45.5,6.0,6.0,32.0,6.0,0.2301455305975216,0.5552380952380952,0.0799999999999999,0.0135746606334841,0.5265432098765431,0.0222222222222222,-0.1624631427304749,0.0,16.0,3.0,1.0,470.0,-650.0,12.5,37.5,8.0,10.0,45.0,2.0,0.0435270003079789,0.4683544303797468,0.0759493670886076,0.0294117647058823,0.4111111111111111,0.0333333333333333,0.0080417907340721,0.0,16.0,3.0,1.0,470.0,-650.0,12.5,37.5,8.0,10.0,46.0,20.0,0.0469389826747511,0.4802939676357398,0.0602936736002497,0.0184619302266361,0.4413848631239935,0.0300483091787439,0.1274910526954789,0.0222222222222222,,,,,,,,,,,,,,,,,,,,,,,,,,,,,,,,,,,,,,,REG,,,,,,,,,7.0,6.0,1.0,outdoors,grass,,,,,,,,,,,,,,,,,,,,,,,,,,,,,2026-11-15,6,True,True,False,202610,1539.032218535977,1586.6484823812723,-47.61626384529541,,,,False,False,False,False,False,False,False,False,False,False,False,True,False,False,False,False,False,False,False,False,False,False,False,False,False,False,False,False,False,False,False,False,False,False,False,False,False,False,False,False,False,False,False,False,False,False,False,False,False,False,False,False,True,False,False,False,False,False,False,False,False,False,False,False
2026,10,2026_10_NE_DET,2026-11-15,DET,NE,,,,,19.0,16.0,1.0,150.0,-180.0,3.5,51.5,10.0,7.0,33.0,4.0,0.1263258131208039,0.5513586956521739,0.0602355072463768,0.0081967213114754,0.5237500000000002,0.0320833333333333,-0.1037505790617615,0.01875,17.666666666666668,22.666666666666668,0.3333333333333333,40.0,-106.66666666666669,1.3333333333333333,49.833333333333336,6.666666666666667,6.0,33.0,4.0,0.0669397687631564,0.5652173913043478,0.0579710144927536,0.0,0.56,0.0266666666666666,-0.2266131006290179,0.0,13.0,29.0,0.0,-238.0,195.0,-4.5,45.5,14.0,14.0,67.0,7.0,0.1355494985187377,0.4750681417348084,0.0732456843567954,0.0053763440860215,0.4900820702268357,0.0496751454579854,0.0509752693982798,0.0167430284518355,11.5,18.0,0.5,-221.5,182.5,-4.0,44.5,10.5,11.0,46.5,8.5,0.0801241132837174,0.5004810004810004,0.0568382235048901,0.0080645161290322,0.4994909214322077,0.0572713388766332,-0.013008036605015,0.0251145426777532,,,,,,,,,,,,,,,,,,,,,,,,,,,,,,,,,,,,,,,REG,,,,,,,,,7.0,7.0,0.0,dome,fieldturf,,,,,,,,,,,,,,,,,,,,,,,,,,,,,2026-11-15,6,True,True,False,202610,1612.0619915358989,1585.8241019587574,26.23788957714146,,,,False,False,False,False,False,False,False,False,False,False,True,False,False,False,False,False,False,False,False,False,False,False,False,False,False,False,False,False,False,False,False,False,False,False,False,False,False,False,False,False,False,False,False,False,False,False,False,False,False,False,False,False,False,True,False,False,False,False,False,False,False,False,False,False
2026,10,2026_10_PIT_CIN,2026-11-15,CIN,PIT,,,,,33.333333333333336,18.33333333333333,0.6666666666666666,140.0,-210.0,4.333333333333333,49.5,7.0,6.666666666666667,61.0,5.333333333333333,0.096469006857219,0.5308641975308642,0.0,0.0,0.5866666666666667,0.0933333333333333,-0.2162270759575981,0.0133333333333333,27.5,17.0,0.5,312.5,-400.0,8.25,50.0,7.0,7.0,51.0,4.5,0.096469006857219,0.5308641975308642,0.0,0.0,0.5866666666666667,0.0933333333333333,-0.2162270759575981,0.0133333333333333,16.0,27.0,0.5,-190.0,157.5,-3.75,40.0,8.0,7.5,28.5,6.0,0.096422908139132,0.507027564649048,0.0416169366297243,0.0062893081761006,0.4705137532115547,0.0341526977969655,0.0358017003643557,0.0274063286111478,16.0,27.0,0.5,-190.0,157.5,-3.75,40.0,8.0,7.5,28.5,6.0,0.1261758206959324,0.5031884057971014,0.0550724637681159,0.0,0.452758581624561,0.0271326611532797,0.01232266378952,0.0109890109890109,,,,,,,,,,,,,,,,,,,,,,,,,,,,,,,,,,,,,,,REG,,,,,,,,,7.0,14.0,-7.0,outdoors,fieldturf,,,,,,,,,,,,,,,,,,,,,,,,,,,,,2026-11-15,6,True,True,False,202610,1481.1897919754094,1556.618019066946,-75.42822709153643,,,,False,False,False,False,False,False,True,False,False,False,False,False,False,False,False,False,False,False,False,False,False,False,False,False,False,False,False,False,False,False,False,False,False,False,False,False,False,False,False,False,False,False,False,False,False,False,False,False,False,False,False,False,False,False,False,False,False,False,True,False,False,False,False,False
2026,10,2026_10_SEA_LV,2026-11-15,LV,SEA,,,,,15.0,23.0,0.3333333333333333,171.0,-426.3333333333333,2.6666666666666665,38.833333333333336,8.0,7.0,30.0,20.0,-0.145585810389524,0.467948717948718,0.0250156347717323,0.0229026036644165,0.4572807017543859,0.0528947368421052,-0.0133930616448703,0.0197368421052631,12.0,23.0,0.5,-193.5,160.5,-3.25,38.5,8.5,7.0,30.0,20.0,-0.0681079497503636,0.4358974358974359,0.0256410256410256,0.0163934426229508,0.4078947368421052,0.0657894736842105,0.21562425894461,0.0394736842105263,29.0,13.0,1.0,-238.0,195.0,-4.5,45.5,14.0,14.0,67.0,7.0,0.1413607063394909,0.5009920634920635,0.0801767676767676,0.0169491525423728,0.4559070548712206,0.062010078387458,-0.1258377569165893,0.0,33.666666666666664,15.333333333333334,1.0,42.333333333333336,-84.0,1.5,45.16666666666666,9.0,12.0,51.333333333333336,4.666666666666667,0.0392252822861889,0.4305555555555556,0.0694444444444444,0.0,0.3723404255319149,0.0319148936170212,0.0871678975031721,0.0,,,,,,,,,,,,,,,,,,,,,,,,,,,,,,,,,,,,,,,REG,,,,,,,,,7.0,7.0,0.0,dome,grass,,,,,,,,,,,,,,,,,,,,,,,,,,,,,2026-11-15,6,True,True,False,202610,1310.3927345248208,1696.6438276620331,-386.2510931372124,,,,False,False,False,False,False,False,False,False,False,False,False,False,False,False,False,False,False,False,True,False,False,False,False,False,False,False,False,False,False,False,False,False,False,False,False,False,False,False,False,False,False,False,False,False,False,False,False,False,False,False,False,False,False,False,False,False,False,False,False,True,False,False,False,False
2026,10,2026_10_SF_DAL,2026-11-15,DAL,SF,,,,,17.0,34.0,0.0,-166.0,140.0,-3.0,50.5,10.0,7.0,33.0,7.0,0.1765672880205567,0.4520547945205479,0.0410958904109589,0.0,0.5647058823529412,0.0470588235294117,-0.1527092656444412,0.0117647058823529,17.0,34.0,0.0,-166.0,140.0,-3.0,50.5,10.0,7.0,33.0,7.0,0.1765672880205567,0.4520547945205479,0.0410958904109589,0.0,0.5647058823529412,0.0470588235294117,-0.1527092656444412,0.0117647058823529,10.666666666666666,24.33333333333333,0.3333333333333333,104.0,-148.66666666666666,3.333333333333333,45.5,6.666666666666667,9.0,49.66666666666666,11.666666666666666,0.0155734617353427,0.5,0.0454545454545454,0.0285714285714285,0.5362318840579711,0.072463768115942,-0.1568073379546753,0.0,6.0,41.0,0.0,245.0,-305.0,6.5,44.5,6.0,14.0,46.0,5.0,0.0155734617353427,0.5,0.0454545454545454,0.0285714285714285,0.5362318840579711,0.072463768115942,-0.1568073379546753,0.0,,,,,,,,,,,,,,,,,,,,,,,,,,,,,,,,,,,,,,,REG,,,,,,,,,7.0,7.0,0.0,,matrixturf,,,,,,,,,,,,,,,,,,,,,,,,,,,,,2026-11-15,6,True,True,False,202610,1479.772732868715,1583.348134919415,-103.57540205070018,,,,False,False,False,False,False,False,False,False,True,False,False,False,False,False,False,False,False,False,False,False,False,False,False,False,False,False,False,False,False,False,False,False,False,False,False,False,False,False,False,False,False,False,False,False,False,False,False,False,False,False,False,False,False,False,False,False,False,False,False,False,True,False,False,False
2026,10,2026_10_WAS_NYG,2026-11-12,NYG,WAS,,,,,34.0,17.0,1.0,-166.0,140.0,-3.0,50.5,10.0,7.0,33.0,7.0,0.1704750841397807,0.4712643678160919,0.0689655172413793,0.0,0.5070422535211268,0.0704225352112676,0.0323451455476589,0.028169014084507,34.0,13.5,1.0,-164.0,138.0,-3.0,45.5,8.5,7.0,33.0,7.0,0.1704750841397807,0.4712643678160919,0.0689655172413793,0.0,0.5070422535211268,0.0704225352112676,0.0323451455476589,0.028169014084507,23.5,23.5,0.5,-175.0,100.0,-2.75,44.5,7.0,6.0,42.5,8.0,0.1851016847060448,0.5675675675675675,0.0945945945945946,0.0161290322580645,0.3928571428571428,0.0476190476190476,0.0816734897567089,0.0238095238095238,23.5,24.25,0.5,-151.5,88.0,-2.5,44.75,6.75,7.75,38.5,9.0,0.1916660889833809,0.5491939307728781,0.0670934091986723,0.01707225051877,0.4404761904761905,0.0595238095238095,-0.0346707496833004,0.0119047619047619,,,,,,,,,,,,,,,,,,,,,,,,,,,,,,,,,,,,,,,REG,,,,,,,,,4.0,4.0,0.0,outdoors,fieldturf,,,,,,,,,,,,,,,,,,,,,,,,,,,,,2026-11-12,3,False,True,False,202610,1334.4357605851203,1452.598540392987,-118.1627798078664,,,,False,False,False,False,False,False,False,False,False,False,False,False,False,False,False,False,False,False,False,False,False,False,False,True,False,False,False,False,False,False,False,False,False,False,False,False,False,False,False,False,False,False,False,False,False,False,False,False,False,False,False,False,False,False,False,False,False,False,False,False,False,False,False,True
2026,11,2026_11_ARI_KC,2026-11-22,KC,ARI,,,,,12.5,17.0,0.0,-662.5,442.5,-8.5,37.0,7.0,5.5,51.0,8.0,0.177100982012437,0.5848780487804878,0.0560162601626016,0.0073529411764705,0.563430613460393,0.0632320825888425,-0.1144140200283527,0.0136986301369863,12.0,14.0,0.0,-225.0,185.0,-3.5,36.5,10.0,7.0,51.0,8.0,0.2266131006290179,0.56,0.0266666666666666,0.0,0.5652173913043478,0.0579710144927536,-0.0669397687631564,0.0,20.0,37.0,0.0,800.0,-1350.0,14.5,49.5,7.0,6.0,65.0,9.0,0.1173949707569916,0.5111111111111111,0.0777777777777777,0.0135135135135135,0.5657894736842105,0.0789473684210526,-0.1643739870092442,0.0131578947368421,17.0,37.0,0.0,537.5,-847.5,10.75,51.0,7.0,6.5,65.0,9.0,0.0162748594916824,0.4499518999518999,0.0412578162578162,0.0282508472955502,0.493474540008558,0.0710312366281557,-0.0664560829208974,0.0165810868635002,,,,,,,,,,,,,,,,,,,,,,,,,,,,,,,,,,,,,,,REG,,,,,,,,,7.0,7.0,0.0,outdoors,grass,,,,,,,,,,,,,,,,,,,,,,,,,,,,,2026-11-22,6,True,True,False,202611,1568.5096461993949,1319.761952516942,248.7476936824528,,,,False,False,False,False,False,False,False,False,False,False,False,False,False,False,False,True,False,False,False,False,False,False,False,False,False,False,False,False,False,False,False,False,True,False,False,False,False,False,False,False,False,False,False,False,False,False,False,False,False,False,False,False,False,False,False,False,False,False,False,False,False,False,False,False
2026,11,2026_11_BAL_CAR,2026-11-22,CAR,BAL,,,,,22.5,25.0,0.0,-210.0,127.5,-3.5,44.0,6.0,6.5,70.5,13.5,0.1332610883806081,0.5101307189542484,0.0624183006535947,0.0217484008528784,0.4482496194824961,0.0413812785388127,-0.1488776359101143,0.0,31.0,34.0,0.0,-550.0,410.0,-10.0,44.5,6.0,7.0,72.0,16.0,0.1332610883806081,0.5101307189542482,0.0624183006535947,0.0217484008528784,0.4482496194824962,0.0413812785388127,-0.1488776359101143,0.0,24.0,26.0,0.0,-225.0,185.0,-4.5,41.5,8.0,7.0,25.0,3.0,-0.2630402502313445,0.4044943820224719,0.0112359550561797,0.0384615384615384,0.4615384615384615,0.0615384615384615,0.0837621647564422,0.0153846153846153,24.0,26.0,0.0,-225.0,185.0,-4.5,41.5,8.0,7.0,25.0,3.0,-0.2567607980517761,0.419989126495107,0.0217470097861544,0.0549450549450549,0.5366515837104072,0.0601809954751131,-0.1143894987025474,0.0076923076923076,,,,,,,,,,,,,,,,,,,,,,,,,,,,,,,,,,,,,,,REG,,,,,,,,,7.0,6.0,1.0,outdoors,grass,,,,,,,,,,,,,,,,,,,,,,,,,,,,,2026-11-22,6,True,True,False,202611,1377.4347187735248,1578.0455867869105,-200.6108680133857,,,,False,False,False,False,True,False,False,False,False,False,False,False,False,False,False,False,False,False,False,False,False,False,False,False,False,False,False,False,False,False,False,False,False,False,True,False,False,False,False,False,False,False,False,False,False,False,False,False,False,False,False,False,False,False,False,False,False,False,False,False,False,False,False,False
2026,11,2026_11_CIN_WAS,2026-11-23,WAS,CIN,,,,,24.0,17.0,1.0,150.0,-180.0,3.0,38.5,10.0,7.0,35.0,9.0,0.1916660889833809,0.5491939307728781,0.0670934091986723,0.01707225051877,0.4404761904761904,0.0595238095238095,-0.0346707496833004,0.0119047619047619,24.0,17.0,1.0,150.0,-180.0,3.0,38.5,10.0,7.0,35.0,9.0,0.1851016847060448,0.5675675675675675,0.0945945945945946,0.0161290322580645,0.3928571428571428,0.0476190476190476,0.0816734897567089,0.0238095238095238,18.0,20.0,0.0,350.0,-455.0,9.5,47.5,7.0,7.0,37.0,0.0,-0.2291247971344692,0.4010620915032679,0.0218464052287581,0.0456876456876456,0.5125000000000001,0.0659812316208268,-0.1323834596187633,0.0077127659574468,18.0,20.0,0.0,350.0,-455.0,9.5,47.5,7.0,7.0,37.0,0.0,0.038678532175862,0.5091820987654321,0.01875,0.023076923076923,0.5620833333333333,0.0779166666666666,-0.2009694667180247,0.0129166666666666,,,,,,,,,,,,,,,,,,,,,,,,,,,,,,,,,,,,,,,REG,,,,,,,,,11.0,8.0,3.0,outdoors,grass,,,,,,,,,,,,,,,,,,,,,,,,,,,,,2026-11-23,0,False,True,False,202611,1452.598540392987,1481.1897919754094,-28.5912515824225,,,,False,False,False,False,False,False,False,False,False,False,False,False,False,False,False,False,False,False,False,False,False,False,False,False,False,False,False,False,False,False,False,True,False,False,False,False,False,False,True,False,False,False,False,False,False,False,False,False,False,False,False,False,False,False,False,False,False,False,False,False,False,False,False,False
2026,11,2026_11_IND_HOU,2026-11-19,HOU,IND,,,,,23.0,17.0,0.5,-2.5,-25.0,0.0,39.5,7.0,7.5,33.5,5.5,0.3125411621615371,0.611764705882353,0.0588235294117647,0.0,0.4354838709677419,0.032258064516129,0.2504813458722078,0.0483870967741935,23.0,17.0,0.5,-2.5,-25.0,0.0,39.5,7.0,7.5,33.5,5.5,0.1910082235242045,0.5131994261119082,0.0659971305595409,0.0,0.3896169354838709,0.0395665322580645,0.324162811948315,0.0320060483870967,23.5,30.5,0.0,87.5,-175.0,3.0,43.0,7.0,7.0,51.0,9.0,0.1643739870092442,0.5657894736842105,0.0789473684210526,0.0166666666666666,0.5111111111111111,0.0777777777777777,-0.1173949707569916,0.0111111111111111,30.0,38.0,0.0,400.0,-535.0,9.5,37.5,7.0,8.0,51.0,9.0,0.1643739870092442,0.5657894736842105,0.0789473684210526,0.0166666666666666,0.5111111111111111,0.0777777777777777,-0.1173949707569916,0.0111111111111111,,,,,,,,,,,,,,,,,,,,,,,,,,,,,,,,,,,,,,,REG,,,,,,,,,4.0,4.0,0.0,,astroturf,,,,,,,,,,,,,,,,,,,,,,,,,,,,,2026-11-19,3,False,True,False,202611,1605.140838642905,1437.679005345844,167.46183329706105,,,,False,False,False,False,False,False,False,False,False,False,False,False,True,False,False,False,False,False,False,False,False,False,False,False,False,False,False,False,False,False,False,False,False,False,False,False,False,False,False,False,False,False,False,False,False,True,False,False,False,False,False,False,False,False,False,False,False,False,False,False,False,False,False,False
2026,11,2026_11_JAX_NYG,2026-11-22,NYG,JAX,,,,,34.0,17.0,1.0,-166.0,140.0,-3.0,50.5,10.0,7.0,33.0,7.0,0.1704750841397807,0.4712643678160919,0.0689655172413793,0.0,0.5070422535211268,0.0704225352112676,0.0323451455476589,0.028169014084507,34.0,13.5,1.0,-164.0,138.0,-3.0,45.5,8.5,7.0,33.0,7.0,0.1704750841397807,0.4712643678160919,0.0689655172413793,0.0,0.5070422535211268,0.0704225352112676,0.0323451455476589,0.028169014084507,32.5,17.0,0.5,313.5,-436.0,7.0,49.0,7.0,7.0,58.5,7.0,-0.0871678975031721,0.3723404255319149,0.0319148936170212,0.0,0.4305555555555556,0.0694444444444444,-0.0392252822861889,0.0,32.5,17.0,0.5,313.5,-436.0,7.0,49.0,7.0,7.0,58.5,7.0,-0.0871678975031721,0.3723404255319149,0.0319148936170212,0.0,0.4305555555555556,0.0694444444444444,-0.0392252822861889,0.0,,,,,,,,,,,,,,,,,,,,,,,,,,,,,,,,,,,,,,,REG,,,,,,,,,10.0,7.0,3.0,outdoors,fieldturf,,,,,,,,,,,,,,,,,,,,,,,,,,,,,2026-11-22,6,True,True,False,202611,1334.4357605851203,1525.772439316325,-191.33667873120453,,,,False,False,False,False,False,False,False,False,False,False,False,False,False,False,False,False,False,False,False,False,False,False,False,True,False,False,False,False,False,False,False,False,False,False,False,False,False,False,False,False,False,False,False,False,False,False,True,False,False,False,False,False,False,False,False,False,False,False,False,False,False,False,False,False
2026,11,2026_11_LV_DEN,2026-11-22,DEN,LV,,,,,7.0,10.0,0.0,-205.0,170.0,-3.5,43.5,7.0,8.0,26.0,10.0,-0.0227484817866443,0.4131578947368421,0.0223684210526315,0.0080645161290322,0.3970394736842104,0.03125,0.0744512837058526,0.0,19.666666666666668,14.333333333333334,0.6666666666666666,265.0,-516.6666666666666,4.166666666666667,42.16666666666666,7.0,10.333333333333334,42.66666666666666,7.666666666666667,-0.1081380890186355,0.3421052631578947,0.0131578947368421,0.0161290322580645,0.3815789473684211,0.0,0.1443510336263754,0.0,14.0,12.0,1.0,-225.0,185.0,-3.5,36.5,10.0,7.0,30.0,20.0,-0.0681079497503636,0.4358974358974359,0.0256410256410256,0.0163934426229508,0.4078947368421052,0.0657894736842105,0.21562425894461,0.0394736842105263,14.0,12.0,1.0,-225.0,185.0,-3.5,36.5,10.0,7.0,30.0,20.0,-0.1543961995136641,0.4937839937839938,0.0318286049993367,0.0404256351473469,0.4542790885259125,0.0429259931437789,0.0149839845035991,0.0169893123613631,,,,,,,,,,,,,,,,,,,,,,,,,,,,,,,,,,,,,,,REG,,,,,,,,,14.0,7.0,7.0,outdoors,grass,,,,,,,,,,,,,,,,,,,,,,,,,,,,,2026-11-22,6,True,True,False,202611,1638.3025337449608,1310.3927345248208,327.90979922014003,,,,False,False,False,False,False,False,False,False,False,True,False,False,False,False,False,False,False,False,False,False,False,False,False,False,False,False,False,False,False,False,False,False,False,False,False,False,False,False,False,False,False,False,False,False,False,False,False,False,False,False,True,False,False,False,False,False,False,False,False,False,False,False,False,False
2026,11,2026_11_MIA_BUF,2026-11-22,BUF,MIA,,,,,30.0,33.0,0.0,100.0,-120.0,1.5,45.5,6.0,13.0,36.0,5.0,0.0194061773244408,0.5060240963855421,0.072289156626506,0.0416666666666666,0.5194805194805194,0.0519480519480519,-0.0688105593840034,0.0129870129870129,28.5,28.5,0.5,101.0,-121.0,1.5,48.5,6.5,10.0,49.0,5.5,0.0194061773244408,0.5060240963855421,0.072289156626506,0.0416666666666666,0.5194805194805194,0.0519480519480519,-0.0688105593840034,0.0129870129870129,15.0,27.5,0.5,200.0,-397.5,4.25,44.5,7.0,7.0,54.5,4.5,0.0909778147317826,0.4658119658119658,0.0528846153846153,0.025,0.4777777777777778,0.0746031746031746,-0.1211297975034635,0.017063492063492,15.0,27.5,0.5,200.0,-397.5,4.25,44.5,7.0,7.0,54.5,4.5,0.1062264599912857,0.4646111018677709,0.0400057539792579,0.0165322580645161,0.5159993326659993,0.0757984174650841,-0.1341624533881846,0.0177910052910052,,,,,,,,,,,,,,,,,,,,,,,,,,,,,,,,,,,,,,,REG,,,,,,,,,7.0,7.0,0.0,outdoors,a_turf,,,,,,,,,,,,,,,,,,,,,,,,,,,,,2026-11-22,6,True,True,False,202611,1666.4029573285284,1461.1041439662474,205.29881336228092,,,,False,False,False,True,False,False,False,False,False,False,False,False,False,False,False,False,False,False,False,False,False,False,False,False,False,False,False,False,False,False,False,False,False,False,False,False,False,False,False,False,False,False,False,False,False,False,False,False,False,False,False,True,False,False,False,False,False,False,False,False,False,False,False,False
2026,11,2026_11_MIN_SF,2026-11-22,SF,MIN,,,,,6.0,41.0,0.0,245.0,-305.0,6.5,44.5,6.0,14.0,46.0,5.0,0.0066181152197968,0.4925961308812992,0.043612624935768,0.0294243070362473,0.5293599082864597,0.0675190584843853,-0.0663524047708584,0.0080321285140562,14.5,30.0,0.5,230.0,-285.0,6.25,44.5,7.0,10.5,46.0,13.5,0.0661863620398527,0.5047169811320755,0.0274442538593482,0.0142857142857142,0.569320761306094,0.0844246551423083,-0.1138853516452692,0.0120481927710843,16.0,3.0,1.0,470.0,-650.0,12.5,37.5,8.0,10.0,45.0,2.0,0.0435270003079789,0.4683544303797468,0.0759493670886076,0.0294117647058823,0.4111111111111111,0.0333333333333333,0.0080417907340721,0.0,16.0,3.0,1.0,470.0,-650.0,12.5,37.5,8.0,10.0,46.0,20.0,0.0469389826747511,0.4802939676357398,0.0602936736002497,0.0184619302266361,0.4413848631239935,0.0300483091787439,0.1274910526954789,0.0222222222222222,,,,,,,,,,,,,,,,,,,,,,,,,,,,,,,,,,,,,,,REG,,,,,,,,,7.0,7.0,0.0,outdoors,grass,,,,,,,,,,,,,,,,,,,,,,,,,,,,,2026-11-22,6,True,True,False,202611,1583.348134919415,1586.6484823812723,-3.3003474618574278,,,,False,False,False,False,False,False,False,False,False,False,False,False,False,False,False,False,False,False,False,False,False,False,False,False,False,False,False,False,True,False,False,False,False,False,False,False,False,False,False,False,False,False,False,False,False,False,False,False,False,False,False,False,True,False,False,False,False,False,False,False,False,False,False,False
2026,11,2026_11_NO_CHI,2026-11-22,CHI,NO,,,,,17.0,20.0,0.0,-205.0,170.0,-3.5,49.5,8.0,8.0,19.0,6.0,0.0643561533373377,0.463863958431743,0.0457408282160289,0.0071428571428571,0.5141065830721003,0.0514629049111807,0.0882937781291842,0.0532915360501567,24.0,23.5,0.5,-170.0,142.0,-3.0,47.5,7.0,7.0,25.5,6.0,-0.071738076800538,0.4482758620689655,0.0229885057471264,0.0142857142857142,0.5454545454545454,0.0454545454545454,0.1720169777619444,0.0606060606060606,25.5,22.5,0.5,25.0,-52.5,1.5,41.5,7.0,6.5,71.0,14.0,0.0066098958855891,0.4929577464788732,0.0422535211267605,0.0172413793103448,0.4814814814814814,0.0617283950617283,-0.0914376671834314,0.0,25.0,17.0,0.75,35.5,-69.75,1.75,41.0,8.75,6.75,71.0,14.0,-0.0180411892169067,0.4781861903126074,0.02722432153899,0.0086206896551724,0.4823137744486059,0.036482175058954,0.0595209712024943,0.0280898876404494,,,,,,,,,,,,,,,,,,,,,,,,,,,,,,,,,,,,,,,REG,,,,,,,,,14.0,7.0,7.0,outdoors,grass,,,,,,,,,,,,,,,,,,,,,,,,,,,,,2026-11-22,6,True,True,False,202611,1514.6679180567303,1383.345988389273,131.32192966745745,,,,False,False,False,False,False,True,False,False,False,False,False,False,False,False,False,False,False,False,False,False,False,False,False,False,False,False,False,False,False,False,False,False,False,False,False,False,False,False,False,False,False,False,False,False,False,False,False,False,False,False,False,False,False,False,True,False,False,False,False,False,False,False,False,False
2026,11,2026_11_NYJ_LAC,2026-11-22,LAC,NYJ,,,,,3.0,17.5,0.0,532.0,-899.0,9.0,41.5,7.5,8.5,50.5,9.0,0.0233865970667214,0.4464285714285714,0.0595238095238095,0.0225183823529411,0.5273735273735274,0.0793485793485793,-0.1229346651849691,0.0259875259875259,3.0,16.0,0.0,164.0,-198.0,3.5,45.5,7.0,7.0,35.0,10.0,0.0233865970667214,0.4464285714285715,0.0595238095238095,0.0225183823529411,0.5273735273735274,0.0793485793485793,-0.1229346651849691,0.0259875259875259,8.0,35.0,0.0,550.0,-800.0,12.5,39.5,7.0,7.0,27.0,13.0,-0.0594506852681809,0.4407894736842105,0.0306122448979591,0.0060975609756097,0.4088575096277278,0.0370667522464698,-0.0749028953814856,0.006578947368421,9.0,38.5,0.0,-200.0,-87.5,0.0,41.0,7.0,7.0,28.0,8.5,-0.1443510336263754,0.3815789473684211,0.0,0.0,0.3421052631578947,0.0131578947368421,0.1081380890186355,0.0131578947368421,,,,,,,,,,,,,,,,,,,,,,,,,,,,,,,,,,,,,,,REG,,,,,,,,,6.0,7.0,-1.0,dome,matrixturf,,,,,,,,,,,,,,,,,,,,,,,,,,,,,2026-11-22,6,True,True,False,202611,1544.5953503912492,1313.30455808606,231.29079230518917,,,,False,False,False,False,False,False,False,False,False,False,False,False,False,False,False,False,True,False,False,False,False,False,False,False,False,False,False,False,False,False,False,False,False,False,False,False,False,False,False,False,False,False,False,False,False,False,False,False,False,False,False,False,False,False,False,False,True,False,False,False,False,False,False,False
2026,11,2026_11_PIT_PHI,2026-11-22,PHI,PIT,,,,,16.333333333333332,19.666666666666668,0.3333333333333333,169.0,-205.0,4.0,42.833333333333336,8.666666666666666,7.0,39.66666666666666,12.333333333333334,-0.0184483396664943,0.4597711267605633,0.0664612676056338,0.0169491525423728,0.4777374470659407,0.0502722323049001,-0.1165581047925637,0.0,18.0,23.5,0.0,182.5,-222.5,4.5,41.5,9.0,7.0,40.5,15.5,-0.0184483396664943,0.4597711267605633,0.0664612676056338,0.0169491525423728,0.4777374470659407,0.0502722323049001,-0.1165581047925637,0.0,16.0,27.0,0.5,-190.0,157.5,-3.75,40.0,8.0,7.5,28.5,6.0,0.096422908139132,0.507027564649048,0.0416169366297243,0.0062893081761006,0.4705137532115547,0.0341526977969655,0.0358017003643557,0.0274063286111478,16.0,27.0,0.5,-190.0,157.5,-3.75,40.0,8.0,7.5,28.5,6.0,0.1261758206959324,0.5031884057971014,0.0550724637681159,0.0,0.452758581624561,0.0271326611532797,0.01232266378952,0.0109890109890109,,,,,,,,,,,,,,,,,,,,,,,,,,,,,,,,,,,,,,,REG,,,,,,,,,14.0,7.0,7.0,outdoors,grass,,,,,,,,,,,,,,,,,,,,,,,,,,,,,2026-11-22,6,True,True,False,202611,1649.9520100937982,1556.618019066946,93.33399102685236,,,,False,False,False,False,False,False,False,False,False,False,False,False,False,False,False,False,False,False,False,False,False,False,False,False,False,True,False,False,False,False,False,False,False,False,False,False,False,False,False,False,False,False,False,False,False,False,False,False,False,False,False,False,False,False,False,False,False,False,True,False,False,False,False,False
2026,11,2026_11_TB_DET,2026-11-22,DET,TB,,,,,19.0,16.0,1.0,150.0,-180.0,3.5,51.5,10.0,7.0,33.0,4.0,0.1263258131208039,0.5513586956521739,0.0602355072463768,0.0081967213114754,0.5237500000000002,0.0320833333333333,-0.1037505790617615,0.01875,17.666666666666668,22.666666666666668,0.3333333333333333,40.0,-106.66666666666669,1.3333333333333333,49.833333333333336,6.666666666666667,6.0,33.0,4.0,0.0669397687631564,0.5652173913043478,0.0579710144927536,0.0,0.56,0.0266666666666666,-0.2266131006290179,0.0,17.666666666666668,19.0,0.3333333333333333,-91.66666666666669,60.0,-1.8333333333333333,44.16666666666666,7.666666666666667,6.666666666666667,70.0,7.333333333333333,0.247825374645513,0.5378527841342486,0.0822845156369183,0.0,0.5357142857142856,0.0681818181818181,-0.1295347960640677,0.0243506493506493,16.0,14.0,1.0,130.0,-155.0,3.0,43.5,6.0,6.0,69.0,11.0,0.1568073379546753,0.5362318840579711,0.072463768115942,0.0,0.5,0.0454545454545454,-0.0155734617353427,0.0227272727272727,,,,,,,,,,,,,,,,,,,,,,,,,,,,,,,,,,,,,,,REG,,,,,,,,,7.0,14.0,-7.0,dome,fieldturf,,,,,,,,,,,,,,,,,,,,,,,,,,,,,2026-11-22,6,True,True,False,202611,1612.0619915358989,1470.1517775866828,141.9102139492161,,,,False,False,False,False,False,False,False,False,False,False,True,False,False,False,False,False,False,False,False,False,False,False,False,False,False,False,False,False,False,False,False,False,False,False,False,False,False,False,False,False,False,False,False,False,False,False,False,False,False,False,False,False,False,False,False,False,False,False,False,False,False,True,False,False
2026,11,2026_11_TEN_DAL,2026-11-22,DAL,TEN,,,,,17.0,34.0,0.0,-166.0,140.0,-3.0,50.5,10.0,7.0,33.0,7.0,0.1765672880205567,0.4520547945205479,0.0410958904109589,0.0,0.5647058823529412,0.0470588235294117,-0.1527092656444412,0.0117647058823529,17.0,34.0,0.0,-166.0,140.0,-3.0,50.5,10.0,7.0,33.0,7.0,0.1765672880205567,0.4520547945205479,0.0410958904109589,0.0,0.5647058823529412,0.0470588235294117,-0.1527092656444412,0.0117647058823529,7.0,41.0,0.0,525.0,-750.0,12.5,46.5,7.0,7.0,55.0,8.0,-0.1206275866134615,0.4295571245186136,0.0511874197689345,0.0470588235294117,0.4111305361305362,0.0298659673659673,0.0654200575244126,0.0177738927738927,16.5,37.5,0.0,202.5,-325.0,5.5,43.0,7.0,7.0,63.0,11.0,-0.1797030316576704,0.4200342440774887,0.0458351871571945,0.0318560300832661,0.4585293602061894,0.0471145554987018,-0.0502950378237241,0.0088869463869463,,,,,,,,,,,,,,,,,,,,,,,,,,,,,,,,,,,,,,,REG,,,,,,,,,7.0,7.0,0.0,,matrixturf,,,,,,,,,,,,,,,,,,,,,,,,,,,,,2026-11-22,6,True,True,False,202611,1479.772732868715,1280.5185423036069,199.25419056510805,,,,False,False,False,False,False,False,False,False,True,False,False,False,False,False,False,False,False,False,False,False,False,False,False,False,False,False,False,False,False,False,False,False,False,False,False,False,False,False,False,False,False,False,False,False,False,False,False,False,False,False,False,False,False,False,False,False,False,False,False,False,False,False,True,False
2026,12,2026_12_ATL_MIN,2026-11-29,MIN,ATL,,,,,18.33333333333333,8.666666666666666,1.0,-12.666666666666666,-80.33333333333333,1.0,41.5,6.333333333333333,7.0,46.0,20.0,0.0469389826747511,0.4802939676357398,0.0602936736002497,0.0184619302266361,0.4413848631239935,0.0300483091787439,0.1274910526954789,0.0222222222222222,19.5,6.5,1.0,55.0,-182.5,2.75,41.5,6.0,7.0,46.0,20.0,0.0435270003079789,0.4683544303797468,0.0759493670886076,0.0294117647058823,0.4111111111111111,0.0333333333333333,0.0080417907340721,0.0,19.0,17.0,1.0,170.0,-205.0,4.5,43.5,7.0,6.0,49.5,6.5,-0.0860455756603633,0.4366071428571427,0.0544642857142857,0.0369875222816399,0.53054424287301,0.0407256571640133,-0.1171920257616024,0.0067567567567567,23.0,20.5,1.0,-105.0,47.5,-1.5,46.0,9.0,7.0,56.0,5.0,0.2066862874714405,0.5357142857142857,0.0714285714285714,0.0151515151515151,0.5405405405405406,0.054054054054054,-0.1680928117305812,0.0135135135135135,,,,,,,,,,,,,,,,,,,,,,,,,,,,,,,,,,,,,,,REG,,,,,,,,,7.0,14.0,-7.0,dome,sportturf,,,,,,,,,,,,,,,,,,,,,,,,,,,,,2026-11-29,6,True,True,False,202612,1586.6484823812723,1445.0858892675242,141.5625931137483,,,,False,False,False,False,False,False,False,False,False,False,False,False,False,False,False,False,False,False,False,False,True,False,False,False,False,False,False,False,False,False,False,False,False,True,False,False,False,False,False,False,False,False,False,False,False,False,False,False,False,False,False,False,False,False,False,False,False,False,False,False,False,False,False,False
2026,12,2026_12_BAL_HOU,2026-11-29,HOU,BAL,,,,,23.0,17.0,0.5,-2.5,-25.0,0.0,39.5,7.0,7.5,33.5,5.5,0.3125411621615371,0.611764705882353,0.0588235294117647,0.0,0.4354838709677419,0.032258064516129,0.2504813458722078,0.0483870967741935,23.0,17.0,0.5,-2.5,-25.0,0.0,39.5,7.0,7.5,33.5,5.5,0.1910082235242045,0.5131994261119082,0.0659971305595409,0.0,0.3896169354838709,0.0395665322580645,0.324162811948315,0.0320060483870967,24.0,26.0,0.0,-225.0,185.0,-4.5,41.5,8.0,7.0,25.0,3.0,-0.2630402502313445,0.4044943820224719,0.0112359550561797,0.0384615384615384,0.4615384615384615,0.0615384615384615,0.0837621647564422,0.0153846153846153,24.0,26.0,0.0,-225.0,185.0,-4.5,41.5,8.0,7.0,25.0,3.0,-0.2567607980517761,0.419989126495107,0.0217470097861544,0.0549450549450549,0.5366515837104072,0.0601809954751131,-0.1143894987025474,0.0076923076923076,,,,,,,,,,,,,,,,,,,,,,,,,,,,,,,,,,,,,,,REG,,,,,,,,,10.0,7.0,3.0,,astroturf,,,,,,,,,,,,,,,,,,,,,,,,,,,,,2026-11-29,6,True,True,False,202612,1605.140838642905,1578.0455867869105,27.095251855994547,,,,False,False,False,False,False,False,False,False,False,False,False,False,True,False,False,False,False,False,False,False,False,False,False,False,False,False,False,False,False,False,False,False,False,False,True,False,False,False,False,False,False,False,False,False,False,False,False,False,False,False,False,False,False,False,False,False,False,False,False,False,False,False,False,False
2026,12,2026_12_CAR_TB,2026-11-30,TB,CAR,,,,,16.0,14.0,1.0,130.0,-155.0,3.0,43.5,6.0,6.0,69.0,11.0,0.1568073379546753,0.5362318840579711,0.072463768115942,0.0,0.5,0.0454545454545454,-0.0155734617353427,0.0227272727272727,16.5,17.0,0.5,-60.0,25.0,-1.25,44.0,6.5,6.5,74.5,7.0,0.1164786097324092,0.4896546650782632,0.0660922988141253,0.0092592592592592,0.5109890109890111,0.0582750582750582,-0.0692670183179399,0.0162337662337662,31.0,34.0,0.0,-550.0,410.0,-10.0,44.5,6.0,7.0,72.0,16.0,0.1527092656444412,0.5647058823529412,0.0470588235294117,0.0149253731343283,0.4520547945205479,0.0410958904109589,-0.1765672880205567,0.0,31.0,34.0,0.0,-550.0,410.0,-10.0,44.5,6.0,7.0,72.0,16.0,0.1527092656444412,0.5647058823529412,0.0470588235294117,0.0149253731343283,0.4520547945205479,0.0410958904109589,-0.1765672880205567,0.0,,,,,,,,,,,,,,,,,,,,,,,,,,,,,,,,,,,,,,,REG,,,,,,,,,8.0,8.0,0.0,outdoors,grass,,,,,,,,,,,,,,,,,,,,,,,,,,,,,2026-11-30,0,False,True,False,202612,1470.1517775866828,1377.4347187735248,92.71705881315802,,,,False,False,False,False,False,False,False,False,False,False,False,False,False,False,False,False,False,False,False,False,False,False,False,False,False,False,False,False,False,True,False,False,False,False,False,False,True,False,False,False,False,False,False,False,False,False,False,False,False,False,False,False,False,False,False,False,False,False,False,False,False,False,False,False
2026,12,2026_12_CHI_DET,2026-11-26,DET,CHI,,,,,19.0,16.0,1.0,150.0,-180.0,3.5,51.5,10.0,7.0,33.0,4.0,0.1263258131208039,0.5513586956521739,0.0602355072463768,0.0081967213114754,0.5237500000000002,0.0320833333333333,-0.1037505790617615,0.01875,17.666666666666668,22.666666666666668,0.3333333333333333,40.0,-106.66666666666669,1.3333333333333333,49.833333333333336,6.666666666666667,6.0,33.0,4.0,0.0669397687631564,0.5652173913043478,0.0579710144927536,0.0,0.56,0.0266666666666666,-0.2266131006290179,0.0,21.33333333333333,22.0,0.3333333333333333,-63.333333333333336,34.666666666666664,-0.8333333333333334,48.833333333333336,8.0,7.0,28.0,5.333333333333333,-0.071738076800538,0.4482758620689655,0.0229885057471264,0.0142857142857142,0.5454545454545454,0.0454545454545454,0.1720169777619444,0.0606060606060606,17.0,20.0,0.0,-205.0,170.0,-3.5,49.5,8.0,8.0,19.0,6.0,0.0643561533373377,0.463863958431743,0.0457408282160289,0.0071428571428571,0.5141065830721003,0.0514629049111807,0.0882937781291842,0.0532915360501567,,,,,,,,,,,,,,,,,,,,,,,,,,,,,,,,,,,,,,,REG,,,,,,,,,4.0,4.0,0.0,dome,fieldturf,,,,,,,,,,,,,,,,,,,,,,,,,,,,,2026-11-26,3,False,True,False,202612,1612.0619915358989,1514.6679180567303,97.39407347916836,,,,False,False,False,False,False,False,False,False,False,False,True,False,False,False,False,False,False,False,False,False,False,False,False,False,False,False,False,False,False,False,False,False,False,False,False,False,False,True,False,False,False,False,False,False,False,False,False,False,False,False,False,False,False,False,False,False,False,False,False,False,False,False,False,False
2026,12,2026_12_DEN_PIT,2026-11-27,PIT,DEN,,,,,6.0,30.0,0.0,-155.0,130.0,-3.0,38.5,8.0,8.0,32.0,9.0,0.1136779590808773,0.4266666666666667,0.0666666666666666,0.0,0.4329896907216495,0.0103092783505154,0.0803353393494785,0.0,6.0,30.0,0.0,-155.0,130.0,-3.0,38.5,8.0,8.0,32.0,9.0,0.1136779590808773,0.4266666666666667,0.0666666666666666,0.0,0.4329896907216495,0.0103092783505154,0.0803353393494785,0.0,19.666666666666668,14.333333333333334,0.6666666666666666,265.0,-516.6666666666666,4.166666666666667,42.16666666666666,7.0,10.333333333333334,42.66666666666666,7.666666666666667,-0.1081380890186355,0.3421052631578947,0.0131578947368421,0.0161290322580645,0.3815789473684211,0.0,0.1443510336263754,0.0,7.0,10.0,0.0,-205.0,170.0,-3.5,43.5,7.0,8.0,26.0,10.0,0.0414472072862379,0.4421052631578948,0.0397349757372153,0.009441384736428,0.3921439628482971,0.025735294117647,0.1013533222154219,0.0,,,,,,,,,,,,,,,,,,,,,,,,,,,,,,,,,,,,,,,REG,,,,,,,,,5.0,5.0,0.0,outdoors,grass,,,,,,,,,,,,,,,,,,,,,,,,,,,,,2026-11-27,4,False,True,False,202612,1556.618019066946,1638.3025337449608,-81.68451467801492,,,,False,False,False,False,False,False,False,False,False,False,False,False,False,False,False,False,False,False,False,False,False,False,False,False,False,False,True,False,False,False,False,False,False,False,False,False,False,False,False,False,False,True,False,False,False,False,False,False,False,False,False,False,False,False,False,False,False,False,False,False,False,False,False,False
2026,12,2026_12_GB_LAR,2026-11-25,LAR,GB,,,,,23.5,24.0,0.5,-42.5,14.0,-0.5,47.5,7.5,8.0,30.0,4.0,0.0440500580670649,0.4712643678160919,0.0560162601626016,0.014781166630615,0.4847146910301624,0.0502722323049001,-0.0180985890872434,0.0130724538619275,27.0,31.0,0.0,120.0,-142.0,2.5,45.5,7.0,8.0,41.0,2.0,0.0394644118450927,0.4703541383487271,0.0523459184269901,0.0152680652680652,0.4777742937971208,0.0484485500957048,-0.0325817460195232,0.0126582278481012,15.0,23.5,0.0,167.5,-268.0,5.0,41.5,7.0,8.0,32.0,6.0,0.2301455305975216,0.5552380952380953,0.08,0.0135746606334841,0.5265432098765431,0.0222222222222222,-0.1624631427304749,0.0,15.0,23.5,0.0,167.5,-268.0,5.0,41.5,7.0,8.0,32.0,6.0,0.2162270759575981,0.5866666666666667,0.0933333333333333,0.0153846153846153,0.5308641975308642,0.0,-0.096469006857219,0.0,,,,,,,,,,,,,,,,,,,,,,,,,,,,,,,,,,,,,,,REG,,,,,,,,,10.0,10.0,0.0,dome,matrixturf,,,,,,,,,,,,,,,,,,,,,,,,,,,,,2026-11-25,2,False,True,False,202612,1615.2910837085915,1539.032218535977,76.2588651726146,,,,False,False,False,False,False,False,False,False,False,False,False,False,False,False,False,False,False,True,False,False,False,False,False,False,False,False,False,False,False,False,False,False,False,False,False,False,False,False,False,False,False,False,False,True,False,False,False,False,False,False,False,False,False,False,False,False,False,False,False,False,False,False,False,False
2026,12,2026_12_KC_BUF,2026-11-26,BUF,KC,,,,,30.0,33.0,0.0,100.0,-120.0,1.5,45.5,6.0,13.0,36.0,5.0,0.0194061773244408,0.5060240963855421,0.072289156626506,0.0416666666666666,0.5194805194805194,0.0519480519480519,-0.0688105593840034,0.0129870129870129,28.5,28.5,0.5,101.0,-121.0,1.5,48.5,6.5,10.0,49.0,5.5,0.0194061773244408,0.5060240963855421,0.072289156626506,0.0416666666666666,0.5194805194805194,0.0519480519480519,-0.0688105593840034,0.0129870129870129,12.0,14.0,0.0,-225.0,185.0,-3.5,36.5,10.0,7.0,51.0,8.0,0.2266131006290179,0.56,0.0266666666666666,0.0,0.5652173913043478,0.0579710144927536,-0.0669397687631564,0.0,12.5,17.0,0.0,-662.5,442.5,-8.5,37.0,7.0,5.5,51.0,8.0,0.177100982012437,0.5848780487804878,0.0560162601626016,0.0073529411764705,0.563430613460393,0.0632320825888425,-0.1144140200283528,0.0136986301369862,,,,,,,,,,,,,,,,,,,,,,,,,,,,,,,,,,,,,,,REG,,,,,,,,,4.0,4.0,0.0,outdoors,a_turf,,,,,,,,,,,,,,,,,,,,,,,,,,,,,2026-11-26,3,False,True,False,202612,1666.4029573285284,1568.5096461993949,97.89331112913352,,,,False,False,False,True,False,False,False,False,False,False,False,False,False,False,False,False,False,False,False,False,False,False,False,False,False,False,False,False,False,False,False,False,False,False,False,False,False,False,False,False,False,False,False,False,False,False,False,True,False,False,False,False,False,False,False,False,False,False,False,False,False,False,False,False
2026,12,2026_12_LV_CLE,2026-11-29,CLE,LV,,,,,20.0,18.0,1.0,350.0,-455.0,9.5,47.5,7.0,7.0,37.0,0.0,-0.1568038440546452,0.3821421277427031,0.0222994752124457,0.0149253731343283,0.4400070323488045,0.068372011251758,-0.0249730269571986,0.0126054852320675,16.5,12.0,1.0,72.5,-142.5,2.5,41.5,7.0,7.0,41.0,7.0,-0.0441885650417753,0.4220504009163803,0.0218213058419243,0.0,0.4475105485232067,0.0713080168776371,-0.0786024796944281,0.0126582278481012,14.0,12.0,1.0,-225.0,185.0,-3.5,36.5,10.0,7.0,30.0,20.0,-0.0681079497503636,0.4358974358974359,0.0256410256410256,0.0163934426229508,0.4078947368421052,0.0657894736842105,0.21562425894461,0.0394736842105263,14.0,12.0,1.0,-225.0,185.0,-3.5,36.5,10.0,7.0,30.0,20.0,-0.1543961995136641,0.4937839937839938,0.0318286049993367,0.0404256351473469,0.4542790885259125,0.0429259931437789,0.0149839845035991,0.0169893123613631,,,,,,,,,,,,,,,,,,,,,,,,,,,,,,,,,,,,,,,REG,,,,,,,,,14.0,7.0,7.0,outdoors,grass,,,,,,,,,,,,,,,,,,,,,,,,,,,,,2026-11-29,6,True,True,False,202612,1386.3667230875474,1310.3927345248208,75.97398856272662,,,,False,False,False,False,False,False,False,True,False,False,False,False,False,False,False,False,False,False,False,False,False,False,False,False,False,False,False,False,False,False,False,False,False,False,False,False,False,False,False,False,False,False,False,False,False,False,False,False,False,False,True,False,False,False,False,False,False,False,False,False,False,False,False,False
2026,12,2026_12_NE_LAC,2026-11-29,LAC,NE,,,,,3.0,17.5,0.0,532.0,-899.0,9.0,41.5,7.5,8.5,50.5,9.0,0.0233865970667214,0.4464285714285714,0.0595238095238095,0.0225183823529411,0.5273735273735274,0.0793485793485793,-0.1229346651849691,0.0259875259875259,3.0,16.0,0.0,164.0,-198.0,3.5,45.5,7.0,7.0,35.0,10.0,0.0233865970667214,0.4464285714285715,0.0595238095238095,0.0225183823529411,0.5273735273735274,0.0793485793485793,-0.1229346651849691,0.0259875259875259,13.0,29.0,0.0,-238.0,195.0,-4.5,45.5,14.0,14.0,67.0,7.0,0.1355494985187377,0.4750681417348084,0.0732456843567954,0.0053763440860215,0.4900820702268357,0.0496751454579854,0.0509752693982798,0.0167430284518355,11.5,18.0,0.5,-221.5,182.5,-4.0,44.5,10.5,11.0,46.5,8.5,0.0801241132837174,0.5004810004810004,0.0568382235048901,0.0080645161290322,0.4994909214322077,0.0572713388766332,-0.013008036605015,0.0251145426777532,,,,,,,,,,,,,,,,,,,,,,,,,,,,,,,,,,,,,,,REG,,,,,,,,,7.0,14.0,-7.0,dome,matrixturf,,,,,,,,,,,,,,,,,,,,,,,,,,,,,2026-11-29,6,True,True,False,202612,1544.5953503912492,1585.8241019587574,-41.2287515675082,,,,False,False,False,False,False,False,False,False,False,False,False,False,False,False,False,False,True,False,False,False,False,False,False,False,False,False,False,False,False,False,False,False,False,False,False,False,False,False,False,False,False,False,False,False,False,False,False,False,False,False,False,False,False,True,False,False,False,False,False,False,False,False,False,False
2026,12,2026_12_NO_CIN,2026-11-29,CIN,NO,,,,,33.333333333333336,18.33333333333333,0.6666666666666666,140.0,-210.0,4.333333333333333,49.5,7.0,6.666666666666667,61.0,5.333333333333333,0.096469006857219,0.5308641975308642,0.0,0.0,0.5866666666666667,0.0933333333333333,-0.2162270759575981,0.0133333333333333,27.5,17.0,0.5,312.5,-400.0,8.25,50.0,7.0,7.0,51.0,4.5,0.096469006857219,0.5308641975308642,0.0,0.0,0.5866666666666667,0.0933333333333333,-0.2162270759575981,0.0133333333333333,25.5,22.5,0.5,25.0,-52.5,1.5,41.5,7.0,6.5,71.0,14.0,0.0066098958855891,0.4929577464788732,0.0422535211267605,0.0172413793103448,0.4814814814814814,0.0617283950617283,-0.0914376671834314,0.0,25.0,17.0,0.75,35.5,-69.75,1.75,41.0,8.75,6.75,71.0,14.0,-0.0180411892169067,0.4781861903126074,0.02722432153899,0.0086206896551724,0.4823137744486059,0.036482175058954,0.0595209712024943,0.0280898876404494,,,,,,,,,,,,,,,,,,,,,,,,,,,,,,,,,,,,,,,REG,,,,,,,,,6.0,7.0,-1.0,outdoors,fieldturf,,,,,,,,,,,,,,,,,,,,,,,,,,,,,2026-11-29,6,True,True,False,202612,1481.1897919754094,1383.345988389273,97.84380358613636,,,,False,False,False,False,False,False,True,False,False,False,False,False,False,False,False,False,False,False,False,False,False,False,False,False,False,False,False,False,False,False,False,False,False,False,False,False,False,False,False,False,False,False,False,False,False,False,False,False,False,False,False,False,False,False,True,False,False,False,False,False,False,False,False,False
2026,12,2026_12_NYG_IND,2026-11-29,IND,NYG,,,,,30.0,38.0,0.0,400.0,-535.0,9.5,37.5,7.0,8.0,56.0,8.0,0.2033921846217974,0.5362280701754386,0.0594736842105263,0.0083333333333333,0.5055555555555555,0.0510840108401084,0.0528343501358464,0.017750677506775,24.666666666666668,36.333333333333336,0.0,-16.666666666666668,-55.0,0.5,44.16666666666666,7.333333333333333,7.333333333333333,56.0,8.0,0.2033921846217974,0.5362280701754387,0.0594736842105263,0.0083333333333333,0.5055555555555555,0.0510840108401084,0.0528343501358464,0.017750677506775,34.0,13.5,1.0,-164.0,138.0,-3.0,45.5,8.5,7.0,33.0,7.0,-0.0200022627243197,0.4772052176159111,0.0401007361487795,0.0324675324675324,0.4852284438337341,0.0413088285812435,0.0375187099335308,0.0140845070422535,34.0,17.0,1.0,-166.0,140.0,-3.0,50.5,10.0,7.0,33.0,7.0,-0.0200022627243197,0.4772052176159113,0.0401007361487795,0.0324675324675324,0.4852284438337341,0.0413088285812435,0.0375187099335308,0.0140845070422535,,,,,,,,,,,,,,,,,,,,,,,,,,,,,,,,,,,,,,,REG,,,,,,,,,10.0,7.0,3.0,,fieldturf,,,,,,,,,,,,,,,,,,,,,,,,,,,,,2026-11-29,6,True,True,False,202612,1437.679005345844,1334.4357605851203,103.24324476072344,,,,False,False,False,False,False,False,False,False,False,False,False,False,False,True,False,False,False,False,False,False,False,False,False,False,False,False,False,False,False,False,False,False,False,False,False,False,False,False,False,False,False,False,False,False,False,False,False,False,False,False,False,False,False,False,False,True,False,False,False,False,False,False,False,False
2026,12,2026_12_NYJ_MIA,2026-11-29,MIA,NYJ,,,,,10.0,38.0,0.0,650.0,-1000.0,14.0,44.5,7.0,7.0,29.0,6.0,0.0607676456638933,0.4871794871794871,0.0641025641025641,0.05,0.5,0.0714285714285714,-0.1284466838901518,0.0119047619047619,10.0,38.0,0.0,650.0,-1000.0,14.0,44.5,7.0,7.0,29.0,6.0,0.0607676456638933,0.4871794871794871,0.0641025641025641,0.05,0.5,0.0714285714285714,-0.1284466838901518,0.0119047619047619,8.0,35.0,0.0,550.0,-800.0,12.5,39.5,7.0,7.0,27.0,13.0,-0.0594506852681809,0.4407894736842105,0.0306122448979591,0.0060975609756097,0.4088575096277278,0.0370667522464698,-0.0749028953814856,0.006578947368421,9.0,38.5,0.0,-200.0,-87.5,0.0,41.0,7.0,7.0,28.0,8.5,-0.1443510336263754,0.3815789473684211,0.0,0.0,0.3421052631578947,0.0131578947368421,0.1081380890186355,0.0131578947368421,,,,,,,,,,,,,,,,,,,,,,,,,,,,,,,,,,,,,,,REG,,,,,,,,,7.0,7.0,0.0,outdoors,grass,,,,,,,,,,,,,,,,,,,,,,,,,,,,,2026-11-29,6,True,True,False,202612,1461.1041439662474,1313.30455808606,147.79958588018735,,,,False,False,False,False,False,False,False,False,False,False,False,False,False,False,False,False,False,False,False,True,False,False,False,False,False,False,False,False,False,False,False,False,False,False,False,False,False,False,False,False,False,False,False,False,False,False,False,False,False,False,False,False,False,False,False,False,True,False,False,False,False,False,False,False
2026,12,2026_12_PHI_DAL,2026-11-26,DAL,PHI,,,,,17.0,34.0,0.0,-166.0,140.0,-3.0,50.5,10.0,7.0,33.0,7.0,0.1765672880205567,0.4520547945205479,0.0410958904109589,0.0,0.5647058823529412,0.0470588235294117,-0.1527092656444412,0.0117647058823529,17.0,34.0,0.0,-166.0,140.0,-3.0,50.5,10.0,7.0,33.0,7.0,0.1765672880205567,0.4520547945205479,0.0410958904109589,0.0,0.5647058823529412,0.0470588235294117,-0.1527092656444412,0.0117647058823529,19.0,23.0,0.0,215.0,-265.0,6.0,44.5,8.0,7.0,46.0,22.0,-0.0323451455476589,0.5070422535211268,0.0704225352112676,0.0338983050847457,0.4712643678160919,0.0689655172413793,-0.1704750841397807,0.0,19.0,23.0,0.0,215.0,-265.0,6.0,44.5,8.0,7.0,46.0,22.0,-0.0323451455476589,0.5070422535211268,0.0704225352112676,0.0338983050847457,0.4712643678160919,0.0689655172413793,-0.1704750841397807,0.0,,,,,,,,,,,,,,,,,,,,,,,,,,,,,,,,,,,,,,,REG,,,,,,,,,4.0,4.0,0.0,,matrixturf,,,,,,,,,,,,,,,,,,,,,,,,,,,,,2026-11-26,3,False,True,False,202612,1479.772732868715,1649.9520100937982,-170.1792772250833,,,,False,False,False,False,False,False,False,False,True,False,False,False,False,False,False,False,False,False,False,False,False,False,False,False,False,False,False,False,False,False,False,False,False,False,False,False,False,False,False,False,False,False,False,False,False,False,False,False,False,False,False,False,False,False,False,False,False,True,False,False,False,False,False,False
2026,12,2026_12_SEA_SF,2026-11-29,SF,SEA,,,,,6.0,41.0,0.0,245.0,-305.0,6.5,44.5,6.0,14.0,46.0,5.0,0.0066181152197968,0.4925961308812992,0.043612624935768,0.0294243070362473,0.5293599082864597,0.0675190584843853,-0.0663524047708584,0.0080321285140562,14.5,30.0,0.5,230.0,-285.0,6.25,44.5,7.0,10.5,46.0,13.5,0.0661863620398527,0.5047169811320755,0.0274442538593482,0.0142857142857142,0.569320761306094,0.0844246551423083,-0.1138853516452692,0.0120481927710843,29.0,13.0,1.0,-238.0,195.0,-4.5,45.5,14.0,14.0,67.0,7.0,0.1413607063394909,0.5009920634920635,0.0801767676767676,0.0169491525423728,0.4559070548712206,0.062010078387458,-0.1258377569165893,0.0,33.666666666666664,15.333333333333334,1.0,42.333333333333336,-84.0,1.5,45.16666666666666,9.0,12.0,51.333333333333336,4.666666666666667,0.0392252822861889,0.4305555555555556,0.0694444444444444,0.0,0.3723404255319149,0.0319148936170212,0.0871678975031721,0.0,,,,,,,,,,,,,,,,,,,,,,,,,,,,,,,,,,,,,,,REG,,,,,,,,,7.0,14.0,-7.0,outdoors,grass,,,,,,,,,,,,,,,,,,,,,,,,,,,,,2026-11-29,6,True,True,False,202612,1583.348134919415,1696.6438276620331,-113.29569274261804,,,,False,False,False,False,False,False,False,False,False,False,False,False,False,False,False,False,False,False,False,False,False,False,False,False,False,False,False,False,True,False,False,False,False,False,False,False,False,False,False,False,False,False,False,False,False,False,False,False,False,False,False,False,False,False,False,False,False,False,False,True,False,False,False,False
2026,12,2026_12_TEN_JAX,2026-11-29,JAX,TEN,,,,,24.0,27.0,0.0,102.0,-122.0,1.5,51.5,7.0,7.0,62.0,6.0,0.0153356282708045,0.4611408211318481,0.0447053031568306,0.0102564102564102,0.5028886944987594,0.0769198883971962,-0.0180985890872434,0.0209426777812081,24.0,27.0,0.0,102.0,-122.0,1.5,51.5,7.0,7.0,62.0,6.0,0.0373601868951885,0.4669921305741766,0.0502040221509763,0.0153846153846153,0.5201558265582655,0.0774051490514905,-0.0834070728410226,0.0060975609756097,7.0,41.0,0.0,525.0,-750.0,12.5,46.5,7.0,7.0,55.0,8.0,-0.1206275866134615,0.4295571245186136,0.0511874197689345,0.0470588235294117,0.4111305361305362,0.0298659673659673,0.0654200575244126,0.0177738927738927,16.5,37.5,0.0,202.5,-325.0,5.5,43.0,7.0,7.0,63.0,11.0,-0.1797030316576704,0.4200342440774887,0.0458351871571945,0.0318560300832661,0.4585293602061894,0.0471145554987018,-0.0502950378237241,0.0088869463869463,,,,,,,,,,,,,,,,,,,,,,,,,,,,,,,,,,,,,,,REG,,,,,,,,,7.0,7.0,0.0,outdoors,grass,,,,,,,,,,,,,,,,,,,,,,,,,,,,,2026-11-29,6,True,True,False,202612,1525.772439316325,1280.5185423036069,245.2538970127182,,,,False,False,False,False,False,False,False,False,False,False,False,False,False,False,True,False,False,False,False,False,False,False,False,False,False,False,False,False,False,False,False,False,False,False,False,False,False,False,False,False,False,False,False,False,False,False,False,False,False,False,False,False,False,False,False,False,False,False,False,False,False,False,True,False
2026,12,2026_12_WAS_ARI,2026-11-29,ARI,WAS,,,,,17.0,37.0,0.0,537.5,-847.5,10.75,51.0,7.0,6.5,65.0,9.0,0.0162748594916824,0.4499518999518999,0.0412578162578162,0.0282508472955503,0.493474540008558,0.0710312366281557,-0.0664560829208974,0.0165810868635002,20.0,37.0,0.0,800.0,-1350.0,14.5,49.5,7.0,6.0,65.0,9.0,0.1173949707569916,0.5111111111111111,0.0777777777777777,0.0135135135135135,0.5657894736842105,0.0789473684210526,-0.1643739870092442,0.0131578947368421,23.5,23.5,0.5,-175.0,100.0,-2.75,44.5,7.0,6.0,42.5,8.0,0.1851016847060448,0.5675675675675675,0.0945945945945946,0.0161290322580645,0.3928571428571428,0.0476190476190476,0.0816734897567089,0.0238095238095238,23.5,24.25,0.5,-151.5,88.0,-2.5,44.75,6.75,7.75,38.5,9.0,0.1916660889833809,0.5491939307728781,0.0670934091986723,0.01707225051877,0.4404761904761905,0.0595238095238095,-0.0346707496833004,0.0119047619047619,,,,,,,,,,,,,,,,,,,,,,,,,,,,,,,,,,,,,,,REG,,,,,,,,,7.0,6.0,1.0,,grass,,,,,,,,,,,,,,,,,,,,,,,,,,,,,2026-11-29,6,True,True,False,202612,1319.761952516942,1452.598540392987,-132.83658787604486,,,,True,False,False,False,False,False,False,False,False,False,False,False,False,False,False,False,False,False,False,False,False,False,False,False,False,False,False,False,False,False,False,False,False,False,False,False,False,False,False,False,False,False,False,False,False,False,False,False,False,False,False,False,False,False,False,False,False,False,False,False,False,False,False,True
2026,13,2026_13_BUF_NE,2026-12-06,NE,BUF,,,,,11.5,18.0,0.5,-221.5,182.5,-4.0,44.5,10.5,11.0,46.5,8.5,0.0914376671834314,0.4814814814814814,0.0617283950617283,0.0,0.4929577464788732,0.0422535211267605,-0.0066098958855891,0.0140845070422535,13.0,29.0,0.0,-238.0,195.0,-4.5,45.5,14.0,14.0,67.0,7.0,0.0914376671834314,0.4814814814814814,0.0617283950617283,0.0,0.4929577464788732,0.0422535211267605,-0.0066098958855891,0.0140845070422535,30.666666666666668,21.666666666666668,0.6666666666666666,250.66666666666663,-347.3333333333333,5.166666666666667,45.5,6.666666666666667,9.0,41.66666666666666,8.0,0.070936926377752,0.4867782819590048,0.0751056172742919,0.0290300546448087,0.5034902597402596,0.0447240259740259,-0.0205351970675527,0.0127435064935064,30.0,33.0,0.0,100.0,-120.0,1.5,45.5,6.0,13.0,36.0,5.0,0.070936926377752,0.4867782819590049,0.0751056172742919,0.0290300546448087,0.5034902597402597,0.0447240259740259,-0.0205351970675527,0.0127435064935064,,,,,,,,,,,,,,,,,,,,,,,,,,,,,,,,,,,,,,,REG,,,,,,,,,7.0,10.0,-3.0,outdoors,fieldturf,,,,,,,,,,,,,,,,,,,,,,,,,,,,,2026-12-06,6,True,True,False,202613,1585.8241019587574,1666.4029573285284,-80.57885536977096,,,,False,False,False,False,False,False,False,False,False,False,False,False,False,False,False,False,False,False,False,False,False,True,False,False,False,False,False,False,False,False,False,False,False,False,False,True,False,False,False,False,False,False,False,False,False,False,False,False,False,False,False,False,False,False,False,False,False,False,False,False,False,False,False,False
2026,13,2026_13_CAR_MIN,2026-12-06,MIN,CAR,,,,,18.33333333333333,8.666666666666666,1.0,-12.666666666666666,-80.33333333333333,1.0,41.5,6.333333333333333,7.0,46.0,20.0,0.0469389826747511,0.4802939676357398,0.0602936736002497,0.0184619302266361,0.4413848631239935,0.0300483091787439,0.1274910526954789,0.0222222222222222,19.5,6.5,1.0,55.0,-182.5,2.75,41.5,6.0,7.0,46.0,20.0,0.0435270003079789,0.4683544303797468,0.0759493670886076,0.0294117647058823,0.4111111111111111,0.0333333333333333,0.0080417907340721,0.0,31.0,34.0,0.0,-550.0,410.0,-10.0,44.5,6.0,7.0,72.0,16.0,0.1527092656444412,0.5647058823529412,0.0470588235294117,0.0149253731343283,0.4520547945205479,0.0410958904109589,-0.1765672880205567,0.0,31.0,34.0,0.0,-550.0,410.0,-10.0,44.5,6.0,7.0,72.0,16.0,0.1527092656444412,0.5647058823529412,0.0470588235294117,0.0149253731343283,0.4520547945205479,0.0410958904109589,-0.1765672880205567,0.0,,,,,,,,,,,,,,,,,,,,,,,,,,,,,,,,,,,,,,,REG,,,,,,,,,7.0,6.0,1.0,dome,sportturf,,,,,,,,,,,,,,,,,,,,,,,,,,,,,2026-12-06,6,True,True,False,202613,1586.6484823812723,1377.4347187735248,209.21376360774772,,,,False,False,False,False,False,False,False,False,False,False,False,False,False,False,False,False,False,False,False,False,True,False,False,False,False,False,False,False,False,False,False,False,False,False,False,False,True,False,False,False,False,False,False,False,False,False,False,False,False,False,False,False,False,False,False,False,False,False,False,False,False,False,False,False
2026,13,2026_13_CIN_CLE,2026-12-06,CLE,CIN,,,,,20.0,18.0,1.0,350.0,-455.0,9.5,47.5,7.0,7.0,37.0,0.0,-0.1568038440546452,0.3821421277427031,0.0222994752124457,0.0149253731343283,0.4400070323488045,0.068372011251758,-0.0249730269571986,0.0126054852320675,16.5,12.0,1.0,72.5,-142.5,2.5,41.5,7.0,7.0,41.0,7.0,-0.0441885650417753,0.4220504009163803,0.0218213058419243,0.0,0.4475105485232067,0.0713080168776371,-0.0786024796944281,0.0126582278481012,18.0,20.0,0.0,350.0,-455.0,9.5,47.5,7.0,7.0,37.0,0.0,-0.2291247971344692,0.4010620915032679,0.0218464052287581,0.0456876456876456,0.5125000000000001,0.0659812316208268,-0.1323834596187633,0.0077127659574468,18.0,20.0,0.0,350.0,-455.0,9.5,47.5,7.0,7.0,37.0,0.0,0.038678532175862,0.5091820987654321,0.01875,0.023076923076923,0.5620833333333333,0.0779166666666666,-0.2009694667180247,0.0129166666666666,,,,,,,,,,,,,,,,,,,,,,,,,,,,,,,,,,,,,,,REG,,,,,,,,,7.0,7.0,0.0,outdoors,grass,,,,,,,,,,,,,,,,,,,,,,,,,,,,,2026-12-06,6,True,True,False,202613,1386.3667230875474,1481.1897919754094,-94.82306888786206,,,,False,False,False,False,False,False,False,True,False,False,False,False,False,False,False,False,False,False,False,False,False,False,False,False,False,False,False,False,False,False,False,False,False,False,False,False,False,False,True,False,False,False,False,False,False,False,False,False,False,False,False,False,False,False,False,False,False,False,False,False,False,False,False,False
2026,13,2026_13_DAL_SEA,2026-12-07,SEA,DAL,,,,,33.666666666666664,15.333333333333334,1.0,42.333333333333336,-84.0,1.5,45.16666666666666,9.0,12.0,51.333333333333336,4.666666666666667,0.0392252822861889,0.4305555555555556,0.0694444444444444,0.0,0.3723404255319149,0.0319148936170212,0.0871678975031721,0.0,29.0,13.0,1.0,-238.0,195.0,-4.5,45.5,14.0,14.0,67.0,7.0,0.1144488629049143,0.4884662537101562,0.0859715036544304,0.0112994350282485,0.4547316873744645,0.0453083062265593,-0.081945762283232,0.0119047619047619,21.33333333333333,30.33333333333333,0.3333333333333333,-188.0,132.66666666666666,-3.333333333333333,50.5,7.0,6.333333333333333,41.5,7.0,0.2172555839010818,0.4638322753090544,0.0510357500835282,0.0,0.5323529411764707,0.054141656662665,-0.0890794643672273,0.010984393757503,23.5,28.5,0.5,-333.0,260.0,-5.75,50.5,7.0,6.0,41.5,7.0,0.2172555839010818,0.4638322753090545,0.0510357500835282,0.0,0.5323529411764705,0.054141656662665,-0.0890794643672273,0.010984393757503,,,,,,,,,,,,,,,,,,,,,,,,,,,,,,,,,,,,,,,REG,,,,,,,,,8.0,11.0,-3.0,outdoors,fieldturf,,,,,,,,,,,,,,,,,,,,,,,,,,,,,2026-12-07,0,False,True,False,202613,1696.6438276620331,1479.772732868715,216.8710947933182,,,,False,False,False,False,False,False,False,False,False,False,False,False,False,False,False,False,False,False,False,False,False,False,False,False,False,False,False,True,False,False,False,False,False,False,False,False,False,False,False,False,True,False,False,False,False,False,False,False,False,False,False,False,False,False,False,False,False,False,False,False,False,False,False,False
2026,13,2026_13_DET_ATL,2026-12-06,ATL,DET,,,,,23.0,20.5,1.0,-105.0,47.5,-1.5,46.0,9.0,7.0,56.0,5.0,0.2066862874714405,0.5357142857142857,0.0714285714285714,0.0151515151515151,0.5405405405405406,0.054054054054054,-0.1680928117305812,0.0135135135135135,19.0,17.0,1.0,170.0,-205.0,4.5,43.5,7.0,6.0,56.0,5.0,-0.0534291529297539,0.4476979345955249,0.0563898450946643,0.0349147584441702,0.4819012901204682,0.0425350534939576,0.0448360774173552,0.0198891198891198,14.5,19.5,0.5,-105.0,52.5,-1.75,48.5,7.0,5.5,33.0,4.0,0.0669397687631564,0.5652173913043478,0.0579710144927536,0.0,0.56,0.0266666666666666,-0.2266131006290179,0.0,19.0,16.0,1.0,150.0,-180.0,3.5,51.5,10.0,7.0,33.0,4.0,0.1263258131208039,0.551358695652174,0.0602355072463768,0.0081967213114754,0.5237499999999999,0.0320833333333333,-0.1037505790617615,0.01875,,,,,,,,,,,,,,,,,,,,,,,,,,,,,,,,,,,,,,,REG,,,,,,,,,7.0,10.0,-3.0,,fieldturf,,,,,,,,,,,,,,,,,,,,,,,,,,,,,2026-12-06,6,True,True,False,202613,1445.0858892675242,1612.0619915358989,-166.9761022683747,,,,False,True,False,False,False,False,False,False,False,False,False,False,False,False,False,False,False,False,False,False,False,False,False,False,False,False,False,False,False,False,False,False,False,False,False,False,False,False,False,False,False,False,True,False,False,False,False,False,False,False,False,False,False,False,False,False,False,False,False,False,False,False,False,False
2026,13,2026_13_GB_NO,2026-12-06,NO,GB,,,,,17.0,19.0,0.0,170.0,-205.0,4.5,43.5,7.0,6.0,74.5,8.0,-0.0180411892169067,0.4781861903126074,0.02722432153899,0.0086206896551724,0.4823137744486059,0.036482175058954,0.0595209712024943,0.0280898876404494,17.0,19.0,0.0,170.0,-205.0,4.5,43.5,7.0,6.0,71.0,14.0,0.0066098958855891,0.4929577464788732,0.0422535211267605,0.0172413793103448,0.4814814814814814,0.0617283950617283,-0.0914376671834314,0.0,15.0,23.5,0.0,167.5,-268.0,5.0,41.5,7.0,8.0,32.0,6.0,0.2301455305975216,0.5552380952380953,0.08,0.0135746606334841,0.5265432098765431,0.0222222222222222,-0.1624631427304749,0.0,15.0,23.5,0.0,167.5,-268.0,5.0,41.5,7.0,8.0,32.0,6.0,0.2162270759575981,0.5866666666666667,0.0933333333333333,0.0153846153846153,0.5308641975308642,0.0,-0.096469006857219,0.0,,,,,,,,,,,,,,,,,,,,,,,,,,,,,,,,,,,,,,,REG,,,,,,,,,7.0,11.0,-4.0,dome,sportturf,,,,,,,,,,,,,,,,,,,,,,,,,,,,,2026-12-06,6,True,True,False,202613,1383.345988389273,1539.032218535977,-155.68623014670402,,,,False,False,False,False,False,False,False,False,False,False,False,False,False,False,False,False,False,False,False,False,False,False,True,False,False,False,False,False,False,False,False,False,False,False,False,False,False,False,False,False,False,False,False,True,False,False,False,False,False,False,False,False,False,False,False,False,False,False,False,False,False,False,False,False
2026,13,2026_13_HOU_PIT,2026-12-06,PIT,HOU,,,,,6.0,30.0,0.0,-155.0,130.0,-3.0,38.5,8.0,8.0,32.0,9.0,0.1136779590808773,0.4266666666666667,0.0666666666666666,0.0,0.4329896907216495,0.0103092783505154,0.0803353393494785,0.0,6.0,30.0,0.0,-155.0,130.0,-3.0,38.5,8.0,8.0,32.0,9.0,0.1136779590808773,0.4266666666666667,0.0666666666666666,0.0,0.4329896907216495,0.0103092783505154,0.0803353393494785,0.0,16.0,28.0,0.0,150.0,-180.0,3.0,40.5,6.0,7.0,35.0,2.0,0.0533790308502182,0.4644958199395844,0.0482174963223943,0.015625,0.3833401292738915,0.0338683248761628,0.2568214699633028,0.0250826839434577,16.0,28.0,0.0,150.0,-180.0,3.0,40.5,6.0,7.0,35.0,2.0,0.3125411621615371,0.611764705882353,0.0588235294117647,0.0,0.4354838709677419,0.032258064516129,0.2504813458722078,0.0483870967741935,,,,,,,,,,,,,,,,,,,,,,,,,,,,,,,,,,,,,,,REG,,,,,,,,,9.0,7.0,2.0,outdoors,grass,,,,,,,,,,,,,,,,,,,,,,,,,,,,,2026-12-06,6,True,True,False,202613,1556.618019066946,1605.140838642905,-48.52281957595915,,,,False,False,False,False,False,False,False,False,False,False,False,False,False,False,False,False,False,False,False,False,False,False,False,False,False,False,True,False,False,False,False,False,False,False,False,False,False,False,False,False,False,False,False,False,True,False,False,False,False,False,False,False,False,False,False,False,False,False,False,False,False,False,False,False
2026,13,2026_13_JAX_CHI,2026-12-06,CHI,JAX,,,,,17.0,20.0,0.0,-205.0,170.0,-3.5,49.5,8.0,8.0,19.0,6.0,0.0643561533373377,0.463863958431743,0.0457408282160289,0.0071428571428571,0.5141065830721003,0.0514629049111807,0.0882937781291842,0.0532915360501567,24.0,23.5,0.5,-170.0,142.0,-3.0,47.5,7.0,7.0,25.5,6.0,-0.071738076800538,0.4482758620689655,0.0229885057471264,0.0142857142857142,0.5454545454545454,0.0454545454545454,0.1720169777619444,0.0606060606060606,32.5,17.0,0.5,313.5,-436.0,7.0,49.0,7.0,7.0,58.5,7.0,-0.0871678975031721,0.3723404255319149,0.0319148936170212,0.0,0.4305555555555556,0.0694444444444444,-0.0392252822861889,0.0,32.5,17.0,0.5,313.5,-436.0,7.0,49.0,7.0,7.0,58.5,7.0,-0.0871678975031721,0.3723404255319149,0.0319148936170212,0.0,0.4305555555555556,0.0694444444444444,-0.0392252822861889,0.0,,,,,,,,,,,,,,,,,,,,,,,,,,,,,,,,,,,,,,,REG,,,,,,,,,10.0,7.0,3.0,outdoors,grass,,,,,,,,,,,,,,,,,,,,,,,,,,,,,2026-12-06,6,True,True,False,202613,1514.6679180567303,1525.772439316325,-11.104521259594549,,,,False,False,False,False,False,True,False,False,False,False,False,False,False,False,False,False,False,False,False,False,False,False,False,False,False,False,False,False,False,False,False,False,False,False,False,False,False,False,False,False,False,False,False,False,False,False,True,False,False,False,False,False,False,False,False,False,False,False,False,False,False,False,False,False
2026,13,2026_13_KC_LAR,2026-12-03,LAR,KC,,,,,23.5,24.0,0.5,-42.5,14.0,-0.5,47.5,7.5,8.0,30.0,4.0,0.0440500580670649,0.4712643678160919,0.0560162601626016,0.014781166630615,0.4847146910301624,0.0502722323049001,-0.0180985890872434,0.0130724538619275,27.0,31.0,0.0,120.0,-142.0,2.5,45.5,7.0,8.0,41.0,2.0,0.0394644118450927,0.4703541383487271,0.0523459184269901,0.0152680652680652,0.4777742937971208,0.0484485500957048,-0.0325817460195232,0.0126582278481012,12.0,14.0,0.0,-225.0,185.0,-3.5,36.5,10.0,7.0,51.0,8.0,0.2266131006290179,0.56,0.0266666666666666,0.0,0.5652173913043478,0.0579710144927536,-0.0669397687631564,0.0,12.5,17.0,0.0,-662.5,442.5,-8.5,37.0,7.0,5.5,51.0,8.0,0.177100982012437,0.5848780487804878,0.0560162601626016,0.0073529411764705,0.563430613460393,0.0632320825888425,-0.1144140200283528,0.0136986301369862,,,,,,,,,,,,,,,,,,,,,,,,,,,,,,,,,,,,,,,REG,,,,,,,,,8.0,7.0,1.0,dome,matrixturf,,,,,,,,,,,,,,,,,,,,,,,,,,,,,2026-12-03,3,False,True,False,202613,1615.2910837085915,1568.5096461993949,46.78143750919685,,,,False,False,False,False,False,False,False,False,False,False,False,False,False,False,False,False,False,True,False,False,False,False,False,False,False,False,False,False,False,False,False,False,False,False,False,False,False,False,False,False,False,False,False,False,False,False,False,True,False,False,False,False,False,False,False,False,False,False,False,False,False,False,False,False
2026,13,2026_13_LAC_TB,2026-12-06,TB,LAC,,,,,16.0,14.0,1.0,130.0,-155.0,3.0,43.5,6.0,6.0,69.0,11.0,0.1568073379546753,0.5362318840579711,0.072463768115942,0.0,0.5,0.0454545454545454,-0.0155734617353427,0.0227272727272727,16.5,17.0,0.5,-60.0,25.0,-1.25,44.0,6.5,6.5,74.5,7.0,0.1164786097324092,0.4896546650782632,0.0660922988141253,0.0092592592592592,0.5109890109890111,0.0582750582750582,-0.0692670183179399,0.0162337662337662,3.0,16.0,0.0,164.0,-198.0,3.5,45.5,7.0,7.0,35.0,10.0,0.1284466838901518,0.5,0.0714285714285714,0.015625,0.4871794871794871,0.0641025641025641,-0.0607676456638933,0.0384615384615384,3.0,17.5,0.0,532.0,-899.0,9.0,41.5,7.5,8.5,50.5,9.0,0.1284466838901518,0.5,0.0714285714285714,0.015625,0.4871794871794871,0.0641025641025641,-0.0607676456638933,0.0384615384615384,,,,,,,,,,,,,,,,,,,,,,,,,,,,,,,,,,,,,,,REG,,,,,,,,,6.0,7.0,-1.0,outdoors,grass,,,,,,,,,,,,,,,,,,,,,,,,,,,,,2026-12-06,6,True,True,False,202613,1470.1517775866828,1544.5953503912492,-74.44357280456643,,,,False,False,False,False,False,False,False,False,False,False,False,False,False,False,False,False,False,False,False,False,False,False,False,False,False,False,False,False,False,True,False,False,False,False,False,False,False,False,False,False,False,False,False,False,False,False,False,False,True,False,False,False,False,False,False,False,False,False,False,False,False,False,False,False
2026,13,2026_13_MIA_DEN,2026-12-06,DEN,MIA,,,,,7.0,10.0,0.0,-205.0,170.0,-3.5,43.5,7.0,8.0,26.0,10.0,-0.0227484817866443,0.4131578947368421,0.0223684210526315,0.0080645161290322,0.3970394736842104,0.03125,0.0744512837058526,0.0,19.666666666666668,14.333333333333334,0.6666666666666666,265.0,-516.6666666666666,4.166666666666667,42.16666666666666,7.0,10.333333333333334,42.66666666666666,7.666666666666667,-0.1081380890186355,0.3421052631578947,0.0131578947368421,0.0161290322580645,0.3815789473684211,0.0,0.1443510336263754,0.0,15.0,27.5,0.5,200.0,-397.5,4.25,44.5,7.0,7.0,54.5,4.5,0.0909778147317826,0.4658119658119658,0.0528846153846153,0.025,0.4777777777777778,0.0746031746031746,-0.1211297975034635,0.017063492063492,15.0,27.5,0.5,200.0,-397.5,4.25,44.5,7.0,7.0,54.5,4.5,0.1062264599912857,0.4646111018677709,0.0400057539792579,0.0165322580645161,0.5159993326659993,0.0757984174650841,-0.1341624533881846,0.0177910052910052,,,,,,,,,,,,,,,,,,,,,,,,,,,,,,,,,,,,,,,REG,,,,,,,,,9.0,7.0,2.0,outdoors,grass,,,,,,,,,,,,,,,,,,,,,,,,,,,,,2026-12-06,6,True,True,False,202613,1638.3025337449608,1461.1041439662474,177.19838977871336,,,,False,False,False,False,False,False,False,False,False,True,False,False,False,False,False,False,False,False,False,False,False,False,False,False,False,False,False,False,False,False,False,False,False,False,False,False,False,False,False,False,False,False,False,False,False,False,False,False,False,False,False,True,False,False,False,False,False,False,False,False,False,False,False,False
2026,13,2026_13_PHI_ARI,2026-12-06,ARI,PHI,,,,,17.0,37.0,0.0,537.5,-847.5,10.75,51.0,7.0,6.5,65.0,9.0,0.0162748594916824,0.4499518999518999,0.0412578162578162,0.0282508472955503,0.493474540008558,0.0710312366281557,-0.0664560829208974,0.0165810868635002,20.0,37.0,0.0,800.0,-1350.0,14.5,49.5,7.0,6.0,65.0,9.0,0.1173949707569916,0.5111111111111111,0.0777777777777777,0.0135135135135135,0.5657894736842105,0.0789473684210526,-0.1643739870092442,0.0131578947368421,19.0,23.0,0.0,215.0,-265.0,6.0,44.5,8.0,7.0,46.0,22.0,-0.0323451455476589,0.5070422535211268,0.0704225352112676,0.0338983050847457,0.4712643678160919,0.0689655172413793,-0.1704750841397807,0.0,19.0,23.0,0.0,215.0,-265.0,6.0,44.5,8.0,7.0,46.0,22.0,-0.0323451455476589,0.5070422535211268,0.0704225352112676,0.0338983050847457,0.4712643678160919,0.0689655172413793,-0.1704750841397807,0.0,,,,,,,,,,,,,,,,,,,,,,,,,,,,,,,,,,,,,,,REG,,,,,,,,,7.0,10.0,-3.0,,grass,,,,,,,,,,,,,,,,,,,,,,,,,,,,,2026-12-06,6,True,True,False,202613,1319.761952516942,1649.9520100937982,-330.19005757685613,,,,True,False,False,False,False,False,False,False,False,False,False,False,False,False,False,False,False,False,False,False,False,False,False,False,False,False,False,False,False,False,False,False,False,False,False,False,False,False,False,False,False,False,False,False,False,False,False,False,False,False,False,False,False,False,False,False,False,True,False,False,False,False,False,False
2026,13,2026_13_SF_NYG,2026-12-06,NYG,SF,,,,,34.0,17.0,1.0,-166.0,140.0,-3.0,50.5,10.0,7.0,33.0,7.0,0.1704750841397807,0.4712643678160919,0.0689655172413793,0.0,0.5070422535211268,0.0704225352112676,0.0323451455476589,0.028169014084507,34.0,13.5,1.0,-164.0,138.0,-3.0,45.5,8.5,7.0,33.0,7.0,0.1704750841397807,0.4712643678160919,0.0689655172413793,0.0,0.5070422535211268,0.0704225352112676,0.0323451455476589,0.028169014084507,10.666666666666666,24.33333333333333,0.3333333333333333,104.0,-148.66666666666666,3.333333333333333,45.5,6.666666666666667,9.0,49.66666666666666,11.666666666666666,0.0155734617353427,0.5,0.0454545454545454,0.0285714285714285,0.5362318840579711,0.072463768115942,-0.1568073379546753,0.0,6.0,41.0,0.0,245.0,-305.0,6.5,44.5,6.0,14.0,46.0,5.0,0.0155734617353427,0.5,0.0454545454545454,0.0285714285714285,0.5362318840579711,0.072463768115942,-0.1568073379546753,0.0,,,,,,,,,,,,,,,,,,,,,,,,,,,,,,,,,,,,,,,REG,,,,,,,,,7.0,7.0,0.0,outdoors,fieldturf,,,,,,,,,,,,,,,,,,,,,,,,,,,,,2026-12-06,6,True,True,False,202613,1334.4357605851203,1583.348134919415,-248.91237433429453,,,,False,False,False,False,False,False,False,False,False,False,False,False,False,False,False,False,False,False,False,False,False,False,False,True,False,False,False,False,False,False,False,False,False,False,False,False,False,False,False,False,False,False,False,False,False,False,False,False,False,False,False,False,False,False,False,False,False,False,False,False,True,False,False,False
2026,13,2026_13_WAS_TEN,2026-12-06,TEN,WAS,,,,,16.5,37.5,0.0,202.5,-325.0,5.5,43.0,7.0,7.0,63.0,11.0,-0.21562425894461,0.4078947368421052,0.0657894736842105,0.05,0.4358974358974359,0.0256410256410256,0.0681079497503636,0.0128205128205128,7.0,41.0,0.0,525.0,-750.0,12.5,46.5,7.0,7.0,55.0,8.0,-0.21562425894461,0.4078947368421052,0.0657894736842105,0.05,0.4358974358974359,0.0256410256410256,0.0681079497503636,0.0128205128205128,23.5,23.5,0.5,-175.0,100.0,-2.75,44.5,7.0,6.0,42.5,8.0,0.1851016847060448,0.5675675675675675,0.0945945945945946,0.0161290322580645,0.3928571428571428,0.0476190476190476,0.0816734897567089,0.0238095238095238,23.5,24.25,0.5,-151.5,88.0,-2.5,44.75,6.75,7.75,38.5,9.0,0.1916660889833809,0.5491939307728781,0.0670934091986723,0.01707225051877,0.4404761904761905,0.0595238095238095,-0.0346707496833004,0.0119047619047619,,,,,,,,,,,,,,,,,,,,,,,,,,,,,,,,,,,,,,,REG,,,,,,,,,7.0,7.0,0.0,outdoors,grass,,,,,,,,,,,,,,,,,,,,,,,,,,,,,2026-12-06,6,True,True,False,202613,1280.5185423036069,1452.598540392987,-172.07999808938007,,,,False,False,False,False,False,False,False,False,False,False,False,False,False,False,False,False,False,False,False,False,False,False,False,False,False,False,False,False,False,False,True,False,False,False,False,False,False,False,False,False,False,False,False,False,False,False,False,False,False,False,False,False,False,False,False,False,False,False,False,False,False,False,False,True
2026,14,2026_14_ATL_CLE,2026-12-13,CLE,ATL,,,,,20.0,18.0,1.0,350.0,-455.0,9.5,47.5,7.0,7.0,37.0,0.0,-0.1568038440546452,0.3821421277427031,0.0222994752124457,0.0149253731343283,0.4400070323488045,0.068372011251758,-0.0249730269571986,0.0126054852320675,16.5,12.0,1.0,72.5,-142.5,2.5,41.5,7.0,7.0,41.0,7.0,-0.0441885650417753,0.4220504009163803,0.0218213058419243,0.0,0.4475105485232067,0.0713080168776371,-0.0786024796944281,0.0126582278481012,19.0,17.0,1.0,170.0,-205.0,4.5,43.5,7.0,6.0,49.5,6.5,-0.0860455756603633,0.4366071428571427,0.0544642857142857,0.0369875222816399,0.53054424287301,0.0407256571640133,-0.1171920257616024,0.0067567567567567,23.0,20.5,1.0,-105.0,47.5,-1.5,46.0,9.0,7.0,56.0,5.0,0.2066862874714405,0.5357142857142857,0.0714285714285714,0.0151515151515151,0.5405405405405406,0.054054054054054,-0.1680928117305812,0.0135135135135135,,,,,,,,,,,,,,,,,,,,,,,,,,,,,,,,,,,,,,,REG,,,,,,,,,7.0,7.0,0.0,outdoors,grass,,,,,,,,,,,,,,,,,,,,,,,,,,,,,2026-12-13,6,True,True,False,202614,1386.3667230875474,1445.0858892675242,-58.71916617997681,,,,False,False,False,False,False,False,False,True,False,False,False,False,False,False,False,False,False,False,False,False,False,False,False,False,False,False,False,False,False,False,False,False,False,True,False,False,False,False,False,False,False,False,False,False,False,False,False,False,False,False,False,False,False,False,False,False,False,False,False,False,False,False,False,False
2026,14,2026_14_BUF_GB,2026-12-13,GB,BUF,,,,,27.0,31.0,0.0,-135.0,114.0,-2.5,45.5,6.0,6.0,32.0,6.0,0.2162270759575981,0.5866666666666667,0.0933333333333333,0.0153846153846153,0.5308641975308642,0.0,-0.096469006857219,0.0,27.0,31.0,0.0,-135.0,114.0,-2.5,45.5,6.0,6.0,32.0,6.0,0.2301455305975216,0.5552380952380952,0.0799999999999999,0.0135746606334841,0.5265432098765431,0.0222222222222222,-0.1624631427304749,0.0,30.666666666666668,21.666666666666668,0.6666666666666666,250.66666666666663,-347.3333333333333,5.166666666666667,45.5,6.666666666666667,9.0,41.66666666666666,8.0,0.070936926377752,0.4867782819590048,0.0751056172742919,0.0290300546448087,0.5034902597402596,0.0447240259740259,-0.0205351970675527,0.0127435064935064,30.0,33.0,0.0,100.0,-120.0,1.5,45.5,6.0,13.0,36.0,5.0,0.070936926377752,0.4867782819590049,0.0751056172742919,0.0290300546448087,0.5034902597402597,0.0447240259740259,-0.0205351970675527,0.0127435064935064,,,,,,,,,,,,,,,,,,,,,,,,,,,,,,,,,,,,,,,REG,,,,,,,,,7.0,7.0,0.0,outdoors,grass,,,,,,,,,,,,,,,,,,,,,,,,,,,,,2026-12-13,6,True,True,False,202614,1539.032218535977,1666.4029573285284,-127.37073879255126,,,,False,False,False,False,False,False,False,False,False,False,False,True,False,False,False,False,False,False,False,False,False,False,False,False,False,False,False,False,False,False,False,False,False,False,False,True,False,False,False,False,False,False,False,False,False,False,False,False,False,False,False,False,False,False,False,False,False,False,False,False,False,False,False,False
2026,14,2026_14_CHI_MIA,2026-12-13,MIA,CHI,,,,,10.0,38.0,0.0,650.0,-1000.0,14.0,44.5,7.0,7.0,29.0,6.0,0.0607676456638933,0.4871794871794871,0.0641025641025641,0.05,0.5,0.0714285714285714,-0.1284466838901518,0.0119047619047619,10.0,38.0,0.0,650.0,-1000.0,14.0,44.5,7.0,7.0,29.0,6.0,0.0607676456638933,0.4871794871794871,0.0641025641025641,0.05,0.5,0.0714285714285714,-0.1284466838901518,0.0119047619047619,21.33333333333333,22.0,0.3333333333333333,-63.333333333333336,34.666666666666664,-0.8333333333333334,48.833333333333336,8.0,7.0,28.0,5.333333333333333,-0.071738076800538,0.4482758620689655,0.0229885057471264,0.0142857142857142,0.5454545454545454,0.0454545454545454,0.1720169777619444,0.0606060606060606,17.0,20.0,0.0,-205.0,170.0,-3.5,49.5,8.0,8.0,19.0,6.0,0.0643561533373377,0.463863958431743,0.0457408282160289,0.0071428571428571,0.5141065830721003,0.0514629049111807,0.0882937781291842,0.0532915360501567,,,,,,,,,,,,,,,,,,,,,,,,,,,,,,,,,,,,,,,REG,,,,,,,,,7.0,7.0,0.0,outdoors,grass,,,,,,,,,,,,,,,,,,,,,,,,,,,,,2026-12-13,6,True,True,False,202614,1461.1041439662474,1514.6679180567303,-53.56377409048309,,,,False,False,False,False,False,False,False,False,False,False,False,False,False,False,False,False,False,False,False,True,False,False,False,False,False,False,False,False,False,False,False,False,False,False,False,False,False,True,False,False,False,False,False,False,False,False,False,False,False,False,False,False,False,False,False,False,False,False,False,False,False,False,False,False
2026,14,2026_14_DEN_NYJ,2026-12-13,NYJ,DEN,,,,,9.0,38.5,0.0,-200.0,-87.5,0.0,41.0,7.0,7.0,28.0,8.5,-0.1443510336263754,0.3815789473684211,0.0,0.0,0.3421052631578947,0.0131578947368421,0.1081380890186355,0.0131578947368421,8.0,35.0,0.0,550.0,-800.0,12.5,39.5,7.0,7.0,27.0,13.0,-0.0150656208045137,0.4831600606454407,0.049214747627446,0.0185577942735949,0.4323890246833253,0.0384097983012995,-0.1085806690822963,0.0043859649122807,19.666666666666668,14.333333333333334,0.6666666666666666,265.0,-516.6666666666666,4.166666666666667,42.16666666666666,7.0,10.333333333333334,42.66666666666666,7.666666666666667,-0.1081380890186355,0.3421052631578947,0.0131578947368421,0.0161290322580645,0.3815789473684211,0.0,0.1443510336263754,0.0,7.0,10.0,0.0,-205.0,170.0,-3.5,43.5,7.0,8.0,26.0,10.0,0.0414472072862379,0.4421052631578948,0.0397349757372153,0.009441384736428,0.3921439628482971,0.025735294117647,0.1013533222154219,0.0,,,,,,,,,,,,,,,,,,,,,,,,,,,,,,,,,,,,,,,REG,,,,,,,,,14.0,7.0,7.0,outdoors,fieldturf,,,,,,,,,,,,,,,,,,,,,,,,,,,,,2026-12-13,6,True,True,False,202614,1313.30455808606,1638.3025337449608,-324.9979756589007,,,,False,False,False,False,False,False,False,False,False,False,False,False,False,False,False,False,False,False,False,False,False,False,False,False,True,False,False,False,False,False,False,False,False,False,False,False,False,False,False,False,False,True,False,False,False,False,False,False,False,False,False,False,False,False,False,False,False,False,False,False,False,False,False,False
2026,14,2026_14_HOU_WAS,2026-12-13,WAS,HOU,,,,,24.0,17.0,1.0,150.0,-180.0,3.0,38.5,10.0,7.0,35.0,9.0,0.1916660889833809,0.5491939307728781,0.0670934091986723,0.01707225051877,0.4404761904761904,0.0595238095238095,-0.0346707496833004,0.0119047619047619,24.0,17.0,1.0,150.0,-180.0,3.0,38.5,10.0,7.0,35.0,9.0,0.1851016847060448,0.5675675675675675,0.0945945945945946,0.0161290322580645,0.3928571428571428,0.0476190476190476,0.0816734897567089,0.0238095238095238,16.0,28.0,0.0,150.0,-180.0,3.0,40.5,6.0,7.0,35.0,2.0,0.0533790308502182,0.4644958199395844,0.0482174963223943,0.015625,0.3833401292738915,0.0338683248761628,0.2568214699633028,0.0250826839434577,16.0,28.0,0.0,150.0,-180.0,3.0,40.5,6.0,7.0,35.0,2.0,0.3125411621615371,0.611764705882353,0.0588235294117647,0.0,0.4354838709677419,0.032258064516129,0.2504813458722078,0.0483870967741935,,,,,,,,,,,,,,,,,,,,,,,,,,,,,,,,,,,,,,,REG,,,,,,,,,7.0,7.0,0.0,outdoors,grass,,,,,,,,,,,,,,,,,,,,,,,,,,,,,2026-12-13,6,True,True,False,202614,1452.598540392987,1605.140838642905,-152.54229824991808,,,,False,False,False,False,False,False,False,False,False,False,False,False,False,False,False,False,False,False,False,False,False,False,False,False,False,False,False,False,False,False,False,True,False,False,False,False,False,False,False,False,False,False,False,False,True,False,False,False,False,False,False,False,False,False,False,False,False,False,False,False,False,False,False,False
2026,14,2026_14_IND_PHI,2026-12-13,PHI,IND,,,,,16.333333333333332,19.666666666666668,0.3333333333333333,169.0,-205.0,4.0,42.833333333333336,8.666666666666666,7.0,39.66666666666666,12.333333333333334,-0.0184483396664943,0.4597711267605633,0.0664612676056338,0.0169491525423728,0.4777374470659407,0.0502722323049001,-0.1165581047925637,0.0,18.0,23.5,0.0,182.5,-222.5,4.5,41.5,9.0,7.0,40.5,15.5,-0.0184483396664943,0.4597711267605633,0.0664612676056338,0.0169491525423728,0.4777374470659407,0.0502722323049001,-0.1165581047925637,0.0,23.5,30.5,0.0,87.5,-175.0,3.0,43.0,7.0,7.0,51.0,9.0,0.1643739870092442,0.5657894736842105,0.0789473684210526,0.0166666666666666,0.5111111111111111,0.0777777777777777,-0.1173949707569916,0.0111111111111111,30.0,38.0,0.0,400.0,-535.0,9.5,37.5,7.0,8.0,51.0,9.0,0.1643739870092442,0.5657894736842105,0.0789473684210526,0.0166666666666666,0.5111111111111111,0.0777777777777777,-0.1173949707569916,0.0111111111111111,,,,,,,,,,,,,,,,,,,,,,,,,,,,,,,,,,,,,,,REG,,,,,,,,,7.0,14.0,-7.0,outdoors,grass,,,,,,,,,,,,,,,,,,,,,,,,,,,,,2026-12-13,6,True,True,False,202614,1649.9520100937982,1437.679005345844,212.27300474795425,,,,False,False,False,False,False,False,False,False,False,False,False,False,False,False,False,False,False,False,False,False,False,False,False,False,False,True,False,False,False,False,False,False,False,False,False,False,False,False,False,False,False,False,False,False,False,True,False,False,False,False,False,False,False,False,False,False,False,False,False,False,False,False,False,False
2026,14,2026_14_KC_CIN,2026-12-13,CIN,KC,,,,,33.333333333333336,18.33333333333333,0.6666666666666666,140.0,-210.0,4.333333333333333,49.5,7.0,6.666666666666667,61.0,5.333333333333333,0.096469006857219,0.5308641975308642,0.0,0.0,0.5866666666666667,0.0933333333333333,-0.2162270759575981,0.0133333333333333,27.5,17.0,0.5,312.5,-400.0,8.25,50.0,7.0,7.0,51.0,4.5,0.096469006857219,0.5308641975308642,0.0,0.0,0.5866666666666667,0.0933333333333333,-0.2162270759575981,0.0133333333333333,12.0,14.0,0.0,-225.0,185.0,-3.5,36.5,10.0,7.0,51.0,8.0,0.2266131006290179,0.56,0.0266666666666666,0.0,0.5652173913043478,0.0579710144927536,-0.0669397687631564,0.0,12.5,17.0,0.0,-662.5,442.5,-8.5,37.0,7.0,5.5,51.0,8.0,0.177100982012437,0.5848780487804878,0.0560162601626016,0.0073529411764705,0.563430613460393,0.0632320825888425,-0.1144140200283528,0.0136986301369862,,,,,,,,,,,,,,,,,,,,,,,,,,,,,,,,,,,,,,,REG,,,,,,,,,7.0,10.0,-3.0,outdoors,fieldturf,,,,,,,,,,,,,,,,,,,,,,,,,,,,,2026-12-13,6,True,True,False,202614,1481.1897919754094,1568.5096461993949,-87.31985422398543,,,,False,False,False,False,False,False,True,False,False,False,False,False,False,False,False,False,False,False,False,False,False,False,False,False,False,False,False,False,False,False,False,False,False,False,False,False,False,False,False,False,False,False,False,False,False,False,False,True,False,False,False,False,False,False,False,False,False,False,False,False,False,False,False,False
2026,14,2026_14_LAC_LV,2026-12-13,LV,LAC,,,,,15.0,23.0,0.3333333333333333,171.0,-426.3333333333333,2.6666666666666665,38.833333333333336,8.0,7.0,30.0,20.0,-0.145585810389524,0.467948717948718,0.0250156347717323,0.0229026036644165,0.4572807017543859,0.0528947368421052,-0.0133930616448703,0.0197368421052631,12.0,23.0,0.5,-193.5,160.5,-3.25,38.5,8.5,7.0,30.0,20.0,-0.0681079497503636,0.4358974358974359,0.0256410256410256,0.0163934426229508,0.4078947368421052,0.0657894736842105,0.21562425894461,0.0394736842105263,3.0,16.0,0.0,164.0,-198.0,3.5,45.5,7.0,7.0,35.0,10.0,0.1284466838901518,0.5,0.0714285714285714,0.015625,0.4871794871794871,0.0641025641025641,-0.0607676456638933,0.0384615384615384,3.0,17.5,0.0,532.0,-899.0,9.0,41.5,7.5,8.5,50.5,9.0,0.1284466838901518,0.5,0.0714285714285714,0.015625,0.4871794871794871,0.0641025641025641,-0.0607676456638933,0.0384615384615384,,,,,,,,,,,,,,,,,,,,,,,,,,,,,,,,,,,,,,,REG,,,,,,,,,14.0,7.0,7.0,dome,grass,,,,,,,,,,,,,,,,,,,,,,,,,,,,,2026-12-13,6,True,True,False,202614,1310.3927345248208,1544.5953503912492,-234.2026158664285,,,,False,False,False,False,False,False,False,False,False,False,False,False,False,False,False,False,False,False,True,False,False,False,False,False,False,False,False,False,False,False,False,False,False,False,False,False,False,False,False,False,False,False,False,False,False,False,False,False,True,False,False,False,False,False,False,False,False,False,False,False,False,False,False,False
2026,14,2026_14_LAR_SF,2026-12-13,SF,LAR,,,,,6.0,41.0,0.0,245.0,-305.0,6.5,44.5,6.0,14.0,46.0,5.0,0.0066181152197968,0.4925961308812992,0.043612624935768,0.0294243070362473,0.5293599082864597,0.0675190584843853,-0.0663524047708584,0.0080321285140562,14.5,30.0,0.5,230.0,-285.0,6.25,44.5,7.0,10.5,46.0,13.5,0.0661863620398527,0.5047169811320755,0.0274442538593482,0.0142857142857142,0.569320761306094,0.0844246551423083,-0.1138853516452692,0.0120481927710843,27.0,31.0,0.0,120.0,-142.0,2.5,45.5,7.0,8.0,41.0,2.0,0.0435270003079789,0.4772052176159111,0.0510357500835282,0.015625,0.479603772682405,0.0496751454579854,-0.0607676456638933,0.0111111111111111,23.5,24.0,0.5,-42.5,14.0,-0.5,47.5,7.5,8.0,30.0,4.0,0.0398563754918588,0.4802939676357398,0.0510357500835282,0.0151515151515151,0.4785789127397851,0.049859980304922,-0.0249730269571986,0.0129166666666666,,,,,,,,,,,,,,,,,,,,,,,,,,,,,,,,,,,,,,,REG,,,,,,,,,7.0,10.0,-3.0,outdoors,grass,,,,,,,,,,,,,,,,,,,,,,,,,,,,,2026-12-13,6,True,True,False,202614,1583.348134919415,1615.2910837085915,-31.942948789176626,,,,False,False,False,False,False,False,False,False,False,False,False,False,False,False,False,False,False,False,False,False,False,False,False,False,False,False,False,False,True,False,False,False,False,False,False,False,False,False,False,False,False,False,False,False,False,False,False,False,False,True,False,False,False,False,False,False,False,False,False,False,False,False,False,False
2026,14,2026_14_MIN_NE,2026-12-10,NE,MIN,,,,,11.5,18.0,0.5,-221.5,182.5,-4.0,44.5,10.5,11.0,46.5,8.5,0.0914376671834314,0.4814814814814814,0.0617283950617283,0.0,0.4929577464788732,0.0422535211267605,-0.0066098958855891,0.0140845070422535,13.0,29.0,0.0,-238.0,195.0,-4.5,45.5,14.0,14.0,67.0,7.0,0.0914376671834314,0.4814814814814814,0.0617283950617283,0.0,0.4929577464788732,0.0422535211267605,-0.0066098958855891,0.0140845070422535,16.0,3.0,1.0,470.0,-650.0,12.5,37.5,8.0,10.0,45.0,2.0,0.0435270003079789,0.4683544303797468,0.0759493670886076,0.0294117647058823,0.4111111111111111,0.0333333333333333,0.0080417907340721,0.0,16.0,3.0,1.0,470.0,-650.0,12.5,37.5,8.0,10.0,46.0,20.0,0.0469389826747511,0.4802939676357398,0.0602936736002497,0.0184619302266361,0.4413848631239935,0.0300483091787439,0.1274910526954789,0.0222222222222222,,,,,,,,,,,,,,,,,,,,,,,,,,,,,,,,,,,,,,,REG,,,,,,,,,4.0,4.0,0.0,outdoors,fieldturf,,,,,,,,,,,,,,,,,,,,,,,,,,,,,2026-12-10,3,False,True,False,202614,1585.8241019587574,1586.6484823812723,-0.8243804225151052,,,,False,False,False,False,False,False,False,False,False,False,False,False,False,False,False,False,False,False,False,False,False,True,False,False,False,False,False,False,False,False,False,False,False,False,False,False,False,False,False,False,False,False,False,False,False,False,False,False,False,False,False,False,True,False,False,False,False,False,False,False,False,False,False,False
2026,14,2026_14_NO_CAR,2026-12-13,CAR,NO,,,,,22.5,25.0,0.0,-210.0,127.5,-3.5,44.0,6.0,6.5,70.5,13.5,0.1332610883806081,0.5101307189542484,0.0624183006535947,0.0217484008528784,0.4482496194824961,0.0413812785388127,-0.1488776359101143,0.0,31.0,34.0,0.0,-550.0,410.0,-10.0,44.5,6.0,7.0,72.0,16.0,0.1332610883806081,0.5101307189542482,0.0624183006535947,0.0217484008528784,0.4482496194824962,0.0413812785388127,-0.1488776359101143,0.0,25.5,22.5,0.5,25.0,-52.5,1.5,41.5,7.0,6.5,71.0,14.0,0.0066098958855891,0.4929577464788732,0.0422535211267605,0.0172413793103448,0.4814814814814814,0.0617283950617283,-0.0914376671834314,0.0,25.0,17.0,0.75,35.5,-69.75,1.75,41.0,8.75,6.75,71.0,14.0,-0.0180411892169067,0.4781861903126074,0.02722432153899,0.0086206896551724,0.4823137744486059,0.036482175058954,0.0595209712024943,0.0280898876404494,,,,,,,,,,,,,,,,,,,,,,,,,,,,,,,,,,,,,,,REG,,,,,,,,,7.0,7.0,0.0,outdoors,grass,,,,,,,,,,,,,,,,,,,,,,,,,,,,,2026-12-13,6,True,True,False,202614,1377.4347187735248,1383.345988389273,-5.911269615748324,,,,False,False,False,False,True,False,False,False,False,False,False,False,False,False,False,False,False,False,False,False,False,False,False,False,False,False,False,False,False,False,False,False,False,False,False,False,False,False,False,False,False,False,False,False,False,False,False,False,False,False,False,False,False,False,True,False,False,False,False,False,False,False,False,False
2026,14,2026_14_NYG_SEA,2026-12-13,SEA,NYG,,,,,33.666666666666664,15.333333333333334,1.0,42.333333333333336,-84.0,1.5,45.16666666666666,9.0,12.0,51.333333333333336,4.666666666666667,0.0392252822861889,0.4305555555555556,0.0694444444444444,0.0,0.3723404255319149,0.0319148936170212,0.0871678975031721,0.0,29.0,13.0,1.0,-238.0,195.0,-4.5,45.5,14.0,14.0,67.0,7.0,0.1144488629049143,0.4884662537101562,0.0859715036544304,0.0112994350282485,0.4547316873744645,0.0453083062265593,-0.081945762283232,0.0119047619047619,34.0,13.5,1.0,-164.0,138.0,-3.0,45.5,8.5,7.0,33.0,7.0,-0.0200022627243197,0.4772052176159111,0.0401007361487795,0.0324675324675324,0.4852284438337341,0.0413088285812435,0.0375187099335308,0.0140845070422535,34.0,17.0,1.0,-166.0,140.0,-3.0,50.5,10.0,7.0,33.0,7.0,-0.0200022627243197,0.4772052176159113,0.0401007361487795,0.0324675324675324,0.4852284438337341,0.0413088285812435,0.0375187099335308,0.0140845070422535,,,,,,,,,,,,,,,,,,,,,,,,,,,,,,,,,,,,,,,REG,,,,,,,,,6.0,7.0,-1.0,outdoors,fieldturf,,,,,,,,,,,,,,,,,,,,,,,,,,,,,2026-12-13,6,True,True,False,202614,1696.6438276620331,1334.4357605851203,362.2080670769126,,,,False,False,False,False,False,False,False,False,False,False,False,False,False,False,False,False,False,False,False,False,False,False,False,False,False,False,False,True,False,False,False,False,False,False,False,False,False,False,False,False,False,False,False,False,False,False,False,False,False,False,False,False,False,False,False,True,False,False,False,False,False,False,False,False
2026,14,2026_14_PIT_JAX,2026-12-14,JAX,PIT,,,,,24.0,27.0,0.0,102.0,-122.0,1.5,51.5,7.0,7.0,62.0,6.0,0.0153356282708045,0.4611408211318481,0.0447053031568306,0.0102564102564102,0.5028886944987594,0.0769198883971962,-0.0180985890872434,0.0209426777812081,24.0,27.0,0.0,102.0,-122.0,1.5,51.5,7.0,7.0,62.0,6.0,0.0373601868951885,0.4669921305741766,0.0502040221509763,0.0153846153846153,0.5201558265582655,0.0774051490514905,-0.0834070728410226,0.0060975609756097,16.0,27.0,0.5,-190.0,157.5,-3.75,40.0,8.0,7.5,28.5,6.0,0.096422908139132,0.507027564649048,0.0416169366297243,0.0062893081761006,0.4705137532115547,0.0341526977969655,0.0358017003643557,0.0274063286111478,16.0,27.0,0.5,-190.0,157.5,-3.75,40.0,8.0,7.5,28.5,6.0,0.1261758206959324,0.5031884057971014,0.0550724637681159,0.0,0.452758581624561,0.0271326611532797,0.01232266378952,0.0109890109890109,,,,,,,,,,,,,,,,,,,,,,,,,,,,,,,,,,,,,,,REG,,,,,,,,,8.0,8.0,0.0,outdoors,grass,,,,,,,,,,,,,,,,,,,,,,,,,,,,,2026-12-14,0,False,True,False,202614,1525.772439316325,1556.618019066946,-30.8455797506208,,,,False,False,False,False,False,False,False,False,False,False,False,False,False,False,True,False,False,False,False,False,False,False,False,False,False,False,False,False,False,False,False,False,False,False,False,False,False,False,False,False,False,False,False,False,False,False,False,False,False,False,False,False,False,False,False,False,False,False,True,False,False,False,False,False
2026,14,2026_14_TB_BAL,2026-12-13,BAL,TB,,,,,32.5,25.0,0.5,-52.5,21.5,-1.0,40.0,7.0,7.0,30.5,6.5,-0.1854595648790932,0.444311999823029,0.0332773492471076,0.0481242895035998,0.5130707527766352,0.0514843000137117,-0.1370565776934255,0.0051282051282051,32.5,25.0,0.5,-52.5,21.5,-1.0,40.0,7.0,7.0,30.5,6.5,-0.2630402502313445,0.4044943820224719,0.0112359550561797,0.0384615384615384,0.4615384615384615,0.0615384615384615,0.0837621647564422,0.0153846153846153,17.666666666666668,19.0,0.3333333333333333,-91.66666666666669,60.0,-1.8333333333333333,44.16666666666666,7.666666666666667,6.666666666666667,70.0,7.333333333333333,0.247825374645513,0.5378527841342486,0.0822845156369183,0.0,0.5357142857142856,0.0681818181818181,-0.1295347960640677,0.0243506493506493,16.0,14.0,1.0,130.0,-155.0,3.0,43.5,6.0,6.0,69.0,11.0,0.1568073379546753,0.5362318840579711,0.072463768115942,0.0,0.5,0.0454545454545454,-0.0155734617353427,0.0227272727272727,,,,,,,,,,,,,,,,,,,,,,,,,,,,,,,,,,,,,,,REG,,,,,,,,,14.0,7.0,7.0,outdoors,grass,,,,,,,,,,,,,,,,,,,,,,,,,,,,,2026-12-13,6,True,True,False,202614,1578.0455867869105,1470.1517775866828,107.89380920022768,,,,False,False,True,False,False,False,False,False,False,False,False,False,False,False,False,False,False,False,False,False,False,False,False,False,False,False,False,False,False,False,False,False,False,False,False,False,False,False,False,False,False,False,False,False,False,False,False,False,False,False,False,False,False,False,False,False,False,False,False,False,False,True,False,False
2026,14,2026_14_TEN_DET,2026-12-13,DET,TEN,,,,,19.0,16.0,1.0,150.0,-180.0,3.5,51.5,10.0,7.0,33.0,4.0,0.1263258131208039,0.5513586956521739,0.0602355072463768,0.0081967213114754,0.5237500000000002,0.0320833333333333,-0.1037505790617615,0.01875,17.666666666666668,22.666666666666668,0.3333333333333333,40.0,-106.66666666666669,1.3333333333333333,49.833333333333336,6.666666666666667,6.0,33.0,4.0,0.0669397687631564,0.5652173913043478,0.0579710144927536,0.0,0.56,0.0266666666666666,-0.2266131006290179,0.0,7.0,41.0,0.0,525.0,-750.0,12.5,46.5,7.0,7.0,55.0,8.0,-0.1206275866134615,0.4295571245186136,0.0511874197689345,0.0470588235294117,0.4111305361305362,0.0298659673659673,0.0654200575244126,0.0177738927738927,16.5,37.5,0.0,202.5,-325.0,5.5,43.0,7.0,7.0,63.0,11.0,-0.1797030316576704,0.4200342440774887,0.0458351871571945,0.0318560300832661,0.4585293602061894,0.0471145554987018,-0.0502950378237241,0.0088869463869463,,,,,,,,,,,,,,,,,,,,,,,,,,,,,,,,,,,,,,,REG,,,,,,,,,7.0,7.0,0.0,dome,fieldturf,,,,,,,,,,,,,,,,,,,,,,,,,,,,,2026-12-13,6,True,True,False,202614,1612.0619915358989,1280.5185423036069,331.543449232292,,,,False,False,False,False,False,False,False,False,False,False,True,False,False,False,False,False,False,False,False,False,False,False,False,False,False,False,False,False,False,False,False,False,False,False,False,False,False,False,False,False,False,False,False,False,False,False,False,False,False,False,False,False,False,False,False,False,False,False,False,False,False,False,True,False
2026,15,2026_15_ATL_WAS,2026-12-20,WAS,ATL,,,,,24.0,17.0,1.0,150.0,-180.0,3.0,38.5,10.0,7.0,35.0,9.0,0.1916660889833809,0.5491939307728781,0.0670934091986723,0.01707225051877,0.4404761904761904,0.0595238095238095,-0.0346707496833004,0.0119047619047619,24.0,17.0,1.0,150.0,-180.0,3.0,38.5,10.0,7.0,35.0,9.0,0.1851016847060448,0.5675675675675675,0.0945945945945946,0.0161290322580645,0.3928571428571428,0.0476190476190476,0.0816734897567089,0.0238095238095238,19.0,17.0,1.0,170.0,-205.0,4.5,43.5,7.0,6.0,49.5,6.5,-0.0860455756603633,0.4366071428571427,0.0544642857142857,0.0369875222816399,0.53054424287301,0.0407256571640133,-0.1171920257616024,0.0067567567567567,23.0,20.5,1.0,-105.0,47.5,-1.5,46.0,9.0,7.0,56.0,5.0,0.2066862874714405,0.5357142857142857,0.0714285714285714,0.0151515151515151,0.5405405405405406,0.054054054054054,-0.1680928117305812,0.0135135135135135,,,,,,,,,,,,,,,,,,,,,,,,,,,,,,,,,,,,,,,REG,,,,,,,,,7.0,7.0,0.0,outdoors,grass,,,,,,,,,,,,,,,,,,,,,,,,,,,,,2026-12-20,6,True,True,False,202615,1452.598540392987,1445.0858892675242,7.512651125462753,,,,False,False,False,False,False,False,False,False,False,False,False,False,False,False,False,False,False,False,False,False,False,False,False,False,False,False,False,False,False,False,False,True,False,True,False,False,False,False,False,False,False,False,False,False,False,False,False,False,False,False,False,False,False,False,False,False,False,False,False,False,False,False,False,False
2026,15,2026_15_BAL_PIT,2026-12-20,PIT,BAL,,,,,6.0,30.0,0.0,-155.0,130.0,-3.0,38.5,8.0,8.0,32.0,9.0,0.1136779590808773,0.4266666666666667,0.0666666666666666,0.0,0.4329896907216495,0.0103092783505154,0.0803353393494785,0.0,6.0,30.0,0.0,-155.0,130.0,-3.0,38.5,8.0,8.0,32.0,9.0,0.1136779590808773,0.4266666666666667,0.0666666666666666,0.0,0.4329896907216495,0.0103092783505154,0.0803353393494785,0.0,24.0,26.0,0.0,-225.0,185.0,-4.5,41.5,8.0,7.0,25.0,3.0,-0.2630402502313445,0.4044943820224719,0.0112359550561797,0.0384615384615384,0.4615384615384615,0.0615384615384615,0.0837621647564422,0.0153846153846153,24.0,26.0,0.0,-225.0,185.0,-4.5,41.5,8.0,7.0,25.0,3.0,-0.2567607980517761,0.419989126495107,0.0217470097861544,0.0549450549450549,0.5366515837104072,0.0601809954751131,-0.1143894987025474,0.0076923076923076,,,,,,,,,,,,,,,,,,,,,,,,,,,,,,,,,,,,,,,REG,,,,,,,,,6.0,7.0,-1.0,outdoors,grass,,,,,,,,,,,,,,,,,,,,,,,,,,,,,2026-12-20,6,True,True,False,202615,1556.618019066946,1578.0455867869105,-21.4275677199646,,,,False,False,False,False,False,False,False,False,False,False,False,False,False,False,False,False,False,False,False,False,False,False,False,False,False,False,True,False,False,False,False,False,False,False,True,False,False,False,False,False,False,False,False,False,False,False,False,False,False,False,False,False,False,False,False,False,False,False,False,False,False,False,False,False
2026,15,2026_15_CHI_BUF,2026-12-19,BUF,CHI,,,,,30.0,33.0,0.0,100.0,-120.0,1.5,45.5,6.0,13.0,36.0,5.0,0.0194061773244408,0.5060240963855421,0.072289156626506,0.0416666666666666,0.5194805194805194,0.0519480519480519,-0.0688105593840034,0.0129870129870129,28.5,28.5,0.5,101.0,-121.0,1.5,48.5,6.5,10.0,49.0,5.5,0.0194061773244408,0.5060240963855421,0.072289156626506,0.0416666666666666,0.5194805194805194,0.0519480519480519,-0.0688105593840034,0.0129870129870129,21.33333333333333,22.0,0.3333333333333333,-63.333333333333336,34.666666666666664,-0.8333333333333334,48.833333333333336,8.0,7.0,28.0,5.333333333333333,-0.071738076800538,0.4482758620689655,0.0229885057471264,0.0142857142857142,0.5454545454545454,0.0454545454545454,0.1720169777619444,0.0606060606060606,17.0,20.0,0.0,-205.0,170.0,-3.5,49.5,8.0,8.0,19.0,6.0,0.0643561533373377,0.463863958431743,0.0457408282160289,0.0071428571428571,0.5141065830721003,0.0514629049111807,0.0882937781291842,0.0532915360501567,,,,,,,,,,,,,,,,,,,,,,,,,,,,,,,,,,,,,,,REG,,,,,,,,,6.0,6.0,0.0,outdoors,a_turf,,,,,,,,,,,,,,,,,,,,,,,,,,,,,2026-12-19,5,True,True,False,202615,1666.4029573285284,1514.6679180567303,151.73503927179786,,,,False,False,False,True,False,False,False,False,False,False,False,False,False,False,False,False,False,False,False,False,False,False,False,False,False,False,False,False,False,False,False,False,False,False,False,False,False,True,False,False,False,False,False,False,False,False,False,False,False,False,False,False,False,False,False,False,False,False,False,False,False,False,False,False
2026,15,2026_15_CIN_CAR,2026-12-20,CAR,CIN,,,,,22.5,25.0,0.0,-210.0,127.5,-3.5,44.0,6.0,6.5,70.5,13.5,0.1332610883806081,0.5101307189542484,0.0624183006535947,0.0217484008528784,0.4482496194824961,0.0413812785388127,-0.1488776359101143,0.0,31.0,34.0,0.0,-550.0,410.0,-10.0,44.5,6.0,7.0,72.0,16.0,0.1332610883806081,0.5101307189542482,0.0624183006535947,0.0217484008528784,0.4482496194824962,0.0413812785388127,-0.1488776359101143,0.0,18.0,20.0,0.0,350.0,-455.0,9.5,47.5,7.0,7.0,37.0,0.0,-0.2291247971344692,0.4010620915032679,0.0218464052287581,0.0456876456876456,0.5125000000000001,0.0659812316208268,-0.1323834596187633,0.0077127659574468,18.0,20.0,0.0,350.0,-455.0,9.5,47.5,7.0,7.0,37.0,0.0,0.038678532175862,0.5091820987654321,0.01875,0.023076923076923,0.5620833333333333,0.0779166666666666,-0.2009694667180247,0.0129166666666666,,,,,,,,,,,,,,,,,,,,,,,,,,,,,,,,,,,,,,,REG,,,,,,,,,7.0,7.0,0.0,outdoors,grass,,,,,,,,,,,,,,,,,,,,,,,,,,,,,2026-12-20,6,True,True,False,202615,1377.4347187735248,1481.1897919754094,-103.75507320188468,,,,False,False,False,False,True,False,False,False,False,False,False,False,False,False,False,False,False,False,False,False,False,False,False,False,False,False,False,False,False,False,False,False,False,False,False,False,False,False,True,False,False,False,False,False,False,False,False,False,False,False,False,False,False,False,False,False,False,False,False,False,False,False,False,False
2026,15,2026_15_CLE_NYG,2026-12-20,NYG,CLE,,,,,34.0,17.0,1.0,-166.0,140.0,-3.0,50.5,10.0,7.0,33.0,7.0,0.1704750841397807,0.4712643678160919,0.0689655172413793,0.0,0.5070422535211268,0.0704225352112676,0.0323451455476589,0.028169014084507,34.0,13.5,1.0,-164.0,138.0,-3.0,45.5,8.5,7.0,33.0,7.0,0.1704750841397807,0.4712643678160919,0.0689655172413793,0.0,0.5070422535211268,0.0704225352112676,0.0323451455476589,0.028169014084507,16.5,12.0,1.0,72.5,-142.5,2.5,41.5,7.0,7.0,41.0,7.0,-0.0803353393494785,0.4329896907216495,0.0103092783505154,0.0,0.4266666666666667,0.0666666666666666,-0.1136779590808773,0.0,20.0,18.0,1.0,350.0,-455.0,9.5,47.5,7.0,7.0,37.0,0.0,-0.0803353393494785,0.4329896907216495,0.0103092783505154,0.0,0.4266666666666667,0.0666666666666666,-0.1136779590808773,0.0,,,,,,,,,,,,,,,,,,,,,,,,,,,,,,,,,,,,,,,REG,,,,,,,,,7.0,7.0,0.0,outdoors,fieldturf,,,,,,,,,,,,,,,,,,,,,,,,,,,,,2026-12-20,6,True,True,False,202615,1334.4357605851203,1386.3667230875474,-51.93096250242684,,,,False,False,False,False,False,False,False,False,False,False,False,False,False,False,False,False,False,False,False,False,False,False,False,True,False,False,False,False,False,False,False,False,False,False,False,False,False,False,False,True,False,False,False,False,False,False,False,False,False,False,False,False,False,False,False,False,False,False,False,False,False,False,False,False
2026,15,2026_15_DAL_LAR,2026-12-20,LAR,DAL,,,,,23.5,24.0,0.5,-42.5,14.0,-0.5,47.5,7.5,8.0,30.0,4.0,0.0440500580670649,0.4712643678160919,0.0560162601626016,0.014781166630615,0.4847146910301624,0.0502722323049001,-0.0180985890872434,0.0130724538619275,27.0,31.0,0.0,120.0,-142.0,2.5,45.5,7.0,8.0,41.0,2.0,0.0394644118450927,0.4703541383487271,0.0523459184269901,0.0152680652680652,0.4777742937971208,0.0484485500957048,-0.0325817460195232,0.0126582278481012,21.33333333333333,30.33333333333333,0.3333333333333333,-188.0,132.66666666666666,-3.333333333333333,50.5,7.0,6.333333333333333,41.5,7.0,0.2172555839010818,0.4638322753090544,0.0510357500835282,0.0,0.5323529411764707,0.054141656662665,-0.0890794643672273,0.010984393757503,23.5,28.5,0.5,-333.0,260.0,-5.75,50.5,7.0,6.0,41.5,7.0,0.2172555839010818,0.4638322753090545,0.0510357500835282,0.0,0.5323529411764705,0.054141656662665,-0.0890794643672273,0.010984393757503,,,,,,,,,,,,,,,,,,,,,,,,,,,,,,,,,,,,,,,REG,,,,,,,,,7.0,13.0,-6.0,dome,matrixturf,,,,,,,,,,,,,,,,,,,,,,,,,,,,,2026-12-20,6,True,True,False,202615,1615.2910837085915,1479.772732868715,135.5183508398768,,,,False,False,False,False,False,False,False,False,False,False,False,False,False,False,False,False,False,True,False,False,False,False,False,False,False,False,False,False,False,False,False,False,False,False,False,False,False,False,False,False,True,False,False,False,False,False,False,False,False,False,False,False,False,False,False,False,False,False,False,False,False,False,False,False
2026,15,2026_15_DEN_LV,2026-12-20,LV,DEN,,,,,15.0,23.0,0.3333333333333333,171.0,-426.3333333333333,2.6666666666666665,38.833333333333336,8.0,7.0,30.0,20.0,-0.145585810389524,0.467948717948718,0.0250156347717323,0.0229026036644165,0.4572807017543859,0.0528947368421052,-0.0133930616448703,0.0197368421052631,12.0,23.0,0.5,-193.5,160.5,-3.25,38.5,8.5,7.0,30.0,20.0,-0.0681079497503636,0.4358974358974359,0.0256410256410256,0.0163934426229508,0.4078947368421052,0.0657894736842105,0.21562425894461,0.0394736842105263,19.666666666666668,14.333333333333334,0.6666666666666666,265.0,-516.6666666666666,4.166666666666667,42.16666666666666,7.0,10.333333333333334,42.66666666666666,7.666666666666667,-0.1081380890186355,0.3421052631578947,0.0131578947368421,0.0161290322580645,0.3815789473684211,0.0,0.1443510336263754,0.0,7.0,10.0,0.0,-205.0,170.0,-3.5,43.5,7.0,8.0,26.0,10.0,0.0414472072862379,0.4421052631578948,0.0397349757372153,0.009441384736428,0.3921439628482971,0.025735294117647,0.1013533222154219,0.0,,,,,,,,,,,,,,,,,,,,,,,,,,,,,,,,,,,,,,,REG,,,,,,,,,7.0,7.0,0.0,dome,grass,,,,,,,,,,,,,,,,,,,,,,,,,,,,,2026-12-20,6,True,True,False,202615,1310.3927345248208,1638.3025337449608,-327.90979922014003,,,,False,False,False,False,False,False,False,False,False,False,False,False,False,False,False,False,False,False,True,False,False,False,False,False,False,False,False,False,False,False,False,False,False,False,False,False,False,False,False,False,False,True,False,False,False,False,False,False,False,False,False,False,False,False,False,False,False,False,False,False,False,False,False,False
2026,15,2026_15_DET_MIN,2026-12-20,MIN,DET,,,,,18.33333333333333,8.666666666666666,1.0,-12.666666666666666,-80.33333333333333,1.0,41.5,6.333333333333333,7.0,46.0,20.0,0.0469389826747511,0.4802939676357398,0.0602936736002497,0.0184619302266361,0.4413848631239935,0.0300483091787439,0.1274910526954789,0.0222222222222222,19.5,6.5,1.0,55.0,-182.5,2.75,41.5,6.0,7.0,46.0,20.0,0.0435270003079789,0.4683544303797468,0.0759493670886076,0.0294117647058823,0.4111111111111111,0.0333333333333333,0.0080417907340721,0.0,14.5,19.5,0.5,-105.0,52.5,-1.75,48.5,7.0,5.5,33.0,4.0,0.0669397687631564,0.5652173913043478,0.0579710144927536,0.0,0.56,0.0266666666666666,-0.2266131006290179,0.0,19.0,16.0,1.0,150.0,-180.0,3.5,51.5,10.0,7.0,33.0,4.0,0.1263258131208039,0.551358695652174,0.0602355072463768,0.0081967213114754,0.5237499999999999,0.0320833333333333,-0.1037505790617615,0.01875,,,,,,,,,,,,,,,,,,,,,,,,,,,,,,,,,,,,,,,REG,,,,,,,,,10.0,7.0,3.0,dome,sportturf,,,,,,,,,,,,,,,,,,,,,,,,,,,,,2026-12-20,6,True,True,False,202615,1586.6484823812723,1612.0619915358989,-25.413509154626357,,,,False,False,False,False,False,False,False,False,False,False,False,False,False,False,False,False,False,False,False,False,True,False,False,False,False,False,False,False,False,False,False,False,False,False,False,False,False,False,False,False,False,False,True,False,False,False,False,False,False,False,False,False,False,False,False,False,False,False,False,False,False,False,False,False
2026,15,2026_15_IND_TEN,2026-12-20,TEN,IND,,,,,16.5,37.5,0.0,202.5,-325.0,5.5,43.0,7.0,7.0,63.0,11.0,-0.21562425894461,0.4078947368421052,0.0657894736842105,0.05,0.4358974358974359,0.0256410256410256,0.0681079497503636,0.0128205128205128,7.0,41.0,0.0,525.0,-750.0,12.5,46.5,7.0,7.0,55.0,8.0,-0.21562425894461,0.4078947368421052,0.0657894736842105,0.05,0.4358974358974359,0.0256410256410256,0.0681079497503636,0.0128205128205128,23.5,30.5,0.0,87.5,-175.0,3.0,43.0,7.0,7.0,51.0,9.0,0.1643739870092442,0.5657894736842105,0.0789473684210526,0.0166666666666666,0.5111111111111111,0.0777777777777777,-0.1173949707569916,0.0111111111111111,30.0,38.0,0.0,400.0,-535.0,9.5,37.5,7.0,8.0,51.0,9.0,0.1643739870092442,0.5657894736842105,0.0789473684210526,0.0166666666666666,0.5111111111111111,0.0777777777777777,-0.1173949707569916,0.0111111111111111,,,,,,,,,,,,,,,,,,,,,,,,,,,,,,,,,,,,,,,REG,,,,,,,,,7.0,7.0,0.0,outdoors,grass,,,,,,,,,,,,,,,,,,,,,,,,,,,,,2026-12-20,6,True,True,False,202615,1280.5185423036069,1437.679005345844,-157.1604630422371,,,,False,False,False,False,False,False,False,False,False,False,False,False,False,False,False,False,False,False,False,False,False,False,False,False,False,False,False,False,False,False,True,False,False,False,False,False,False,False,False,False,False,False,False,False,False,True,False,False,False,False,False,False,False,False,False,False,False,False,False,False,False,False,False,False
2026,15,2026_15_JAX_HOU,2026-12-20,HOU,JAX,,,,,23.0,17.0,0.5,-2.5,-25.0,0.0,39.5,7.0,7.5,33.5,5.5,0.3125411621615371,0.611764705882353,0.0588235294117647,0.0,0.4354838709677419,0.032258064516129,0.2504813458722078,0.0483870967741935,23.0,17.0,0.5,-2.5,-25.0,0.0,39.5,7.0,7.5,33.5,5.5,0.1910082235242045,0.5131994261119082,0.0659971305595409,0.0,0.3896169354838709,0.0395665322580645,0.324162811948315,0.0320060483870967,32.5,17.0,0.5,313.5,-436.0,7.0,49.0,7.0,7.0,58.5,7.0,-0.0871678975031721,0.3723404255319149,0.0319148936170212,0.0,0.4305555555555556,0.0694444444444444,-0.0392252822861889,0.0,32.5,17.0,0.5,313.5,-436.0,7.0,49.0,7.0,7.0,58.5,7.0,-0.0871678975031721,0.3723404255319149,0.0319148936170212,0.0,0.4305555555555556,0.0694444444444444,-0.0392252822861889,0.0,,,,,,,,,,,,,,,,,,,,,,,,,,,,,,,,,,,,,,,REG,,,,,,,,,7.0,6.0,1.0,,astroturf,,,,,,,,,,,,,,,,,,,,,,,,,,,,,2026-12-20,6,True,True,False,202615,1605.140838642905,1525.772439316325,79.36839932657995,,,,False,False,False,False,False,False,False,False,False,False,False,False,True,False,False,False,False,False,False,False,False,False,False,False,False,False,False,False,False,False,False,False,False,False,False,False,False,False,False,False,False,False,False,False,False,False,True,False,False,False,False,False,False,False,False,False,False,False,False,False,False,False,False,False
2026,15,2026_15_MIA_GB,2026-12-20,GB,MIA,,,,,27.0,31.0,0.0,-135.0,114.0,-2.5,45.5,6.0,6.0,32.0,6.0,0.2162270759575981,0.5866666666666667,0.0933333333333333,0.0153846153846153,0.5308641975308642,0.0,-0.096469006857219,0.0,27.0,31.0,0.0,-135.0,114.0,-2.5,45.5,6.0,6.0,32.0,6.0,0.2301455305975216,0.5552380952380952,0.0799999999999999,0.0135746606334841,0.5265432098765431,0.0222222222222222,-0.1624631427304749,0.0,15.0,27.5,0.5,200.0,-397.5,4.25,44.5,7.0,7.0,54.5,4.5,0.0909778147317826,0.4658119658119658,0.0528846153846153,0.025,0.4777777777777778,0.0746031746031746,-0.1211297975034635,0.017063492063492,15.0,27.5,0.5,200.0,-397.5,4.25,44.5,7.0,7.0,54.5,4.5,0.1062264599912857,0.4646111018677709,0.0400057539792579,0.0165322580645161,0.5159993326659993,0.0757984174650841,-0.1341624533881846,0.0177910052910052,,,,,,,,,,,,,,,,,,,,,,,,,,,,,,,,,,,,,,,REG,,,,,,,,,7.0,7.0,0.0,outdoors,grass,,,,,,,,,,,,,,,,,,,,,,,,,,,,,2026-12-20,6,True,True,False,202615,1539.032218535977,1461.1041439662474,77.92807456972969,,,,False,False,False,False,False,False,False,False,False,False,False,True,False,False,False,False,False,False,False,False,False,False,False,False,False,False,False,False,False,False,False,False,False,False,False,False,False,False,False,False,False,False,False,False,False,False,False,False,False,False,False,True,False,False,False,False,False,False,False,False,False,False,False,False
2026,15,2026_15_NE_KC,2026-12-21,KC,NE,,,,,12.5,17.0,0.0,-662.5,442.5,-8.5,37.0,7.0,5.5,51.0,8.0,0.177100982012437,0.5848780487804878,0.0560162601626016,0.0073529411764705,0.563430613460393,0.0632320825888425,-0.1144140200283527,0.0136986301369863,12.0,14.0,0.0,-225.0,185.0,-3.5,36.5,10.0,7.0,51.0,8.0,0.2266131006290179,0.56,0.0266666666666666,0.0,0.5652173913043478,0.0579710144927536,-0.0669397687631564,0.0,13.0,29.0,0.0,-238.0,195.0,-4.5,45.5,14.0,14.0,67.0,7.0,0.1355494985187377,0.4750681417348084,0.0732456843567954,0.0053763440860215,0.4900820702268357,0.0496751454579854,0.0509752693982798,0.0167430284518355,11.5,18.0,0.5,-221.5,182.5,-4.0,44.5,10.5,11.0,46.5,8.5,0.0801241132837174,0.5004810004810004,0.0568382235048901,0.0080645161290322,0.4994909214322077,0.0572713388766332,-0.013008036605015,0.0251145426777532,,,,,,,,,,,,,,,,,,,,,,,,,,,,,,,,,,,,,,,REG,,,,,,,,,8.0,11.0,-3.0,outdoors,grass,,,,,,,,,,,,,,,,,,,,,,,,,,,,,2026-12-21,0,False,True,False,202615,1568.5096461993949,1585.8241019587574,-17.314455759362545,,,,False,False,False,False,False,False,False,False,False,False,False,False,False,False,False,True,False,False,False,False,False,False,False,False,False,False,False,False,False,False,False,False,False,False,False,False,False,False,False,False,False,False,False,False,False,False,False,False,False,False,False,False,False,True,False,False,False,False,False,False,False,False,False,False
2026,15,2026_15_NO_TB,2026-12-20,TB,NO,,,,,16.0,14.0,1.0,130.0,-155.0,3.0,43.5,6.0,6.0,69.0,11.0,0.1568073379546753,0.5362318840579711,0.072463768115942,0.0,0.5,0.0454545454545454,-0.0155734617353427,0.0227272727272727,16.5,17.0,0.5,-60.0,25.0,-1.25,44.0,6.5,6.5,74.5,7.0,0.1164786097324092,0.4896546650782632,0.0660922988141253,0.0092592592592592,0.5109890109890111,0.0582750582750582,-0.0692670183179399,0.0162337662337662,25.5,22.5,0.5,25.0,-52.5,1.5,41.5,7.0,6.5,71.0,14.0,0.0066098958855891,0.4929577464788732,0.0422535211267605,0.0172413793103448,0.4814814814814814,0.0617283950617283,-0.0914376671834314,0.0,25.0,17.0,0.75,35.5,-69.75,1.75,41.0,8.75,6.75,71.0,14.0,-0.0180411892169067,0.4781861903126074,0.02722432153899,0.0086206896551724,0.4823137744486059,0.036482175058954,0.0595209712024943,0.0280898876404494,,,,,,,,,,,,,,,,,,,,,,,,,,,,,,,,,,,,,,,REG,,,,,,,,,7.0,7.0,0.0,outdoors,grass,,,,,,,,,,,,,,,,,,,,,,,,,,,,,2026-12-20,6,True,True,False,202615,1470.1517775866828,1383.345988389273,86.8057891974097,,,,False,False,False,False,False,False,False,False,False,False,False,False,False,False,False,False,False,False,False,False,False,False,False,False,False,False,False,False,False,True,False,False,False,False,False,False,False,False,False,False,False,False,False,False,False,False,False,False,False,False,False,False,False,False,True,False,False,False,False,False,False,False,False,False
2026,15,2026_15_NYJ_ARI,2026-12-20,ARI,NYJ,,,,,17.0,37.0,0.0,537.5,-847.5,10.75,51.0,7.0,6.5,65.0,9.0,0.0162748594916824,0.4499518999518999,0.0412578162578162,0.0282508472955503,0.493474540008558,0.0710312366281557,-0.0664560829208974,0.0165810868635002,20.0,37.0,0.0,800.0,-1350.0,14.5,49.5,7.0,6.0,65.0,9.0,0.1173949707569916,0.5111111111111111,0.0777777777777777,0.0135135135135135,0.5657894736842105,0.0789473684210526,-0.1643739870092442,0.0131578947368421,8.0,35.0,0.0,550.0,-800.0,12.5,39.5,7.0,7.0,27.0,13.0,-0.0594506852681809,0.4407894736842105,0.0306122448979591,0.0060975609756097,0.4088575096277278,0.0370667522464698,-0.0749028953814856,0.006578947368421,9.0,38.5,0.0,-200.0,-87.5,0.0,41.0,7.0,7.0,28.0,8.5,-0.1443510336263754,0.3815789473684211,0.0,0.0,0.3421052631578947,0.0131578947368421,0.1081380890186355,0.0131578947368421,,,,,,,,,,,,,,,,,,,,,,,,,,,,,,,,,,,,,,,REG,,,,,,,,,14.0,7.0,7.0,,grass,,,,,,,,,,,,,,,,,,,,,,,,,,,,,2026-12-20,6,True,True,False,202615,1319.761952516942,1313.30455808606,6.457394430882005,,,,True,False,False,False,False,False,False,False,False,False,False,False,False,False,False,False,False,False,False,False,False,False,False,False,False,False,False,False,False,False,False,False,False,False,False,False,False,False,False,False,False,False,False,False,False,False,False,False,False,False,False,False,False,False,False,False,True,False,False,False,False,False,False,False
2026,15,2026_15_SEA_PHI,2026-12-19,PHI,SEA,,,,,16.333333333333332,19.666666666666668,0.3333333333333333,169.0,-205.0,4.0,42.833333333333336,8.666666666666666,7.0,39.66666666666666,12.333333333333334,-0.0184483396664943,0.4597711267605633,0.0664612676056338,0.0169491525423728,0.4777374470659407,0.0502722323049001,-0.1165581047925637,0.0,18.0,23.5,0.0,182.5,-222.5,4.5,41.5,9.0,7.0,40.5,15.5,-0.0184483396664943,0.4597711267605633,0.0664612676056338,0.0169491525423728,0.4777374470659407,0.0502722323049001,-0.1165581047925637,0.0,29.0,13.0,1.0,-238.0,195.0,-4.5,45.5,14.0,14.0,67.0,7.0,0.1413607063394909,0.5009920634920635,0.0801767676767676,0.0169491525423728,0.4559070548712206,0.062010078387458,-0.1258377569165893,0.0,33.666666666666664,15.333333333333334,1.0,42.333333333333336,-84.0,1.5,45.16666666666666,9.0,12.0,51.333333333333336,4.666666666666667,0.0392252822861889,0.4305555555555556,0.0694444444444444,0.0,0.3723404255319149,0.0319148936170212,0.0871678975031721,0.0,,,,,,,,,,,,,,,,,,,,,,,,,,,,,,,,,,,,,,,REG,,,,,,,,,6.0,6.0,0.0,outdoors,grass,,,,,,,,,,,,,,,,,,,,,,,,,,,,,2026-12-19,5,True,True,False,202615,1649.9520100937982,1696.6438276620331,-46.69181756823491,,,,False,False,False,False,False,False,False,False,False,False,False,False,False,False,False,False,False,False,False,False,False,False,False,False,False,True,False,False,False,False,False,False,False,False,False,False,False,False,False,False,False,False,False,False,False,False,False,False,False,False,False,False,False,False,False,False,False,False,False,True,False,False,False,False
2026,15,2026_15_SF_LAC,2026-12-17,LAC,SF,,,,,3.0,17.5,0.0,532.0,-899.0,9.0,41.5,7.5,8.5,50.5,9.0,0.0233865970667214,0.4464285714285714,0.0595238095238095,0.0225183823529411,0.5273735273735274,0.0793485793485793,-0.1229346651849691,0.0259875259875259,3.0,16.0,0.0,164.0,-198.0,3.5,45.5,7.0,7.0,35.0,10.0,0.0233865970667214,0.4464285714285715,0.0595238095238095,0.0225183823529411,0.5273735273735274,0.0793485793485793,-0.1229346651849691,0.0259875259875259,10.666666666666666,24.33333333333333,0.3333333333333333,104.0,-148.66666666666666,3.333333333333333,45.5,6.666666666666667,9.0,49.66666666666666,11.666666666666666,0.0155734617353427,0.5,0.0454545454545454,0.0285714285714285,0.5362318840579711,0.072463768115942,-0.1568073379546753,0.0,6.0,41.0,0.0,245.0,-305.0,6.5,44.5,6.0,14.0,46.0,5.0,0.0155734617353427,0.5,0.0454545454545454,0.0285714285714285,0.5362318840579711,0.072463768115942,-0.1568073379546753,0.0,,,,,,,,,,,,,,,,,,,,,,,,,,,,,,,,,,,,,,,REG,,,,,,,,,4.0,4.0,0.0,dome,matrixturf,,,,,,,,,,,,,,,,,,,,,,,,,,,,,2026-12-17,3,False,True,False,202615,1544.5953503912492,1583.348134919415,-38.75278452816588,,,,False,False,False,False,False,False,False,False,False,False,False,False,False,False,False,False,True,False,False,False,False,False,False,False,False,False,False,False,False,False,False,False,False,False,False,False,False,False,False,False,False,False,False,False,False,False,False,False,False,False,False,False,False,False,False,False,False,False,False,False,True,False,False,False
2026,16,2026_16_ARI_NO,2026-12-27,NO,ARI,,,,,17.0,19.0,0.0,170.0,-205.0,4.5,43.5,7.0,6.0,74.5,8.0,-0.0180411892169067,0.4781861903126074,0.02722432153899,0.0086206896551724,0.4823137744486059,0.036482175058954,0.0595209712024943,0.0280898876404494,17.0,19.0,0.0,170.0,-205.0,4.5,43.5,7.0,6.0,71.0,14.0,0.0066098958855891,0.4929577464788732,0.0422535211267605,0.0172413793103448,0.4814814814814814,0.0617283950617283,-0.0914376671834314,0.0,20.0,37.0,0.0,800.0,-1350.0,14.5,49.5,7.0,6.0,65.0,9.0,0.1173949707569916,0.5111111111111111,0.0777777777777777,0.0135135135135135,0.5657894736842105,0.0789473684210526,-0.1643739870092442,0.0131578947368421,17.0,37.0,0.0,537.5,-847.5,10.75,51.0,7.0,6.5,65.0,9.0,0.0162748594916824,0.4499518999518999,0.0412578162578162,0.0282508472955502,0.493474540008558,0.0710312366281557,-0.0664560829208974,0.0165810868635002,,,,,,,,,,,,,,,,,,,,,,,,,,,,,,,,,,,,,,,REG,,,,,,,,,7.0,7.0,0.0,dome,sportturf,,,,,,,,,,,,,,,,,,,,,,,,,,,,,2026-12-27,6,True,True,False,202616,1383.345988389273,1319.761952516942,63.584035872331015,,,,False,False,False,False,False,False,False,False,False,False,False,False,False,False,False,False,False,False,False,False,False,False,True,False,False,False,False,False,False,False,False,False,True,False,False,False,False,False,False,False,False,False,False,False,False,False,False,False,False,False,False,False,False,False,False,False,False,False,False,False,False,False,False,False
2026,16,2026_16_BUF_DEN,2026-12-25,DEN,BUF,,,,,7.0,10.0,0.0,-205.0,170.0,-3.5,43.5,7.0,8.0,26.0,10.0,-0.0227484817866443,0.4131578947368421,0.0223684210526315,0.0080645161290322,0.3970394736842104,0.03125,0.0744512837058526,0.0,19.666666666666668,14.333333333333334,0.6666666666666666,265.0,-516.6666666666666,4.166666666666667,42.16666666666666,7.0,10.333333333333334,42.66666666666666,7.666666666666667,-0.1081380890186355,0.3421052631578947,0.0131578947368421,0.0161290322580645,0.3815789473684211,0.0,0.1443510336263754,0.0,30.666666666666668,21.666666666666668,0.6666666666666666,250.66666666666663,-347.3333333333333,5.166666666666667,45.5,6.666666666666667,9.0,41.66666666666666,8.0,0.070936926377752,0.4867782819590048,0.0751056172742919,0.0290300546448087,0.5034902597402596,0.0447240259740259,-0.0205351970675527,0.0127435064935064,30.0,33.0,0.0,100.0,-120.0,1.5,45.5,6.0,13.0,36.0,5.0,0.070936926377752,0.4867782819590049,0.0751056172742919,0.0290300546448087,0.5034902597402597,0.0447240259740259,-0.0205351970675527,0.0127435064935064,,,,,,,,,,,,,,,,,,,,,,,,,,,,,,,,,,,,,,,REG,,,,,,,,,5.0,6.0,-1.0,outdoors,grass,,,,,,,,,,,,,,,,,,,,,,,,,,,,,2026-12-25,4,False,True,False,202616,1638.3025337449608,1666.4029573285284,-28.10042358356759,,,,False,False,False,False,False,False,False,False,False,True,False,False,False,False,False,False,False,False,False,False,False,False,False,False,False,False,False,False,False,False,False,False,False,False,False,True,False,False,False,False,False,False,False,False,False,False,False,False,False,False,False,False,False,False,False,False,False,False,False,False,False,False,False,False
2026,16,2026_16_CAR_PIT,2026-12-27,PIT,CAR,,,,,6.0,30.0,0.0,-155.0,130.0,-3.0,38.5,8.0,8.0,32.0,9.0,0.1136779590808773,0.4266666666666667,0.0666666666666666,0.0,0.4329896907216495,0.0103092783505154,0.0803353393494785,0.0,6.0,30.0,0.0,-155.0,130.0,-3.0,38.5,8.0,8.0,32.0,9.0,0.1136779590808773,0.4266666666666667,0.0666666666666666,0.0,0.4329896907216495,0.0103092783505154,0.0803353393494785,0.0,31.0,34.0,0.0,-550.0,410.0,-10.0,44.5,6.0,7.0,72.0,16.0,0.1527092656444412,0.5647058823529412,0.0470588235294117,0.0149253731343283,0.4520547945205479,0.0410958904109589,-0.1765672880205567,0.0,31.0,34.0,0.0,-550.0,410.0,-10.0,44.5,6.0,7.0,72.0,16.0,0.1527092656444412,0.5647058823529412,0.0470588235294117,0.0149253731343283,0.4520547945205479,0.0410958904109589,-0.1765672880205567,0.0,,,,,,,,,,,,,,,,,,,,,,,,,,,,,,,,,,,,,,,REG,,,,,,,,,7.0,7.0,0.0,outdoors,grass,,,,,,,,,,,,,,,,,,,,,,,,,,,,,2026-12-27,6,True,True,False,202616,1556.618019066946,1377.4347187735248,179.1833002934211,,,,False,False,False,False,False,False,False,False,False,False,False,False,False,False,False,False,False,False,False,False,False,False,False,False,False,False,True,False,False,False,False,False,False,False,False,False,True,False,False,False,False,False,False,False,False,False,False,False,False,False,False,False,False,False,False,False,False,False,False,False,False,False,False,False
2026,16,2026_16_CIN_IND,2026-12-27,IND,CIN,,,,,30.0,38.0,0.0,400.0,-535.0,9.5,37.5,7.0,8.0,56.0,8.0,0.2033921846217974,0.5362280701754386,0.0594736842105263,0.0083333333333333,0.5055555555555555,0.0510840108401084,0.0528343501358464,0.017750677506775,24.666666666666668,36.333333333333336,0.0,-16.666666666666668,-55.0,0.5,44.16666666666666,7.333333333333333,7.333333333333333,56.0,8.0,0.2033921846217974,0.5362280701754387,0.0594736842105263,0.0083333333333333,0.5055555555555555,0.0510840108401084,0.0528343501358464,0.017750677506775,18.0,20.0,0.0,350.0,-455.0,9.5,47.5,7.0,7.0,37.0,0.0,-0.2291247971344692,0.4010620915032679,0.0218464052287581,0.0456876456876456,0.5125000000000001,0.0659812316208268,-0.1323834596187633,0.0077127659574468,18.0,20.0,0.0,350.0,-455.0,9.5,47.5,7.0,7.0,37.0,0.0,0.038678532175862,0.5091820987654321,0.01875,0.023076923076923,0.5620833333333333,0.0779166666666666,-0.2009694667180247,0.0129166666666666,,,,,,,,,,,,,,,,,,,,,,,,,,,,,,,,,,,,,,,REG,,,,,,,,,7.0,7.0,0.0,,fieldturf,,,,,,,,,,,,,,,,,,,,,,,,,,,,,2026-12-27,6,True,True,False,202616,1437.679005345844,1481.1897919754094,-43.51078662956547,,,,False,False,False,False,False,False,False,False,False,False,False,False,False,True,False,False,False,False,False,False,False,False,False,False,False,False,False,False,False,False,False,False,False,False,False,False,False,False,True,False,False,False,False,False,False,False,False,False,False,False,False,False,False,False,False,False,False,False,False,False,False,False,False,False
2026,16,2026_16_CLE_BAL,2026-12-27,BAL,CLE,,,,,32.5,25.0,0.5,-52.5,21.5,-1.0,40.0,7.0,7.0,30.5,6.5,-0.1854595648790932,0.444311999823029,0.0332773492471076,0.0481242895035998,0.5130707527766352,0.0514843000137117,-0.1370565776934255,0.0051282051282051,32.5,25.0,0.5,-52.5,21.5,-1.0,40.0,7.0,7.0,30.5,6.5,-0.2630402502313445,0.4044943820224719,0.0112359550561797,0.0384615384615384,0.4615384615384615,0.0615384615384615,0.0837621647564422,0.0153846153846153,16.5,12.0,1.0,72.5,-142.5,2.5,41.5,7.0,7.0,41.0,7.0,-0.0803353393494785,0.4329896907216495,0.0103092783505154,0.0,0.4266666666666667,0.0666666666666666,-0.1136779590808773,0.0,20.0,18.0,1.0,350.0,-455.0,9.5,47.5,7.0,7.0,37.0,0.0,-0.0803353393494785,0.4329896907216495,0.0103092783505154,0.0,0.4266666666666667,0.0666666666666666,-0.1136779590808773,0.0,,,,,,,,,,,,,,,,,,,,,,,,,,,,,,,,,,,,,,,REG,,,,,,,,,7.0,7.0,0.0,outdoors,grass,,,,,,,,,,,,,,,,,,,,,,,,,,,,,2026-12-27,6,True,True,False,202616,1578.0455867869105,1386.3667230875474,191.6788636993631,,,,False,False,True,False,False,False,False,False,False,False,False,False,False,False,False,False,False,False,False,False,False,False,False,False,False,False,False,False,False,False,False,False,False,False,False,False,False,False,False,True,False,False,False,False,False,False,False,False,False,False,False,False,False,False,False,False,False,False,False,False,False,False,False,False
2026,16,2026_16_GB_CHI,2026-12-25,CHI,GB,,,,,17.0,20.0,0.0,-205.0,170.0,-3.5,49.5,8.0,8.0,19.0,6.0,0.0643561533373377,0.463863958431743,0.0457408282160289,0.0071428571428571,0.5141065830721003,0.0514629049111807,0.0882937781291842,0.0532915360501567,24.0,23.5,0.5,-170.0,142.0,-3.0,47.5,7.0,7.0,25.5,6.0,-0.071738076800538,0.4482758620689655,0.0229885057471264,0.0142857142857142,0.5454545454545454,0.0454545454545454,0.1720169777619444,0.0606060606060606,15.0,23.5,0.0,167.5,-268.0,5.0,41.5,7.0,8.0,32.0,6.0,0.2301455305975216,0.5552380952380953,0.08,0.0135746606334841,0.5265432098765431,0.0222222222222222,-0.1624631427304749,0.0,15.0,23.5,0.0,167.5,-268.0,5.0,41.5,7.0,8.0,32.0,6.0,0.2162270759575981,0.5866666666666667,0.0933333333333333,0.0153846153846153,0.5308641975308642,0.0,-0.096469006857219,0.0,,,,,,,,,,,,,,,,,,,,,,,,,,,,,,,,,,,,,,,REG,,,,,,,,,6.0,5.0,1.0,outdoors,grass,,,,,,,,,,,,,,,,,,,,,,,,,,,,,2026-12-25,4,False,True,False,202616,1514.6679180567303,1539.032218535977,-24.364300479246594,,,,False,False,False,False,False,True,False,False,False,False,False,False,False,False,False,False,False,False,False,False,False,False,False,False,False,False,False,False,False,False,False,False,False,False,False,False,False,False,False,False,False,False,False,True,False,False,False,False,False,False,False,False,False,False,False,False,False,False,False,False,False,False,False,False
2026,16,2026_16_HOU_PHI,2026-12-24,PHI,HOU,,,,,16.333333333333332,19.666666666666668,0.3333333333333333,169.0,-205.0,4.0,42.833333333333336,8.666666666666666,7.0,39.66666666666666,12.333333333333334,-0.0184483396664943,0.4597711267605633,0.0664612676056338,0.0169491525423728,0.4777374470659407,0.0502722323049001,-0.1165581047925637,0.0,18.0,23.5,0.0,182.5,-222.5,4.5,41.5,9.0,7.0,40.5,15.5,-0.0184483396664943,0.4597711267605633,0.0664612676056338,0.0169491525423728,0.4777374470659407,0.0502722323049001,-0.1165581047925637,0.0,16.0,28.0,0.0,150.0,-180.0,3.0,40.5,6.0,7.0,35.0,2.0,0.0533790308502182,0.4644958199395844,0.0482174963223943,0.015625,0.3833401292738915,0.0338683248761628,0.2568214699633028,0.0250826839434577,16.0,28.0,0.0,150.0,-180.0,3.0,40.5,6.0,7.0,35.0,2.0,0.3125411621615371,0.611764705882353,0.0588235294117647,0.0,0.4354838709677419,0.032258064516129,0.2504813458722078,0.0483870967741935,,,,,,,,,,,,,,,,,,,,,,,,,,,,,,,,,,,,,,,REG,,,,,,,,,5.0,4.0,1.0,outdoors,grass,,,,,,,,,,,,,,,,,,,,,,,,,,,,,2026-12-24,3,False,True,False,202616,1649.9520100937982,1605.140838642905,44.8111714508932,,,,False,False,False,False,False,False,False,False,False,False,False,False,False,False,False,False,False,False,False,False,False,False,False,False,False,True,False,False,False,False,False,False,False,False,False,False,False,False,False,False,False,False,False,False,True,False,False,False,False,False,False,False,False,False,False,False,False,False,False,False,False,False,False,False
2026,16,2026_16_JAX_DAL,2026-12-27,DAL,JAX,,,,,17.0,34.0,0.0,-166.0,140.0,-3.0,50.5,10.0,7.0,33.0,7.0,0.1765672880205567,0.4520547945205479,0.0410958904109589,0.0,0.5647058823529412,0.0470588235294117,-0.1527092656444412,0.0117647058823529,17.0,34.0,0.0,-166.0,140.0,-3.0,50.5,10.0,7.0,33.0,7.0,0.1765672880205567,0.4520547945205479,0.0410958904109589,0.0,0.5647058823529412,0.0470588235294117,-0.1527092656444412,0.0117647058823529,32.5,17.0,0.5,313.5,-436.0,7.0,49.0,7.0,7.0,58.5,7.0,-0.0871678975031721,0.3723404255319149,0.0319148936170212,0.0,0.4305555555555556,0.0694444444444444,-0.0392252822861889,0.0,32.5,17.0,0.5,313.5,-436.0,7.0,49.0,7.0,7.0,58.5,7.0,-0.0871678975031721,0.3723404255319149,0.0319148936170212,0.0,0.4305555555555556,0.0694444444444444,-0.0392252822861889,0.0,,,,,,,,,,,,,,,,,,,,,,,,,,,,,,,,,,,,,,,REG,,,,,,,,,7.0,7.0,0.0,,matrixturf,,,,,,,,,,,,,,,,,,,,,,,,,,,,,2026-12-27,6,True,True,False,202616,1479.772732868715,1525.772439316325,-45.99970644761015,,,,False,False,False,False,False,False,False,False,True,False,False,False,False,False,False,False,False,False,False,False,False,False,False,False,False,False,False,False,False,False,False,False,False,False,False,False,False,False,False,False,False,False,False,False,False,False,True,False,False,False,False,False,False,False,False,False,False,False,False,False,False,False,False,False
2026,16,2026_16_LAC_MIA,2026-12-27,MIA,LAC,,,,,10.0,38.0,0.0,650.0,-1000.0,14.0,44.5,7.0,7.0,29.0,6.0,0.0607676456638933,0.4871794871794871,0.0641025641025641,0.05,0.5,0.0714285714285714,-0.1284466838901518,0.0119047619047619,10.0,38.0,0.0,650.0,-1000.0,14.0,44.5,7.0,7.0,29.0,6.0,0.0607676456638933,0.4871794871794871,0.0641025641025641,0.05,0.5,0.0714285714285714,-0.1284466838901518,0.0119047619047619,3.0,16.0,0.0,164.0,-198.0,3.5,45.5,7.0,7.0,35.0,10.0,0.1284466838901518,0.5,0.0714285714285714,0.015625,0.4871794871794871,0.0641025641025641,-0.0607676456638933,0.0384615384615384,3.0,17.5,0.0,532.0,-899.0,9.0,41.5,7.5,8.5,50.5,9.0,0.1284466838901518,0.5,0.0714285714285714,0.015625,0.4871794871794871,0.0641025641025641,-0.0607676456638933,0.0384615384615384,,,,,,,,,,,,,,,,,,,,,,,,,,,,,,,,,,,,,,,REG,,,,,,,,,7.0,10.0,-3.0,outdoors,grass,,,,,,,,,,,,,,,,,,,,,,,,,,,,,2026-12-27,6,True,True,False,202616,1461.1041439662474,1544.5953503912492,-83.49120642500179,,,,False,False,False,False,False,False,False,False,False,False,False,False,False,False,False,False,False,False,False,True,False,False,False,False,False,False,False,False,False,False,False,False,False,False,False,False,False,False,False,False,False,False,False,False,False,False,False,False,True,False,False,False,False,False,False,False,False,False,False,False,False,False,False,False
2026,16,2026_16_LAR_SEA,2026-12-25,SEA,LAR,,,,,33.666666666666664,15.333333333333334,1.0,42.333333333333336,-84.0,1.5,45.16666666666666,9.0,12.0,51.333333333333336,4.666666666666667,0.0392252822861889,0.4305555555555556,0.0694444444444444,0.0,0.3723404255319149,0.0319148936170212,0.0871678975031721,0.0,29.0,13.0,1.0,-238.0,195.0,-4.5,45.5,14.0,14.0,67.0,7.0,0.1144488629049143,0.4884662537101562,0.0859715036544304,0.0112994350282485,0.4547316873744645,0.0453083062265593,-0.081945762283232,0.0119047619047619,27.0,31.0,0.0,120.0,-142.0,2.5,45.5,7.0,8.0,41.0,2.0,0.0435270003079789,0.4772052176159111,0.0510357500835282,0.015625,0.479603772682405,0.0496751454579854,-0.0607676456638933,0.0111111111111111,23.5,24.0,0.5,-42.5,14.0,-0.5,47.5,7.5,8.0,30.0,4.0,0.0398563754918588,0.4802939676357398,0.0510357500835282,0.0151515151515151,0.4785789127397851,0.049859980304922,-0.0249730269571986,0.0129166666666666,,,,,,,,,,,,,,,,,,,,,,,,,,,,,,,,,,,,,,,REG,,,,,,,,,6.0,5.0,1.0,outdoors,fieldturf,,,,,,,,,,,,,,,,,,,,,,,,,,,,,2026-12-25,4,False,True,False,202616,1696.6438276620331,1615.2910837085915,81.3527439534414,,,,False,False,False,False,False,False,False,False,False,False,False,False,False,False,False,False,False,False,False,False,False,False,False,False,False,False,False,True,False,False,False,False,False,False,False,False,False,False,False,False,False,False,False,False,False,False,False,False,False,True,False,False,False,False,False,False,False,False,False,False,False,False,False,False
2026,16,2026_16_NE_NYJ,2026-12-27,NYJ,NE,,,,,9.0,38.5,0.0,-200.0,-87.5,0.0,41.0,7.0,7.0,28.0,8.5,-0.1443510336263754,0.3815789473684211,0.0,0.0,0.3421052631578947,0.0131578947368421,0.1081380890186355,0.0131578947368421,8.0,35.0,0.0,550.0,-800.0,12.5,39.5,7.0,7.0,27.0,13.0,-0.0150656208045137,0.4831600606454407,0.049214747627446,0.0185577942735949,0.4323890246833253,0.0384097983012995,-0.1085806690822963,0.0043859649122807,13.0,29.0,0.0,-238.0,195.0,-4.5,45.5,14.0,14.0,67.0,7.0,0.1355494985187377,0.4750681417348084,0.0732456843567954,0.0053763440860215,0.4900820702268357,0.0496751454579854,0.0509752693982798,0.0167430284518355,11.5,18.0,0.5,-221.5,182.5,-4.0,44.5,10.5,11.0,46.5,8.5,0.0801241132837174,0.5004810004810004,0.0568382235048901,0.0080645161290322,0.4994909214322077,0.0572713388766332,-0.013008036605015,0.0251145426777532,,,,,,,,,,,,,,,,,,,,,,,,,,,,,,,,,,,,,,,REG,,,,,,,,,7.0,6.0,1.0,outdoors,fieldturf,,,,,,,,,,,,,,,,,,,,,,,,,,,,,2026-12-27,6,True,True,False,202616,1313.30455808606,1585.8241019587574,-272.51954387269734,,,,False,False,False,False,False,False,False,False,False,False,False,False,False,False,False,False,False,False,False,False,False,False,False,False,True,False,False,False,False,False,False,False,False,False,False,False,False,False,False,False,False,False,False,False,False,False,False,False,False,False,False,False,False,True,False,False,False,False,False,False,False,False,False,False
2026,16,2026_16_NYG_DET,2026-12-28,DET,NYG,,,,,19.0,16.0,1.0,150.0,-180.0,3.5,51.5,10.0,7.0,33.0,4.0,0.1263258131208039,0.5513586956521739,0.0602355072463768,0.0081967213114754,0.5237500000000002,0.0320833333333333,-0.1037505790617615,0.01875,17.666666666666668,22.666666666666668,0.3333333333333333,40.0,-106.66666666666669,1.3333333333333333,49.833333333333336,6.666666666666667,6.0,33.0,4.0,0.0669397687631564,0.5652173913043478,0.0579710144927536,0.0,0.56,0.0266666666666666,-0.2266131006290179,0.0,34.0,13.5,1.0,-164.0,138.0,-3.0,45.5,8.5,7.0,33.0,7.0,-0.0200022627243197,0.4772052176159111,0.0401007361487795,0.0324675324675324,0.4852284438337341,0.0413088285812435,0.0375187099335308,0.0140845070422535,34.0,17.0,1.0,-166.0,140.0,-3.0,50.5,10.0,7.0,33.0,7.0,-0.0200022627243197,0.4772052176159113,0.0401007361487795,0.0324675324675324,0.4852284438337341,0.0413088285812435,0.0375187099335308,0.0140845070422535,,,,,,,,,,,,,,,,,,,,,,,,,,,,,,,,,,,,,,,REG,,,,,,,,,8.0,8.0,0.0,dome,fieldturf,,,,,,,,,,,,,,,,,,,,,,,,,,,,,2026-12-28,0,False,True,False,202616,1612.0619915358989,1334.4357605851203,277.62623095077834,,,,False,False,False,False,False,False,False,False,False,False,True,False,False,False,False,False,False,False,False,False,False,False,False,False,False,False,False,False,False,False,False,False,False,False,False,False,False,False,False,False,False,False,False,False,False,False,False,False,False,False,False,False,False,False,False,True,False,False,False,False,False,False,False,False
2026,16,2026_16_SF_KC,2026-12-27,KC,SF,,,,,12.5,17.0,0.0,-662.5,442.5,-8.5,37.0,7.0,5.5,51.0,8.0,0.177100982012437,0.5848780487804878,0.0560162601626016,0.0073529411764705,0.563430613460393,0.0632320825888425,-0.1144140200283527,0.0136986301369863,12.0,14.0,0.0,-225.0,185.0,-3.5,36.5,10.0,7.0,51.0,8.0,0.2266131006290179,0.56,0.0266666666666666,0.0,0.5652173913043478,0.0579710144927536,-0.0669397687631564,0.0,10.666666666666666,24.33333333333333,0.3333333333333333,104.0,-148.66666666666666,3.333333333333333,45.5,6.666666666666667,9.0,49.66666666666666,11.666666666666666,0.0155734617353427,0.5,0.0454545454545454,0.0285714285714285,0.5362318840579711,0.072463768115942,-0.1568073379546753,0.0,6.0,41.0,0.0,245.0,-305.0,6.5,44.5,6.0,14.0,46.0,5.0,0.0155734617353427,0.5,0.0454545454545454,0.0285714285714285,0.5362318840579711,0.072463768115942,-0.1568073379546753,0.0,,,,,,,,,,,,,,,,,,,,,,,,,,,,,,,,,,,,,,,REG,,,,,,,,,6.0,10.0,-4.0,outdoors,grass,,,,,,,,,,,,,,,,,,,,,,,,,,,,,2026-12-27,6,True,True,False,202616,1568.5096461993949,1583.348134919415,-14.838488720020225,,,,False,False,False,False,False,False,False,False,False,False,False,False,False,False,False,True,False,False,False,False,False,False,False,False,False,False,False,False,False,False,False,False,False,False,False,False,False,False,False,False,False,False,False,False,False,False,False,False,False,False,False,False,False,False,False,False,False,False,False,False,True,False,False,False
2026,16,2026_16_TB_ATL,2026-12-27,ATL,TB,,,,,23.0,20.5,1.0,-105.0,47.5,-1.5,46.0,9.0,7.0,56.0,5.0,0.2066862874714405,0.5357142857142857,0.0714285714285714,0.0151515151515151,0.5405405405405406,0.054054054054054,-0.1680928117305812,0.0135135135135135,19.0,17.0,1.0,170.0,-205.0,4.5,43.5,7.0,6.0,56.0,5.0,-0.0534291529297539,0.4476979345955249,0.0563898450946643,0.0349147584441702,0.4819012901204682,0.0425350534939576,0.0448360774173552,0.0198891198891198,17.666666666666668,19.0,0.3333333333333333,-91.66666666666669,60.0,-1.8333333333333333,44.16666666666666,7.666666666666667,6.666666666666667,70.0,7.333333333333333,0.247825374645513,0.5378527841342486,0.0822845156369183,0.0,0.5357142857142856,0.0681818181818181,-0.1295347960640677,0.0243506493506493,16.0,14.0,1.0,130.0,-155.0,3.0,43.5,6.0,6.0,69.0,11.0,0.1568073379546753,0.5362318840579711,0.072463768115942,0.0,0.5,0.0454545454545454,-0.0155734617353427,0.0227272727272727,,,,,,,,,,,,,,,,,,,,,,,,,,,,,,,,,,,,,,,REG,,,,,,,,,7.0,7.0,0.0,,fieldturf,,,,,,,,,,,,,,,,,,,,,,,,,,,,,2026-12-27,6,True,True,False,202616,1445.0858892675242,1470.1517775866828,-25.065888319158603,,,,False,True,False,False,False,False,False,False,False,False,False,False,False,False,False,False,False,False,False,False,False,False,False,False,False,False,False,False,False,False,False,False,False,False,False,False,False,False,False,False,False,False,False,False,False,False,False,False,False,False,False,False,False,False,False,False,False,False,False,False,False,True,False,False
2026,16,2026_16_TEN_LV,2026-12-27,LV,TEN,,,,,15.0,23.0,0.3333333333333333,171.0,-426.3333333333333,2.6666666666666665,38.833333333333336,8.0,7.0,30.0,20.0,-0.145585810389524,0.467948717948718,0.0250156347717323,0.0229026036644165,0.4572807017543859,0.0528947368421052,-0.0133930616448703,0.0197368421052631,12.0,23.0,0.5,-193.5,160.5,-3.25,38.5,8.5,7.0,30.0,20.0,-0.0681079497503636,0.4358974358974359,0.0256410256410256,0.0163934426229508,0.4078947368421052,0.0657894736842105,0.21562425894461,0.0394736842105263,7.0,41.0,0.0,525.0,-750.0,12.5,46.5,7.0,7.0,55.0,8.0,-0.1206275866134615,0.4295571245186136,0.0511874197689345,0.0470588235294117,0.4111305361305362,0.0298659673659673,0.0654200575244126,0.0177738927738927,16.5,37.5,0.0,202.5,-325.0,5.5,43.0,7.0,7.0,63.0,11.0,-0.1797030316576704,0.4200342440774887,0.0458351871571945,0.0318560300832661,0.4585293602061894,0.0471145554987018,-0.0502950378237241,0.0088869463869463,,,,,,,,,,,,,,,,,,,,,,,,,,,,,,,,,,,,,,,REG,,,,,,,,,7.0,7.0,0.0,dome,grass,,,,,,,,,,,,,,,,,,,,,,,,,,,,,2026-12-27,6,True,True,False,202616,1310.3927345248208,1280.5185423036069,29.87419222121389,,,,False,False,False,False,False,False,False,False,False,False,False,False,False,False,False,False,False,False,True,False,False,False,False,False,False,False,False,False,False,False,False,False,False,False,False,False,False,False,False,False,False,False,False,False,False,False,False,False,False,False,False,False,False,False,False,False,False,False,False,False,False,False,True,False
2026,16,2026_16_WAS_MIN,2026-12-27,MIN,WAS,,,,,18.33333333333333,8.666666666666666,1.0,-12.666666666666666,-80.33333333333333,1.0,41.5,6.333333333333333,7.0,46.0,20.0,0.0469389826747511,0.4802939676357398,0.0602936736002497,0.0184619302266361,0.4413848631239935,0.0300483091787439,0.1274910526954789,0.0222222222222222,19.5,6.5,1.0,55.0,-182.5,2.75,41.5,6.0,7.0,46.0,20.0,0.0435270003079789,0.4683544303797468,0.0759493670886076,0.0294117647058823,0.4111111111111111,0.0333333333333333,0.0080417907340721,0.0,23.5,23.5,0.5,-175.0,100.0,-2.75,44.5,7.0,6.0,42.5,8.0,0.1851016847060448,0.5675675675675675,0.0945945945945946,0.0161290322580645,0.3928571428571428,0.0476190476190476,0.0816734897567089,0.0238095238095238,23.5,24.25,0.5,-151.5,88.0,-2.5,44.75,6.75,7.75,38.5,9.0,0.1916660889833809,0.5491939307728781,0.0670934091986723,0.01707225051877,0.4404761904761905,0.0595238095238095,-0.0346707496833004,0.0119047619047619,,,,,,,,,,,,,,,,,,,,,,,,,,,,,,,,,,,,,,,REG,,,,,,,,,7.0,7.0,0.0,dome,sportturf,,,,,,,,,,,,,,,,,,,,,,,,,,,,,2026-12-27,6,True,True,False,202616,1586.6484823812723,1452.598540392987,134.04994198828558,,,,False,False,False,False,False,False,False,False,False,False,False,False,False,False,False,False,False,False,False,False,True,False,False,False,False,False,False,False,False,False,False,False,False,False,False,False,False,False,False,False,False,False,False,False,False,False,False,False,False,False,False,False,False,False,False,False,False,False,False,False,False,False,False,True
2026,17,2026_17_BAL_CIN,2026-12-31,CIN,BAL,,,,,33.333333333333336,18.33333333333333,0.6666666666666666,140.0,-210.0,4.333333333333333,49.5,7.0,6.666666666666667,61.0,5.333333333333333,0.096469006857219,0.5308641975308642,0.0,0.0,0.5866666666666667,0.0933333333333333,-0.2162270759575981,0.0133333333333333,27.5,17.0,0.5,312.5,-400.0,8.25,50.0,7.0,7.0,51.0,4.5,0.096469006857219,0.5308641975308642,0.0,0.0,0.5866666666666667,0.0933333333333333,-0.2162270759575981,0.0133333333333333,24.0,26.0,0.0,-225.0,185.0,-4.5,41.5,8.0,7.0,25.0,3.0,-0.2630402502313445,0.4044943820224719,0.0112359550561797,0.0384615384615384,0.4615384615384615,0.0615384615384615,0.0837621647564422,0.0153846153846153,24.0,26.0,0.0,-225.0,185.0,-4.5,41.5,8.0,7.0,25.0,3.0,-0.2567607980517761,0.419989126495107,0.0217470097861544,0.0549450549450549,0.5366515837104072,0.0601809954751131,-0.1143894987025474,0.0076923076923076,,,,,,,,,,,,,,,,,,,,,,,,,,,,,,,,,,,,,,,REG,,,,,,,,,4.0,4.0,0.0,outdoors,fieldturf,,,,,,,,,,,,,,,,,,,,,,,,,,,,,2026-12-31,3,False,True,False,202617,1481.1897919754094,1578.0455867869105,-96.85579481150104,,,,False,False,False,False,False,False,True,False,False,False,False,False,False,False,False,False,False,False,False,False,False,False,False,False,False,False,False,False,False,False,False,False,False,False,True,False,False,False,False,False,False,False,False,False,False,False,False,False,False,False,False,False,False,False,False,False,False,False,False,False,False,False,False,False
2026,17,2026_17_BUF_MIA,2027-01-03,MIA,BUF,,,,,10.0,38.0,0.0,650.0,-1000.0,14.0,44.5,7.0,7.0,29.0,6.0,0.0607676456638933,0.4871794871794871,0.0641025641025641,0.05,0.5,0.0714285714285714,-0.1284466838901518,0.0119047619047619,10.0,38.0,0.0,650.0,-1000.0,14.0,44.5,7.0,7.0,29.0,6.0,0.0607676456638933,0.4871794871794871,0.0641025641025641,0.05,0.5,0.0714285714285714,-0.1284466838901518,0.0119047619047619,30.666666666666668,21.666666666666668,0.6666666666666666,250.66666666666663,-347.3333333333333,5.166666666666667,45.5,6.666666666666667,9.0,41.66666666666666,8.0,0.070936926377752,0.4867782819590048,0.0751056172742919,0.0290300546448087,0.5034902597402596,0.0447240259740259,-0.0205351970675527,0.0127435064935064,30.0,33.0,0.0,100.0,-120.0,1.5,45.5,6.0,13.0,36.0,5.0,0.070936926377752,0.4867782819590049,0.0751056172742919,0.0290300546448087,0.5034902597402597,0.0447240259740259,-0.0205351970675527,0.0127435064935064,,,,,,,,,,,,,,,,,,,,,,,,,,,,,,,,,,,,,,,REG,,,,,,,,,7.0,9.0,-2.0,outdoors,grass,,,,,,,,,,,,,,,,,,,,,,,,,,,,,2027-01-03,6,True,True,False,202617,1461.1041439662474,1666.4029573285284,-205.29881336228092,,,,False,False,False,False,False,False,False,False,False,False,False,False,False,False,False,False,False,False,False,True,False,False,False,False,False,False,False,False,False,False,False,False,False,False,False,True,False,False,False,False,False,False,False,False,False,False,False,False,False,False,False,False,False,False,False,False,False,False,False,False,False,False,False,False
2026,17,2026_17_DEN_NE,2027-01-03,NE,DEN,,,,,11.5,18.0,0.5,-221.5,182.5,-4.0,44.5,10.5,11.0,46.5,8.5,0.0914376671834314,0.4814814814814814,0.0617283950617283,0.0,0.4929577464788732,0.0422535211267605,-0.0066098958855891,0.0140845070422535,13.0,29.0,0.0,-238.0,195.0,-4.5,45.5,14.0,14.0,67.0,7.0,0.0914376671834314,0.4814814814814814,0.0617283950617283,0.0,0.4929577464788732,0.0422535211267605,-0.0066098958855891,0.0140845070422535,19.666666666666668,14.333333333333334,0.6666666666666666,265.0,-516.6666666666666,4.166666666666667,42.16666666666666,7.0,10.333333333333334,42.66666666666666,7.666666666666667,-0.1081380890186355,0.3421052631578947,0.0131578947368421,0.0161290322580645,0.3815789473684211,0.0,0.1443510336263754,0.0,7.0,10.0,0.0,-205.0,170.0,-3.5,43.5,7.0,8.0,26.0,10.0,0.0414472072862379,0.4421052631578948,0.0397349757372153,0.009441384736428,0.3921439628482971,0.025735294117647,0.1013533222154219,0.0,,,,,,,,,,,,,,,,,,,,,,,,,,,,,,,,,,,,,,,REG,,,,,,,,,7.0,9.0,-2.0,outdoors,fieldturf,,,,,,,,,,,,,,,,,,,,,,,,,,,,,2027-01-03,6,True,True,False,202617,1585.8241019587574,1638.3025337449608,-52.47843178620337,,,,False,False,False,False,False,False,False,False,False,False,False,False,False,False,False,False,False,False,False,False,False,True,False,False,False,False,False,False,False,False,False,False,False,False,False,False,False,False,False,False,False,True,False,False,False,False,False,False,False,False,False,False,False,False,False,False,False,False,False,False,False,False,False,False
2026,17,2026_17_DET_CHI,2027-01-03,CHI,DET,,,,,17.0,20.0,0.0,-205.0,170.0,-3.5,49.5,8.0,8.0,19.0,6.0,0.0643561533373377,0.463863958431743,0.0457408282160289,0.0071428571428571,0.5141065830721003,0.0514629049111807,0.0882937781291842,0.0532915360501567,24.0,23.5,0.5,-170.0,142.0,-3.0,47.5,7.0,7.0,25.5,6.0,-0.071738076800538,0.4482758620689655,0.0229885057471264,0.0142857142857142,0.5454545454545454,0.0454545454545454,0.1720169777619444,0.0606060606060606,14.5,19.5,0.5,-105.0,52.5,-1.75,48.5,7.0,5.5,33.0,4.0,0.0669397687631564,0.5652173913043478,0.0579710144927536,0.0,0.56,0.0266666666666666,-0.2266131006290179,0.0,19.0,16.0,1.0,150.0,-180.0,3.5,51.5,10.0,7.0,33.0,4.0,0.1263258131208039,0.551358695652174,0.0602355072463768,0.0081967213114754,0.5237499999999999,0.0320833333333333,-0.1037505790617615,0.01875,,,,,,,,,,,,,,,,,,,,,,,,,,,,,,,,,,,,,,,REG,,,,,,,,,9.0,6.0,3.0,outdoors,grass,,,,,,,,,,,,,,,,,,,,,,,,,,,,,2027-01-03,6,True,True,False,202617,1514.6679180567303,1612.0619915358989,-97.39407347916836,,,,False,False,False,False,False,True,False,False,False,False,False,False,False,False,False,False,False,False,False,False,False,False,False,False,False,False,False,False,False,False,False,False,False,False,False,False,False,False,False,False,False,False,True,False,False,False,False,False,False,False,False,False,False,False,False,False,False,False,False,False,False,False,False,False
2026,17,2026_17_HOU_GB,2027-01-04,GB,HOU,,,,,27.0,31.0,0.0,-135.0,114.0,-2.5,45.5,6.0,6.0,32.0,6.0,0.2162270759575981,0.5866666666666667,0.0933333333333333,0.0153846153846153,0.5308641975308642,0.0,-0.096469006857219,0.0,27.0,31.0,0.0,-135.0,114.0,-2.5,45.5,6.0,6.0,32.0,6.0,0.2301455305975216,0.5552380952380952,0.0799999999999999,0.0135746606334841,0.5265432098765431,0.0222222222222222,-0.1624631427304749,0.0,16.0,28.0,0.0,150.0,-180.0,3.0,40.5,6.0,7.0,35.0,2.0,0.0533790308502182,0.4644958199395844,0.0482174963223943,0.015625,0.3833401292738915,0.0338683248761628,0.2568214699633028,0.0250826839434577,16.0,28.0,0.0,150.0,-180.0,3.0,40.5,6.0,7.0,35.0,2.0,0.3125411621615371,0.611764705882353,0.0588235294117647,0.0,0.4354838709677419,0.032258064516129,0.2504813458722078,0.0483870967741935,,,,,,,,,,,,,,,,,,,,,,,,,,,,,,,,,,,,,,,REG,,,,,,,,,10.0,11.0,-1.0,outdoors,grass,,,,,,,,,,,,,,,,,,,,,,,,,,,,,2027-01-04,0,False,True,False,202617,1539.032218535977,1605.140838642905,-66.1086201069279,,,,False,False,False,False,False,False,False,False,False,False,False,True,False,False,False,False,False,False,False,False,False,False,False,False,False,False,False,False,False,False,False,False,False,False,False,False,False,False,False,False,False,False,False,False,True,False,False,False,False,False,False,False,False,False,False,False,False,False,False,False,False,False,False,False
2026,17,2026_17_IND_CLE,2027-01-03,CLE,IND,,,,,20.0,18.0,1.0,350.0,-455.0,9.5,47.5,7.0,7.0,37.0,0.0,-0.1568038440546452,0.3821421277427031,0.0222994752124457,0.0149253731343283,0.4400070323488045,0.068372011251758,-0.0249730269571986,0.0126054852320675,16.5,12.0,1.0,72.5,-142.5,2.5,41.5,7.0,7.0,41.0,7.0,-0.0441885650417753,0.4220504009163803,0.0218213058419243,0.0,0.4475105485232067,0.0713080168776371,-0.0786024796944281,0.0126582278481012,23.5,30.5,0.0,87.5,-175.0,3.0,43.0,7.0,7.0,51.0,9.0,0.1643739870092442,0.5657894736842105,0.0789473684210526,0.0166666666666666,0.5111111111111111,0.0777777777777777,-0.1173949707569916,0.0111111111111111,30.0,38.0,0.0,400.0,-535.0,9.5,37.5,7.0,8.0,51.0,9.0,0.1643739870092442,0.5657894736842105,0.0789473684210526,0.0166666666666666,0.5111111111111111,0.0777777777777777,-0.1173949707569916,0.0111111111111111,,,,,,,,,,,,,,,,,,,,,,,,,,,,,,,,,,,,,,,REG,,,,,,,,,7.0,7.0,0.0,outdoors,grass,,,,,,,,,,,,,,,,,,,,,,,,,,,,,2027-01-03,6,True,True,False,202617,1386.3667230875474,1437.679005345844,-51.31228225829659,,,,False,False,False,False,False,False,False,True,False,False,False,False,False,False,False,False,False,False,False,False,False,False,False,False,False,False,False,False,False,False,False,False,False,False,False,False,False,False,False,False,False,False,False,False,False,True,False,False,False,False,False,False,False,False,False,False,False,False,False,False,False,False,False,False
2026,17,2026_17_KC_LAC,2027-01-03,LAC,KC,,,,,3.0,17.5,0.0,532.0,-899.0,9.0,41.5,7.5,8.5,50.5,9.0,0.0233865970667214,0.4464285714285714,0.0595238095238095,0.0225183823529411,0.5273735273735274,0.0793485793485793,-0.1229346651849691,0.0259875259875259,3.0,16.0,0.0,164.0,-198.0,3.5,45.5,7.0,7.0,35.0,10.0,0.0233865970667214,0.4464285714285715,0.0595238095238095,0.0225183823529411,0.5273735273735274,0.0793485793485793,-0.1229346651849691,0.0259875259875259,12.0,14.0,0.0,-225.0,185.0,-3.5,36.5,10.0,7.0,51.0,8.0,0.2266131006290179,0.56,0.0266666666666666,0.0,0.5652173913043478,0.0579710144927536,-0.0669397687631564,0.0,12.5,17.0,0.0,-662.5,442.5,-8.5,37.0,7.0,5.5,51.0,8.0,0.177100982012437,0.5848780487804878,0.0560162601626016,0.0073529411764705,0.563430613460393,0.0632320825888425,-0.1144140200283528,0.0136986301369862,,,,,,,,,,,,,,,,,,,,,,,,,,,,,,,,,,,,,,,REG,,,,,,,,,7.0,7.0,0.0,dome,matrixturf,,,,,,,,,,,,,,,,,,,,,,,,,,,,,2027-01-03,6,True,True,False,202617,1544.5953503912492,1568.5096461993949,-23.914295808145653,,,,False,False,False,False,False,False,False,False,False,False,False,False,False,False,False,False,True,False,False,False,False,False,False,False,False,False,False,False,False,False,False,False,False,False,False,False,False,False,False,False,False,False,False,False,False,False,False,True,False,False,False,False,False,False,False,False,False,False,False,False,False,False,False,False
2026,17,2026_17_LAR_TB,2027-01-03,TB,LAR,,,,,16.0,14.0,1.0,130.0,-155.0,3.0,43.5,6.0,6.0,69.0,11.0,0.1568073379546753,0.5362318840579711,0.072463768115942,0.0,0.5,0.0454545454545454,-0.0155734617353427,0.0227272727272727,16.5,17.0,0.5,-60.0,25.0,-1.25,44.0,6.5,6.5,74.5,7.0,0.1164786097324092,0.4896546650782632,0.0660922988141253,0.0092592592592592,0.5109890109890111,0.0582750582750582,-0.0692670183179399,0.0162337662337662,27.0,31.0,0.0,120.0,-142.0,2.5,45.5,7.0,8.0,41.0,2.0,0.0435270003079789,0.4772052176159111,0.0510357500835282,0.015625,0.479603772682405,0.0496751454579854,-0.0607676456638933,0.0111111111111111,23.5,24.0,0.5,-42.5,14.0,-0.5,47.5,7.5,8.0,30.0,4.0,0.0398563754918588,0.4802939676357398,0.0510357500835282,0.0151515151515151,0.4785789127397851,0.049859980304922,-0.0249730269571986,0.0129166666666666,,,,,,,,,,,,,,,,,,,,,,,,,,,,,,,,,,,,,,,REG,,,,,,,,,7.0,9.0,-2.0,outdoors,grass,,,,,,,,,,,,,,,,,,,,,,,,,,,,,2027-01-03,6,True,True,False,202617,1470.1517775866828,1615.2910837085915,-145.13930612190893,,,,False,False,False,False,False,False,False,False,False,False,False,False,False,False,False,False,False,False,False,False,False,False,False,False,False,False,False,False,False,True,False,False,False,False,False,False,False,False,False,False,False,False,False,False,False,False,False,False,False,True,False,False,False,False,False,False,False,False,False,False,False,False,False,False
2026,17,2026_17_LV_ARI,2027-01-03,ARI,LV,,,,,17.0,37.0,0.0,537.5,-847.5,10.75,51.0,7.0,6.5,65.0,9.0,0.0162748594916824,0.4499518999518999,0.0412578162578162,0.0282508472955503,0.493474540008558,0.0710312366281557,-0.0664560829208974,0.0165810868635002,20.0,37.0,0.0,800.0,-1350.0,14.5,49.5,7.0,6.0,65.0,9.0,0.1173949707569916,0.5111111111111111,0.0777777777777777,0.0135135135135135,0.5657894736842105,0.0789473684210526,-0.1643739870092442,0.0131578947368421,14.0,12.0,1.0,-225.0,185.0,-3.5,36.5,10.0,7.0,30.0,20.0,-0.0681079497503636,0.4358974358974359,0.0256410256410256,0.0163934426229508,0.4078947368421052,0.0657894736842105,0.21562425894461,0.0394736842105263,14.0,12.0,1.0,-225.0,185.0,-3.5,36.5,10.0,7.0,30.0,20.0,-0.1543961995136641,0.4937839937839938,0.0318286049993367,0.0404256351473469,0.4542790885259125,0.0429259931437789,0.0149839845035991,0.0169893123613631,,,,,,,,,,,,,,,,,,,,,,,,,,,,,,,,,,,,,,,REG,,,,,,,,,7.0,7.0,0.0,,grass,,,,,,,,,,,,,,,,,,,,,,,,,,,,,2027-01-03,6,True,True,False,202617,1319.761952516942,1310.3927345248208,9.36921799212132,,,,True,False,False,False,False,False,False,False,False,False,False,False,False,False,False,False,False,False,False,False,False,False,False,False,False,False,False,False,False,False,False,False,False,False,False,False,False,False,False,False,False,False,False,False,False,False,False,False,False,False,True,False,False,False,False,False,False,False,False,False,False,False,False,False
2026,17,2026_17_MIN_NYJ,2027-01-03,NYJ,MIN,,,,,9.0,38.5,0.0,-200.0,-87.5,0.0,41.0,7.0,7.0,28.0,8.5,-0.1443510336263754,0.3815789473684211,0.0,0.0,0.3421052631578947,0.0131578947368421,0.1081380890186355,0.0131578947368421,8.0,35.0,0.0,550.0,-800.0,12.5,39.5,7.0,7.0,27.0,13.0,-0.0150656208045137,0.4831600606454407,0.049214747627446,0.0185577942735949,0.4323890246833253,0.0384097983012995,-0.1085806690822963,0.0043859649122807,16.0,3.0,1.0,470.0,-650.0,12.5,37.5,8.0,10.0,45.0,2.0,0.0435270003079789,0.4683544303797468,0.0759493670886076,0.0294117647058823,0.4111111111111111,0.0333333333333333,0.0080417907340721,0.0,16.0,3.0,1.0,470.0,-650.0,12.5,37.5,8.0,10.0,46.0,20.0,0.0469389826747511,0.4802939676357398,0.0602936736002497,0.0184619302266361,0.4413848631239935,0.0300483091787439,0.1274910526954789,0.0222222222222222,,,,,,,,,,,,,,,,,,,,,,,,,,,,,,,,,,,,,,,REG,,,,,,,,,7.0,7.0,0.0,outdoors,fieldturf,,,,,,,,,,,,,,,,,,,,,,,,,,,,,2027-01-03,6,True,True,False,202617,1313.30455808606,1586.6484823812723,-273.34392429521245,,,,False,False,False,False,False,False,False,False,False,False,False,False,False,False,False,False,False,False,False,False,False,False,False,False,True,False,False,False,False,False,False,False,False,False,False,False,False,False,False,False,False,False,False,False,False,False,False,False,False,False,False,False,True,False,False,False,False,False,False,False,False,False,False,False
2026,17,2026_17_NO_ATL,2027-01-03,ATL,NO,,,,,23.0,20.5,1.0,-105.0,47.5,-1.5,46.0,9.0,7.0,56.0,5.0,0.2066862874714405,0.5357142857142857,0.0714285714285714,0.0151515151515151,0.5405405405405406,0.054054054054054,-0.1680928117305812,0.0135135135135135,19.0,17.0,1.0,170.0,-205.0,4.5,43.5,7.0,6.0,56.0,5.0,-0.0534291529297539,0.4476979345955249,0.0563898450946643,0.0349147584441702,0.4819012901204682,0.0425350534939576,0.0448360774173552,0.0198891198891198,25.5,22.5,0.5,25.0,-52.5,1.5,41.5,7.0,6.5,71.0,14.0,0.0066098958855891,0.4929577464788732,0.0422535211267605,0.0172413793103448,0.4814814814814814,0.0617283950617283,-0.0914376671834314,0.0,25.0,17.0,0.75,35.5,-69.75,1.75,41.0,8.75,6.75,71.0,14.0,-0.0180411892169067,0.4781861903126074,0.02722432153899,0.0086206896551724,0.4823137744486059,0.036482175058954,0.0595209712024943,0.0280898876404494,,,,,,,,,,,,,,,,,,,,,,,,,,,,,,,,,,,,,,,REG,,,,,,,,,7.0,7.0,0.0,,fieldturf,,,,,,,,,,,,,,,,,,,,,,,,,,,,,2027-01-03,6,True,True,False,202617,1445.0858892675242,1383.345988389273,61.73990087825109,,,,False,True,False,False,False,False,False,False,False,False,False,False,False,False,False,False,False,False,False,False,False,False,False,False,False,False,False,False,False,False,False,False,False,False,False,False,False,False,False,False,False,False,False,False,False,False,False,False,False,False,False,False,False,False,True,False,False,False,False,False,False,False,False,False
2026,17,2026_17_NYG_DAL,2027-01-03,DAL,NYG,,,,,17.0,34.0,0.0,-166.0,140.0,-3.0,50.5,10.0,7.0,33.0,7.0,0.1765672880205567,0.4520547945205479,0.0410958904109589,0.0,0.5647058823529412,0.0470588235294117,-0.1527092656444412,0.0117647058823529,17.0,34.0,0.0,-166.0,140.0,-3.0,50.5,10.0,7.0,33.0,7.0,0.1765672880205567,0.4520547945205479,0.0410958904109589,0.0,0.5647058823529412,0.0470588235294117,-0.1527092656444412,0.0117647058823529,34.0,13.5,1.0,-164.0,138.0,-3.0,45.5,8.5,7.0,33.0,7.0,-0.0200022627243197,0.4772052176159111,0.0401007361487795,0.0324675324675324,0.4852284438337341,0.0413088285812435,0.0375187099335308,0.0140845070422535,34.0,17.0,1.0,-166.0,140.0,-3.0,50.5,10.0,7.0,33.0,7.0,-0.0200022627243197,0.4772052176159113,0.0401007361487795,0.0324675324675324,0.4852284438337341,0.0413088285812435,0.0375187099335308,0.0140845070422535,,,,,,,,,,,,,,,,,,,,,,,,,,,,,,,,,,,,,,,REG,,,,,,,,,7.0,6.0,1.0,,matrixturf,,,,,,,,,,,,,,,,,,,,,,,,,,,,,2027-01-03,6,True,True,False,202617,1479.772732868715,1334.4357605851203,145.33697228359438,,,,False,False,False,False,False,False,False,False,True,False,False,False,False,False,False,False,False,False,False,False,False,False,False,False,False,False,False,False,False,False,False,False,False,False,False,False,False,False,False,False,False,False,False,False,False,False,False,False,False,False,False,False,False,False,False,True,False,False,False,False,False,False,False,False
2026,17,2026_17_PHI_SF,2027-01-03,SF,PHI,,,,,6.0,41.0,0.0,245.0,-305.0,6.5,44.5,6.0,14.0,46.0,5.0,0.0066181152197968,0.4925961308812992,0.043612624935768,0.0294243070362473,0.5293599082864597,0.0675190584843853,-0.0663524047708584,0.0080321285140562,14.5,30.0,0.5,230.0,-285.0,6.25,44.5,7.0,10.5,46.0,13.5,0.0661863620398527,0.5047169811320755,0.0274442538593482,0.0142857142857142,0.569320761306094,0.0844246551423083,-0.1138853516452692,0.0120481927710843,19.0,23.0,0.0,215.0,-265.0,6.0,44.5,8.0,7.0,46.0,22.0,-0.0323451455476589,0.5070422535211268,0.0704225352112676,0.0338983050847457,0.4712643678160919,0.0689655172413793,-0.1704750841397807,0.0,19.0,23.0,0.0,215.0,-265.0,6.0,44.5,8.0,7.0,46.0,22.0,-0.0323451455476589,0.5070422535211268,0.0704225352112676,0.0338983050847457,0.4712643678160919,0.0689655172413793,-0.1704750841397807,0.0,,,,,,,,,,,,,,,,,,,,,,,,,,,,,,,,,,,,,,,REG,,,,,,,,,7.0,10.0,-3.0,outdoors,grass,,,,,,,,,,,,,,,,,,,,,,,,,,,,,2027-01-03,6,True,True,False,202617,1583.348134919415,1649.9520100937982,-66.60387517438312,,,,False,False,False,False,False,False,False,False,False,False,False,False,False,False,False,False,False,False,False,False,False,False,False,False,False,False,False,False,True,False,False,False,False,False,False,False,False,False,False,False,False,False,False,False,False,False,False,False,False,False,False,False,False,False,False,False,False,True,False,False,False,False,False,False
2026,17,2026_17_PIT_TEN,2027-01-03,TEN,PIT,,,,,16.5,37.5,0.0,202.5,-325.0,5.5,43.0,7.0,7.0,63.0,11.0,-0.21562425894461,0.4078947368421052,0.0657894736842105,0.05,0.4358974358974359,0.0256410256410256,0.0681079497503636,0.0128205128205128,7.0,41.0,0.0,525.0,-750.0,12.5,46.5,7.0,7.0,55.0,8.0,-0.21562425894461,0.4078947368421052,0.0657894736842105,0.05,0.4358974358974359,0.0256410256410256,0.0681079497503636,0.0128205128205128,16.0,27.0,0.5,-190.0,157.5,-3.75,40.0,8.0,7.5,28.5,6.0,0.096422908139132,0.507027564649048,0.0416169366297243,0.0062893081761006,0.4705137532115547,0.0341526977969655,0.0358017003643557,0.0274063286111478,16.0,27.0,0.5,-190.0,157.5,-3.75,40.0,8.0,7.5,28.5,6.0,0.1261758206959324,0.5031884057971014,0.0550724637681159,0.0,0.452758581624561,0.0271326611532797,0.01232266378952,0.0109890109890109,,,,,,,,,,,,,,,,,,,,,,,,,,,,,,,,,,,,,,,REG,,,,,,,,,7.0,7.0,0.0,outdoors,grass,,,,,,,,,,,,,,,,,,,,,,,,,,,,,2027-01-03,6,True,True,False,202617,1280.5185423036069,1556.618019066946,-276.099476763339,,,,False,False,False,False,False,False,False,False,False,False,False,False,False,False,False,False,False,False,False,False,False,False,False,False,False,False,False,False,False,False,True,False,False,False,False,False,False,False,False,False,False,False,False,False,False,False,False,False,False,False,False,False,False,False,False,False,False,False,True,False,False,False,False,False
2026,17,2026_17_SEA_CAR,2027-01-03,CAR,SEA,,,,,22.5,25.0,0.0,-210.0,127.5,-3.5,44.0,6.0,6.5,70.5,13.5,0.1332610883806081,0.5101307189542484,0.0624183006535947,0.0217484008528784,0.4482496194824961,0.0413812785388127,-0.1488776359101143,0.0,31.0,34.0,0.0,-550.0,410.0,-10.0,44.5,6.0,7.0,72.0,16.0,0.1332610883806081,0.5101307189542482,0.0624183006535947,0.0217484008528784,0.4482496194824962,0.0413812785388127,-0.1488776359101143,0.0,29.0,13.0,1.0,-238.0,195.0,-4.5,45.5,14.0,14.0,67.0,7.0,0.1413607063394909,0.5009920634920635,0.0801767676767676,0.0169491525423728,0.4559070548712206,0.062010078387458,-0.1258377569165893,0.0,33.666666666666664,15.333333333333334,1.0,42.333333333333336,-84.0,1.5,45.16666666666666,9.0,12.0,51.333333333333336,4.666666666666667,0.0392252822861889,0.4305555555555556,0.0694444444444444,0.0,0.3723404255319149,0.0319148936170212,0.0871678975031721,0.0,,,,,,,,,,,,,,,,,,,,,,,,,,,,,,,,,,,,,,,REG,,,,,,,,,7.0,9.0,-2.0,outdoors,grass,,,,,,,,,,,,,,,,,,,,,,,,,,,,,2027-01-03,6,True,True,False,202617,1377.4347187735248,1696.6438276620331,-319.20910888850835,,,,False,False,False,False,True,False,False,False,False,False,False,False,False,False,False,False,False,False,False,False,False,False,False,False,False,False,False,False,False,False,False,False,False,False,False,False,False,False,False,False,False,False,False,False,False,False,False,False,False,False,False,False,False,False,False,False,False,False,False,True,False,False,False,False
2026,17,2026_17_WAS_JAX,2027-01-03,JAX,WAS,,,,,24.0,27.0,0.0,102.0,-122.0,1.5,51.5,7.0,7.0,62.0,6.0,0.0153356282708045,0.4611408211318481,0.0447053031568306,0.0102564102564102,0.5028886944987594,0.0769198883971962,-0.0180985890872434,0.0209426777812081,24.0,27.0,0.0,102.0,-122.0,1.5,51.5,7.0,7.0,62.0,6.0,0.0373601868951885,0.4669921305741766,0.0502040221509763,0.0153846153846153,0.5201558265582655,0.0774051490514905,-0.0834070728410226,0.0060975609756097,23.5,23.5,0.5,-175.0,100.0,-2.75,44.5,7.0,6.0,42.5,8.0,0.1851016847060448,0.5675675675675675,0.0945945945945946,0.0161290322580645,0.3928571428571428,0.0476190476190476,0.0816734897567089,0.0238095238095238,23.5,24.25,0.5,-151.5,88.0,-2.5,44.75,6.75,7.75,38.5,9.0,0.1916660889833809,0.5491939307728781,0.0670934091986723,0.01707225051877,0.4404761904761905,0.0595238095238095,-0.0346707496833004,0.0119047619047619,,,,,,,,,,,,,,,,,,,,,,,,,,,,,,,,,,,,,,,REG,,,,,,,,,7.0,7.0,0.0,outdoors,grass,,,,,,,,,,,,,,,,,,,,,,,,,,,,,2027-01-03,6,True,True,False,202617,1525.772439316325,1452.598540392987,73.17389892333813,,,,False,False,False,False,False,False,False,False,False,False,False,False,False,False,True,False,False,False,False,False,False,False,False,False,False,False,False,False,False,False,False,False,False,False,False,False,False,False,False,False,False,False,False,False,False,False,False,False,False,False,False,False,False,False,False,False,False,False,False,False,False,False,False,True
2026,18,2026_18_ATL_CAR,2027-01-10,CAR,ATL,,,,,22.5,25.0,0.0,-210.0,127.5,-3.5,44.0,6.0,6.5,70.5,13.5,0.1332610883806081,0.5101307189542484,0.0624183006535947,0.0217484008528784,0.4482496194824961,0.0413812785388127,-0.1488776359101143,0.0,31.0,34.0,0.0,-550.0,410.0,-10.0,44.5,6.0,7.0,72.0,16.0,0.1332610883806081,0.5101307189542482,0.0624183006535947,0.0217484008528784,0.4482496194824962,0.0413812785388127,-0.1488776359101143,0.0,19.0,17.0,1.0,170.0,-205.0,4.5,43.5,7.0,6.0,49.5,6.5,-0.0860455756603633,0.4366071428571427,0.0544642857142857,0.0369875222816399,0.53054424287301,0.0407256571640133,-0.1171920257616024,0.0067567567567567,23.0,20.5,1.0,-105.0,47.5,-1.5,46.0,9.0,7.0,56.0,5.0,0.2066862874714405,0.5357142857142857,0.0714285714285714,0.0151515151515151,0.5405405405405406,0.054054054054054,-0.1680928117305812,0.0135135135135135,,,,,,,,,,,,,,,,,,,,,,,,,,,,,,,,,,,,,,,REG,,,,,,,,,7.0,7.0,0.0,outdoors,grass,,,,,,,,,,,,,,,,,,,,,,,,,,,,,2027-01-10,6,True,True,False,202618,1377.4347187735248,1445.0858892675242,-67.65117049399942,,,,False,False,False,False,True,False,False,False,False,False,False,False,False,False,False,False,False,False,False,False,False,False,False,False,False,False,False,False,False,False,False,False,False,True,False,False,False,False,False,False,False,False,False,False,False,False,False,False,False,False,False,False,False,False,False,False,False,False,False,False,False,False,False,False
2026,18,2026_18_CHI_MIN,2027-01-10,MIN,CHI,,,,,18.33333333333333,8.666666666666666,1.0,-12.666666666666666,-80.33333333333333,1.0,41.5,6.333333333333333,7.0,46.0,20.0,0.0469389826747511,0.4802939676357398,0.0602936736002497,0.0184619302266361,0.4413848631239935,0.0300483091787439,0.1274910526954789,0.0222222222222222,19.5,6.5,1.0,55.0,-182.5,2.75,41.5,6.0,7.0,46.0,20.0,0.0435270003079789,0.4683544303797468,0.0759493670886076,0.0294117647058823,0.4111111111111111,0.0333333333333333,0.0080417907340721,0.0,21.33333333333333,22.0,0.3333333333333333,-63.333333333333336,34.666666666666664,-0.8333333333333334,48.833333333333336,8.0,7.0,28.0,5.333333333333333,-0.071738076800538,0.4482758620689655,0.0229885057471264,0.0142857142857142,0.5454545454545454,0.0454545454545454,0.1720169777619444,0.0606060606060606,17.0,20.0,0.0,-205.0,170.0,-3.5,49.5,8.0,8.0,19.0,6.0,0.0643561533373377,0.463863958431743,0.0457408282160289,0.0071428571428571,0.5141065830721003,0.0514629049111807,0.0882937781291842,0.0532915360501567,,,,,,,,,,,,,,,,,,,,,,,,,,,,,,,,,,,,,,,REG,,,,,,,,,7.0,7.0,0.0,dome,sportturf,,,,,,,,,,,,,,,,,,,,,,,,,,,,,2027-01-10,6,True,True,False,202618,1586.6484823812723,1514.6679180567303,71.980564324542,,,,False,False,False,False,False,False,False,False,False,False,False,False,False,False,False,False,False,False,False,False,True,False,False,False,False,False,False,False,False,False,False,False,False,False,False,False,False,True,False,False,False,False,False,False,False,False,False,False,False,False,False,False,False,False,False,False,False,False,False,False,False,False,False,False
2026,18,2026_18_CLE_CIN,2027-01-10,CIN,CLE,,,,,33.333333333333336,18.33333333333333,0.6666666666666666,140.0,-210.0,4.333333333333333,49.5,7.0,6.666666666666667,61.0,5.333333333333333,0.096469006857219,0.5308641975308642,0.0,0.0,0.5866666666666667,0.0933333333333333,-0.2162270759575981,0.0133333333333333,27.5,17.0,0.5,312.5,-400.0,8.25,50.0,7.0,7.0,51.0,4.5,0.096469006857219,0.5308641975308642,0.0,0.0,0.5866666666666667,0.0933333333333333,-0.2162270759575981,0.0133333333333333,16.5,12.0,1.0,72.5,-142.5,2.5,41.5,7.0,7.0,41.0,7.0,-0.0803353393494785,0.4329896907216495,0.0103092783505154,0.0,0.4266666666666667,0.0666666666666666,-0.1136779590808773,0.0,20.0,18.0,1.0,350.0,-455.0,9.5,47.5,7.0,7.0,37.0,0.0,-0.0803353393494785,0.4329896907216495,0.0103092783505154,0.0,0.4266666666666667,0.0666666666666666,-0.1136779590808773,0.0,,,,,,,,,,,,,,,,,,,,,,,,,,,,,,,,,,,,,,,REG,,,,,,,,,10.0,7.0,3.0,outdoors,fieldturf,,,,,,,,,,,,,,,,,,,,,,,,,,,,,2027-01-10,6,True,True,False,202618,1481.1897919754094,1386.3667230875474,94.82306888786206,,,,False,False,False,False,False,False,True,False,False,False,False,False,False,False,False,False,False,False,False,False,False,False,False,False,False,False,False,False,False,False,False,False,False,False,False,False,False,False,False,True,False,False,False,False,False,False,False,False,False,False,False,False,False,False,False,False,False,False,False,False,False,False,False,False
2026,18,2026_18_DAL_WAS,2027-01-10,WAS,DAL,,,,,24.0,17.0,1.0,150.0,-180.0,3.0,38.5,10.0,7.0,35.0,9.0,0.1916660889833809,0.5491939307728781,0.0670934091986723,0.01707225051877,0.4404761904761904,0.0595238095238095,-0.0346707496833004,0.0119047619047619,24.0,17.0,1.0,150.0,-180.0,3.0,38.5,10.0,7.0,35.0,9.0,0.1851016847060448,0.5675675675675675,0.0945945945945946,0.0161290322580645,0.3928571428571428,0.0476190476190476,0.0816734897567089,0.0238095238095238,21.33333333333333,30.33333333333333,0.3333333333333333,-188.0,132.66666666666666,-3.333333333333333,50.5,7.0,6.333333333333333,41.5,7.0,0.2172555839010818,0.4638322753090544,0.0510357500835282,0.0,0.5323529411764707,0.054141656662665,-0.0890794643672273,0.010984393757503,23.5,28.5,0.5,-333.0,260.0,-5.75,50.5,7.0,6.0,41.5,7.0,0.2172555839010818,0.4638322753090545,0.0510357500835282,0.0,0.5323529411764705,0.054141656662665,-0.0890794643672273,0.010984393757503,,,,,,,,,,,,,,,,,,,,,,,,,,,,,,,,,,,,,,,REG,,,,,,,,,7.0,7.0,0.0,outdoors,grass,,,,,,,,,,,,,,,,,,,,,,,,,,,,,2027-01-10,6,True,True,False,202618,1452.598540392987,1479.772732868715,-27.174192475727978,,,,False,False,False,False,False,False,False,False,False,False,False,False,False,False,False,False,False,False,False,False,False,False,False,False,False,False,False,False,False,False,False,True,False,False,False,False,False,False,False,False,True,False,False,False,False,False,False,False,False,False,False,False,False,False,False,False,False,False,False,False,False,False,False,False
2026,18,2026_18_DET_GB,2027-01-10,GB,DET,,,,,27.0,31.0,0.0,-135.0,114.0,-2.5,45.5,6.0,6.0,32.0,6.0,0.2162270759575981,0.5866666666666667,0.0933333333333333,0.0153846153846153,0.5308641975308642,0.0,-0.096469006857219,0.0,27.0,31.0,0.0,-135.0,114.0,-2.5,45.5,6.0,6.0,32.0,6.0,0.2301455305975216,0.5552380952380952,0.0799999999999999,0.0135746606334841,0.5265432098765431,0.0222222222222222,-0.1624631427304749,0.0,14.5,19.5,0.5,-105.0,52.5,-1.75,48.5,7.0,5.5,33.0,4.0,0.0669397687631564,0.5652173913043478,0.0579710144927536,0.0,0.56,0.0266666666666666,-0.2266131006290179,0.0,19.0,16.0,1.0,150.0,-180.0,3.5,51.5,10.0,7.0,33.0,4.0,0.1263258131208039,0.551358695652174,0.0602355072463768,0.0081967213114754,0.5237499999999999,0.0320833333333333,-0.1037505790617615,0.01875,,,,,,,,,,,,,,,,,,,,,,,,,,,,,,,,,,,,,,,REG,,,,,,,,,6.0,7.0,-1.0,outdoors,grass,,,,,,,,,,,,,,,,,,,,,,,,,,,,,2027-01-10,6,True,True,False,202618,1539.032218535977,1612.0619915358989,-73.02977299992176,,,,False,False,False,False,False,False,False,False,False,False,False,True,False,False,False,False,False,False,False,False,False,False,False,False,False,False,False,False,False,False,False,False,False,False,False,False,False,False,False,False,False,False,True,False,False,False,False,False,False,False,False,False,False,False,False,False,False,False,False,False,False,False,False,False
2026,18,2026_18_JAX_IND,2027-01-10,IND,JAX,,,,,30.0,38.0,0.0,400.0,-535.0,9.5,37.5,7.0,8.0,56.0,8.0,0.2033921846217974,0.5362280701754386,0.0594736842105263,0.0083333333333333,0.5055555555555555,0.0510840108401084,0.0528343501358464,0.017750677506775,24.666666666666668,36.333333333333336,0.0,-16.666666666666668,-55.0,0.5,44.16666666666666,7.333333333333333,7.333333333333333,56.0,8.0,0.2033921846217974,0.5362280701754387,0.0594736842105263,0.0083333333333333,0.5055555555555555,0.0510840108401084,0.0528343501358464,0.017750677506775,32.5,17.0,0.5,313.5,-436.0,7.0,49.0,7.0,7.0,58.5,7.0,-0.0871678975031721,0.3723404255319149,0.0319148936170212,0.0,0.4305555555555556,0.0694444444444444,-0.0392252822861889,0.0,32.5,17.0,0.5,313.5,-436.0,7.0,49.0,7.0,7.0,58.5,7.0,-0.0871678975031721,0.3723404255319149,0.0319148936170212,0.0,0.4305555555555556,0.0694444444444444,-0.0392252822861889,0.0,,,,,,,,,,,,,,,,,,,,,,,,,,,,,,,,,,,,,,,REG,,,,,,,,,7.0,7.0,0.0,,fieldturf,,,,,,,,,,,,,,,,,,,,,,,,,,,,,2027-01-10,6,True,True,False,202618,1437.679005345844,1525.772439316325,-88.0934339704811,,,,False,False,False,False,False,False,False,False,False,False,False,False,False,True,False,False,False,False,False,False,False,False,False,False,False,False,False,False,False,False,False,False,False,False,False,False,False,False,False,False,False,False,False,False,False,False,True,False,False,False,False,False,False,False,False,False,False,False,False,False,False,False,False,False
2026,18,2026_18_LAC_DEN,2027-01-10,DEN,LAC,,,,,7.0,10.0,0.0,-205.0,170.0,-3.5,43.5,7.0,8.0,26.0,10.0,-0.0227484817866443,0.4131578947368421,0.0223684210526315,0.0080645161290322,0.3970394736842104,0.03125,0.0744512837058526,0.0,19.666666666666668,14.333333333333334,0.6666666666666666,265.0,-516.6666666666666,4.166666666666667,42.16666666666666,7.0,10.333333333333334,42.66666666666666,7.666666666666667,-0.1081380890186355,0.3421052631578947,0.0131578947368421,0.0161290322580645,0.3815789473684211,0.0,0.1443510336263754,0.0,3.0,16.0,0.0,164.0,-198.0,3.5,45.5,7.0,7.0,35.0,10.0,0.1284466838901518,0.5,0.0714285714285714,0.015625,0.4871794871794871,0.0641025641025641,-0.0607676456638933,0.0384615384615384,3.0,17.5,0.0,532.0,-899.0,9.0,41.5,7.5,8.5,50.5,9.0,0.1284466838901518,0.5,0.0714285714285714,0.015625,0.4871794871794871,0.0641025641025641,-0.0607676456638933,0.0384615384615384,,,,,,,,,,,,,,,,,,,,,,,,,,,,,,,,,,,,,,,REG,,,,,,,,,7.0,7.0,0.0,outdoors,grass,,,,,,,,,,,,,,,,,,,,,,,,,,,,,2027-01-10,6,True,True,False,202618,1638.3025337449608,1544.5953503912492,93.70718335371156,,,,False,False,False,False,False,False,False,False,False,True,False,False,False,False,False,False,False,False,False,False,False,False,False,False,False,False,False,False,False,False,False,False,False,False,False,False,False,False,False,False,False,False,False,False,False,False,False,False,True,False,False,False,False,False,False,False,False,False,False,False,False,False,False,False
2026,18,2026_18_LV_KC,2027-01-10,KC,LV,,,,,12.5,17.0,0.0,-662.5,442.5,-8.5,37.0,7.0,5.5,51.0,8.0,0.177100982012437,0.5848780487804878,0.0560162601626016,0.0073529411764705,0.563430613460393,0.0632320825888425,-0.1144140200283527,0.0136986301369863,12.0,14.0,0.0,-225.0,185.0,-3.5,36.5,10.0,7.0,51.0,8.0,0.2266131006290179,0.56,0.0266666666666666,0.0,0.5652173913043478,0.0579710144927536,-0.0669397687631564,0.0,14.0,12.0,1.0,-225.0,185.0,-3.5,36.5,10.0,7.0,30.0,20.0,-0.0681079497503636,0.4358974358974359,0.0256410256410256,0.0163934426229508,0.4078947368421052,0.0657894736842105,0.21562425894461,0.0394736842105263,14.0,12.0,1.0,-225.0,185.0,-3.5,36.5,10.0,7.0,30.0,20.0,-0.1543961995136641,0.4937839937839938,0.0318286049993367,0.0404256351473469,0.4542790885259125,0.0429259931437789,0.0149839845035991,0.0169893123613631,,,,,,,,,,,,,,,,,,,,,,,,,,,,,,,,,,,,,,,REG,,,,,,,,,7.0,7.0,0.0,outdoors,grass,,,,,,,,,,,,,,,,,,,,,,,,,,,,,2027-01-10,6,True,True,False,202618,1568.5096461993949,1310.3927345248208,258.1169116745741,,,,False,False,False,False,False,False,False,False,False,False,False,False,False,False,False,True,False,False,False,False,False,False,False,False,False,False,False,False,False,False,False,False,False,False,False,False,False,False,False,False,False,False,False,False,False,False,False,False,False,False,True,False,False,False,False,False,False,False,False,False,False,False,False,False
2026,18,2026_18_MIA_NE,2027-01-10,NE,MIA,,,,,11.5,18.0,0.5,-221.5,182.5,-4.0,44.5,10.5,11.0,46.5,8.5,0.0914376671834314,0.4814814814814814,0.0617283950617283,0.0,0.4929577464788732,0.0422535211267605,-0.0066098958855891,0.0140845070422535,13.0,29.0,0.0,-238.0,195.0,-4.5,45.5,14.0,14.0,67.0,7.0,0.0914376671834314,0.4814814814814814,0.0617283950617283,0.0,0.4929577464788732,0.0422535211267605,-0.0066098958855891,0.0140845070422535,15.0,27.5,0.5,200.0,-397.5,4.25,44.5,7.0,7.0,54.5,4.5,0.0909778147317826,0.4658119658119658,0.0528846153846153,0.025,0.4777777777777778,0.0746031746031746,-0.1211297975034635,0.017063492063492,15.0,27.5,0.5,200.0,-397.5,4.25,44.5,7.0,7.0,54.5,4.5,0.1062264599912857,0.4646111018677709,0.0400057539792579,0.0165322580645161,0.5159993326659993,0.0757984174650841,-0.1341624533881846,0.0177910052910052,,,,,,,,,,,,,,,,,,,,,,,,,,,,,,,,,,,,,,,REG,,,,,,,,,7.0,7.0,0.0,outdoors,fieldturf,,,,,,,,,,,,,,,,,,,,,,,,,,,,,2027-01-10,6,True,True,False,202618,1585.8241019587574,1461.1041439662474,124.71995799251,,,,False,False,False,False,False,False,False,False,False,False,False,False,False,False,False,False,False,False,False,False,False,True,False,False,False,False,False,False,False,False,False,False,False,False,False,False,False,False,False,False,False,False,False,False,False,False,False,False,False,False,False,True,False,False,False,False,False,False,False,False,False,False,False,False
2026,18,2026_18_NYJ_BUF,2027-01-10,BUF,NYJ,,,,,30.0,33.0,0.0,100.0,-120.0,1.5,45.5,6.0,13.0,36.0,5.0,0.0194061773244408,0.5060240963855421,0.072289156626506,0.0416666666666666,0.5194805194805194,0.0519480519480519,-0.0688105593840034,0.0129870129870129,28.5,28.5,0.5,101.0,-121.0,1.5,48.5,6.5,10.0,49.0,5.5,0.0194061773244408,0.5060240963855421,0.072289156626506,0.0416666666666666,0.5194805194805194,0.0519480519480519,-0.0688105593840034,0.0129870129870129,8.0,35.0,0.0,550.0,-800.0,12.5,39.5,7.0,7.0,27.0,13.0,-0.0594506852681809,0.4407894736842105,0.0306122448979591,0.0060975609756097,0.4088575096277278,0.0370667522464698,-0.0749028953814856,0.006578947368421,9.0,38.5,0.0,-200.0,-87.5,0.0,41.0,7.0,7.0,28.0,8.5,-0.1443510336263754,0.3815789473684211,0.0,0.0,0.3421052631578947,0.0131578947368421,0.1081380890186355,0.0131578947368421,,,,,,,,,,,,,,,,,,,,,,,,,,,,,,,,,,,,,,,REG,,,,,,,,,7.0,7.0,0.0,outdoors,a_turf,,,,,,,,,,,,,,,,,,,,,,,,,,,,,2027-01-10,6,True,True,False,202618,1666.4029573285284,1313.30455808606,353.0983992424683,,,,False,False,False,True,False,False,False,False,False,False,False,False,False,False,False,False,False,False,False,False,False,False,False,False,False,False,False,False,False,False,False,False,False,False,False,False,False,False,False,False,False,False,False,False,False,False,False,False,False,False,False,False,False,False,False,False,True,False,False,False,False,False,False,False
2026,18,2026_18_PHI_NYG,2027-01-10,NYG,PHI,,,,,34.0,17.0,1.0,-166.0,140.0,-3.0,50.5,10.0,7.0,33.0,7.0,0.1704750841397807,0.4712643678160919,0.0689655172413793,0.0,0.5070422535211268,0.0704225352112676,0.0323451455476589,0.028169014084507,34.0,13.5,1.0,-164.0,138.0,-3.0,45.5,8.5,7.0,33.0,7.0,0.1704750841397807,0.4712643678160919,0.0689655172413793,0.0,0.5070422535211268,0.0704225352112676,0.0323451455476589,0.028169014084507,19.0,23.0,0.0,215.0,-265.0,6.0,44.5,8.0,7.0,46.0,22.0,-0.0323451455476589,0.5070422535211268,0.0704225352112676,0.0338983050847457,0.4712643678160919,0.0689655172413793,-0.1704750841397807,0.0,19.0,23.0,0.0,215.0,-265.0,6.0,44.5,8.0,7.0,46.0,22.0,-0.0323451455476589,0.5070422535211268,0.0704225352112676,0.0338983050847457,0.4712643678160919,0.0689655172413793,-0.1704750841397807,0.0,,,,,,,,,,,,,,,,,,,,,,,,,,,,,,,,,,,,,,,REG,,,,,,,,,7.0,7.0,0.0,outdoors,fieldturf,,,,,,,,,,,,,,,,,,,,,,,,,,,,,2027-01-10,6,True,True,False,202618,1334.4357605851203,1649.9520100937982,-315.5162495086777,,,,False,False,False,False,False,False,False,False,False,False,False,False,False,False,False,False,False,False,False,False,False,False,False,True,False,False,False,False,False,False,False,False,False,False,False,False,False,False,False,False,False,False,False,False,False,False,False,False,False,False,False,False,False,False,False,False,False,True,False,False,False,False,False,False
2026,18,2026_18_PIT_BAL,2027-01-10,BAL,PIT,,,,,32.5,25.0,0.5,-52.5,21.5,-1.0,40.0,7.0,7.0,30.5,6.5,-0.1854595648790932,0.444311999823029,0.0332773492471076,0.0481242895035998,0.5130707527766352,0.0514843000137117,-0.1370565776934255,0.0051282051282051,32.5,25.0,0.5,-52.5,21.5,-1.0,40.0,7.0,7.0,30.5,6.5,-0.2630402502313445,0.4044943820224719,0.0112359550561797,0.0384615384615384,0.4615384615384615,0.0615384615384615,0.0837621647564422,0.0153846153846153,16.0,27.0,0.5,-190.0,157.5,-3.75,40.0,8.0,7.5,28.5,6.0,0.096422908139132,0.507027564649048,0.0416169366297243,0.0062893081761006,0.4705137532115547,0.0341526977969655,0.0358017003643557,0.0274063286111478,16.0,27.0,0.5,-190.0,157.5,-3.75,40.0,8.0,7.5,28.5,6.0,0.1261758206959324,0.5031884057971014,0.0550724637681159,0.0,0.452758581624561,0.0271326611532797,0.01232266378952,0.0109890109890109,,,,,,,,,,,,,,,,,,,,,,,,,,,,,,,,,,,,,,,REG,,,,,,,,,10.0,7.0,3.0,outdoors,grass,,,,,,,,,,,,,,,,,,,,,,,,,,,,,2027-01-10,6,True,True,False,202618,1578.0455867869105,1556.618019066946,21.4275677199646,,,,False,False,True,False,False,False,False,False,False,False,False,False,False,False,False,False,False,False,False,False,False,False,False,False,False,False,False,False,False,False,False,False,False,False,False,False,False,False,False,False,False,False,False,False,False,False,False,False,False,False,False,False,False,False,False,False,False,False,True,False,False,False,False,False
2026,18,2026_18_SEA_LAR,2027-01-10,LAR,SEA,,,,,23.5,24.0,0.5,-42.5,14.0,-0.5,47.5,7.5,8.0,30.0,4.0,0.0440500580670649,0.4712643678160919,0.0560162601626016,0.014781166630615,0.4847146910301624,0.0502722323049001,-0.0180985890872434,0.0130724538619275,27.0,31.0,0.0,120.0,-142.0,2.5,45.5,7.0,8.0,41.0,2.0,0.0394644118450927,0.4703541383487271,0.0523459184269901,0.0152680652680652,0.4777742937971208,0.0484485500957048,-0.0325817460195232,0.0126582278481012,29.0,13.0,1.0,-238.0,195.0,-4.5,45.5,14.0,14.0,67.0,7.0,0.1413607063394909,0.5009920634920635,0.0801767676767676,0.0169491525423728,0.4559070548712206,0.062010078387458,-0.1258377569165893,0.0,33.666666666666664,15.333333333333334,1.0,42.333333333333336,-84.0,1.5,45.16666666666666,9.0,12.0,51.333333333333336,4.666666666666667,0.0392252822861889,0.4305555555555556,0.0694444444444444,0.0,0.3723404255319149,0.0319148936170212,0.0871678975031721,0.0,,,,,,,,,,,,,,,,,,,,,,,,,,,,,,,,,,,,,,,REG,,,,,,,,,7.0,7.0,0.0,dome,matrixturf,,,,,,,,,,,,,,,,,,,,,,,,,,,,,2027-01-10,6,True,True,False,202618,1615.2910837085915,1696.6438276620331,-81.3527439534414,,,,False,False,False,False,False,False,False,False,False,False,False,False,False,False,False,False,False,True,False,False,False,False,False,False,False,False,False,False,False,False,False,False,False,False,False,False,False,False,False,False,False,False,False,False,False,False,False,False,False,False,False,False,False,False,False,False,False,False,False,True,False,False,False,False
2026,18,2026_18_SF_ARI,2027-01-10,ARI,SF,,,,,17.0,37.0,0.0,537.5,-847.5,10.75,51.0,7.0,6.5,65.0,9.0,0.0162748594916824,0.4499518999518999,0.0412578162578162,0.0282508472955503,0.493474540008558,0.0710312366281557,-0.0664560829208974,0.0165810868635002,20.0,37.0,0.0,800.0,-1350.0,14.5,49.5,7.0,6.0,65.0,9.0,0.1173949707569916,0.5111111111111111,0.0777777777777777,0.0135135135135135,0.5657894736842105,0.0789473684210526,-0.1643739870092442,0.0131578947368421,10.666666666666666,24.33333333333333,0.3333333333333333,104.0,-148.66666666666666,3.333333333333333,45.5,6.666666666666667,9.0,49.66666666666666,11.666666666666666,0.0155734617353427,0.5,0.0454545454545454,0.0285714285714285,0.5362318840579711,0.072463768115942,-0.1568073379546753,0.0,6.0,41.0,0.0,245.0,-305.0,6.5,44.5,6.0,14.0,46.0,5.0,0.0155734617353427,0.5,0.0454545454545454,0.0285714285714285,0.5362318840579711,0.072463768115942,-0.1568073379546753,0.0,,,,,,,,,,,,,,,,,,,,,,,,,,,,,,,,,,,,,,,REG,,,,,,,,,7.0,7.0,0.0,,grass,,,,,,,,,,,,,,,,,,,,,,,,,,,,,2027-01-10,6,True,True,False,202618,1319.761952516942,1583.348134919415,-263.586182402473,,,,True,False,False,False,False,False,False,False,False,False,False,False,False,False,False,False,False,False,False,False,False,False,False,False,False,False,False,False,False,False,False,False,False,False,False,False,False,False,False,False,False,False,False,False,False,False,False,False,False,False,False,False,False,False,False,False,False,False,False,False,True,False,False,False
2026,18,2026_18_TB_NO,2027-01-10,NO,TB,,,,,17.0,19.0,0.0,170.0,-205.0,4.5,43.5,7.0,6.0,74.5,8.0,-0.0180411892169067,0.4781861903126074,0.02722432153899,0.0086206896551724,0.4823137744486059,0.036482175058954,0.0595209712024943,0.0280898876404494,17.0,19.0,0.0,170.0,-205.0,4.5,43.5,7.0,6.0,71.0,14.0,0.0066098958855891,0.4929577464788732,0.0422535211267605,0.0172413793103448,0.4814814814814814,0.0617283950617283,-0.0914376671834314,0.0,17.666666666666668,19.0,0.3333333333333333,-91.66666666666669,60.0,-1.8333333333333333,44.16666666666666,7.666666666666667,6.666666666666667,70.0,7.333333333333333,0.247825374645513,0.5378527841342486,0.0822845156369183,0.0,0.5357142857142856,0.0681818181818181,-0.1295347960640677,0.0243506493506493,16.0,14.0,1.0,130.0,-155.0,3.0,43.5,6.0,6.0,69.0,11.0,0.1568073379546753,0.5362318840579711,0.072463768115942,0.0,0.5,0.0454545454545454,-0.0155734617353427,0.0227272727272727,,,,,,,,,,,,,,,,,,,,,,,,,,,,,,,,,,,,,,,REG,,,,,,,,,7.0,7.0,0.0,dome,sportturf,,,,,,,,,,,,,,,,,,,,,,,,,,,,,2027-01-10,6,True,True,False,202618,1383.345988389273,1470.1517775866828,-86.8057891974097,,,,False,False,False,False,False,False,False,False,False,False,False,False,False,False,False,False,False,False,False,False,False,False,True,False,False,False,False,False,False,False,False,False,False,False,False,False,False,False,False,False,False,False,False,False,False,False,False,False,False,False,False,False,False,False,False,False,False,False,False,False,False,True,False,False
2026,18,2026_18_TEN_HOU,2027-01-10,HOU,TEN,,,,,23.0,17.0,0.5,-2.5,-25.0,0.0,39.5,7.0,7.5,33.5,5.5,0.3125411621615371,0.611764705882353,0.0588235294117647,0.0,0.4354838709677419,0.032258064516129,0.2504813458722078,0.0483870967741935,23.0,17.0,0.5,-2.5,-25.0,0.0,39.5,7.0,7.5,33.5,5.5,0.1910082235242045,0.5131994261119082,0.0659971305595409,0.0,0.3896169354838709,0.0395665322580645,0.324162811948315,0.0320060483870967,7.0,41.0,0.0,525.0,-750.0,12.5,46.5,7.0,7.0,55.0,8.0,-0.1206275866134615,0.4295571245186136,0.0511874197689345,0.0470588235294117,0.4111305361305362,0.0298659673659673,0.0654200575244126,0.0177738927738927,16.5,37.5,0.0,202.5,-325.0,5.5,43.0,7.0,7.0,63.0,11.0,-0.1797030316576704,0.4200342440774887,0.0458351871571945,0.0318560300832661,0.4585293602061894,0.0471145554987018,-0.0502950378237241,0.0088869463869463,,,,,,,,,,,,,,,,,,,,,,,,,,,,,,,,,,,,,,,REG,,,,,,,,,6.0,7.0,-1.0,,astroturf,,,,,,,,,,,,,,,,,,,,,,,,,,,,,2027-01-10,6,True,True,False,202618,1605.140838642905,1280.5185423036069,324.62229633929815,,,,False,False,False,False,False,False,False,False,False,False,False,False,True,False,False,False,False,False,False,False,False,False,False,False,False,False,False,False,False,False,False,False,False,False,False,False,False,False,False,False,False,False,False,False,False,False,False,False,False,False,False,False,False,False,False,False,False,False,False,False,False,False,True,False
